source,time,latitude,longitude,depth_km,magnitude,coast delta,fault delta
seismic,1990-01-02 20:17:24.600,35.093,-82.969,5.7,2.1,345.1504487882441,281.632
seismic,1990-01-03 04:25:14.900,37.024,-81.817,3.5,2.0,400.64514019732206,80.232
seismic,1990-01-05 17:40:49.150,36.469,-89.535,2.6,1.5,654.7951461600884,0.0
seismic,1990-01-06 21:40:10.500,36.49,-89.55,5.8,1.8,657.3829979914199,0.0
seismic,1990-01-07 16:13:16.700,32.968,-80.218,5.4,2.1,28.62221074797649,0.0
seismic,1990-01-08 06:43:17.000,38.71,-87.96,15.0,2.3,891.1241618630232,0.0
seismic,1990-01-09 10:53:31.560,36.109,-89.263,7.0,2.5,610.3442213789151,3.942
seismic,1990-01-11 12:18:11.200,36.46,-89.55,6.0,2.1,654.1058370945576,0.0
seismic,1990-01-11 12:19:11.720,36.491,-89.664,13.3,1.5,659.8061342683909,0.0
seismic,1990-01-13 01:55:58.030,35.782,-89.329,19.4,1.7,575.7020938405528,18.574
seismic,1990-01-13 20:47:55.330,39.425,-76.881,5.0,2.6,28.772423177483656,196.362
seismic,1990-01-14 14:18:08.190,36.189,-89.511,8.1,1.5,623.7470758657696,0.0
seismic,1990-01-15 06:03:53.170,36.254,-89.581,2.7,1.6,632.2685249007587,0.0
seismic,1990-01-17 04:50:02.210,36.44,-89.482,7.7,1.4,650.6053620186532,0.0
seismic,1990-01-18 00:06:06.430,36.511,-89.528,2.3,1.8,659.2509021457319,0.0
seismic,1990-01-19 17:36:52.700,34.956,-84.907,10.8,2.8,460.17516847336327,318.841
seismic,1990-01-23 00:41:05.790,42.523,-71.544,5.0,2.5,44.42729171783359,53.882
seismic,1990-01-23 01:40:01.900,36.5,-89.47,10.0,1.5,656.949698065747,1.071
seismic,1990-01-24 09:23:48.200,36.54,-89.62,10.8,1.5,664.2366666421896,0.0
seismic,1990-01-24 10:06:02.100,36.43,-89.5,5.0,1.3,649.8544170159882,0.0
seismic,1990-01-24 18:20:26.200,38.14,-86.49,10.0,3.9,791.5440978580934,45.173
seismic,1990-01-24 22:03:06.050,36.681,-89.525,15.4,1.5,677.7980510427041,0.0
seismic,1990-01-25 04:19:23.180,35.584,-89.733,12.9,2.5,563.3877853436452,13.884
seismic,1990-01-25 09:29:48.730,36.793,-89.482,26.6,1.3,689.2937416488503,0.0
seismic,1990-01-25 22:06:49.200,37.23,-86.99,10.0,2.2,731.4596781598291,100.53
seismic,1990-01-27 05:20:33.110,36.383,-89.513,12.7,1.4,644.967810703847,0.0
seismic,1990-01-27 14:05:51.670,38.184,-86.43,5.3,3.8,785.9331018517148,42.015
seismic,1990-01-27 15:14:34.600,36.48,-89.51,10.0,1.8,655.5149175268949,0.0
seismic,1990-01-28 01:21:29.400,36.51,-89.56,10.6,1.7,659.7641978712306,0.0
seismic,1990-01-28 11:00:21.880,35.957,-89.906,12.6,1.7,607.8560234774812,0.0
seismic,1990-01-29 00:07:05.010,36.293,-89.522,5.6,1.3,635.3160912197006,0.0
seismic,1990-01-29 07:10:09.700,36.51,-89.49,6.8,1.3,658.4185148688196,1.023
seismic,1990-01-29 19:41:45.420,38.45,-86.46,0.1,2.6,786.6251672087583,12.776
seismic,1990-01-30 05:29:53.420,36.318,-89.584,14.3,1.7,639.3014453773493,0.0
seismic,1990-02-02 11:14:35.800,35.662,-84.263,14.1,2.1,468.1131407309498,236.552
seismic,1990-02-03 15:22:50.980,36.545,-89.58,6.0,2.1,663.9812224769174,0.0
seismic,1990-02-03 16:18:32.100,36.52,-89.56,5.0,1.3,660.8566323628143,0.0
seismic,1990-02-03 17:42:38.910,36.539,-89.573,4.3,1.9,663.187745134283,0.0
seismic,1990-02-03 18:36:51.200,36.51,-89.54,5.0,1.5,659.3735705158488,0.0
seismic,1990-02-03 19:37:47.100,36.51,-89.54,7.2,1.8,659.3735705158488,0.0
seismic,1990-02-04 04:08:24.900,36.4,-89.55,8.0,1.9,647.5542579226183,0.0
seismic,1990-02-04 08:02:41.200,36.5,-89.55,7.5,1.5,658.4755847680742,0.0
seismic,1990-02-04 11:10:25.300,36.52,-89.52,5.0,1.5,660.0816783929611,0.0
seismic,1990-02-04 16:47:15.700,36.52,-89.55,4.4,1.6,660.6610550812217,0.0
seismic,1990-02-05 07:33:57.700,36.52,-89.55,4.5,1.6,660.6610550812217,0.0
seismic,1990-02-05 16:44:23.890,36.531,-89.568,7.8,2.2,662.2154595956239,0.0
seismic,1990-02-05 16:51:59.600,36.52,-89.52,5.0,1.4,660.0816783929611,0.0
seismic,1990-02-05 17:44:45.100,36.5,-89.53,5.0,1.8,658.0867165825086,0.0
seismic,1990-02-05 20:59:54.400,35.917,-83.162,4.1,1.7,432.41985634971314,229.892
seismic,1990-02-06 01:45:47.930,36.54,-89.568,4.1,1.4,663.1985816591642,0.0
seismic,1990-02-06 22:09:10.380,38.456,-87.813,9.5,2.3,862.8570928455343,0.0
seismic,1990-02-06 23:30:10.200,36.5,-89.57,10.0,1.1,658.8693694725346,0.0
seismic,1990-02-07 00:14:36.200,36.54,-89.59,4.2,1.4,663.6337569336408,0.0
seismic,1990-02-07 07:41:39.900,32.908,-80.163,9.3,2.9,21.345313179234736,0.0
seismic,1990-02-10 22:50:13.370,36.579,-89.596,7.2,2.0,668.0107577766744,0.0
seismic,1990-02-10 23:18:27.400,36.47,-89.51,5.1,1.5,654.421132528301,0.0
seismic,1990-02-10 23:42:07.900,35.275,-84.067,6.4,2.4,424.6614697906323,280.848
seismic,1990-02-11 10:46:38.620,36.195,-89.462,12.1,1.2,623.428059479236,0.0
seismic,1990-02-11 23:26:37.000,36.26,-89.52,9.3,1.4,631.6745225013351,0.0
seismic,1990-02-11 23:26:52.120,36.266,-89.493,1.7,1.8,631.7930041305725,0.0
seismic,1990-02-12 04:05:13.000,36.51,-89.53,5.0,1.3,659.1800986252291,0.0
seismic,1990-02-13 06:12:08.100,36.26,-89.47,4.5,1.6,630.6876923698003,0.0
seismic,1990-02-14 10:43:38.100,35.58,-83.523,10.0,1.3,418.5551783699923,255.323
seismic,1990-02-14 21:05:38.900,36.16,-89.44,6.9,1.8,619.1745027552656,0.0
seismic,1990-02-15 04:17:39.030,36.199,-89.418,5.6,1.6,623.0182813501874,0.0
seismic,1990-02-16 05:06:15.680,36.206,-88.943,3.2,1.8,616.2843941760767,29.188
seismic,1990-02-16 06:00:24.300,36.52,-89.54,6.5,2.0,660.4667029373022,0.0
seismic,1990-02-17 14:21:22.700,35.701,-84.212,0.8,2.0,468.24840918193166,232.374
seismic,1990-02-17 16:30:32.000,35.716,-84.23,1.0,2.7,470.57664624560886,230.62
seismic,1990-02-17 22:23:47.300,36.54,-89.58,5.0,1.6,663.4352191989753,0.0
seismic,1990-02-18 00:13:24.100,35.719,-84.212,1.0,1.9,469.7472088036478,230.361
seismic,1990-02-18 12:09:39.800,32.961,-80.175,1.9,2.1,24.73201941979709,0.0
seismic,1990-02-20 19:51:05.400,37.34,-86.78,10.0,2.2,746.3798892185072,103.223
seismic,1990-02-20 22:36:12.780,36.391,-89.508,7.9,1.8,645.7447624725477,0.0
seismic,1990-02-22 06:54:02.800,36.349,-81.589,6.0,1.3,384.70204842187337,106.583
seismic,1990-02-23 17:10:44.800,35.513,-84.451,15.6,2.4,467.9887241405484,253.274
seismic,1990-02-23 17:12:53.600,35.502,-84.444,18.3,2.1,466.67966546945337,254.484
seismic,1990-02-26 04:21:35.710,36.249,-89.462,4.3,1.3,629.3301435298068,0.0
seismic,1990-02-27 03:14:38.500,33.282,-83.236,11.1,2.1,236.36225632338423,216.277
seismic,1990-03-01 00:50:51.500,38.24,-87.88,15.0,2.5,838.5321279141093,0.0
seismic,1990-03-01 04:41:04.300,36.074,-83.708,3.2,1.5,473.24882940042426,197.66
seismic,1990-03-02 04:43:51.110,36.425,-89.551,16.2,1.9,650.303472198662,0.0
seismic,1990-03-02 07:01:48.070,38.851,-89.17,0.1,3.4,912.7693692108528,0.0
seismic,1990-03-02 11:51:24.900,36.49,-89.49,5.0,1.4,656.2291067668864,0.891
seismic,1990-03-03 08:58:28.200,35.979,-83.472,0.5,1.5,452.748817426793,213.618
seismic,1990-03-03 22:27:59.800,35.307,-82.501,5.7,1.8,344.15568887937656,248.825
seismic,1990-03-04 19:52:37.040,36.339,-89.521,5.4,2.1,640.3184068407653,0.0
seismic,1990-03-05 17:38:30.900,36.44,-89.46,8.0,1.3,650.1918771939224,0.0
seismic,1990-03-06 05:57:01.720,37.552,-89.684,4.3,2.0,776.1802966244859,0.0
seismic,1990-03-06 21:16:48.500,36.52,-89.55,7.5,1.4,660.6610550812217,0.0
seismic,1990-03-07 12:19:18.860,36.848,-89.083,5.4,1.6,689.2404633787822,2.958
seismic,1990-03-08 17:32:57.200,37.32,-86.79,5.0,2.5,744.0272606911252,104.351
seismic,1990-03-09 05:31:06.500,36.22,-89.41,3.9,1.4,625.1659498288893,0.0
seismic,1990-03-09 06:11:25.800,35.888,-81.713,7.0,2.0,355.4197604967858,155.174
seismic,1990-03-09 21:02:54.800,38.14,-86.19,5.0,2.7,765.6020137307224,52.892
seismic,1990-03-12 21:31:36.200,37.16,-86.73,5.0,1.9,727.2130680469743,121.389
seismic,1990-03-14 21:41:36.200,37.3,-89.64,10.0,2.1,747.7475576308501,5.43
seismic,1990-03-15 02:55:37.260,36.095,-89.848,8.5,1.6,621.1720883171694,0.0
seismic,1990-03-15 22:27:02.400,37.31,-86.86,5.0,2.1,741.9680875851722,101.194
seismic,1990-03-16 02:26:41.200,35.34,-83.377,15.2,1.4,389.1834843387392,284.632
seismic,1990-03-16 05:47:55.750,36.57,-89.572,5.2,1.4,666.5544993495308,0.0
seismic,1990-03-16 21:54:49.620,36.473,-89.638,8.6,1.5,657.303714528989,0.0
seismic,1990-03-18 03:41:34.300,35.707,-84.286,11.8,2.8,473.214012015796,231.461
seismic,1990-03-19 16:18:19.000,36.58,-89.58,8.9,1.6,667.8039438117182,0.0
seismic,1990-03-19 21:03:34.200,36.47,-89.6,11.6,2.0,656.1971451413044,0.0
seismic,1990-03-20 16:10:56.400,35.998,-83.467,14.4,1.6,454.3011754396576,211.733
seismic,1990-03-21 09:11:39.400,38.142,-85.65,4.2,2.7,718.8857855994615,66.485
seismic,1990-03-21 09:44:39.000,34.842,-85.082,12.7,2.2,466.3852210599149,333.854
seismic,1990-03-22 17:16:52.070,36.164,-89.51,6.5,2.0,621.0001233259816,0.0
seismic,1990-03-22 17:29:00.000,37.2,-86.79,5.0,2.6,730.7546073186962,114.55
seismic,1990-03-24 06:51:47.200,35.175,-84.654,14.4,2.2,456.5577686868721,292.04
seismic,1990-03-24 11:28:45.200,36.49,-89.52,5.0,1.4,656.8004975021787,0.0
seismic,1990-03-25 07:50:29.900,36.67,-89.68,5.0,1.9,679.633214977034,0.0
seismic,1990-03-25 13:47:16.000,35.191,-84.145,14.9,1.6,423.1442818818846,289.706
seismic,1990-03-26 03:07:19.600,35.546,-84.414,18.0,1.2,468.2020747071916,249.489
seismic,1990-03-26 17:01:49.800,34.98,-87.404,6.9,2.0,476.8277012524531,210.26
seismic,1990-03-26 17:01:51.630,34.971,-87.477,10.1,1.8,475.0456447566936,205.258
seismic,1990-03-28 10:12:40.000,34.591,-87.519,5.3,2.5,432.3793319889576,228.554
seismic,1990-03-30 01:54:09.000,47.28,-68.23,18.0,3.5,117.11477628316968,531.11
seismic,1990-03-31 16:27:43.600,35.946,-84.52,10.3,2.6,507.098151706918,205.118
seismic,1990-04-02 04:50:32.840,36.595,-89.603,13.3,1.1,669.896636280977,0.0
seismic,1990-04-03 01:44:13.080,36.106,-89.778,10.0,1.2,620.6438570362104,0.0
seismic,1990-04-03 23:17:39.700,36.49,-89.58,13.9,1.0,657.9765786705533,0.0
seismic,1990-04-04 16:15:01.700,39.522,-77.103,10.0,1.7,50.40544586166284,196.072
seismic,1990-04-04 16:45:29.400,36.237,-89.427,5.6,1.3,627.3474208418546,0.0
seismic,1990-04-05 02:04:14.100,36.55,-89.6,5.6,1.7,664.9248361509439,0.0
seismic,1990-04-08 19:52:22.890,37.393,-86.899,0.3,2.4,750.6640214846827,91.913
seismic,1990-04-10 19:18:39.100,37.761,-83.395,8.2,2.3,529.5964836358075,64.75
seismic,1990-04-14 10:55:13.000,36.5,-89.5,5.0,1.2,657.5126518666508,0.021
seismic,1990-04-15 11:07:08.300,36.48,-89.55,5.2,1.6,656.2905107897586,0.0
seismic,1990-04-15 23:57:34.900,36.269,-89.5,2.6,2.0,632.2587596467757,0.0
seismic,1990-04-17 10:27:34.780,40.46,-84.852,5.0,3.0,678.1087346352614,147.104
seismic,1990-04-19 20:36:48.600,35.949,-84.007,16.8,2.4,477.7053942067053,206.459
seismic,1990-04-19 23:07:32.960,36.696,-89.483,5.5,1.2,678.6701558904357,0.0
seismic,1990-04-24 07:51:07.700,36.51,-89.56,6.6,1.3,659.7641978712306,0.0
seismic,1990-04-24 09:41:36.570,38.955,-88.201,18.3,2.9,918.6925054115044,0.0
seismic,1990-04-26 10:16:26.700,36.49,-89.53,10.0,1.2,656.9934313653386,0.0
seismic,1990-05-04 19:12:12.700,36.52,-89.56,7.1,1.6,660.8566323628143,0.0
seismic,1990-05-04 21:40:37.200,34.466,-85.521,12.4,2.5,446.268206798312,337.533
seismic,1990-05-05 20:48:56.180,36.035,-71.674,10.0,3.7,341.6518386793867,569.593
seismic,1990-05-07 02:11:48.380,36.193,-89.454,2.6,2.2,623.0534902185251,0.0
seismic,1990-05-11 03:42:01.600,34.272,-88.064,15.3,2.1,394.0883626875283,222.462
seismic,1990-05-11 18:23:34.000,32.951,-80.155,6.1,2.6,22.565034219565597,0.0
seismic,1990-05-12 02:03:43.590,36.054,-89.84,11.6,1.1,616.5642491544332,0.0
seismic,1990-05-12 08:09:19.700,36.52,-89.56,9.7,1.6,660.8566323628143,0.0
seismic,1990-05-13 07:58:45.210,36.114,-89.793,9.6,1.7,621.8676826374766,0.0
seismic,1990-05-13 11:43:50.300,36.48,-89.51,5.2,1.5,655.5149175268949,0.0
seismic,1990-05-15 04:39:26.500,36.41,-89.54,6.2,1.4,648.4476878303461,0.0
seismic,1990-05-19 10:16:45.000,33.695,-87.554,22.0,2.0,332.60311168940206,196.225
seismic,1990-05-19 10:46:21.500,36.225,-89.451,1.5,1.7,626.4935839419915,0.0
seismic,1990-05-21 01:24:41.920,36.135,-89.409,9.9,1.4,615.8443686484561,0.0
seismic,1990-05-21 19:33:48.240,36.285,-89.505,7.9,1.4,634.1049200067839,0.0
seismic,1990-05-24 11:07:38.670,36.555,-89.639,6.8,2.2,666.2590857983275,0.0
seismic,1990-05-26 06:46:09.200,36.5,-89.54,12.6,1.5,658.2805355621995,0.0
seismic,1990-05-26 06:50:06.400,36.49,-89.56,10.1,1.8,657.57962855871,0.0
seismic,1990-05-31 04:12:50.700,36.206,-89.468,5.2,1.1,624.7473759789843,0.0
seismic,1990-05-31 17:26:13.100,36.54,-89.59,7.7,1.4,663.6337569336408,0.0
seismic,1990-06-02 02:57:41.500,32.935,-80.15,5.4,2.5,21.324496974212096,0.0
seismic,1990-06-02 17:39:15.300,32.907,-80.162,8.4,1.6,21.223750976921217,0.0
seismic,1990-06-03 12:29:25.800,37.52,-89.7,5.0,2.3,772.9571354280749,0.0
seismic,1990-06-04 11:26:47.060,41.098,-83.638,5.0,2.5,607.7973096050299,271.183
seismic,1990-06-04 21:25:14.500,36.52,-89.56,10.9,1.5,660.8566323628143,0.0
seismic,1990-06-07 06:50:14.000,36.48,-89.5,5.0,2.0,655.3241103238719,0.0
seismic,1990-06-11 01:48:54.800,36.51,-89.54,5.0,1.5,659.3735705158488,0.0
seismic,1990-06-11 18:07:24.700,35.533,-83.534,14.8,1.3,414.9351668008158,260.198
seismic,1990-06-13 11:01:57.900,34.843,-85.345,10.8,1.8,486.8138868829154,338.596
seismic,1990-06-16 23:00:00.300,35.434,-85.205,16.6,1.4,513.5017883087093,271.368
seismic,1990-06-17 11:23:58.300,37.469,-78.255,1.1,2.0,87.09558035276024,21.075
seismic,1990-06-18 10:03:33.400,32.951,-80.158,4.9,2.6,22.808273451592083,0.0
seismic,1990-06-18 10:06:44.400,32.952,-80.155,5.1,1.0,22.62006095561847,0.0
seismic,1990-06-21 03:21:32.300,34.948,-84.195,5.9,1.0,408.3792074491768,316.632
seismic,1990-06-22 09:26:04.500,35.523,-84.131,13.3,1.5,448.6440904648287,252.716
seismic,1990-06-23 20:44:02.100,33.72,-87.946,6.4,3.1,332.4792521522938,197.967
seismic,1990-06-23 20:44:02.740,33.762,-87.969,0.5,3.2,337.1266242874082,201.647
seismic,1990-06-26 05:09:34.500,36.22,-89.37,13.9,1.5,624.4251877049386,0.0
seismic,1990-06-27 07:36:21.400,36.22,-89.44,5.0,1.5,625.7352228811812,0.0
seismic,1990-06-30 16:38:32.800,33.734,-88.063,2.0,2.2,333.9639167105467,195.825
seismic,1990-07-01 08:27:06.600,36.47,-89.54,10.8,1.8,655.0020203601437,0.0
seismic,1990-07-03 03:32:54.840,36.097,-89.784,8.9,1.7,619.817606195654,0.0
seismic,1990-07-04 17:11:05.500,36.49,-89.58,3.8,1.0,657.9765786705533,0.0
seismic,1990-07-06 12:41:54.820,36.171,-89.424,8.6,1.7,620.069119206433,0.0
seismic,1990-07-08 14:58:07.000,36.583,-83.449,11.7,1.7,510.0284981292322,151.343
seismic,1990-07-09 21:42:13.800,36.43,-89.52,8.5,2.0,650.2407456738076,0.0
seismic,1990-07-11 18:41:10.700,35.799,-83.991,17.0,2.9,463.6861495091717,223.291
seismic,1990-07-13 08:31:13.300,35.014,-84.374,6.4,1.7,425.5557782807138,308.973
seismic,1990-07-14 23:48:29.300,35.682,-84.36,18.2,1.5,475.6998420972961,234.203
seismic,1990-07-17 10:50:23.000,36.163,-89.42,6.1,1.9,619.1175091454919,0.0
seismic,1990-07-18 00:05:35.600,36.21,-89.45,5.0,1.6,624.8342394155186,0.0
seismic,1990-07-18 14:51:41.200,37.39,-89.28,5.0,1.5,751.9075781966316,0.0
seismic,1990-07-21 13:32:49.700,36.424,-82.101,2.9,2.2,421.9733842681753,133.855
seismic,1990-07-27 05:56:27.400,34.392,-85.495,8.1,2.1,438.4481997225185,331.981
seismic,1990-07-28 11:09:39.000,34.919,-85.008,13.9,2.9,465.4269316081949,324.259
seismic,1990-07-29 14:19:42.500,35.223,-84.818,12.1,2.5,471.4765674064793,288.19
seismic,1990-08-01 12:23:42.000,36.21,-89.44,9.2,1.8,624.6415160394102,0.0
seismic,1990-08-03 06:07:05.410,35.642,-89.692,10.9,1.6,568.5682603731166,16.264
seismic,1990-08-03 10:38:24.800,35.933,-82.378,2.5,1.6,401.5298766180514,188.543
seismic,1990-08-04 11:16:47.900,36.399,-83.587,0.3,2.1,498.14969858611937,165.775
seismic,1990-08-04 11:22:26.480,36.514,-89.479,14.6,1.3,658.6506104032081,2.057
seismic,1990-08-05 07:56:32.660,36.421,-89.57,3.5,1.5,650.2463186133824,0.0
seismic,1990-08-05 21:47:42.090,36.126,-89.715,2.1,1.8,621.3205933353277,0.0
seismic,1990-08-07 05:05:56.220,36.857,-89.237,6.5,3.1,692.3616435652378,0.0
seismic,1990-08-10 05:59:15.500,35.032,-84.385,12.7,1.0,427.6049322737652,306.967
seismic,1990-08-15 04:45:10.500,36.46,-89.53,9.7,2.6,653.7141614953691,0.0
seismic,1990-08-15 05:27:52.600,36.45,-89.58,8.6,1.4,653.6115176017726,0.0
seismic,1990-08-15 12:50:08.380,36.168,-89.699,6.7,2.2,625.4999261089375,0.0
seismic,1990-08-15 15:48:13.100,36.46,-89.57,6.1,1.5,654.5024614204591,0.0
seismic,1990-08-16 10:20:40.300,35.432,-85.152,22.5,1.5,509.5994811211306,270.435
seismic,1990-08-17 21:01:15.900,36.934,-83.384,0.6,4.0,539.0943132471681,120.054
seismic,1990-08-18 22:46:44.300,32.938,-80.142,4.2,1.7,20.81081969106548,0.0
seismic,1990-08-19 01:11:47.060,36.443,-89.553,6.6,1.9,652.3085423770407,0.0
seismic,1990-08-19 05:40:18.300,36.554,-89.781,0.2,1.8,669.1765445853484,0.0
seismic,1990-08-19 21:10:33.000,35.484,-84.045,12.7,1.9,440.1866440416625,257.743
seismic,1990-08-20 04:31:13.300,36.21,-89.44,5.0,1.8,624.6415160394102,0.0
seismic,1990-08-21 22:05:42.070,37.624,-88.316,10.2,1.9,769.8223342351257,0.0
seismic,1990-08-23 00:08:39.700,36.24,-89.49,5.0,1.6,628.8940800700547,0.0
seismic,1990-08-24 10:46:18.300,35.086,-84.494,7.4,1.1,439.05770862462873,301.176
seismic,1990-08-24 19:43:50.600,37.2,-89.11,4.9,2.8,728.6146500897432,2.791
seismic,1990-08-24 20:10:48.000,37.21,-89.2,5.0,1.6,730.8880288013916,6.046
seismic,1990-08-26 07:54:54.390,36.666,-89.786,7.9,1.9,681.4414823542799,0.0
seismic,1990-08-27 03:43:26.900,37.25,-89.05,10.0,1.8,733.4411603769123,0.0
seismic,1990-08-27 06:24:08.100,36.49,-89.54,3.6,1.6,657.1875985600823,0.0
seismic,1990-08-27 16:42:46.900,36.42,-89.52,11.3,1.6,649.1477976865237,0.0
seismic,1990-08-28 04:55:10.600,35.119,-84.652,15.3,1.2,452.4979836273029,298.274
seismic,1990-08-29 19:34:59.250,35.785,-89.644,14.5,3.4,582.8055699003646,11.554
seismic,1990-08-29 21:19:49.370,36.57,-89.674,12.7,2.2,668.6156620688112,0.0
seismic,1990-08-30 00:12:32.200,38.64,-89.27,10.0,2.2,890.3939384555546,0.0
seismic,1990-08-30 06:40:19.800,37.362,-80.482,16.6,2.2,281.17606056387064,0.0
seismic,1990-08-30 17:35:42.500,36.151,-84.565,13.7,1.5,526.8954545093749,182.484
seismic,1990-09-01 05:04:12.400,35.545,-84.155,16.1,2.3,451.9164959071148,250.108
seismic,1990-09-02 04:35:40.200,33.758,-87.928,0.9,3.2,336.7671358834256,202.523
seismic,1990-09-03 00:10:01.300,38.11,-88.43,19.0,2.5,824.6543834972285,0.0
seismic,1990-09-04 04:59:21.160,36.82,-89.527,1.6,1.0,693.0657253297076,0.0
seismic,1990-09-04 17:12:10.340,36.16,-89.706,3.9,1.6,624.79315077088,0.0
seismic,1990-09-08 00:03:55.300,38.195,-83.767,0.0,3.3,555.5568193375371,44.495
seismic,1990-09-10 13:05:15.800,36.85,-89.21,7.7,2.5,691.1950886918106,0.0
seismic,1990-09-10 13:54:15.460,36.858,-89.218,0.4,2.2,692.1948873160761,0.0
seismic,1990-09-10 14:05:57.100,35.627,-84.597,16.0,1.2,486.289777675754,241.206
seismic,1990-09-12 07:38:41.000,36.068,-83.713,2.0,1.6,472.94541207850807,198.209
seismic,1990-09-13 08:30:21.100,36.41,-89.52,6.5,1.9,648.0549492953741,0.0
seismic,1990-09-13 23:18:09.320,36.346,-89.57,2.9,2.2,642.0659627341623,0.0
seismic,1990-09-18 03:36:22.210,36.7,-88.691,1.8,2.1,668.6067691900716,38.411
seismic,1990-09-18 07:51:23.500,36.15,-89.42,9.4,1.2,617.6955138510604,0.0
seismic,1990-09-18 22:55:50.200,35.34,-83.927,6.6,1.1,421.14043865292894,274.981
seismic,1990-09-19 01:10:44.400,36.17,-89.43,12.8,1.0,620.0748284489803,0.0
seismic,1990-09-19 21:56:45.000,34.539,-85.491,6.0,2.9,454.7477123713112,345.864
seismic,1990-09-20 02:32:32.020,35.623,-89.724,9.8,1.8,567.3382515716194,13.566
seismic,1990-09-20 10:36:18.800,34.989,-86.963,3.7,2.8,484.5257935328056,244.379
seismic,1990-09-22 22:49:24.300,36.21,-89.43,10.0,1.8,624.4500958511665,0.0
seismic,1990-09-23 21:06:18.600,36.398,-82.499,14.0,1.8,445.7259234326391,164.779
seismic,1990-09-24 02:50:35.300,36.18,-89.43,5.0,1.3,621.1684942916065,0.0
seismic,1990-09-24 08:02:57.300,36.18,-89.46,5.0,1.5,621.7499453472466,0.0
seismic,1990-09-24 23:26:51.300,36.15,-89.41,8.3,2.1,617.5045449944516,0.0
seismic,1990-09-26 13:18:51.710,37.152,-89.613,1.0,4.8,731.0298499584761,0.0
seismic,1990-09-26 13:28:34.400,37.25,-89.61,16.4,2.3,741.7239482049655,0.0
seismic,1990-09-26 14:21:27.300,37.18,-89.59,16.5,1.4,733.6862038871902,0.0
seismic,1990-09-26 17:00:40.100,36.19,-89.49,5.0,2.1,623.4347147265136,0.0
seismic,1990-09-27 01:47:52.950,37.172,-89.594,15.3,2.8,732.8800681084715,0.0
seismic,1990-09-28 01:18:33.500,37.2,-89.6,10.7,1.0,736.0593739323625,0.0
seismic,1990-09-28 08:17:31.700,37.19,-89.6,13.2,1.1,734.9623262560285,0.0
seismic,1990-09-28 15:06:36.200,35.317,-83.634,5.7,2.0,401.6784033459171,281.845
seismic,1990-10-02 23:01:59.500,36.4,-89.52,9.2,2.1,646.9622010003379,0.0
seismic,1990-10-03 00:07:45.300,36.73,-89.48,10.0,2.1,682.3453253905636,0.0
seismic,1990-10-03 04:52:22.200,36.2,-89.45,5.0,1.6,623.7409967078711,0.0
seismic,1990-10-03 10:37:03.400,36.46,-89.5,4.2,2.0,653.1359464417158,0.0
seismic,1990-10-07 01:32:20.400,36.073,-81.909,8.5,1.8,382.3436169665122,148.572
seismic,1990-10-07 08:47:30.500,46.32,-75.19,17.5,3.9,105.1081003278226,509.828
seismic,1990-10-08 06:29:07.000,36.47,-89.54,7.4,1.6,655.0020203601437,0.0
seismic,1990-10-09 16:53:35.800,32.979,-80.086,11.6,1.2,19.42688638288584,0.0
seismic,1990-10-11 02:05:25.400,36.28,-89.49,5.0,1.3,633.2634714360987,0.0
seismic,1990-10-11 06:51:31.700,41.933,-70.573,13.0,2.7,2.213800224302265,88.72
seismic,1990-10-14 08:52:58.200,36.48,-89.54,5.5,1.4,656.094759996183,0.0
seismic,1990-10-16 20:56:21.200,37.27,-89.58,14.8,2.2,743.3887619063834,0.397
seismic,1990-10-19 07:01:57.400,46.47,-75.59,13.0,4.6,137.7592744686001,543.048
seismic,1990-10-22 04:31:21.200,36.2,-89.33,5.0,1.4,621.5103756187933,0.0
seismic,1990-10-23 01:34:48.270,39.512,-75.506,10.0,3.2,1.3411152745595956,281.57
seismic,1990-10-23 18:08:49.100,36.4,-89.39,10.0,1.8,644.5273063156,0.0
seismic,1990-10-24 08:20:03.670,38.346,-88.971,1.0,3.2,854.5955955329179,0.0
seismic,1990-10-24 15:42:08.400,37.47,-89.32,12.3,2.4,761.3190911170352,0.0
seismic,1990-10-27 06:38:57.900,36.399,-89.54,2.9,1.9,647.2464569909426,0.0
seismic,1990-10-28 13:25:40.670,36.21,-89.593,1.2,1.0,627.7320151668007,0.0
seismic,1990-10-30 06:55:53.640,37.181,-89.6,15.4,1.2,733.9750478152655,0.0
seismic,1990-10-30 23:04:54.200,36.48,-89.51,8.7,2.1,655.5149175268949,0.0
seismic,1990-10-31 05:16:11.300,36.44,-89.61,10.1,1.4,653.1306001531237,0.0
seismic,1990-11-04 02:22:27.400,35.389,-84.382,6.0,1.3,453.8993049152184,267.015
seismic,1990-11-04 19:00:00.090,36.271,-89.52,8.1,1.1,632.874950350928,0.0
seismic,1990-11-07 19:55:38.000,35.103,-82.977,5.4,2.4,346.48195829839966,282.941
seismic,1990-11-08 10:02:10.900,36.954,-83.053,2.5,2.7,509.82556340147664,137.061
seismic,1990-11-08 10:08:25.400,37.108,-83.031,0.4,3.2,506.2396005507672,126.764
seismic,1990-11-09 03:39:15.920,36.537,-89.632,9.9,3.2,664.1538577634923,0.0
seismic,1990-11-09 08:00:51.300,37.568,-77.614,12.5,1.1,39.782626645033005,17.271
seismic,1990-11-09 17:53:06.400,37.17,-89.59,15.9,2.3,732.5890150899615,0.0
seismic,1990-11-10 00:38:26.190,36.269,-89.462,2.5,1.7,631.516855191129,0.0
seismic,1990-11-10 12:02:26.900,36.42,-89.54,7.2,1.8,649.5398234469261,0.0
seismic,1990-11-12 09:39:26.690,35.904,-89.971,11.9,1.2,603.9448440074002,0.0
seismic,1990-11-13 13:07:13.300,36.53,-89.63,7.1,1.7,663.3499216311533,0.0
seismic,1990-11-13 15:22:13.000,32.947,-80.136,3.4,3.5,20.813380464524148,0.0
seismic,1990-11-15 11:53:58.300,36.26,-89.46,4.7,1.5,630.4941871136198,0.0
seismic,1990-11-15 13:47:15.700,47.128,-76.219,18.0,4.1,224.30578528409148,629.143
seismic,1990-11-15 17:20:27.860,36.539,-89.504,1.0,1.4,661.8567520549386,0.533
seismic,1990-11-16 00:37:37.000,36.53,-89.55,5.0,1.2,661.7539376425835,0.0
seismic,1990-11-18 19:29:25.400,35.627,-84.368,10.6,1.4,471.7501714388216,240.364
seismic,1990-11-19 07:23:17.800,36.46,-89.52,7.8,1.8,653.5201822586773,0.0
seismic,1990-11-21 16:07:17.930,36.283,-89.47,4.6,2.4,633.202037523455,0.0
seismic,1990-11-23 08:16:37.400,36.22,-89.48,5.0,1.7,626.5124612572982,0.0
seismic,1990-11-24 07:27:07.700,36.25,-89.48,5.0,1.6,629.7898240805712,0.0
seismic,1990-11-24 16:13:27.810,35.849,-89.996,10.8,2.0,598.78434902433,0.0
seismic,1990-11-25 01:14:47.670,35.992,-89.894,20.1,1.7,611.2891346148174,0.0
seismic,1990-11-25 05:54:31.400,35.405,-83.667,3.8,1.5,411.1361550850973,271.602
seismic,1990-11-25 12:15:34.690,36.079,-89.833,6.8,1.6,619.0780766072489,0.0
seismic,1990-11-25 13:05:51.490,36.098,-89.831,2.2,1.8,621.072749851574,0.0
seismic,1990-11-25 15:23:37.900,36.1,-89.39,10.9,1.7,611.6534982637647,0.556
seismic,1990-11-29 18:54:51.280,36.111,-89.815,9.7,2.5,622.0790265319604,0.0
seismic,1990-11-30 00:01:05.440,36.266,-89.469,9.0,1.9,631.3241700155601,0.0
seismic,1990-12-03 04:12:46.900,34.911,-87.374,9.1,1.8,469.5247304549325,216.744
seismic,1990-12-08 17:32:29.400,37.79,-87.32,15.2,1.8,790.6453763427363,34.173
seismic,1990-12-09 02:21:15.100,35.565,-84.472,12.3,1.4,473.4056505653723,247.53
seismic,1990-12-12 05:15:07.100,47.0,-66.6,5.0,3.5,94.60528094814087,567.456
seismic,1990-12-14 02:10:11.000,37.38,-89.5,11.1,1.0,754.1321443852866,3.839
seismic,1990-12-14 18:32:13.000,37.866,-77.686,13.6,1.5,58.468817022728494,18.508
seismic,1990-12-15 08:39:28.900,34.457,-87.305,16.4,1.8,420.243395922778,253.047
seismic,1990-12-16 09:50:53.500,36.48,-89.58,8.6,1.7,656.8851575946082,0.0
seismic,1990-12-16 15:09:20.570,36.069,-89.832,11.2,2.6,617.9775972302116,0.0
seismic,1990-12-17 05:24:59.100,40.068,-87.044,10.0,3.2,847.8946545089722,8.509
seismic,1990-12-17 07:22:48.500,41.953,-80.122,5.0,2.5,420.8714233453008,469.133
seismic,1990-12-19 15:43:40.500,36.22,-89.45,5.0,2.1,625.9275840590144,0.0
seismic,1990-12-19 18:10:31.100,35.588,-84.433,19.5,2.4,472.7300237162606,244.832
seismic,1990-12-20 14:04:17.400,39.59,-86.63,5.0,3.7,805.6214172431851,0.0
seismic,1990-12-21 04:08:12.500,36.4,-89.48,5.0,1.4,646.190337119241,0.0
seismic,1990-12-23 12:46:33.200,36.12,-89.49,5.0,1.7,615.7961579196628,0.0
seismic,1990-12-26 13:47:44.270,36.622,-89.597,4.0,1.5,672.7261721395639,0.0
seismic,1990-12-26 21:24:34.100,36.45,-89.48,5.0,1.7,651.6620552227731,0.0
seismic,1990-12-28 08:25:00.110,36.202,-89.667,2.2,1.8,628.4670262730971,0.0
seismic,1990-12-31 03:53:58.390,47.579,-72.556,18.0,4.2,110.93874471212604,537.378
seismic,1990-12-31 15:43:03.660,36.407,-89.548,3.2,2.1,648.2786477716006,0.0
seismic,1990-12-31 20:52:40.820,35.932,-89.958,7.3,1.9,606.5756122793304,0.0
seismic,1991-01-06 10:05:39.500,38.459,-77.629,23.1,1.0,23.604549594912083,70.844
seismic,1991-01-06 20:48:26.600,36.083,-83.734,13.9,1.1,475.3903874205192,196.139
seismic,1991-01-09 07:59:39.900,33.253,-83.336,3.1,1.8,244.05520137281397,225.469
seismic,1991-01-09 11:09:57.900,37.223,-89.27,39.2,1.5,733.293989685643,3.626
seismic,1991-01-11 21:01:59.000,37.51,-78.19,9.6,2.0,82.47946930393822,14.096
seismic,1991-01-14 05:06:30.300,36.08,-83.432,10.5,1.9,460.433002973291,204.066
seismic,1991-01-14 07:46:47.800,36.505,-89.569,2.9,1.8,659.3955595197999,0.0
seismic,1991-01-15 06:15:28.800,36.055,-83.423,11.5,1.8,457.6269682337478,206.972
seismic,1991-01-15 21:03:45.900,36.074,-83.804,13.0,2.5,478.12909070570174,195.767
seismic,1991-01-15 22:23:33.700,32.953,-80.146,2.0,1.7,21.95457474845403,0.0
seismic,1991-01-16 18:22:14.800,36.075,-83.423,6.3,2.0,459.5359548693503,204.865
seismic,1991-01-19 22:37:24.100,36.172,-89.744,12.3,1.7,626.9675395312008,0.0
seismic,1991-01-21 07:03:23.700,34.486,-86.404,11.0,1.9,436.4183932569202,303.325
seismic,1991-01-21 14:13:24.200,36.443,-89.54,4.6,1.9,652.0521213528095,0.0
seismic,1991-01-23 09:25:23.200,37.94,-88.873,0.8,3.1,808.4573250901819,0.0
seismic,1991-01-26 03:21:22.610,41.536,-81.453,5.0,3.4,473.1114304692092,440.438
seismic,1991-01-26 10:53:10.200,36.258,-89.425,3.9,1.7,629.608147962923,0.0
seismic,1991-01-26 14:02:17.300,36.714,-84.403,2.4,1.6,567.4039010597688,118.707
seismic,1991-01-27 20:35:41.000,36.391,-82.544,19.5,1.8,448.2178337291325,168.601
seismic,1991-01-28 11:43:55.700,37.349,-87.324,1.2,2.8,741.3839713029756,71.248
seismic,1991-01-29 22:27:58.100,36.161,-89.738,9.7,2.1,625.6387021046146,0.0
seismic,1991-02-07 08:45:27.600,32.939,-80.15,6.2,1.3,21.522915588343785,0.0
seismic,1991-02-11 00:00:12.700,35.95,-89.93,13.8,3.0,607.743960335811,0.0
seismic,1991-02-17 17:35:13.900,33.14,-85.772,0.5,2.9,296.33880825040546,209.689
seismic,1991-02-18 20:45:10.700,32.962,-80.179,4.1,1.4,25.11052508868152,0.0
seismic,1991-02-19 01:15:15.400,35.499,-84.315,16.0,1.1,458.18670140648,254.701
seismic,1991-02-19 14:00:01.400,35.616,-84.246,12.8,1.8,463.3052126534309,241.75
seismic,1991-02-26 20:14:25.000,36.202,-89.511,3.7,2.3,625.1652105976295,0.0
seismic,1991-02-26 20:37:01.700,36.186,-89.508,1.4,2.1,623.3592380259017,0.0
seismic,1991-03-05 11:46:11.700,33.038,-80.172,0.9,2.0,29.719102806920823,0.0
seismic,1991-03-06 05:26:53.600,46.282,-76.874,18.0,3.9,209.58767289173545,603.192
seismic,1991-03-07 03:44:58.100,36.419,-83.76,17.6,2.4,508.1015716444008,159.059
seismic,1991-03-07 09:31:40.500,35.482,-84.232,12.7,1.3,451.59204357465273,256.787
seismic,1991-03-14 13:17:10.300,36.276,-89.483,6.0,1.9,632.6894741408805,0.0
seismic,1991-03-15 01:40:23.000,37.725,-77.883,5.2,1.3,69.07716371651922,0.0
seismic,1991-03-15 06:54:08.300,37.746,-77.909,15.5,3.8,72.32800067228693,0.0
seismic,1991-03-19 19:21:48.400,36.463,-89.56,5.5,2.5,654.6310997839176,0.0
seismic,1991-03-20 08:20:13.500,36.428,-89.587,0.8,1.9,651.3531133996526,0.0
seismic,1991-03-20 21:01:27.000,49.712,-66.483,18.0,3.7,41.75329996286423,828.731
seismic,1991-03-20 22:27:48.200,36.18,-89.693,6.5,1.7,626.6638400034961,0.0
seismic,1991-03-21 04:10:59.390,49.698,-66.594,18.0,4.0,35.39089413064431,823.905
seismic,1991-03-21 07:41:37.600,36.567,-89.759,18.1,2.6,670.1031361565961,0.0
seismic,1991-03-23 04:43:02.300,36.451,-89.627,2.2,1.8,654.6794580183043,0.0
seismic,1991-03-23 10:05:54.700,36.074,-89.805,13.1,2.7,617.8495337067479,0.0
seismic,1991-03-27 22:04:47.800,33.019,-80.177,8.6,1.8,28.626607431810463,0.0
seismic,1991-03-28 10:26:16.700,34.627,-86.243,12.7,1.8,454.2261557799531,321.101
seismic,1991-03-28 20:33:19.500,33.394,-86.551,28.4,2.9,313.7070177465459,186.116
seismic,1991-04-12 11:12:11.620,41.151,-73.653,9.4,2.7,14.923650063250564,285.043
seismic,1991-04-15 05:55:46.700,35.591,-83.59,4.3,2.2,423.14897972619394,252.716
seismic,1991-04-16 04:06:37.800,38.593,-88.007,6.8,2.7,877.989859200397,0.0
seismic,1991-04-17 17:42:39.000,40.387,-77.956,0.0,2.5,169.5232574377624,269.117
seismic,1991-04-22 01:01:20.200,37.942,-80.205,14.8,3.5,252.58082016069943,44.295
seismic,1991-04-23 03:19:19.000,47.0,-66.6,5.0,3.3,94.60528094814087,567.456
seismic,1991-04-23 05:54:48.000,47.0,-66.6,5.0,2.8,94.60528094814087,567.456
seismic,1991-04-23 20:39:49.300,32.953,-80.151,6.4,1.4,22.354093374380728,0.0
seismic,1991-04-24 03:42:21.900,32.933,-80.188,9.3,1.4,24.467873573263663,0.0
seismic,1991-04-28 19:37:43.900,35.73,-84.099,11.1,2.8,463.9826143231546,229.864
seismic,1991-04-29 15:13:29.700,37.171,-80.909,16.7,1.6,319.518390993331,0.0
seismic,1991-04-30 06:39:51.600,37.45,-77.588,10.8,1.4,30.36919193793782,25.799
seismic,1991-05-04 01:13:58.400,36.59,-89.88,8.3,2.0,675.3205527167728,0.0
seismic,1991-05-04 01:18:54.600,36.575,-89.825,11.2,4.5,672.4377671813509,0.0
seismic,1991-05-05 01:30:44.700,36.196,-89.563,4.3,1.0,625.5776591893062,0.0
seismic,1991-05-05 03:02:16.800,36.336,-83.949,23.4,1.9,509.5921232949792,164.442
seismic,1991-05-10 13:50:43.000,35.757,-84.671,5.8,2.6,501.21300595819207,227.297
seismic,1991-05-10 19:40:36.600,34.865,-85.201,11.2,2.2,476.90493602468223,333.336
seismic,1991-05-11 02:05:56.900,36.199,-89.449,2.1,1.3,623.6123070214105,0.0
seismic,1991-05-17 12:27:53.400,32.94,-80.145,1.0,1.4,21.1614041527224,0.0
seismic,1991-05-17 18:08:47.000,45.5,-74.4,18.0,4.4,5.108758520038437,401.445
seismic,1991-05-20 10:05:24.000,34.73,-85.101,6.0,1.1,461.3164886625054,346.494
seismic,1991-05-23 06:00:46.600,36.732,-88.852,14.9,2.0,673.6749353034247,26.152
seismic,1991-05-25 21:09:21.300,38.467,-86.049,5.0,1.6,751.0492482496438,21.455
seismic,1991-05-28 23:44:09.100,35.311,-83.619,0.0,2.3,400.2926447146334,282.775
seismic,1991-05-29 02:47:18.900,35.415,-84.292,21.6,2.9,450.0901005641629,264.131
seismic,1991-06-01 04:47:06.200,36.593,-89.666,14.2,1.8,670.9549388674043,0.0
seismic,1991-06-01 22:01:41.300,36.521,-89.616,2.2,2.7,662.0835040092034,0.0
seismic,1991-06-02 06:05:34.900,32.98,-80.214,5.0,1.7,28.929733807100725,0.0
seismic,1991-06-04 23:49:16.700,36.579,-89.828,7.5,1.7,672.9388871487097,0.0
seismic,1991-06-07 14:29:58.700,36.646,-89.284,4.3,2.6,669.7945548179047,3.545
seismic,1991-06-11 13:07:17.000,37.11,-88.891,15.2,2.1,716.1417113414306,5.87
seismic,1991-06-13 06:14:52.300,34.967,-84.851,13.2,1.8,456.72326712578285,316.987
seismic,1991-06-13 22:46:02.800,35.569,-84.734,13.6,1.0,490.8040752049737,248.842
seismic,1991-06-14 23:24:40.800,36.134,-89.707,4.5,1.1,622.0018819304543,0.0
seismic,1991-06-16 08:04:18.500,36.375,-82.303,1.0,1.9,431.0772185669039,151.62
seismic,1991-06-16 16:46:53.000,47.0,-76.7,18.0,4.5,239.94091759243963,644.787
seismic,1991-06-17 08:53:16.740,42.63,-74.678,5.0,4.0,159.31975071199892,300.81
seismic,1991-06-20 12:06:11.500,36.327,-89.474,1.9,2.0,638.0903686832035,0.0
seismic,1991-06-26 10:52:38.900,36.568,-89.633,9.4,2.3,667.5539831015894,0.0
seismic,1991-06-28 18:34:55.500,38.231,-81.335,7.0,3.0,345.0051866516205,83.576
seismic,1991-07-05 01:47:36.700,45.232,-73.896,18.0,3.8,6.678197365138384,352.69
seismic,1991-07-08 23:49:07.000,36.157,-89.473,13.0,2.4,619.4939383856267,0.0
seismic,1991-07-11 00:26:12.700,36.147,-83.764,6.9,1.7,482.8180965159192,188.549
seismic,1991-07-13 16:46:42.400,36.542,-89.644,2.3,1.8,664.9447991042914,0.0
seismic,1991-07-14 07:31:56.200,35.555,-84.417,13.8,1.1,469.1033399138623,248.487
seismic,1991-07-18 09:31:16.700,34.984,-84.821,7.0,1.8,455.6117555296497,314.78
seismic,1991-07-19 04:00:27.700,36.589,-89.589,2.2,1.3,668.9642099963222,0.0
seismic,1991-07-22 03:31:00.300,36.468,-89.546,8.6,2.7,654.901040379067,0.0
seismic,1991-07-23 05:06:47.200,36.226,-89.459,1.4,1.6,626.7576797417614,0.0
seismic,1991-07-23 09:06:47.100,34.671,-87.522,5.3,2.2,441.2405329109149,222.376
seismic,1991-07-23 09:06:48.400,34.764,-87.508,13.1,2.1,451.7196272978772,216.668
seismic,1991-07-26 04:21:45.400,36.885,-83.847,6.3,1.8,556.7570232502619,106.807
seismic,1991-07-29 15:33:21.600,35.133,-84.825,13.2,1.8,465.80690786410713,298.265
seismic,1991-08-15 07:16:07.150,40.786,-77.657,1.0,3.0,188.76779447737312,316.634
seismic,1991-08-17 17:59:09.200,34.914,-85.483,21.4,2.7,496.35384857246765,334.098
seismic,1991-08-24 03:23:38.200,32.939,-80.167,2.2,1.6,22.942841229372597,0.0
seismic,1991-08-24 12:42:53.700,36.192,-89.691,8.7,1.5,627.9189672957092,0.0
seismic,1991-08-27 03:33:43.000,36.555,-89.624,2.2,1.1,665.9536188795452,0.0
seismic,1991-08-29 15:32:07.300,36.587,-89.597,4.4,1.7,668.9040664936298,0.0
seismic,1991-09-07 15:48:46.000,36.776,-89.112,13.7,1.7,681.6446526871438,2.804
seismic,1991-09-08 22:14:20.000,36.154,-83.779,9.1,1.7,484.21926087937845,187.486
seismic,1991-09-14 07:36:17.200,37.766,-78.138,10.5,2.3,89.77783003432374,0.0
seismic,1991-09-22 19:57:22.400,34.245,-82.134,1.0,2.3,224.1333315180548,160.855
seismic,1991-09-22 21:22:54.800,34.356,-82.216,15.5,2.4,238.625568591152,174.866
seismic,1991-09-22 23:42:43.700,34.432,-82.266,2.0,2.4,248.2478141147388,184.103
seismic,1991-09-24 07:05:30.600,35.782,-89.974,0.2,1.4,591.0432317645258,0.0
seismic,1991-09-24 07:21:07.000,35.701,-84.117,13.3,3.0,462.5899093694403,232.953
seismic,1991-09-25 02:13:56.800,36.529,-89.499,17.4,1.7,660.6678542837294,0.603
seismic,1991-09-28 11:27:34.870,39.564,-76.979,5.0,2.4,45.65541967554475,205.296
seismic,1991-09-29 12:21:35.000,39.848,-75.031,5.0,2.2,8.70737302873936,336.773
seismic,1991-09-30 06:29:06.200,36.544,-89.603,5.6,2.0,664.3301498009198,0.0
seismic,1991-09-30 16:32:32.500,42.94,-71.512,4.0,2.7,54.16717584788793,44.171
seismic,1991-10-03 11:46:04.900,36.856,-89.449,1.9,2.7,695.6351115681745,0.0
seismic,1991-10-07 12:04:07.200,35.862,-82.05,25.8,2.4,375.03764860478606,174.861
seismic,1991-10-09 04:27:51.200,34.92,-84.917,6.1,2.2,458.64406191943846,322.953
seismic,1991-10-13 13:13:18.800,37.607,-84.043,2.1,2.4,588.3983239203544,25.291
seismic,1991-10-14 11:10:37.600,35.578,-84.187,8.2,1.9,456.5793751588397,246.244
seismic,1991-10-19 15:30:21.300,34.755,-85.184,12.5,2.5,469.2275862804193,345.099
seismic,1991-10-21 01:10:47.900,34.719,-85.181,24.6,1.9,466.9599565794245,349.001
seismic,1991-10-22 03:05:34.400,36.506,-89.545,9.9,1.8,659.0336110585242,0.0
seismic,1991-10-22 06:30:57.200,34.493,-85.46,8.4,2.0,450.1032048072539,343.121
seismic,1991-10-24 06:47:10.500,36.401,-89.558,3.0,2.5,647.8231737108532,0.0
seismic,1991-10-25 10:44:49.300,35.973,-83.675,5.7,1.7,462.25814283458135,209.346
seismic,1991-10-28 10:46:20.900,35.615,-84.712,11.5,1.6,492.847629603506,243.501
seismic,1991-10-28 20:58:26.100,41.07,-73.578,10.0,3.0,5.29279215428983,286.214
seismic,1991-10-30 14:54:12.600,34.904,-84.713,8.1,3.1,442.4483118679419,322.695
seismic,1991-11-01 03:24:11.300,34.667,-87.52,0.3,1.2,440.8159237789173,222.807
seismic,1991-11-03 06:53:02.800,35.454,-84.239,11.3,1.4,449.796467119476,259.895
seismic,1991-11-03 07:05:59.900,35.445,-84.228,9.0,1.1,448.3841378568944,260.939
seismic,1991-11-04 07:17:42.800,34.086,-87.186,8.9,2.3,381.5283669659148,242.254
seismic,1991-11-10 09:54:42.100,34.75,-85.365,1.9,1.9,479.872842487057,349.135
seismic,1991-11-11 09:20:44.000,38.905,-87.71,0.0,3.8,893.3705135436692,0.0
seismic,1991-11-11 23:06:04.600,35.558,-84.484,10.0,1.3,473.6279010796608,248.361
seismic,1991-11-15 08:52:13.800,35.344,-84.109,6.9,1.8,432.810536097288,272.844
seismic,1991-11-17 06:32:11.800,32.988,-80.123,3.8,1.3,22.57828788041529,0.0
seismic,1991-11-17 11:29:10.800,33.999,-87.121,16.8,1.9,373.3401924390348,233.566
seismic,1991-11-21 05:09:42.800,35.298,-85.535,10.7,2.0,528.6213413969206,294.503
seismic,1991-11-21 05:12:01.900,35.476,-84.35,9.5,2.2,458.600101007184,257.261
seismic,1991-11-22 05:33:41.300,35.461,-84.274,13.7,2.2,452.5701841743329,259.018
seismic,1991-11-24 23:43:34.500,35.867,-83.865,19.1,1.6,462.6706633464036,217.46
seismic,1991-11-25 07:41:06.200,36.117,-83.743,13.3,1.7,478.98691075970186,192.248
seismic,1991-11-25 20:15:51.900,35.458,-85.008,6.6,2.3,501.303269311258,264.845
seismic,1991-11-27 11:31:37.200,36.558,-89.828,6.8,2.2,670.6645285102444,0.0
seismic,1991-11-28 13:50:19.600,37.146,-89.629,16.2,2.1,730.6648974539231,0.0
seismic,1991-11-29 08:55:38.500,36.758,-89.477,14.0,1.3,685.3637603743852,0.0
seismic,1991-11-30 18:40:43.400,36.242,-89.838,16.8,2.1,636.7537804646728,0.0
seismic,1991-12-01 22:39:06.700,34.963,-84.962,14.7,2.7,464.7224047266238,318.76
seismic,1991-12-02 04:14:56.300,36.366,-89.567,5.0,1.6,644.1859616632416,0.0
seismic,1991-12-03 15:15:20.600,35.584,-84.108,10.0,1.3,452.2717677898521,246.072
seismic,1991-12-04 00:21:47.700,36.486,-89.522,0.8,2.0,656.4015875875349,0.0
seismic,1991-12-05 16:10:30.800,35.583,-84.118,12.0,2.2,452.79289954325617,246.11
seismic,1991-12-06 04:39:33.300,35.49,-82.926,5.3,2.0,380.4566065854073,258.362
seismic,1991-12-08 03:00:30.000,47.7,-69.8,18.0,3.6,4.901057643724131,541.83
seismic,1991-12-10 22:09:53.700,35.542,-85.193,10.5,2.5,520.1450993968849,259.395
seismic,1991-12-14 02:15:50.400,35.76,-84.242,15.3,1.8,474.9615642882084,225.653
seismic,1991-12-17 01:36:41.500,36.105,-89.773,0.6,2.2,620.4161426570113,0.0
seismic,1991-12-19 10:37:04.100,36.5,-89.531,2.0,2.0,658.1060430892056,0.0
seismic,1991-12-20 02:57:28.400,36.685,-89.539,12.2,2.0,678.4982303104445,0.0
seismic,1991-12-22 02:56:10.800,35.364,-84.781,11.8,2.0,478.8558778339474,272.125
seismic,1991-12-27 20:01:03.700,35.208,-84.76,17.1,1.7,466.3317429823505,289.255
seismic,1991-12-29 04:22:55.600,35.049,-84.692,9.8,1.7,450.54592358218827,306.37
seismic,1991-12-29 12:47:12.000,36.814,-89.137,6.8,2.0,686.189863813832,1.195
seismic,1992-01-03 04:21:23.900,33.981,-82.421,3.3,3.4,216.58668725942888,164.036
seismic,1992-01-03 04:59:54.700,36.779,-83.04,9.7,2.4,509.9243505263196,152.364
seismic,1992-01-04 02:01:22.200,36.277,-83.521,5.7,2.0,483.4098782619188,180.62
seismic,1992-01-07 11:48:40.100,33.835,-81.945,3.0,2.7,176.3883066425992,118.389
seismic,1992-01-09 08:50:45.220,40.363,-74.341,7.9,3.1,12.995430264772322,387.028
seismic,1992-01-09 12:13:42.200,43.929,-71.208,9.0,2.6,80.11093564560055,118.832
seismic,1992-01-15 17:16:27.800,41.239,-74.16,7.0,2.5,14.95007865617758,312.904
seismic,1992-01-18 01:01:55.400,35.951,-80.081,4.8,2.1,268.1387359072797,129.201
seismic,1992-01-22 13:03:57.500,36.221,-89.454,2.5,1.9,626.1142180552467,0.0
seismic,1992-01-30 03:03:56.900,33.825,-82.669,12.2,1.9,220.99846298290356,176.813
seismic,1992-01-30 03:12:55.100,33.766,-82.593,8.8,1.5,211.40995227884207,167.909
seismic,1992-01-30 06:57:05.500,33.985,-82.434,3.9,2.1,217.7223908248564,165.291
seismic,1992-01-30 19:58:31.200,33.952,-82.651,0.7,1.8,229.15469414571487,181.089
seismic,1992-02-01 04:05:02.400,33.991,-82.403,2.0,2.2,216.3051585288852,163.191
seismic,1992-02-01 05:06:30.300,33.991,-82.425,4.8,2.1,217.6591494411213,164.921
seismic,1992-02-01 08:43:37.400,34.012,-82.442,4.8,2.0,220.4440277382492,167.466
seismic,1992-02-01 12:42:12.800,36.054,-89.853,11.7,1.7,616.8907284550563,0.0
seismic,1992-02-01 14:17:30.900,34.006,-82.544,0.6,2.2,226.3601880210782,175.206
seismic,1992-02-04 05:01:34.600,36.294,-89.407,2.0,1.7,633.2147816953388,0.0
seismic,1992-02-09 01:36:22.700,33.725,-82.322,5.6,2.3,189.76098709334332,143.049
seismic,1992-02-10 18:30:15.200,37.281,-80.821,9.1,1.2,311.11213598095173,0.0
seismic,1992-02-14 10:36:03.500,35.279,-84.621,16.6,1.5,461.7002239192994,280.213
seismic,1992-02-19 06:38:16.700,32.916,-80.089,10.3,1.2,15.3078418149019,0.0
seismic,1992-02-22 04:21:34.650,26.356,-78.888,10.0,3.2,20.687224290590475,657.651
seismic,1992-02-25 09:47:54.500,36.242,-89.775,1.6,1.6,635.2570747870417,0.0
seismic,1992-02-29 21:53:51.000,33.016,-80.165,8.9,1.3,27.567686228196223,0.0
seismic,1992-03-03 12:30:18.500,36.153,-89.799,19.2,2.3,626.2174951412953,0.0
seismic,1992-03-07 10:30:43.700,35.982,-83.944,10.1,1.8,477.1952068874964,203.603
seismic,1992-03-10 23:50:46.900,40.991,-72.086,10.0,2.8,0.7480340723165358,216.413
seismic,1992-03-11 08:46:51.600,36.278,-89.362,8.1,1.4,630.6407597742101,0.0
seismic,1992-03-12 18:41:58.100,35.313,-83.638,4.9,1.7,401.5701438235984,282.213
seismic,1992-03-13 22:49:41.100,35.528,-84.397,14.7,2.2,465.6982802772006,251.475
seismic,1992-03-15 06:13:55.220,41.911,-81.245,5.0,3.5,486.8584803491083,479.839
seismic,1992-03-17 08:47:22.800,35.227,-84.863,14.6,1.1,474.94725123716586,288.257
seismic,1992-03-17 17:31:35.200,34.421,-87.202,7.5,2.0,417.9442042397818,262.719
seismic,1992-03-18 01:45:40.600,35.871,-83.664,16.8,1.1,452.3468684147924,220.682
seismic,1992-03-21 07:23:31.400,35.817,-84.258,10.4,1.3,480.68723228262695,219.222
seismic,1992-03-23 08:47:36.400,35.933,-84.017,13.4,1.4,476.84883869117954,208.11
seismic,1992-03-23 10:01:50.150,43.497,-71.649,5.0,2.8,85.0363383036102,89.605
seismic,1992-03-29 20:16:48.200,37.314,-81.149,15.8,1.4,339.78719324799755,16.227
seismic,1992-03-31 14:59:39.640,26.019,-85.731,5.0,3.8,342.10761707230233,415.521
seismic,1992-04-02 01:51:27.600,36.129,-89.714,1.2,1.5,621.6220307287931,0.0
seismic,1992-04-02 11:17:10.400,35.366,-84.66,20.1,1.9,470.7135824293985,270.777
seismic,1992-04-03 03:06:04.200,35.832,-89.499,8.3,2.9,584.6218488476826,6.678
seismic,1992-04-05 05:54:32.600,34.666,-87.417,5.8,2.3,441.843165100936,230.011
seismic,1992-04-05 11:57:37.000,34.627,-87.458,19.0,2.0,437.0373506070239,229.996
seismic,1992-04-07 10:43:22.900,36.365,-82.97,21.6,1.6,469.1209396296916,193.415
seismic,1992-04-09 15:19:47.600,36.215,-89.492,3.1,1.6,626.203767235026,0.0
seismic,1992-04-18 23:34:58.700,33.02,-80.246,3.0,1.0,33.80605225969743,0.0
seismic,1992-04-25 20:01:59.100,34.904,-84.686,6.6,1.7,440.45824158028495,322.495
seismic,1992-04-26 04:17:02.400,34.736,-85.148,22.0,1.0,465.3318714522624,346.58
seismic,1992-04-26 07:54:52.700,32.744,-87.785,11.2,2.4,224.6189787687541,92.273
seismic,1992-04-30 07:31:30.500,33.039,-80.164,5.9,1.0,29.27270073251943,0.0
seismic,1992-05-01 00:37:51.400,47.446,-70.407,2.8,3.2,0.729416249307021,508.433
seismic,1992-05-05 01:29:56.200,35.247,-84.527,15.5,2.7,452.9306940834898,283.31
seismic,1992-05-06 09:45:16.610,35.897,-89.991,8.7,1.5,603.7513607946529,0.0
seismic,1992-05-06 21:20:23.900,38.118,-81.069,10.3,2.3,323.39422339253827,60.965
seismic,1992-05-07 08:40:47.900,33.009,-80.161,5.3,1.0,26.77281977931221,0.0
seismic,1992-05-07 20:11:04.500,33.04,-80.151,2.5,1.5,28.523211911504315,0.0
seismic,1992-05-11 06:42:30.600,36.82,-89.0,5.0,2.6,685.1035706122076,10.929
seismic,1992-05-19 05:58:59.600,46.444,-74.964,18.0,3.2,107.92156336644524,508.728
seismic,1992-05-19 05:59:41.000,46.444,-74.964,18.0,3.7,107.92156336644524,508.728
seismic,1992-05-19 08:45:05.800,36.749,-80.704,0.8,2.0,308.7906392959866,31.767
seismic,1992-05-25 06:54:29.170,36.505,-89.562,8.1,1.3,659.2573858005171,0.0
seismic,1992-05-31 04:36:02.200,36.19,-82.877,23.0,1.7,447.8570850489392,205.651
seismic,1992-06-03 04:40:02.800,46.257,-75.029,18.0,3.3,92.2252855739342,496.308
seismic,1992-06-07 09:55:54.900,35.129,-83.502,10.0,1.9,377.9468079569801,304.895
seismic,1992-06-14 11:27:39.800,36.137,-83.951,13.8,2.3,491.5010140122196,186.365
seismic,1992-06-21 04:20:31.420,36.403,-89.487,12.4,1.9,646.652125955008,0.0
seismic,1992-06-27 18:55:16.100,37.766,-78.433,33.5,1.8,112.30668759670549,7.461
seismic,1992-06-28 05:21:45.800,36.672,-83.636,14.5,2.0,526.7739088413307,135.637
seismic,1992-07-01 07:10:17.090,36.368,-89.562,3.1,2.0,644.3029845595402,0.0
seismic,1992-07-02 03:47:42.700,34.87,-86.351,8.2,2.1,479.6237393346882,299.508
seismic,1992-07-04 02:54:27.800,37.103,-83.578,26.7,1.7,554.2893213424269,94.776
seismic,1992-07-04 16:23:18.900,36.161,-83.706,16.9,2.0,481.2335546077076,188.238
seismic,1992-07-09 01:33:56.100,35.556,-84.37,16.1,1.2,466.198049481396,248.314
seismic,1992-07-13 08:47:40.800,33.495,-81.214,0.1,1.9,111.72678857983549,41.91
seismic,1992-07-16 00:58:03.500,34.876,-84.915,24.2,1.3,455.744265303516,327.809
seismic,1992-07-19 05:02:42.400,35.949,-84.501,24.5,1.3,506.20185975282857,204.696
seismic,1992-07-29 17:29:30.580,35.28,-89.168,10.0,1.9,517.7152594215839,74.582
seismic,1992-08-02 10:36:21.000,34.245,-84.322,0.7,1.7,372.6770877657452,335.193
seismic,1992-08-03 11:34:28.200,34.821,-85.167,16.2,1.4,471.7018679629923,337.557
seismic,1992-08-08 03:51:41.900,34.588,-85.443,12.9,2.0,460.8381094521068,352.839
seismic,1992-08-18 22:08:53.800,37.121,-88.902,12.0,1.9,717.4778542182958,5.163
seismic,1992-08-21 14:27:03.000,32.987,-80.162,4.4,1.2,25.305478930958422,0.0
seismic,1992-08-21 16:31:56.100,32.985,-80.163,6.5,4.1,25.247914615766916,0.0
seismic,1992-08-22 12:20:32.600,39.106,-70.319,10.0,4.8,240.0047657207989,405.17
seismic,1992-08-26 05:41:39.060,37.641,-89.683,2.0,2.8,785.9310955658746,0.0
seismic,1992-09-11 16:34:11.700,33.171,-87.501,6.5,3.0,275.60969035399177,137.78
seismic,1992-09-20 14:57:36.370,36.413,-89.503,11.2,1.7,648.05307897288,0.0
seismic,1992-09-20 18:06:46.300,32.898,-80.81,10.7,1.4,39.99710321677191,15.754
seismic,1992-09-26 19:16:49.600,35.947,-84.403,6.8,1.5,500.1863723268915,204.582
seismic,1992-09-27 17:02:34.310,28.172,-88.438,10.0,3.6,113.8431282170083,88.715
seismic,1992-10-01 02:40:58.810,35.929,-89.929,13.7,2.5,605.4733096234362,0.0
seismic,1992-10-02 01:25:41.920,37.16,-88.835,11.9,2.6,721.1644691490204,0.0
seismic,1992-10-02 08:28:01.700,33.499,-81.202,3.0,2.4,111.82692014497668,41.393
seismic,1992-10-06 15:38:04.000,43.324,-71.578,5.0,3.4,71.95413697815599,71.34
seismic,1992-10-06 17:05:47.460,43.3,-71.57,5.0,2.3,70.54410188642849,68.99
seismic,1992-10-10 02:13:22.600,36.158,-89.696,12.8,2.3,624.3487905143221,0.0
seismic,1992-10-11 21:41:21.920,36.225,-89.427,2.2,2.3,626.0342226310339,0.0
seismic,1992-10-17 09:58:25.600,32.992,-80.185,4.4,1.0,27.365280462533494,0.0
seismic,1992-10-20 02:11:59.600,36.385,-84.068,12.5,1.7,520.1463433761983,157.356
seismic,1992-10-21 17:44:45.600,35.528,-84.475,18.4,1.7,470.7066362205123,251.68
seismic,1992-10-24 12:27:58.100,34.72,-84.958,9.9,1.7,449.6202244622089,345.623
seismic,1992-10-25 14:48:44.600,35.168,-84.436,5.7,1.9,440.9369566688228,291.831
seismic,1992-10-29 05:24:54.400,34.364,-81.34,0.6,1.8,208.61001114033664,131.361
seismic,1992-10-30 09:06:11.700,32.963,-80.179,6.5,1.0,25.165406940408868,0.0
seismic,1992-11-01 22:51:57.100,32.962,-80.203,3.7,1.0,27.07646282738558,0.0
seismic,1992-11-04 05:06:36.800,33.45,-86.203,2.5,2.2,326.1066167896113,208.463
seismic,1992-11-05 17:31:54.260,36.585,-89.598,9.1,2.2,668.7055443222533,0.0
seismic,1992-11-10 12:03:48.600,35.575,-84.508,11.8,2.4,476.50035489528847,246.558
seismic,1992-11-10 17:16:46.800,35.644,-84.132,10.2,3.0,458.704162502101,239.203
seismic,1992-11-12 13:54:13.800,32.933,-80.138,5.7,1.2,20.22550101536848,0.0
seismic,1992-11-17 03:58:00.900,45.764,-74.862,18.0,4.0,43.82759765634695,447.63
seismic,1992-11-18 09:37:07.100,36.078,-83.793,5.9,1.1,477.9309662509647,195.534
seismic,1992-11-21 05:41:10.500,32.95,-80.003,3.8,1.4,12.287689452831732,0.0
seismic,1992-11-24 02:26:50.700,37.457,-80.884,12.3,1.2,316.54466778045423,0.0
seismic,1992-11-24 12:13:19.550,36.334,-89.493,4.7,2.6,639.223033366635,0.0
seismic,1992-12-05 01:20:51.190,36.291,-89.548,4.0,2.2,635.6212707455404,0.0
seismic,1992-12-06 05:39:22.150,31.442,-66.108,10.0,3.9,968.0617742032468,1130.117
seismic,1992-12-11 04:39:33.300,34.763,-85.33,7.4,1.0,481.1440298123085,346.989
seismic,1992-12-12 06:53:31.300,33.295,-81.837,10.7,1.2,124.26531750872428,87.147
seismic,1992-12-14 08:55:02.000,35.122,-85.548,7.4,1.5,518.6583995985349,313.551
seismic,1992-12-25 18:33:13.900,36.769,-80.731,6.5,2.2,310.61606306397096,29.835
seismic,1992-12-27 10:12:58.760,37.501,-89.616,9.5,3.2,769.3886297063409,0.0
seismic,1992-12-27 10:14:10.000,37.5,-89.62,10.0,2.7,769.3478101743665,0.0
seismic,1992-12-30 08:28:24.900,35.56,-84.393,10.8,1.2,467.9728371209019,247.888
seismic,1993-01-01 05:08:05.200,35.878,-82.086,2.3,3.0,378.5722455771552,175.481
seismic,1993-01-04 21:14:15.260,37.153,-87.455,5.0,2.3,718.533080307941,73.467
seismic,1993-01-06 19:22:25.710,36.296,-89.509,3.5,2.0,635.385282396465,0.0
seismic,1993-01-07 22:30:39.110,36.639,-89.556,8.9,2.2,673.7873420697728,0.0
seismic,1993-01-07 23:55:18.400,32.909,-80.196,5.7,1.3,24.177546393245944,0.0
seismic,1993-01-08 21:19:25.500,35.165,-84.606,13.2,1.6,452.4889919196111,292.85
seismic,1993-01-09 11:01:14.750,36.662,-89.678,15.7,2.4,678.7203310482818,0.0
seismic,1993-01-09 14:00:18.790,36.661,-89.678,15.1,2.1,678.6113553751252,0.0
seismic,1993-01-11 07:30:26.790,36.493,-89.539,5.0,1.7,657.4960076441762,0.0
seismic,1993-01-11 17:16:59.210,36.979,-88.804,9.1,2.1,700.7077961984219,14.512
seismic,1993-01-12 21:56:12.750,36.247,-89.417,3.8,2.1,628.2534509756119,0.0
seismic,1993-01-14 04:54:58.690,36.189,-89.432,3.7,1.5,622.191211270599,0.0
seismic,1993-01-15 02:02:50.900,35.039,-85.025,8.1,3.1,474.2446906256448,311.259
seismic,1993-01-15 05:45:17.000,35.104,-85.082,2.7,1.7,482.6372425480586,305.011
seismic,1993-01-16 10:57:14.400,38.124,-89.972,5.0,2.1,844.1519510642261,0.0
seismic,1993-01-18 21:37:48.060,36.291,-89.497,5.0,1.9,634.6025740991054,0.0
seismic,1993-01-21 19:46:20.070,36.229,-89.597,5.6,3.0,629.8837233533698,0.0
seismic,1993-01-21 23:27:29.760,36.217,-89.638,12.7,1.6,629.4586684015925,0.0
seismic,1993-01-22 03:46:36.300,32.931,-80.138,8.5,1.0,20.1263027260008,0.0
seismic,1993-01-23 04:43:05.170,36.542,-89.562,5.4,1.8,663.2994455226681,0.0
seismic,1993-01-27 09:06:41.370,36.068,-89.316,7.1,1.6,606.7781272091179,6.585
seismic,1993-01-28 01:51:40.200,35.149,-84.251,5.0,1.5,426.9870333266588,293.978
seismic,1993-01-28 06:12:43.800,36.153,-86.571,6.4,1.8,619.3559105796379,191.91
seismic,1993-01-29 13:56:24.170,39.033,-89.03,5.0,3.2,931.710049116142,0.0
seismic,1993-02-06 02:09:45.630,36.664,-89.733,7.7,3.3,680.085302245818,0.0
seismic,1993-02-08 22:29:25.290,36.548,-89.637,5.7,2.3,665.4551538023635,0.0
seismic,1993-02-09 11:49:31.890,36.566,-89.652,5.3,2.2,667.7246028514601,0.0
seismic,1993-02-13 11:35:54.800,35.346,-84.49,13.1,1.0,457.76719627519407,272.091
seismic,1993-02-18 18:34:52.250,36.671,-89.67,8.8,2.3,679.5374984051093,0.0
seismic,1993-02-19 21:37:06.500,36.696,-81.144,7.9,2.2,348.06044678102063,51.705
seismic,1993-02-20 01:10:13.300,36.288,-83.654,7.7,1.9,490.66225328307934,175.749
seismic,1993-02-24 12:41:21.800,36.167,-89.473,12.6,2.8,620.5858798217289,0.0
seismic,1993-02-26 21:13:33.810,39.876,-74.942,5.0,2.5,13.7118094779158,344.475
seismic,1993-03-02 00:29:11.860,36.673,-89.494,8.7,3.0,676.3487092253617,0.0
seismic,1993-03-03 10:24:09.070,36.671,-89.659,9.6,2.0,679.3137010116469,0.0
seismic,1993-03-04 13:33:20.530,37.219,-89.104,5.0,2.4,730.6481417902443,0.707
seismic,1993-03-05 04:27:09.470,36.551,-89.679,8.5,1.8,666.6515290966452,0.0
seismic,1993-03-10 14:32:21.630,39.233,-76.882,5.0,2.5,22.331977689593725,178.777
seismic,1993-03-11 14:15:08.800,32.997,-80.23,9.1,1.4,31.17297743550773,0.0
seismic,1993-03-12 00:54:00.000,39.19,-76.87,,2.0,22.509952106307825,175.575
seismic,1993-03-12 00:54:21.000,39.2,-76.9,5.0,2.0,24.60267635136588,174.904
seismic,1993-03-12 04:44:38.990,37.236,-88.989,10.0,2.3,731.1937198426485,0.0
seismic,1993-03-12 04:56:06.010,37.234,-88.985,10.0,2.3,730.9274092187077,0.0
seismic,1993-03-12 09:56:38.100,35.715,-84.466,3.9,1.8,484.94483207966266,230.73
seismic,1993-03-15 04:29:53.970,39.233,-76.897,5.0,2.7,23.603695391180832,178.003
seismic,1993-03-16 07:59:00.000,39.19,-76.87,,1.8,22.509952106307825,175.575
seismic,1993-03-16 07:59:24.000,39.2,-76.9,5.0,1.8,24.60267635136588,174.904
seismic,1993-03-16 16:59:00.000,39.19,-76.87,,1.8,22.509952106307825,175.575
seismic,1993-03-19 05:50:00.000,39.19,-76.87,,1.0,22.509952106307825,175.575
seismic,1993-03-21 02:40:07.800,36.643,-81.423,1.0,1.7,373.46853181902736,72.201
seismic,1993-03-22 07:46:01.940,36.495,-89.54,5.0,1.9,657.7340547868537,0.0
seismic,1993-03-22 14:10:24.800,35.491,-84.449,10.6,2.1,466.1473917386813,255.73
seismic,1993-03-29 07:24:49.740,36.326,-89.492,4.2,1.7,638.3292023690343,0.0
seismic,1993-03-29 15:37:21.130,36.555,-89.586,10.2,2.7,665.1919640832489,0.0
seismic,1993-03-31 20:23:21.300,36.799,-89.423,3.9,3.1,688.9244895522995,0.0
seismic,1993-03-31 21:47:10.900,32.999,-80.04,5.2,1.2,18.73648108764577,0.0
seismic,1993-04-01 23:01:14.020,36.658,-89.642,18.8,1.5,677.552272653662,0.0
seismic,1993-04-02 01:28:30.000,37.012,-88.98,5.0,2.5,706.1957092966984,15.292
seismic,1993-04-02 03:02:43.020,37.026,-88.965,5.0,2.5,707.5832889259082,16.13
seismic,1993-04-02 08:32:20.820,36.513,-89.552,5.0,1.8,659.9351619731156,0.0
seismic,1993-04-03 08:27:06.200,37.464,-78.335,12.9,1.4,93.9163167783838,25.466
seismic,1993-04-04 17:31:29.470,39.17,-76.8,5.0,1.5,18.162107267475207,177.531
seismic,1993-04-04 17:32:00.000,39.19,-76.87,,1.5,22.509952106307825,175.575
seismic,1993-04-04 17:33:00.000,39.19,-76.87,,1.5,22.509952106307825,175.575
seismic,1993-04-06 11:57:32.280,36.314,-89.502,5.1,1.8,637.2133862541286,0.0
seismic,1993-04-08 20:59:14.770,36.268,-89.496,5.4,1.4,632.0705691884118,0.0
seismic,1993-04-09 06:05:52.640,36.295,-89.531,6.8,1.5,635.7144939236764,0.0
seismic,1993-04-10 15:42:59.500,32.886,-80.216,5.0,1.2,24.69394299168164,0.0
seismic,1993-04-11 12:10:00.020,36.39,-89.505,7.1,1.5,645.5772186812059,0.0
seismic,1993-04-15 06:34:56.400,35.867,-83.62,16.5,1.3,449.7085542833617,222.041
seismic,1993-04-22 16:23:36.230,36.531,-89.562,6.2,2.3,662.097610283637,0.0
seismic,1993-04-23 17:36:53.900,33.376,-82.853,0.0,2.7,207.7959927719014,181.535
seismic,1993-04-24 07:00:55.940,36.384,-89.502,5.8,2.3,644.8631666241894,0.0
seismic,1993-04-27 07:45:37.340,36.212,-89.434,5.0,1.9,624.7452841043823,0.0
seismic,1993-04-27 11:47:59.430,36.585,-89.575,7.2,2.2,668.2521190946314,0.0
seismic,1993-04-28 22:40:01.960,36.196,-89.442,6.9,3.4,623.149037788453,0.0
seismic,1993-05-03 06:38:54.230,36.268,-89.449,5.6,1.6,631.1579188766548,0.0
seismic,1993-05-05 04:57:16.000,34.774,-85.269,7.5,1.1,476.9608058262124,344.573
seismic,1993-05-06 01:23:25.940,46.3,-75.5,18.0,3.5,119.54129851087195,524.696
seismic,1993-05-10 09:15:08.600,40.347,-76.018,5.0,2.8,77.675653741202,322.921
seismic,1993-05-11 02:36:16.200,40.35,-76.02,5.0,2.0,78.03611583756638,323.102
seismic,1993-05-11 02:41:47.600,40.35,-76.02,5.0,2.3,78.03611583756638,323.102
seismic,1993-05-11 02:42:32.500,40.35,-76.02,5.0,1.6,78.03611583756638,323.102
seismic,1993-05-11 02:43:57.400,40.35,-76.02,5.0,2.2,78.03611583756638,323.102
seismic,1993-05-12 07:32:56.460,36.298,-89.53,5.2,2.3,636.0218100956223,0.0
seismic,1993-05-13 10:10:31.440,36.475,-89.535,5.0,2.3,655.4508774844553,0.0
seismic,1993-05-18 09:45:24.390,40.35,-76.02,5.0,2.1,78.03611583756638,323.102
seismic,1993-05-18 14:48:13.790,38.885,-89.69,5.0,2.2,923.0493118365772,24.282
seismic,1993-05-19 10:31:18.200,35.505,-84.89,22.7,2.3,496.5500436776689,257.822
seismic,1993-05-19 10:37:57.800,35.518,-84.895,15.2,1.4,497.83959418194985,256.457
seismic,1993-05-20 15:07:32.500,38.086,-77.435,11.1,2.4,27.636894804727756,51.192
seismic,1993-05-24 14:39:07.000,37.175,-80.811,10.1,2.1,310.8891826307745,0.0
seismic,1993-05-25 01:10:59.800,34.951,-85.036,11.6,1.2,469.5224727094515,321.134
seismic,1993-05-25 02:50:24.620,36.291,-89.494,5.6,1.3,634.5436848638561,0.0
seismic,1993-05-30 01:55:52.670,36.322,-89.492,5.3,2.4,637.8920292447202,0.0
seismic,1993-05-31 10:22:47.990,36.534,-89.613,7.1,1.6,663.4405431789099,0.0
seismic,1993-06-05 19:39:28.910,36.403,-89.497,5.4,2.0,646.8439831441898,0.0
seismic,1993-06-07 10:35:06.000,35.03,-85.517,12.6,1.6,508.7986593746803,322.523
seismic,1993-06-08 11:50:12.250,36.669,-89.529,10.4,2.2,676.5587628623464,0.0
seismic,1993-06-12 18:36:42.580,36.547,-89.504,12.0,1.9,662.7324542580795,0.931
seismic,1993-06-15 13:19:02.900,32.977,-80.186,6.9,1.9,26.5223015795051,0.0
seismic,1993-06-16 01:47:12.620,37.651,-89.756,10.0,2.7,788.3359342801403,0.0
seismic,1993-06-29 06:15:04.100,33.465,-81.245,4.3,2.2,109.45416420234496,41.943
seismic,1993-07-01 21:24:34.000,35.972,-82.519,2.4,2.3,412.7082736826656,194.765
seismic,1993-07-09 06:30:00.000,39.19,-76.87,,1.9,22.509952106307825,175.575
seismic,1993-07-09 06:31:01.400,39.2,-76.9,5.0,1.9,24.60267635136588,174.904
seismic,1993-07-12 04:48:20.800,36.035,-79.823,5.0,2.7,254.50216615019625,129.703
seismic,1993-07-12 21:24:00.000,39.19,-76.87,,2.1,22.509952106307825,175.575
seismic,1993-07-16 10:54:32.860,31.747,-88.341,5.0,3.7,116.10749785685516,0.0
seismic,1993-07-17 09:29:28.320,36.611,-89.381,9.5,2.4,667.5409581556248,0.051
seismic,1993-07-22 10:01:07.000,42.105,-70.932,5.0,2.1,15.481221365754337,67.416
seismic,1993-07-28 02:33:55.220,42.608,-71.405,1.8,2.3,39.97195993001549,39.317
seismic,1993-07-28 03:58:25.000,35.928,-84.433,23.5,1.4,500.38171124928544,206.784
seismic,1993-07-28 04:15:51.700,35.259,-84.43,13.0,2.4,447.2365521436844,281.637
seismic,1993-07-29 11:47:25.790,36.913,-88.927,8.2,2.6,694.6026991959178,15.856
seismic,1993-07-30 22:30:54.000,45.26,-74.12,8.0,3.9,0.922763783821992,367.032
seismic,1993-07-31 06:04:30.100,33.879,-84.015,0.9,1.6,328.65618162522605,296.699
seismic,1993-08-01 07:04:20.460,36.625,-89.646,5.0,2.2,674.0336032669239,0.0
seismic,1993-08-01 08:49:43.200,36.033,-83.487,0.9,1.8,458.5671876333142,207.453
seismic,1993-08-02 15:44:32.500,33.864,-84.085,0.4,2.0,333.7214900221396,302.574
seismic,1993-08-05 07:21:37.450,36.009,-89.885,11.8,2.9,612.8776534972507,0.0
seismic,1993-08-08 09:24:32.400,33.597,-81.591,8.5,3.2,136.36421862042013,76.544
seismic,1993-08-08 16:00:15.600,33.615,-81.595,9.0,1.6,138.2881626886443,77.944
seismic,1993-08-15 01:46:34.300,34.701,-84.426,10.0,1.5,408.0673272588686,344.045
seismic,1993-08-16 23:17:49.500,33.711,-84.021,0.0,2.4,321.3471605365054,293.41
seismic,1993-08-17 00:56:10.000,33.87,-84.074,1.4,2.2,333.0966332968924,301.74
seismic,1993-08-18 21:56:21.200,33.724,-84.04,0.0,2.5,323.5253320100136,295.386
seismic,1993-08-27 00:45:43.030,37.178,-89.172,19.0,2.0,726.9706275486628,7.777
seismic,1993-08-30 05:15:28.500,46.457,-75.05,15.9,3.7,112.16195419355924,514.102
seismic,1993-09-06 11:48:20.100,35.664,-84.149,7.0,1.7,461.39003998991024,236.855
seismic,1993-09-14 03:10:23.800,34.071,-84.195,17.7,1.1,353.1175463068742,318.201
seismic,1993-09-16 10:16:06.400,36.38,-82.834,14.7,1.3,465.52930384380863,191.6
seismic,1993-09-23 06:45:28.400,46.065,-74.605,18.0,3.8,58.58740616657498,458.704
seismic,1993-09-24 18:27:15.040,36.564,-89.582,6.8,2.8,666.0957047058924,0.0
seismic,1993-10-03 11:55:37.500,33.686,-87.416,9.6,2.8,333.5962088854562,195.61
seismic,1993-10-03 23:50:53.100,32.992,-80.211,3.5,1.0,29.378701101036377,0.0
seismic,1993-10-06 00:42:48.500,35.459,-84.957,21.9,1.4,497.83407450450335,263.898
seismic,1993-10-13 10:32:43.010,36.607,-89.557,7.8,2.1,670.3070466021902,0.0
seismic,1993-10-13 12:08:55.310,36.503,-89.612,9.7,1.5,660.0394132345442,0.0
seismic,1993-10-14 18:34:20.420,36.277,-89.451,5.0,2.4,632.1806723360095,0.0
seismic,1993-10-16 06:30:05.320,41.698,-81.012,5.0,3.6,456.6000077723638,454.431
seismic,1993-10-19 07:43:48.100,34.834,-87.574,20.3,1.1,458.8937540804423,207.103
seismic,1993-10-19 15:16:01.410,36.472,-89.631,13.2,1.6,657.0498668651663,0.0
seismic,1993-10-20 00:56:27.030,36.387,-89.539,8.6,1.5,645.9163270423912,0.0
seismic,1993-10-21 07:20:58.680,36.288,-89.494,5.0,2.3,634.2159324422946,0.0
seismic,1993-10-28 06:00:00.000,39.25,-76.77,,2.1,12.598775075986923,186.131
seismic,1993-10-28 06:01:00.000,39.25,-76.77,,1.8,12.598775075986923,186.131
seismic,1993-10-29 22:21:50.430,36.487,-89.568,7.3,1.6,657.4102530863823,0.0
seismic,1993-11-06 08:26:53.400,34.997,-86.961,7.6,1.5,485.438957402792,244.127
seismic,1993-11-08 18:47:00.000,39.748,-75.563,,1.7,6.467032840984126,296.638
seismic,1993-11-16 06:25:07.800,34.773,-85.307,9.5,2.6,479.88950236124685,345.431
seismic,1993-11-16 06:32:09.500,34.773,-85.321,7.8,1.9,480.990972206947,345.714
seismic,1993-11-16 09:31:44.200,45.182,-73.495,17.1,3.8,26.287900671100047,327.906
seismic,1993-11-17 15:35:00.000,39.19,-76.87,,1.7,22.509952106307825,175.575
seismic,1993-11-20 18:54:02.750,36.566,-89.601,5.0,1.8,666.691118266842,0.0
seismic,1993-11-21 11:32:05.820,36.54,-89.597,6.2,1.6,663.7734574203066,0.0
seismic,1993-11-25 06:26:14.100,32.936,-80.14,7.5,1.0,20.54302085047117,0.0
seismic,1993-11-27 17:43:00.000,39.19,-76.87,,1.5,22.509952106307825,175.575
seismic,1993-11-30 18:34:15.200,36.782,-89.51,5.3,1.5,688.5901498703155,0.0
seismic,1993-12-01 12:47:15.000,47.53,-70.06,8.0,3.5,5.647011334530992,520.382
seismic,1993-12-02 00:41:18.910,36.253,-89.433,10.8,2.1,629.2121108316043,0.0
seismic,1993-12-04 01:00:56.270,36.578,-89.443,10.9,1.8,665.0061111137795,1.27
seismic,1993-12-06 03:48:21.800,32.938,-80.143,5.0,1.0,20.89324157697581,0.0
seismic,1993-12-08 14:49:50.650,36.308,-89.553,5.0,1.5,637.5766656268033,0.0
seismic,1993-12-15 07:38:12.430,38.594,-89.766,11.0,2.2,892.1275341165808,0.0
seismic,1993-12-16 16:17:25.890,36.761,-89.467,15.8,2.3,685.5153075682825,0.0
seismic,1993-12-19 05:50:07.300,37.549,-78.194,14.7,1.9,83.97479144007531,10.657
seismic,1993-12-22 07:11:14.750,37.575,-89.967,14.4,1.5,784.1372528891598,6.78
seismic,1993-12-23 06:00:53.910,37.661,-88.33,9.4,1.5,774.0107075699947,0.0
seismic,1993-12-25 16:44:22.300,46.506,-75.606,18.0,4.3,141.5191421047498,546.784
seismic,1993-12-29 02:48:54.400,35.064,-85.446,18.8,1.6,507.5228171479071,317.043
seismic,1993-12-30 03:16:50.900,36.552,-89.571,7.1,2.2,664.5684050520332,0.0
seismic,1993-12-30 07:17:24.200,38.062,-83.903,10.0,1.2,568.7123965298525,25.894
seismic,1993-12-30 23:01:47.500,47.453,-70.367,7.0,3.8,1.0002581570413271,509.449
seismic,1994-01-03 03:22:22.960,36.487,-89.54,5.0,1.6,656.8597366326803,0.0
seismic,1994-01-09 03:44:25.620,36.373,-89.543,10.7,1.9,644.4674238540733,0.0
seismic,1994-01-12 16:03:54.400,35.497,-84.483,8.2,1.8,468.8183107099391,255.178
seismic,1994-01-13 07:04:00.780,37.732,-89.693,5.0,2.4,796.0983937471706,0.0
seismic,1994-01-16 00:42:43.200,40.327,-76.007,5.0,4.2,75.41211593334495,321.613
seismic,1994-01-16 01:49:16.210,40.33,-76.037,5.0,4.6,77.42001029480689,320.445
seismic,1994-01-16 05:14:32.300,40.321,-76.007,5.0,2.9,74.92831007719748,321.064
seismic,1994-01-18 01:43:31.810,40.195,-76.226,5.0,2.6,70.51710218224024,298.982
seismic,1994-01-18 10:56:08.060,36.49,-89.523,7.9,2.1,656.8582480963855,0.0
seismic,1994-01-29 06:48:26.900,32.982,-80.163,6.6,1.0,25.05209782261616,0.0
seismic,1994-01-29 09:54:44.100,33.852,-80.149,2.0,2.9,97.40413255804144,68.505
seismic,1994-01-31 14:33:08.900,35.756,-84.599,10.2,2.3,496.56790250838935,226.818
seismic,1994-02-01 16:17:52.600,36.073,-83.658,9.2,1.7,470.6585328317561,198.846
seismic,1994-02-04 07:40:32.400,38.236,-80.759,10.9,2.1,295.20707690568946,66.128
seismic,1994-02-04 23:42:13.930,37.268,-89.489,5.0,2.0,741.6219113830726,0.0
seismic,1994-02-05 14:55:37.790,37.368,-89.188,15.9,4.2,748.2341902688688,0.0
seismic,1994-02-10 10:52:23.510,36.561,-89.635,8.7,2.6,666.8314860163216,0.0
seismic,1994-02-12 02:40:24.500,36.8,-82.0,5.0,3.4,420.1018461314912,104.397
seismic,1994-02-19 08:12:49.800,35.471,-85.121,18.5,1.3,510.1210984309584,265.545
seismic,1994-02-27 22:36:42.900,37.279,-80.76,2.1,1.1,305.7661875759037,0.0
seismic,1994-02-28 18:17:47.440,37.291,-89.53,14.0,2.0,744.8369541009149,0.075
seismic,1994-02-28 18:29:49.070,37.833,-89.374,5.0,3.0,802.2313777203183,0.0
seismic,1994-03-04 08:58:03.630,36.583,-89.579,8.2,2.0,668.112025621714,0.0
seismic,1994-03-04 11:23:15.900,36.688,-89.486,11.9,2.2,677.8472913111558,0.0
seismic,1994-03-12 10:43:15.740,42.782,-77.876,1.0,3.6,353.8837260331556,536.892
seismic,1994-03-20 06:15:40.600,35.309,-84.755,23.7,2.5,473.11245385701625,277.971
seismic,1994-03-21 17:34:18.160,36.86,-89.172,5.0,2.9,691.7627467260517,0.0
seismic,1994-03-26 21:33:35.250,28.913,-66.146,10.0,4.7,1078.4478139782202,1241.118
seismic,1994-03-28 16:28:23.000,48.99,-65.74,18.0,3.6,26.93843699589883,785.24
seismic,1994-04-04 15:14:44.000,40.4,-84.4,5.0,2.9,639.8440557991577,174.774
seismic,1994-04-05 02:33:43.500,34.933,-85.477,11.9,2.3,498.5346899419704,331.905
seismic,1994-04-05 19:47:42.800,34.939,-85.497,4.8,1.9,498.94889838495294,331.761
seismic,1994-04-05 22:22:00.400,34.969,-85.491,24.3,3.2,502.3480662586784,328.387
seismic,1994-04-05 23:39:26.800,34.93,-85.478,9.5,1.5,498.1896678036158,332.252
seismic,1994-04-06 14:41:22.280,36.594,-89.582,3.7,2.1,669.3726045001687,0.0
seismic,1994-04-06 17:38:56.170,38.156,-89.214,15.4,3.2,835.9845286132216,0.0
seismic,1994-04-08 09:03:11.500,33.016,-80.141,3.0,1.0,25.94626499472347,0.0
seismic,1994-04-14 17:43:24.900,32.992,-80.221,9.5,1.3,30.168878116064416,0.0
seismic,1994-04-16 20:10:12.200,35.752,-83.968,1.8,1.5,458.3077919737326,228.789
seismic,1994-04-18 04:28:40.000,34.491,-81.249,3.4,1.4,219.05674458666527,142.18
seismic,1994-04-18 22:21:26.000,35.987,-83.828,5.1,2.2,471.45829390372086,204.873
seismic,1994-04-20 05:34:52.300,33.934,-86.811,0.0,2.3,371.3504941443779,233.085
seismic,1994-04-20 11:13:06.250,36.562,-89.718,5.5,1.5,668.6736670218432,0.0
seismic,1994-04-21 09:51:12.800,32.937,-80.122,7.0,1.5,19.126855599615386,0.0
seismic,1994-04-23 09:09:00.000,39.751,-75.547,,2.0,5.371463277949072,297.817
seismic,1994-05-01 03:03:41.200,35.054,-84.957,11.2,1.8,470.17902230691215,308.625
seismic,1994-05-04 09:12:03.400,34.222,-87.195,19.3,3.0,396.24721952465273,257.212
seismic,1994-05-04 09:12:05.960,34.299,-87.245,5.0,3.0,403.80974166258073,265.226
seismic,1994-05-04 21:10:15.300,32.755,-80.285,2.0,2.0,14.969199924870802,0.0
seismic,1994-05-07 05:31:35.970,40.312,-76.039,5.0,2.5,76.12849110051874,318.692
seismic,1994-05-07 21:10:18.100,32.965,-80.31,2.0,1.8,36.33244844585267,0.0
seismic,1994-05-12 07:38:28.620,36.573,-89.622,6.7,1.6,667.8764214746691,0.0
seismic,1994-05-14 22:34:43.660,36.47,-89.502,8.1,2.3,654.2681120392706,0.0
seismic,1994-05-17 11:13:49.600,35.328,-84.537,9.9,1.7,459.57817745929617,274.293
seismic,1994-05-18 05:18:55.000,40.0,-76.2,5.0,2.4,49.44839632144355,282.358
seismic,1994-05-26 01:57:27.800,34.958,-86.143,8.8,2.3,492.2537155103856,309.34
seismic,1994-05-26 04:06:04.500,35.176,-84.5,13.1,2.7,445.9160225406964,291.137
seismic,1994-05-27 03:29:12.790,36.564,-89.644,6.4,2.1,667.3424201840655,0.0
seismic,1994-05-28 10:54:22.400,35.741,-84.31,14.6,2.1,477.4732310132323,227.616
seismic,1994-06-04 13:48:34.220,36.214,-89.446,5.5,1.2,625.1943775324727,0.0
seismic,1994-06-09 08:01:48.500,36.1,-83.69,15.2,2.3,474.7603175543665,195.211
seismic,1994-06-17 03:17:27.100,35.303,-84.206,13.6,1.6,435.78949269448566,276.901
seismic,1994-06-19 07:20:33.800,32.933,-80.162,5.0,1.0,22.24152190268208,0.0
seismic,1994-06-19 08:36:41.300,38.339,-80.64,5.0,1.7,284.08983139656186,77.09
seismic,1994-06-19 13:19:06.900,35.589,-84.135,18.9,2.0,454.3179959027919,245.321
seismic,1994-06-20 05:52:38.500,33.04,-80.162,2.1,1.1,29.22320176074841,0.0
seismic,1994-06-26 05:50:37.200,33.025,-88.185,8.7,2.5,255.1969115288899,117.497
seismic,1994-07-09 09:15:29.360,36.509,-89.579,5.1,1.2,660.0306656419019,0.0
seismic,1994-07-14 12:41:52.000,47.0,-66.6,5.0,3.8,94.60528094814087,567.456
seismic,1994-07-15 17:26:39.830,36.148,-89.686,14.0,2.1,623.0388951597562,0.0
seismic,1994-07-20 10:34:56.190,36.771,-89.163,5.0,1.7,681.7909840929652,0.0
seismic,1994-07-21 16:54:00.500,36.019,-89.967,5.0,2.1,616.1061592558707,0.0
seismic,1994-07-28 14:48:12.490,36.203,-89.47,1.9,1.7,624.4588235045904,0.0
seismic,1994-08-05 18:03:13.300,35.673,-84.318,10.7,1.6,472.38067266330825,235.22
seismic,1994-08-06 19:54:11.800,35.101,-76.786,0.0,3.6,11.102274780815328,144.465
seismic,1994-08-10 04:48:14.090,36.091,-89.324,1.0,1.6,609.4451136760964,3.965
seismic,1994-08-13 11:02:52.070,38.329,-85.922,5.0,2.4,740.8509018595922,39.486
seismic,1994-08-15 14:01:46.440,36.224,-89.446,5.0,2.1,626.2879077529592,0.0
seismic,1994-08-19 16:03:30.650,35.508,-89.919,10.6,3.2,560.3908167910944,7.241
seismic,1994-08-29 10:50:52.300,35.684,-84.142,9.9,1.6,462.6442547174146,234.669
seismic,1994-09-02 21:23:06.520,42.798,-84.604,5.0,3.5,766.0720447420915,374.039
seismic,1994-09-05 14:13:52.230,43.861,-69.232,5.0,3.1,7.757174321698787,169.017
seismic,1994-09-10 11:30:10.400,37.645,-78.517,1.3,1.4,114.14373266763415,21.416
seismic,1994-09-13 11:03:59.800,34.708,-85.474,5.1,2.6,473.6675423015837,356.109
seismic,1994-09-16 04:22:42.510,45.306,-68.223,5.0,3.6,80.86289309211284,341.92
seismic,1994-09-16 04:35:58.340,45.3,-68.2,5.0,2.5,78.96986182137859,342.515
seismic,1994-09-16 07:01:54.780,45.3,-68.2,5.0,3.6,78.96986182137859,342.515
seismic,1994-09-16 07:40:11.900,45.3,-68.2,5.0,3.3,78.96986182137859,342.515
seismic,1994-09-16 07:44:06.860,45.3,-68.2,5.0,3.3,78.96986182137859,342.515
seismic,1994-09-20 02:28:22.800,35.163,-84.772,14.6,2.4,464.0635418962748,294.379
seismic,1994-09-25 00:53:28.000,47.77,-69.96,17.0,4.1,1.120838909924971,547.654
seismic,1994-09-25 05:54:54.200,35.61,-86.736,14.8,1.3,556.795121846249,219.294
seismic,1994-09-26 14:23:22.840,36.96,-88.92,12.7,3.4,699.7536541004662,17.49
seismic,1994-09-29 22:49:20.750,43.744,-74.135,15.5,2.9,146.98731105492544,273.672
seismic,1994-10-02 11:27:22.580,42.347,-72.277,10.0,3.7,93.73523495320966,116.136
seismic,1994-10-02 14:36:36.730,42.36,-72.218,10.0,3.3,90.97924180911448,111.144
seismic,1994-10-05 23:25:17.500,34.929,-85.774,10.6,1.2,495.072462714372,334.368
seismic,1994-10-06 01:07:15.360,36.411,-89.532,5.0,1.9,648.3992302288909,0.0
seismic,1994-10-15 21:44:31.920,36.544,-89.627,7.4,2.5,664.8150486467807,0.0
seismic,1994-10-17 00:32:47.500,32.929,-80.169,5.0,1.0,22.663461102895774,0.0
seismic,1994-10-23 10:18:45.650,36.463,-89.533,6.0,2.5,654.1004525878224,0.0
seismic,1994-10-28 02:04:00.000,39.3,-76.6,,2.7,3.865137891316045,199.674
seismic,1994-11-04 23:50:08.600,34.903,-84.931,15.2,1.8,458.6300652086576,325.008
seismic,1994-11-06 12:50:38.950,35.949,-89.06,10.8,3.1,589.4555608461872,29.163
seismic,1994-11-11 20:29:33.590,36.454,-89.533,6.6,2.6,653.1169126048751,0.0
seismic,1994-11-18 11:22:10.070,43.781,-70.918,5.0,2.6,52.70014412486229,99.901
seismic,1994-11-20 19:33:34.000,44.233,-70.6,5.0,3.0,61.63662288888049,152.091
seismic,1994-11-20 23:31:48.980,36.437,-89.514,6.4,2.7,650.8895933109692,0.0
seismic,1994-11-22 11:01:40.100,34.443,-84.7,8.5,2.0,413.6203029137682,374.008
seismic,1994-11-24 07:52:27.000,36.492,-89.598,5.0,2.0,658.5562002853875,0.0
seismic,1994-11-27 22:05:04.480,36.636,-89.344,5.0,2.6,669.6664273526652,2.316
seismic,1994-12-06 05:58:38.380,36.603,-89.56,12.9,2.2,669.9276231420391,0.0
seismic,1994-12-15 06:09:39.590,36.706,-89.474,8.7,2.4,679.6047171509152,0.0
seismic,1995-01-08 00:41:08.000,37.25,-87.21,29.8,2.6,731.3355703936996,86.188
seismic,1995-01-08 05:08:02.900,40.3,-76.0,5.0,2.5,72.83939424509799,319.485
seismic,1995-01-20 16:56:54.000,36.49,-89.61,9.4,1.5,658.5812095207141,0.0
seismic,1995-01-22 08:24:48.800,37.05,-80.789,9.3,2.9,310.3161710050474,1.336
seismic,1995-01-22 13:37:47.000,36.6,-89.53,0.3,1.5,669.0248161623662,0.471
seismic,1995-01-26 01:00:39.000,36.16,-89.46,16.8,1.7,619.5649221241578,0.0
seismic,1995-01-31 11:18:25.000,36.51,-89.56,6.0,2.3,659.7641978712306,0.0
seismic,1995-02-04 09:43:51.000,36.66,-89.64,6.0,2.0,677.7302632248908,0.0
seismic,1995-02-09 19:14:00.700,37.451,-80.284,18.3,2.3,263.97400600231174,4.719
seismic,1995-02-12 16:44:31.150,44.267,-70.25,5.0,2.8,42.98899239322901,162.325
seismic,1995-02-15 15:53:57.000,45.9,-75.04,18.0,3.5,63.71355008981992,468.097
seismic,1995-02-17 01:13:16.200,44.173,-70.236,8.0,2.7,35.499976818738936,152.755
seismic,1995-02-19 12:57:06.000,39.12,-83.47,10.0,3.6,531.5559275150907,144.572
seismic,1995-02-21 21:13:34.000,36.07,-89.74,22.3,1.8,615.8529823273257,0.0
seismic,1995-02-23 09:32:13.000,41.87,-80.83,5.0,2.9,458.4227949685543,472.895
seismic,1995-03-02 05:33:51.420,44.233,-74.426,4.2,3.0,88.31451529201456,317.356
seismic,1995-03-04 10:54:11.000,36.52,-89.61,5.0,1.6,661.8528575086666,0.0
seismic,1995-03-06 22:45:34.000,36.48,-89.57,8.2,2.4,656.6857107036645,0.0
seismic,1995-03-11 08:15:52.320,36.959,-83.133,1.0,3.7,516.7756269239874,131.793
seismic,1995-03-11 09:50:04.440,36.99,-83.18,1.0,3.3,520.523444985941,126.433
seismic,1995-03-11 21:10:16.030,40.1,-76.4,5.0,2.7,66.43981853745072,282.055
seismic,1995-03-15 08:32:29.000,36.53,-89.62,5.0,1.9,663.1461618019086,0.0
seismic,1995-03-17 09:40:18.000,36.33,-89.48,9.3,1.2,638.5339758445745,0.0
seismic,1995-03-18 22:06:20.800,35.422,-84.941,26.0,3.3,494.0858355430672,267.733
seismic,1995-03-21 18:25:09.600,36.152,-82.722,0.0,2.1,438.3121259374346,196.504
seismic,1995-03-22 15:14:10.000,36.17,-89.38,6.6,1.7,619.130192015275,0.0
seismic,1995-04-10 18:25:01.700,32.939,-80.143,5.0,1.2,20.944943246007497,0.0
seismic,1995-04-12 23:37:39.000,36.22,-89.41,9.3,2.3,625.1659498288893,0.0
seismic,1995-04-15 23:37:13.300,37.267,-77.845,5.0,1.8,50.28018386185945,33.258
seismic,1995-04-17 13:46:00.000,32.997,-80.171,8.4,3.9,26.64513625880916,0.0
seismic,1995-04-20 04:37:05.000,49.15,-67.73,15.0,3.3,15.454304563327268,736.437
seismic,1995-04-21 08:47:32.000,36.3,-89.53,5.0,1.4,636.2400673888726,0.0
seismic,1995-04-24 03:15:51.000,36.67,-89.57,6.3,2.3,677.4464445116428,0.0
seismic,1995-04-27 00:42:35.000,36.69,-89.48,5.0,2.8,677.9578762131807,0.0
seismic,1995-04-30 23:48:59.000,36.44,-89.55,5.0,1.5,651.9215676792456,0.0
seismic,1995-05-06 04:36:32.000,36.22,-89.52,5.0,1.5,627.3104372190767,0.0
seismic,1995-05-06 05:01:42.000,36.22,-89.52,5.0,1.9,627.3104372190767,0.0
seismic,1995-05-06 07:51:35.000,47.0,-66.6,5.0,3.9,94.60528094814087,567.456
seismic,1995-05-11 19:33:48.900,32.943,-80.133,7.0,1.0,20.34697239571051,0.0
seismic,1995-05-13 05:15:24.000,36.21,-89.42,5.7,1.0,624.259980051719,0.0
seismic,1995-05-25 14:22:32.690,42.995,-78.831,5.0,3.0,397.77470073123226,561.411
seismic,1995-05-27 19:51:10.400,36.17,-89.43,6.4,3.0,620.0748284489803,0.0
seismic,1995-05-28 15:28:37.000,33.191,-87.827,1.0,3.4,273.9761235309111,142.015
seismic,1995-06-03 22:44:32.000,47.02,-76.29,18.0,3.4,218.9218037304196,624.173
seismic,1995-06-05 12:19:02.400,32.941,-80.162,3.0,1.0,22.620439752478926,0.0
seismic,1995-06-06 21:27:11.800,36.22,-89.47,5.0,3.1,626.3162044581836,0.0
seismic,1995-06-16 12:13:11.470,44.286,-71.915,5.0,3.8,148.21478285569256,175.429
seismic,1995-06-26 00:36:17.100,36.752,-81.481,1.8,3.4,375.9173362667124,67.879
seismic,1995-06-29 09:27:18.910,36.6181667,-89.7335,3.63,3.1,675.1114455684846,0.0
seismic,1995-06-29 20:07:48.000,36.58,-89.77,10.0,2.8,671.7551768062117,0.0
seismic,1995-07-02 03:35:10.440,31.011,-65.17,10.0,4.7,1069.1999593751286,1229.905
seismic,1995-07-05 14:16:44.700,35.334,-84.163,10.0,3.7,435.4524976287939,273.634
seismic,1995-07-07 21:01:03.000,36.493,-81.833,10.0,3.0,411.2428704686996,110.384
seismic,1995-07-15 01:03:28.400,33.478,-87.665,1.0,3.3,307.27343850667734,172.294
seismic,1995-07-18 02:41:28.000,36.52,-89.66,14.7,1.5,662.8795453381416,0.0
seismic,1995-07-20 02:10:34.000,36.54,-89.62,8.6,2.7,664.2366666421896,0.0
seismic,1995-07-21 00:50:07.000,32.985,-80.164,6.5,2.1,25.323022383526183,0.0
seismic,1995-07-28 05:47:37.100,46.168,-74.953,20.7,3.3,80.74937054594902,485.034
seismic,1995-07-29 14:51:22.800,33.001,-80.156,0.4,1.2,25.839440602975305,0.0
seismic,1995-08-03 13:07:05.600,37.393,-76.693,1.0,2.9,1.3186322208898646,100.24
seismic,1995-08-17 23:18:52.150,36.0858333,-89.3656667,12.76,2.4,609.6449065289679,3.233
seismic,1995-08-20 16:15:26.000,45.41,-73.28,18.0,3.3,17.915301905199694,338.191
seismic,1995-08-25 00:50:11.360,36.1933333,-89.4626667,12.0,2.0,623.2589808090511,0.0
seismic,1995-09-05 23:01:21.000,38.36,-89.04,3.5,2.9,856.8057811863116,0.0
seismic,1995-09-12 03:59:05.000,45.61,-74.43,18.0,3.7,6.666747413219332,411.913
seismic,1995-09-13 05:54:44.710,36.044,-89.8471667,8.3,1.9,615.6694304411958,0.0
seismic,1995-09-16 12:48:05.600,32.972,-80.154,4.1,1.2,23.72726107211309,0.0
seismic,1995-09-16 12:53:50.700,32.979,-80.157,3.9,2.3,24.403973088716867,0.0
seismic,1995-09-21 23:03:27.000,45.08,-74.21,18.0,3.1,12.940789360247807,358.164
seismic,1995-10-04 14:48:29.000,36.41,-89.47,5.0,1.9,647.0950115034124,0.0
seismic,1995-10-10 07:19:20.000,46.42,-78.77,18.0,3.5,353.26579904749417,733.41
seismic,1995-10-17 02:12:28.600,39.755,-75.573,16.7,2.0,7.592713607151808,296.621
seismic,1995-10-17 08:51:43.200,39.756,-75.544,17.4,2.0,5.234070695199751,298.399
seismic,1995-10-26 00:37:28.960,37.053,-83.121,1.0,3.9,514.6607105140422,125.0
seismic,1995-11-15 10:29:24.800,37.717,-81.043,32.8,2.6,329.3581863859909,22.897
seismic,1995-11-24 01:52:34.660,36.6245,-89.8208333,14.78,2.8,677.7080277164313,0.0
seismic,1995-12-15 10:16:39.900,36.193,-83.694,10.0,2.8,483.63575523514567,185.032
seismic,1995-12-20 00:22:43.000,36.51,-89.6,3.7,2.4,660.5601561776754,0.0
seismic,1995-12-20 16:32:02.700,39.753,-75.553,4.1,1.4,5.915505503298634,297.629
seismic,1995-12-28 23:48:30.400,38.084,-80.968,13.1,2.5,315.21273827955343,53.924
seismic,1996-02-15 07:52:37.650,36.1331667,-89.7456667,9.7,2.3,622.8093890275978,0.0
seismic,1996-02-17 15:35:49.830,36.499,-89.5495,8.99,2.5,658.3565382089598,0.0
seismic,1996-02-21 20:35:20.580,36.2898333,-89.4748333,5.5,1.3,634.0426207606005,0.0
seismic,1996-02-29 03:50:07.550,36.5143333,-89.5425,4.8,1.9,659.8957679246115,0.0
seismic,1996-02-29 17:41:53.080,36.1718333,-89.4275,7.31,1.4,620.2273263756605,0.0
seismic,1996-02-29 17:41:55.510,36.1723333,-89.4278333,7.99,1.8,620.2884062510376,0.0
seismic,1996-03-01 10:35:25.420,36.3356667,-89.5085,5.25,1.6,639.7079972378273,0.0
seismic,1996-03-04 10:35:12.900,32.315,-82.665,1.3,2.5,144.42973599486692,154.697
seismic,1996-03-07 02:56:15.500,36.2548333,-89.4628333,6.14,1.6,629.9840016604662,0.0
seismic,1996-03-08 05:53:42.610,36.4915,-89.538,7.37,1.7,657.3126112789244,0.0
seismic,1996-03-10 08:01:33.530,36.1228333,-89.7326667,7.43,1.9,621.3884320195598,0.0
seismic,1996-03-10 08:07:44.680,36.47517,-89.527,9.65,1.0,655.3141040177082,0.0
seismic,1996-03-12 12:31:37.870,36.27,-89.796,11.78,1.0,638.7747091275003,0.0
seismic,1996-03-14 10:42:26.000,45.99,-74.43,18.0,4.5,47.737218874565166,443.608
seismic,1996-03-17 08:10:13.290,36.3586667,-89.5818333,6.61,1.8,643.6885016129398,0.0
seismic,1996-03-22 20:22:12.580,41.69,-71.242,11.9,3.1,0.1360080125407564,117.75
seismic,1996-03-25 14:15:50.550,32.131,-88.671,5.0,3.5,166.5277406795696,8.307
seismic,1996-03-29 05:23:17.820,36.1271667,-89.7231667,5.1,1.9,621.6358486148673,0.0
seismic,1996-04-08 03:43:12.090,36.17033,-89.64667,9.58,1.3,624.5815460533667,0.0
seismic,1996-04-12 02:35:44.650,36.49434,-89.5425,8.28,1.7,657.7106175832939,0.0
seismic,1996-04-13 01:14:17.350,36.4701667,-89.541,7.73,1.5,655.0397896451224,0.0
seismic,1996-04-13 17:55:37.320,36.3353333,-89.4046667,4.47,1.5,637.701415794551,0.0
seismic,1996-04-16 21:56:31.790,36.452,-89.533,9.46,1.6,652.898359086483,0.0
seismic,1996-04-19 08:50:14.010,36.981,-83.018,0.0,3.9,506.4248021478958,137.136
seismic,1996-04-21 02:48:18.790,36.4341667,-89.4925,9.45,1.4,650.1666596129882,0.0
seismic,1996-04-22 10:44:30.200,41.68,-71.062,5.0,2.6,9.49099415736227,115.884
seismic,1996-05-02 07:18:45.210,36.2593333,-89.4726667,2.44,1.0,630.6666433176823,0.0
seismic,1996-05-02 07:34:01.870,36.42,-89.4808333,11.31,1.7,648.3945569787561,0.0
seismic,1996-05-04 06:57:02.020,36.2695,-89.5036667,8.14,1.1,632.3859258219989,0.0
seismic,1996-05-08 05:17:12.290,36.4996667,-89.5615,6.9,1.4,658.6650067695084,0.0
seismic,1996-05-09 15:13:12.760,36.24067,-89.45084,5.46,1.3,628.2040030630793,0.0
seismic,1996-05-14 12:02:35.000,36.46067,-89.5565,9.42,1.8,654.3073621703234,0.0
seismic,1996-05-19 01:36:45.880,36.44167,-89.5625,9.85,1.2,652.3520687330722,0.0
seismic,1996-05-25 16:50:34.450,36.0326667,-89.001,5.41,2.0,597.853893115737,27.862
seismic,1996-05-25 20:42:50.430,36.31233,-89.5045,7.15,1.4,637.0800729765796,0.0
seismic,1996-05-28 02:41:54.600,36.08,-89.79467,7.05,1.4,618.2437043469594,0.0
seismic,1996-06-11 07:52:48.550,37.7055,-89.8556667,0.0,2.6,796.1663446609685,0.0
seismic,1996-06-14 03:52:11.400,39.741,-75.549,2.2,2.1,5.045833260907944,296.889
seismic,1996-06-14 23:00:13.000,35.38,-88.14,5.0,2.5,518.121169988285,130.19
seismic,1996-06-18 10:23:03.120,36.587,-89.3838333,5.0,2.6,664.9520237818441,0.0
seismic,1996-06-19 23:09:56.010,36.51,-89.54816,6.75,2.1,659.5323536515234,0.0
seismic,1996-06-20 15:19:46.300,36.2736667,-89.5108333,6.84,2.4,632.9831272314264,0.0
seismic,1996-06-22 07:26:09.940,36.24767,-89.52084,7.74,1.0,630.3459991042881,0.0
seismic,1996-06-22 08:48:31.930,36.25,-89.51817,7.94,1.1,630.5465853009242,0.0
seismic,1996-06-23 19:53:11.200,39.745,-75.553,0.1,1.7,5.562552534481857,296.979
seismic,1996-06-24 16:35:33.450,36.309,-89.47283,5.28,1.5,636.099478642131,0.0
seismic,1996-06-26 09:14:05.150,36.27333,-89.5045,6.52,1.4,632.8206516303984,0.0
seismic,1996-06-27 12:02:23.260,36.31633,-89.46983,5.35,1.7,636.8433283171386,0.0
seismic,1996-06-27 14:27:59.940,36.25083,-89.50883,8.7,1.6,630.4502760631967,0.0
seismic,1996-06-28 10:02:03.230,36.4668333,-89.5235,7.29,1.9,654.3349529120168,0.0
seismic,1996-06-29 07:41:32.730,36.292,-89.52,6.05,1.2,635.167036428667,0.0
seismic,1996-06-29 19:30:42.670,37.187,-81.95,1.0,4.1,410.7372592095431,87.701
seismic,1996-07-02 07:44:42.370,36.273,-89.4876667,7.39,1.5,632.4529519889556,0.0
seismic,1996-07-05 16:11:23.300,39.907,-75.492,17.8,2.6,11.372693448983274,313.598
seismic,1996-07-05 21:37:09.600,35.2,-84.0,5.0,2.8,414.4523806292321,289.776
seismic,1996-07-06 10:42:51.950,36.2735,-89.5101667,7.2,1.6,632.9516722658801,0.0
seismic,1996-07-07 21:55:54.070,36.3168333,-89.4705,4.15,1.9,636.911244593378,0.0
seismic,1996-07-11 04:16:38.550,36.23,-89.4445,7.17,1.6,626.9152693526202,0.0
seismic,1996-07-15 22:48:55.910,36.646,-89.5455,6.98,1.9,674.3527109745411,0.0
seismic,1996-07-17 15:12:14.780,36.5248333,-89.5988333,7.12,1.6,662.1550972628781,0.0
seismic,1996-07-18 16:20:20.340,36.30217,-89.491,5.29,1.3,635.7054452392451,0.0
seismic,1996-07-18 16:47:42.660,36.53983,-89.59766,7.36,2.0,663.768106878072,0.0
seismic,1996-07-18 18:18:04.040,36.54167,-89.5985,2.68,2.3,663.9857237706283,0.0
seismic,1996-07-18 22:03:01.540,36.5301667,-89.6065,8.89,1.4,662.8912001877891,0.0
seismic,1996-07-19 03:38:20.720,36.30167,-89.49084,5.02,1.0,635.6476828176463,0.0
seismic,1996-07-19 06:20:58.630,36.5668333,-89.6013333,4.01,1.9,666.7887247004019,0.0
seismic,1996-07-19 11:28:46.790,36.563,-89.5958333,2.91,2.4,666.2606710299825,0.0
seismic,1996-07-20 09:14:44.460,36.28433,-89.509,8.26,1.0,634.1109570152873,0.0
seismic,1996-07-23 01:19:59.970,44.453,-74.03,5.0,2.8,76.83602360742135,303.24
seismic,1996-07-23 17:08:31.600,36.51283,-89.61066,14.61,1.9,661.0842184789441,0.0
seismic,1996-07-25 06:08:24.400,37.023,-81.063,12.0,2.1,334.6490179712508,20.109
seismic,1996-07-27 08:21:52.090,36.34517,-89.5005,7.61,1.7,640.589851340678,0.0
seismic,1996-08-05 23:34:51.600,36.487,-89.5415,9.67,2.0,656.8889837740156,0.0
seismic,1996-08-07 03:45:40.000,37.29,-80.665,5.5,1.3,297.3850474169723,0.0
seismic,1996-08-09 03:19:30.270,36.4135,-89.514,8.98,1.6,648.3206628751395,0.0
seismic,1996-08-11 09:11:21.300,37.731,-80.628,4.9,2.1,293.8291887067259,8.967
seismic,1996-08-16 04:56:46.000,49.21,-82.92,18.0,3.5,763.4129787621787,1070.25
seismic,1996-08-17 18:56:58.200,36.1305,-89.7051667,10.26,1.1,621.581024808088,0.0
seismic,1996-08-18 02:09:22.370,36.27183,-89.5085,6.96,1.4,632.7362226532374,0.0
seismic,1996-08-19 11:26:55.450,36.12283,-89.40583,8.33,2.6,614.4524810115026,0.0
seismic,1996-08-21 07:54:14.090,44.184,-71.352,10.0,3.8,103.94117084465852,149.077
seismic,1996-08-23 12:31:55.530,36.22267,-89.47833,6.57,1.4,626.7712597817086,0.0
seismic,1996-08-31 06:23:08.500,36.49917,-89.55133,11.79,1.9,658.4109343377155,0.0
seismic,1996-09-05 20:52:54.350,36.2335,-89.4151667,5.63,2.1,626.7410153694904,0.0
seismic,1996-09-12 11:19:26.170,36.2798333,-89.4913333,6.34,1.2,633.2714025936122,0.0
seismic,1996-09-14 07:17:27.070,36.53867,-89.55334,1.95,2.3,662.766515644841,0.0
seismic,1996-09-14 20:52:01.650,36.47833,-89.55666,5.06,1.9,656.2391687242227,0.0
seismic,1996-09-18 02:16:28.600,33.678,-82.105,13.9,2.8,172.01053835149705,122.634
seismic,1996-09-21 01:24:07.600,35.761,-83.907,0.6,2.0,455.6460876102155,228.565
seismic,1996-09-23 01:15:07.200,36.278,-83.708,4.1,2.5,492.29857079293055,175.511
seismic,1996-10-01 03:39:02.200,36.31233,-89.47433,5.26,1.1,636.4925184273663,0.0
seismic,1996-10-10 02:54:10.690,36.27567,-89.3835,13.24,1.4,630.7743732053384,0.0
seismic,1996-10-11 21:17:57.970,36.2706667,-89.4918333,6.41,1.6,632.2798170059949,0.0
seismic,1996-10-13 11:11:25.770,35.876,-89.9575,7.79,2.5,600.5902332520219,0.0
seismic,1996-10-13 17:11:46.170,36.32,-89.5475,9.48,1.4,638.7741695358231,0.0
seismic,1996-10-14 15:50:01.020,36.0326667,-89.8428333,7.27,1.5,614.3426523408747,0.0
seismic,1996-10-17 11:43:27.980,39.742,-76.054,5.4,2.2,18.061110737988955,267.532
seismic,1996-10-19 16:58:42.980,35.7675,-89.32983,6.47,2.3,574.132951045547,19.79
seismic,1996-10-25 04:29:20.700,35.712,-84.432,11.8,1.8,482.5875415005834,230.953
seismic,1996-10-28 06:59:38.940,40.268,-76.141,5.0,2.6,76.40346481575658,309.767
seismic,1996-10-29 09:56:10.700,35.481,-84.326,14.3,2.2,457.4609750997227,256.707
seismic,1996-10-31 09:29:27.360,36.30583,-89.51633,6.03,1.3,636.6038915281852,0.0
seismic,1996-11-20 22:46:31.100,37.809,-77.576,15.4,1.3,55.09980532335181,23.094
seismic,1996-11-21 14:45:26.990,36.14466,-89.70417,6.75,2.0,623.090746289508,0.0
seismic,1996-11-21 14:46:58.050,36.145,-89.705,6.91,1.7,623.1465448649528,0.0
seismic,1996-11-23 05:04:19.820,36.2551667,-89.4221667,6.19,1.3,629.2446418226664,0.0
seismic,1996-11-23 11:03:06.840,36.2006667,-89.4715,4.98,1.7,624.2333787998479,0.0
seismic,1996-11-26 17:49:35.400,34.966,-85.08,0.0,2.0,473.7691496335154,320.162
seismic,1996-11-29 05:41:33.630,35.9286667,-89.938,19.27,3.8,605.6793179008512,0.0
seismic,1996-11-29 10:47:10.280,36.255,-89.4501667,5.39,3.1,629.7582821680438,0.0
seismic,1996-11-29 14:18:53.380,36.238,-89.4553333,5.4,1.4,627.9986354500018,0.0
seismic,1996-12-02 04:48:50.800,36.318,-83.48,0.4,2.5,485.4989720359313,177.608
seismic,1996-12-03 10:50:42.810,36.24,-89.4558333,5.76,1.9,628.2269649526418,0.0
seismic,1996-12-13 13:14:32.580,36.3386667,-89.4458333,6.71,2.1,638.8309909360254,0.0
seismic,1996-12-13 13:25:57.600,33.881,-87.139,0.0,1.8,360.1285060193558,220.291
seismic,1996-12-15 07:19:57.100,36.0381667,-89.838,0.58,2.6,614.8122658891845,0.0
seismic,1996-12-16 01:10:58.560,35.8913333,-89.9986667,6.94,1.7,603.3615415715891,0.0
seismic,1996-12-16 01:58:31.350,39.5,-87.4,5.0,3.1,869.8739977886902,0.0
seismic,1996-12-22 05:56:17.250,39.2,-76.9,5.0,2.3,24.60267635136588,174.904
seismic,1996-12-22 20:13:53.550,32.224,-65.447,10.0,4.4,985.8399155415276,1165.623
seismic,1997-01-07 13:27:14.270,36.0951667,-89.4236667,10.1,1.5,611.7706069263448,0.0
seismic,1997-01-09 18:54:54.500,36.5068333,-89.5565,8.05,1.4,659.3495244123637,0.0
seismic,1997-01-22 03:29:12.570,36.2868333,-89.434,1.3,1.9,632.9340081193935,0.0
seismic,1997-01-23 00:30:52.210,36.2838333,-89.431,0.16,2.3,632.5490837978621,0.0
seismic,1997-01-23 02:15:13.300,35.267,-84.016,2.8,2.3,420.7871588889706,282.171
seismic,1997-01-25 22:37:25.950,36.3148333,-89.5225,6.94,1.2,637.7094304148824,0.0
seismic,1997-01-28 03:29:08.550,36.536,-89.6926667,9.14,1.5,665.3071077943118,0.0
seismic,1997-01-28 17:31:09.970,36.3268333,-89.5491667,9.63,1.5,639.5532317894942,0.0
seismic,1997-01-31 09:04:51.000,35.97,-89.32,5.0,2.3,596.1087495902553,5.883
seismic,1997-02-10 13:25:35.160,36.2515,-89.4365,5.88,1.4,629.1144275658392,0.0
seismic,1997-02-15 04:29:50.000,32.896,-80.131,6.9,1.0,18.111888935396323,0.0
seismic,1997-02-21 07:16:12.900,35.7,-84.464,0.2,2.1,483.6143552171293,232.4
seismic,1997-02-22 14:32:33.100,37.921,-81.027,5.0,2.0,323.3507778874745,39.852
seismic,1997-03-02 02:56:26.800,32.98,-80.172,7.5,1.6,25.61200250390136,0.0
seismic,1997-03-05 21:11:31.920,36.052,-89.8288333,8.63,2.5,616.0704472266407,0.0
seismic,1997-03-06 12:40:50.920,36.2308333,-89.4445,6.34,2.3,627.0064073095934,0.0
seismic,1997-03-07 23:38:58.510,36.2508333,-89.4781667,0.61,1.8,629.8450024191409,0.0
seismic,1997-03-09 06:38:10.180,36.2223333,-89.44,7.98,1.7,625.9904319320423,0.0
seismic,1997-03-12 11:16:12.980,36.5458333,-89.623,6.83,2.0,664.9336685574541,0.0
seismic,1997-03-15 05:56:36.400,38.347,-80.484,10.0,1.8,270.5555636563483,78.92
seismic,1997-03-16 16:59:56.870,36.5478333,-89.6478333,8.26,2.3,665.6593086439334,0.0
seismic,1997-03-21 03:07:55.970,36.147,-89.7033333,6.39,1.9,623.3249084701895,0.0
seismic,1997-03-21 17:39:13.790,36.7546667,-89.4838333,9.59,2.6,685.1202031053398,0.0
seismic,1997-03-23 09:36:34.190,36.1708333,-89.411,7.07,1.8,619.8031789944506,0.0
seismic,1997-03-24 08:24:03.100,36.373,-83.425,0.0,1.7,488.40338684137146,173.719
seismic,1997-03-26 06:05:22.600,35.798,-84.188,0.0,2.4,474.9586657171629,221.651
seismic,1997-03-29 10:16:57.100,37.088,-81.906,4.4,2.3,407.7305293691397,85.925
seismic,1997-03-29 14:29:55.200,32.989,-80.143,5.8,1.8,24.05424838133325,0.0
seismic,1997-04-01 03:11:40.200,36.356,-84.966,0.0,1.9,567.8179475209195,166.13
seismic,1997-04-02 08:05:59.900,34.98,-84.975,4.0,1.7,466.7688424906229,317.055
seismic,1997-04-03 04:44:12.000,45.98,-72.33,5.0,3.5,37.04204927357886,362.464
seismic,1997-04-06 14:41:11.880,36.2365,-89.4456667,5.37,1.4,627.6485669207985,0.0
seismic,1997-04-06 16:48:34.310,36.2408333,-89.4458333,5.57,1.1,628.1257110368413,0.0
seismic,1997-04-07 01:21:31.650,36.1295,-89.3826667,6.89,1.2,614.7445083314735,0.0
seismic,1997-04-11 08:02:20.700,35.892,-83.537,0.0,1.0,447.80476833052046,221.246
seismic,1997-04-12 02:27:18.710,36.0106667,-89.8138333,20.52,1.5,611.2517897691081,0.0
seismic,1997-04-18 09:40:04.100,36.5665,-89.6283333,8.33,1.8,667.2956317736548,0.0
seismic,1997-04-18 14:57:35.390,25.782,-86.552,33.0,3.9,427.714264284752,399.344
seismic,1997-04-20 15:50:55.710,36.1195,-89.7441667,10.68,2.4,621.2975969426143,0.0
seismic,1997-04-26 00:50:25.470,36.4736667,-89.573,10.0,1.8,656.0540803922028,0.0
seismic,1997-04-27 20:50:24.300,36.78,-83.394,14.6,1.6,527.347468878408,134.083
seismic,1997-05-02 03:13:48.590,36.237,-89.414,5.74,1.4,627.1022823407478,0.0
seismic,1997-05-04 03:39:12.990,31.0,-87.4,5.0,3.1,50.69833969171727,0.0
seismic,1997-05-17 13:12:07.950,37.945,-81.466,0.0,3.0,360.4312227117365,67.494
seismic,1997-05-17 23:38:38.600,32.315,-82.665,5.4,2.5,144.42973599486692,154.697
seismic,1997-05-19 02:32:05.800,34.866,-87.831,6.5,1.7,460.8777535539101,186.902
seismic,1997-05-19 19:45:35.800,34.622,-85.353,2.7,2.9,465.9565337006046,360.528
seismic,1997-05-19 22:22:33.900,34.605,-85.364,5.4,1.6,463.9095761861491,358.392
seismic,1997-05-20 05:28:32.320,36.6161667,-89.5843333,4.71,2.2,671.84009439315,0.0
seismic,1997-05-20 05:56:20.500,35.717,-84.21,0.0,1.2,469.4607645894133,230.594
seismic,1997-05-20 16:10:10.760,37.87,-81.537,0.0,2.9,368.0409228447903,67.511
seismic,1997-05-20 22:24:57.440,36.3001667,-89.5248333,4.87,1.5,636.154908093438,0.0
seismic,1997-05-22 14:58:00.580,36.3016667,-89.5283333,5.37,1.6,636.3885879357637,0.0
seismic,1997-05-22 19:28:59.010,37.606,-80.838,0.0,2.4,313.4121210857004,1.504
seismic,1997-05-22 20:49:30.220,37.97,-81.475,0.0,3.4,360.7326967132113,69.887
seismic,1997-05-23 05:34:08.630,36.6016667,-89.5696667,10.24,1.9,669.9693399866177,0.0
seismic,1997-05-23 19:00:08.090,37.991,-81.177,0.0,2.7,334.77293618461346,53.7
seismic,1997-05-24 09:15:48.200,34.843,-88.067,0.0,1.8,457.944830790004,172.96
seismic,1997-05-24 18:52:06.360,45.978,-74.421,10.0,4.2,46.35580537313973,442.137
seismic,1997-05-27 02:38:54.100,36.178,-82.481,0.0,2.0,427.2657362052087,177.447
seismic,1997-05-27 04:54:19.000,36.064,-83.677,12.5,2.3,470.76856746805714,199.404
seismic,1997-05-29 22:11:46.520,37.662,-81.622,0.0,2.9,380.0004318949914,63.763
seismic,1997-05-29 23:13:49.530,37.601,-83.168,0.0,3.2,513.568795129529,88.569
seismic,1997-05-30 16:10:54.920,37.881,-81.156,0.0,2.9,335.2371387878358,42.976
seismic,1997-05-31 05:19:14.090,37.977,-81.526,0.0,3.2,364.984172443047,73.808
seismic,1997-05-31 16:08:46.000,38.007,-80.6,0.0,2.7,285.0393714023635,39.985
seismic,1997-05-31 19:02:28.690,37.287,-82.953,0.0,2.5,498.2026514692851,120.676
seismic,1997-05-31 21:52:54.940,36.3015,-89.525,5.18,1.7,636.3037658232759,0.0
seismic,1997-06-01 05:16:43.960,36.2976667,-89.5253333,5.57,1.6,635.8920303654941,0.0
seismic,1997-06-01 06:16:09.700,36.3036667,-89.5255,4.97,1.5,636.5502446039475,0.0
seismic,1997-06-01 06:39:26.530,36.2995,-89.5241667,5.19,1.7,636.0688275839467,0.0
seismic,1997-06-02 19:09:52.590,36.2748333,-89.4596667,5.01,1.7,632.1098173480852,0.0
seismic,1997-06-03 05:15:20.400,32.923,-80.157,5.9,1.0,21.377979324071383,0.0
seismic,1997-06-04 23:07:30.600,35.497,-85.114,23.8,2.4,511.4544248821701,262.568
seismic,1997-06-07 17:30:22.220,37.967,-81.158,0.0,2.7,333.6034683132689,50.556
seismic,1997-06-07 20:04:03.000,38.062,-81.98,0.0,2.5,402.6953542619994,111.588
seismic,1997-06-08 09:42:04.100,36.079,-83.671,9.3,2.1,471.8626993929114,197.906
seismic,1997-06-09 18:57:17.550,37.637,-83.077,0.0,3.1,504.9474317653357,94.989
seismic,1997-06-09 19:51:34.600,38.326,-81.504,0.0,2.9,358.8741381556237,100.768
seismic,1997-06-09 20:01:58.680,37.956,-82.585,0.0,2.8,456.4350663293465,134.273
seismic,1997-06-10 15:41:59.400,37.273,-84.507,6.6,1.9,624.2699957856793,56.934
seismic,1997-06-11 01:50:59.900,37.259,-83.315,0.0,2.4,530.1057649590712,96.793
seismic,1997-06-12 19:25:19.210,38.006,-81.009,0.0,3.1,320.08409892922697,47.404
seismic,1997-06-12 23:11:24.040,38.447,-81.171,0.0,2.7,329.6113580277662,98.239
seismic,1997-06-14 05:43:48.410,37.1968333,-89.398,4.39,2.2,732.3169908484639,0.0
seismic,1997-06-14 13:34:24.500,35.274,-82.487,6.6,2.5,340.28783351873466,251.054
seismic,1997-06-14 19:04:39.640,37.591,-81.647,0.0,2.2,383.8951911286881,63.474
seismic,1997-06-16 05:43:16.630,40.098,-76.967,5.0,2.2,92.49876802435304,259.101
seismic,1997-06-16 22:05:34.170,37.98,-81.798,0.0,2.9,388.3054596715433,93.296
seismic,1997-06-17 01:30:40.720,36.2965,-89.5286667,5.07,1.7,635.83139885826,0.0
seismic,1997-06-17 06:44:39.810,36.295,-89.5263333,6.11,1.9,635.620980834921,0.0
seismic,1997-06-18 16:53:40.350,39.649,-80.101,0.0,2.5,269.8031790529316,228.291
seismic,1997-06-22 10:34:55.050,36.0935,-89.4408333,11.76,1.2,611.9237579611965,0.0
seismic,1997-06-26 01:47:42.800,35.032,-84.622,17.5,1.8,444.36326108124535,307.794
seismic,1997-06-26 17:55:30.330,36.6553333,-89.6008333,7.59,2.6,676.4426002235045,0.0
seismic,1997-06-27 18:43:04.410,37.835,-81.188,0.0,2.7,338.92208485701025,41.18
seismic,1997-06-30 09:19:23.450,36.3011667,-89.5243333,5.27,1.8,636.2540758324056,0.0
seismic,1997-07-01 19:58:44.850,37.843,-81.272,0.0,2.7,345.9477712573817,47.198
seismic,1997-07-01 21:12:20.590,33.136,-67.854,10.0,3.6,739.6261452551114,924.969
seismic,1997-07-01 23:49:51.340,37.603,-81.166,0.0,2.7,341.9897571899339,24.439
seismic,1997-07-03 12:44:59.890,36.3323333,-89.5323333,8.83,1.5,639.8156563538486,0.0
seismic,1997-07-07 11:16:11.510,38.07,-80.744,0.0,1.8,296.1934139480595,47.501
seismic,1997-07-10 02:25:32.400,35.5548333,-89.7698333,7.17,2.3,561.2330156057014,12.444
seismic,1997-07-10 13:57:51.000,45.04,-74.83,18.0,2.9,10.268494683829816,392.825
seismic,1997-07-12 13:35:04.400,37.285,-80.859,20.3,1.4,314.43163498736266,0.0
seismic,1997-07-13 02:18:19.920,36.1103333,-89.7458333,4.61,2.1,620.3465978880249,0.0
seismic,1997-07-19 17:06:34.400,34.953,-84.811,2.8,3.5,452.8612685956512,318.124
seismic,1997-07-21 20:23:49.070,37.452,-81.543,0.0,2.6,374.2661659806142,51.492
seismic,1997-07-21 20:30:43.780,36.4235,-89.5866667,10.92,2.2,650.855604105727,0.0
seismic,1997-07-21 21:55:43.550,37.94,-81.265,0.0,2.8,343.30559600609314,54.266
seismic,1997-07-23 20:40:36.740,37.964,-81.437,0.0,2.7,357.58286192049,66.94
seismic,1997-07-23 21:08:34.060,38.061,-80.288,0.0,2.3,257.26813763467624,52.497
seismic,1997-07-23 21:32:11.000,37.557,-80.572,0.0,2.6,289.7951411858356,0.0
seismic,1997-07-23 23:40:42.450,36.987,-81.566,0.0,2.0,379.1503750689462,60.862
seismic,1997-07-24 07:49:44.200,37.62,-77.761,9.3,1.5,53.40199256098152,3.39
seismic,1997-07-25 20:17:12.100,37.976,-81.178,0.0,2.7,335.1427630898517,52.413
seismic,1997-07-26 15:47:28.310,37.912,-81.436,0.0,2.6,358.516588017799,63.138
seismic,1997-07-26 19:53:26.440,38.001,-81.239,0.0,2.9,339.9093373959209,57.905
seismic,1997-07-27 08:52:08.900,35.086,-85.136,10.1,1.8,485.4924585392101,307.931
seismic,1997-07-27 15:10:43.200,38.429,-77.982,19.0,2.5,53.898506049865176,53.085
seismic,1997-07-27 15:25:34.500,34.961,-84.896,0.0,1.9,459.67558020344535,318.156
seismic,1997-07-29 19:52:10.740,37.854,-81.241,0.0,2.6,343.0658398368976,46.001
seismic,1997-07-30 12:29:25.300,36.512,-83.547,23.0,3.8,507.2931097903412,155.205
seismic,1997-07-31 07:15:29.720,43.624,-75.37,5.0,3.2,161.9296780536934,364.933
seismic,1997-07-31 21:04:15.880,38.037,-81.078,0.0,2.7,325.44740769231964,53.302
seismic,1997-08-01 04:48:12.300,34.923,-85.988,0.0,1.7,491.042205327202,321.563
seismic,1997-08-01 17:36:46.840,38.007,-81.13,0.0,2.9,330.4452465278732,52.808
seismic,1997-08-01 21:49:55.880,38.425,-81.176,0.0,2.2,330.0874696955619,96.13
seismic,1997-08-02 17:25:51.680,37.838,-82.378,0.0,3.4,440.7494143301865,132.581
seismic,1997-08-02 19:09:54.450,38.438,-81.242,0.0,2.5,335.7651280733331,99.789
seismic,1997-08-02 20:05:19.430,37.72,-81.813,0.0,2.5,394.91734670232216,81.662
seismic,1997-08-03 03:07:05.200,35.881,-83.823,16.4,1.4,461.6497365636964,216.602
seismic,1997-08-04 05:16:45.800,36.265,-82.867,0.0,1.7,455.1190955027752,200.5
seismic,1997-08-04 06:28:13.400,35.963,-83.711,19.7,1.8,463.1833978960654,209.691
seismic,1997-08-05 15:49:27.450,37.815,-81.35,0.0,2.9,353.2151556064521,50.589
seismic,1997-08-06 07:37:41.500,35.113,-87.508,0.0,2.5,490.54540953907343,194.492
seismic,1997-08-06 11:08:28.900,36.1051667,-89.4373333,5.02,1.5,613.129785679898,0.0
seismic,1997-08-07 14:14:01.240,36.2926667,-89.5193333,8.84,1.1,635.2265235532918,0.0
seismic,1997-08-09 01:39:09.310,36.2243333,-89.5026667,6.85,1.4,627.4350773443812,0.0
seismic,1997-08-09 18:46:12.430,38.007,-81.247,0.0,2.6,340.48836078124174,58.866
seismic,1997-08-09 19:44:35.600,37.762,-81.979,0.0,2.9,408.2229973902635,96.89
seismic,1997-08-09 21:39:18.400,38.374,-81.542,0.0,2.6,361.9096837517152,107.045
seismic,1997-08-10 19:47:13.080,36.2313333,-89.4168333,6.24,1.6,626.5351751933175,0.0
seismic,1997-08-12 01:02:05.200,35.104,-84.752,10.2,1.0,458.5939989337644,300.75
seismic,1997-08-12 19:22:55.320,37.337,-83.068,0.0,2.8,508.10223331475856,109.138
seismic,1997-08-13 15:09:41.500,37.111,-82.601,0.0,2.8,468.47948474967467,145.608
seismic,1997-08-13 18:44:23.120,36.5243333,-89.5668333,8.61,2.2,661.4642918482996,0.0
seismic,1997-08-13 21:48:30.100,36.871,-83.018,16.8,2.5,507.8927903733689,145.923
seismic,1997-08-14 11:56:12.020,37.957,-81.249,0.0,2.4,341.5967653880846,54.723
seismic,1997-08-15 14:22:30.380,41.01,-75.939,0.0,3.0,134.8778935943072,389.455
seismic,1997-08-15 19:35:33.010,37.858,-80.964,0.0,2.5,319.26398856230537,30.968
seismic,1997-08-15 20:07:16.420,37.809,-81.503,0.0,2.7,366.4451888012448,61.37
seismic,1997-08-15 22:57:54.940,36.5061667,-89.6346667,9.97,1.4,660.8480915193438,0.0
seismic,1997-08-16 09:42:02.460,36.0558333,-89.8161667,7.36,1.4,616.1686091785216,0.0
seismic,1997-08-16 14:26:07.350,37.84,-81.319,0.0,2.4,350.0366811662413,50.137
seismic,1997-08-16 16:07:07.280,38.388,-81.184,0.0,2.7,330.89457984366254,92.603
seismic,1997-08-16 20:04:25.280,38.097,-81.355,0.0,2.5,348.33199102054044,72.623
seismic,1997-08-17 05:01:05.400,36.897,-83.096,0.0,2.5,514.3511839059983,139.131
seismic,1997-08-18 23:43:17.630,38.064,-81.443,0.0,2.7,356.39930088124214,75.017
seismic,1997-08-19 11:48:14.320,37.627,-81.173,0.0,2.2,342.7967304389285,26.228
seismic,1997-08-19 23:07:34.420,38.484,-81.055,0.0,2.6,319.5556624634912,98.75
seismic,1997-08-20 09:12:04.000,47.53,-70.29,18.0,3.7,5.2765774968334265,518.441
seismic,1997-08-20 16:10:19.800,34.578,-85.937,0.0,2.3,454.3665789006485,329.532
seismic,1997-08-21 16:01:13.990,36.5295,-89.609,8.65,1.3,662.8688875979054,0.0
seismic,1997-08-21 19:29:35.380,35.975,-89.8855,12.52,2.3,609.2467961023307,0.0
seismic,1997-08-21 19:52:48.070,37.678,-81.38,0.0,2.3,359.00236388283446,44.933
seismic,1997-08-22 04:44:37.980,36.2826667,-89.577,6.58,1.7,635.3074832241728,0.0
seismic,1997-08-23 00:42:06.800,36.477,-84.237,2.6,1.4,537.2672068752747,145.484
seismic,1997-08-23 09:59:01.950,37.193,-81.924,0.0,3.4,408.41330969415,85.344
seismic,1997-08-23 16:39:58.020,37.996,-81.481,0.0,2.6,360.7815673726129,72.183
seismic,1997-08-23 18:21:10.060,37.828,-81.315,0.0,3.1,349.9433414400186,49.03
seismic,1997-08-23 21:12:10.760,37.606,-81.332,0.0,2.4,356.49568841847343,37.829
seismic,1997-08-25 21:27:50.100,38.504,-80.767,0.0,2.6,294.68447690793914,96.081
seismic,1997-08-27 17:40:39.730,37.8,-81.209,0.0,3.1,341.48263630815626,39.891
seismic,1997-08-28 10:43:23.240,36.538,-89.6696667,10.91,1.2,665.0410640264888,0.0
seismic,1997-08-28 14:56:41.600,36.898,-82.643,0.0,2.5,474.6698024121628,154.149
seismic,1997-08-28 21:41:50.260,38.026,-82.372,0.0,2.8,437.0078482551347,139.771
seismic,1997-09-01 07:38:56.500,33.362,-80.732,1.5,2.3,91.06545103428078,10.9
seismic,1997-09-03 16:49:08.170,38.024,-81.474,0.0,2.6,359.7032269064348,73.829
seismic,1997-09-03 18:16:39.930,36.6188333,-89.5561667,6.85,2.7,671.5849729345241,0.0
seismic,1997-09-04 18:53:47.210,37.94,-81.578,0.0,2.8,370.1330072035152,74.896
seismic,1997-09-05 19:13:59.810,38.531,-80.673,0.0,2.8,286.6162826574525,98.64
seismic,1997-09-05 20:26:31.230,37.962,-81.374,0.0,2.8,352.21616650160496,62.728
seismic,1997-09-05 21:49:15.910,38.299,-80.992,0.0,3.2,314.7869493746629,77.333
seismic,1997-09-06 17:42:39.980,37.937,-81.778,0.0,3.0,387.3536674676717,89.297
seismic,1997-09-06 19:36:40.870,37.554,-82.453,0.0,2.6,453.5337404082939,131.985
seismic,1997-09-08 21:25:05.010,38.176,-81.594,0.0,2.9,367.9446334223971,93.163
seismic,1997-09-09 19:43:51.350,38.205,-81.221,0.0,3.1,335.42171078647334,75.819
seismic,1997-09-10 19:03:18.540,38.031,-81.361,0.0,3.0,349.87012360857034,67.418
seismic,1997-09-11 21:54:02.710,37.015,-81.702,0.0,2.9,390.6843180862971,70.918
seismic,1997-09-12 01:10:21.700,37.03,-85.534,0.0,1.7,657.5614189979356,126.345
seismic,1997-09-12 22:37:29.860,37.741,-81.895,0.0,3.0,401.4708056676145,89.194
seismic,1997-09-12 22:53:19.940,37.648,-83.18,0.0,2.6,513.5124965800562,85.996
seismic,1997-09-13 17:44:44.540,37.946,-81.39,0.0,2.4,353.89602302119323,62.539
seismic,1997-09-13 19:50:32.000,38.29,-89.71,16.0,2.8,857.7479645945731,0.0
seismic,1997-09-13 21:35:10.300,38.427,-81.166,0.0,2.6,329.2181299072227,96.003
seismic,1997-09-14 07:23:50.500,34.521,-85.654,2.3,1.6,450.7600485793155,336.306
seismic,1997-09-14 23:42:50.300,35.93,-84.467,9.2,1.3,502.5835318482601,206.686
seismic,1997-09-15 19:42:56.600,37.955,-80.1,0.0,2.8,243.33286964899173,50.898
seismic,1997-09-16 18:21:56.580,37.655,-83.342,0.0,3.6,527.2344680117004,72.227
seismic,1997-09-16 20:26:38.440,37.868,-81.583,0.0,3.1,372.01796568377495,70.768
seismic,1997-09-16 21:21:38.150,37.17,-81.354,0.0,2.9,358.56472552891665,36.546
seismic,1997-09-17 03:40:24.100,35.601,-86.423,1.5,1.7,560.0773586731722,239.98
seismic,1997-09-17 20:39:34.140,38.237,-81.841,0.0,3.1,388.6754033924724,113.499
seismic,1997-09-17 21:32:00.400,32.952,-80.148,6.2,2.2,22.05721459148785,0.0
seismic,1997-09-18 13:20:26.060,37.981,-81.382,0.0,2.7,352.5480843311836,64.701
seismic,1997-09-23 19:23:24.030,37.923,-81.641,0.0,2.7,375.863530966133,78.344
seismic,1997-09-23 22:04:46.940,38.386,-81.46,0.0,2.5,354.7688624902951,104.033
seismic,1997-09-24 01:53:41.400,36.3845,-89.5768333,9.51,1.7,646.4029828867377,0.0
seismic,1997-09-24 02:16:16.700,35.669,-84.218,16.6,1.1,465.9562600745082,235.926
seismic,1997-09-24 04:20:26.530,36.5805,-89.8925,13.78,2.8,674.5847421431693,0.0
seismic,1997-09-24 17:59:05.150,39.653,-80.098,0.0,2.9,269.74825131581935,228.779
seismic,1997-09-24 21:50:42.860,38.406,-81.289,0.0,2.5,339.91108892281693,98.382
seismic,1997-09-24 23:17:06.110,37.251,-81.579,0.0,2.5,377.78176223715,54.45
seismic,1997-09-25 20:25:22.070,37.511,-80.266,0.0,2.6,262.727416200043,8.385
seismic,1997-09-26 04:34:35.130,36.2698333,-89.4625,3.43,2.0,631.6176131141629,0.0
seismic,1997-09-26 15:58:10.140,37.346,-81.272,0.0,2.7,350.5072607779624,26.94
seismic,1997-09-26 20:19:14.430,39.279,-81.722,0.0,3.4,386.9921261780894,202.663
seismic,1997-09-27 12:14:10.280,36.1945,-89.4216667,10.3,2.9,622.5955049098453,0.0
seismic,1997-09-27 15:55:44.830,38.381,-81.523,0.0,2.5,360.2368598400515,106.7
seismic,1997-09-28 07:47:27.500,36.077,-83.588,15.2,1.8,467.5894223270285,200.078
seismic,1997-09-29 00:31:00.350,36.618,-89.9035,10.69,2.2,678.8941454118706,0.0
seismic,1997-09-29 17:45:08.300,38.816,-77.445,2.5,2.5,25.72953042147196,112.813
seismic,1997-09-29 19:46:54.900,35.475,-85.076,4.7,1.5,507.2483811157855,264.217
seismic,1997-09-30 21:18:47.140,37.651,-81.686,0.0,2.4,385.727158548684,68.659
seismic,1997-10-02 06:56:15.550,36.0191667,-89.0045,4.97,2.1,596.4091366048226,28.331
seismic,1997-10-02 21:25:03.480,38.306,-81.27,0.0,2.5,338.7705340731739,87.748
seismic,1997-10-03 14:12:09.080,36.405,-89.5841667,10.85,2.0,648.7874387241084,0.0
seismic,1997-10-03 16:06:12.050,37.971,-81.47,0.0,2.7,360.2851260609034,69.628
seismic,1997-10-03 19:59:29.530,37.918,-81.613,0.0,2.5,373.5604302626562,76.001
seismic,1997-10-04 17:49:24.700,37.224,-81.172,0.0,2.9,342.2115588842327,19.58
seismic,1997-10-04 19:49:59.580,37.65,-81.233,0.0,2.3,347.27157428883845,32.067
seismic,1997-10-06 03:13:29.020,36.2663333,-89.4686667,2.57,1.8,631.3541471957801,0.0
seismic,1997-10-06 14:45:49.390,36.5188333,-89.565,12.25,2.0,660.827441107897,0.0
seismic,1997-10-06 19:58:16.570,37.87,-81.508,0.0,2.9,365.5612287841949,65.408
seismic,1997-10-08 19:05:15.300,38.367,-81.376,0.0,3.1,347.5863947648218,98.304
seismic,1997-10-09 01:44:01.890,36.5343333,-89.6378333,6.43,1.7,663.9826364178579,0.0
seismic,1997-10-09 04:06:45.270,36.3073333,-89.4263333,0.49,2.2,635.0345589095633,0.0
seismic,1997-10-10 20:04:21.830,38.306,-81.314,0.0,2.5,342.5746842361975,89.671
seismic,1997-10-11 10:14:25.900,36.1448333,-89.6846667,8.75,1.7,622.6656805300046,0.0
seismic,1997-10-11 18:44:51.570,38.232,-81.625,0.0,2.9,370.0530967471582,99.536
seismic,1997-10-11 19:25:40.400,37.802,-81.694,0.0,2.7,382.9611838682955,75.66
seismic,1997-10-12 06:55:32.600,34.394,-85.427,0.0,2.0,439.6787326808924,335.711
seismic,1997-10-12 08:28:22.350,44.908,-74.547,14.0,2.9,13.62054819420056,366.187
seismic,1997-10-12 09:38:56.200,36.5435,-89.6626667,8.87,1.9,665.4941017461862,0.0
seismic,1997-10-13 07:00:42.700,36.17,-83.156,3.5,1.8,456.9504262078499,204.315
seismic,1997-10-13 23:06:40.210,44.36,-74.968,4.2,3.0,73.9909937944344,362.191
seismic,1997-10-14 06:16:23.400,35.463,-85.17,6.4,1.7,513.016763988961,267.449
seismic,1997-10-14 07:22:33.200,35.372,-84.473,13.5,1.6,458.5950398075361,269.119
seismic,1997-10-15 11:24:37.630,36.411,-89.5916667,10.74,2.0,649.5943762205139,0.0
seismic,1997-10-15 19:23:06.380,39.469,-81.336,0.0,3.0,360.80155309469154,211.531
seismic,1997-10-16 07:43:18.890,36.445,-89.5365,8.99,1.8,652.2019541746599,0.0
seismic,1997-10-16 19:35:24.880,38.239,-82.025,0.0,2.8,404.5621372839852,126.044
seismic,1997-10-17 09:50:53.220,36.4258333,-89.5161667,7.68,2.1,649.7108464247029,0.0
seismic,1997-10-18 04:20:38.200,29.663,-88.36,0.9,2.9,48.25271033749009,0.0
seismic,1997-10-18 05:38:06.840,36.1423333,-89.7101667,5.83,1.7,622.9764072491741,0.0
seismic,1997-10-18 19:02:47.230,37.862,-80.876,0.0,2.2,311.65182480839337,27.869
seismic,1997-10-18 19:56:20.500,38.0,-81.363,0.0,2.1,350.5744299633774,65.026
seismic,1997-10-18 21:05:17.000,36.773,-81.296,0.0,2.5,359.41021575462287,53.972
seismic,1997-10-19 12:11:56.200,35.23,-84.183,0.0,2.0,428.636479098397,285.159
seismic,1997-10-19 18:39:55.100,35.286,-84.753,15.1,2.4,471.33427106019946,280.509
seismic,1997-10-19 20:45:20.600,34.518,-85.59,1.9,1.7,451.151734212598,339.053
seismic,1997-10-20 01:00:48.070,36.1261667,-89.3791667,4.41,1.9,614.3139830289799,0.0
seismic,1997-10-20 19:39:17.460,38.041,-81.131,0.0,2.9,329.9321674035328,56.053
seismic,1997-10-20 19:57:49.190,38.141,-82.044,0.0,2.8,407.1985280754003,121.046
seismic,1997-10-20 21:33:04.370,38.882,-82.413,0.0,3.0,438.6118277492645,184.099
seismic,1997-10-21 19:02:30.220,37.536,-81.829,0.0,2.8,399.5352687841338,77.685
seismic,1997-10-21 19:59:42.100,37.966,-82.708,0.0,2.9,466.8737822465273,123.648
seismic,1997-10-23 08:13:36.050,36.5411667,-89.6485,10.54,2.1,664.9466628424639,0.0
seismic,1997-10-23 18:40:40.090,38.423,-81.328,0.0,3.0,343.2343505347729,101.651
seismic,1997-10-24 08:35:17.870,31.118,-87.339,10.0,4.8,61.18874823581526,0.0
seismic,1997-10-24 14:32:49.300,38.547,-80.795,0.0,2.4,297.1910110487838,101.118
seismic,1997-10-24 14:51:39.870,38.446,-80.712,0.0,2.4,289.9332357965384,89.248
seismic,1997-10-26 23:27:12.000,31.1,-87.3,10.0,3.7,58.41294751740426,0.0
seismic,1997-10-28 09:00:11.000,31.1,-87.3,10.0,3.0,58.41294751740426,0.0
seismic,1997-10-28 10:36:46.560,37.162,-82.025,1.0,3.4,417.5058294497096,94.636
seismic,1997-10-28 11:44:18.000,47.67,-69.91,11.7,4.8,9.074494960481752,537.266
seismic,1997-10-28 20:09:22.840,37.765,-80.935,0.0,2.8,318.9505377878221,20.823
seismic,1997-10-28 22:21:05.390,39.676,-81.635,0.0,3.4,392.33072246620526,241.203
seismic,1997-10-29 21:01:27.400,38.178,-81.923,0.0,3.0,396.336192342292,114.864
seismic,1997-10-30 06:42:22.800,36.705,-80.899,7.6,2.2,326.7162725147569,40.559
seismic,1997-10-30 15:59:40.500,36.718,-80.931,8.8,2.1,329.1379439578998,40.264
seismic,1997-10-30 20:20:48.220,38.02,-82.485,0.0,2.7,446.83802145171256,143.467
seismic,1997-10-31 11:01:37.300,35.926,-84.607,11.5,1.3,510.7509029560075,207.908
seismic,1997-10-31 17:25:05.220,37.922,-81.665,0.0,3.0,377.9411665481257,80.038
seismic,1997-10-31 19:16:57.580,38.427,-81.13,0.0,2.4,326.10560067027035,94.843
seismic,1997-10-31 20:33:01.610,39.732,-81.88,0.0,3.6,414.05080809302194,254.55
seismic,1997-10-31 21:24:51.450,38.381,-80.851,0.0,2.6,302.1261577300388,83.361
seismic,1997-11-03 16:34:59.300,34.471,-85.506,0.0,2.4,447.02447547059296,338.751
seismic,1997-11-03 20:10:47.820,38.056,-81.156,0.0,3.3,331.8311439779372,58.64
seismic,1997-11-03 22:10:19.070,38.019,-81.286,0.0,2.7,343.62734230987104,62.074
seismic,1997-11-04 21:24:59.170,37.732,-81.997,0.0,2.8,410.4020197560177,97.299
seismic,1997-11-05 20:03:23.080,37.961,-81.733,0.0,3.1,383.0516056924814,87.381
seismic,1997-11-06 02:34:33.000,46.8,-71.41,22.5,4.8,6.9980567147809145,437.378
seismic,1997-11-06 02:55:39.000,46.78,-71.39,18.0,2.8,4.696070674439362,435.033
seismic,1997-11-06 03:05:57.000,46.76,-71.37,18.0,2.9,2.39421255316559,432.692
seismic,1997-11-06 21:32:14.090,37.435,-82.198,0.0,3.0,431.6520548895152,108.482
seismic,1997-11-07 20:57:31.970,38.445,-81.354,0.0,3.1,345.4342553589858,104.895
seismic,1997-11-08 14:49:26.000,46.78,-71.37,22.9,2.9,4.573519070244997,434.899
seismic,1997-11-08 17:22:55.960,37.798,-81.657,0.0,3.2,379.8713691849273,72.568
seismic,1997-11-09 20:40:57.290,36.3306667,-89.4785,9.33,1.8,638.5779548628071,0.0
seismic,1997-11-10 18:24:46.390,38.47,-81.113,0.0,2.8,324.5726000625278,98.847
seismic,1997-11-12 15:10:44.100,35.065,-84.307,5.8,2.4,424.5833381983412,303.277
seismic,1997-11-12 15:23:59.770,37.273,-81.55,0.0,2.5,375.1314156313844,51.677
seismic,1997-11-14 03:44:11.050,40.146,-76.252,5.0,3.0,66.1816796473735,293.198
seismic,1997-11-19 09:50:13.530,36.2525,-89.4973333,6.61,1.6,630.4041473925271,0.0
seismic,1997-11-19 16:10:07.900,35.74,-84.265,15.0,1.7,474.6741652299986,227.818
seismic,1997-11-19 19:46:02.200,35.769,-83.724,21.8,1.7,446.2986261407293,230.661
seismic,1997-11-20 18:29:02.170,38.073,-81.694,0.0,3.0,377.8866989606949,91.936
seismic,1997-11-23 13:02:43.600,35.572,-86.035,0.0,1.5,561.623018188983,268.644
seismic,1997-11-23 22:40:19.100,35.76,-84.247,22.2,1.7,475.2601226266862,225.636
seismic,1997-11-25 06:56:44.610,36.4058333,-89.5276667,7.94,1.8,647.7496949481038,0.0
seismic,1997-11-26 05:20:37.100,32.931,-80.157,6.9,2.5,21.726165078729174,0.0
seismic,1997-11-26 22:24:26.500,37.883,-81.032,0.0,2.4,324.5668104413466,36.513
seismic,1997-11-27 03:43:29.170,36.6218333,-89.5615,10.59,1.8,672.0157351458034,0.0
seismic,1997-11-27 17:03:06.500,35.165,-84.977,1.7,1.6,478.9394424085365,296.639
seismic,1997-11-28 10:28:44.720,36.103,-89.7633333,8.22,2.2,619.9694847765135,0.0
seismic,1997-11-30 22:59:45.460,36.3908333,-89.5486667,8.92,1.8,646.5270496307194,0.0
seismic,1997-12-02 02:34:00.800,36.062,-83.756,0.0,1.4,474.5711015721691,197.988
seismic,1997-12-02 23:41:15.640,36.546,-89.5133333,4.18,2.6,662.7993980064513,0.159
seismic,1997-12-05 13:29:43.400,32.96,-80.181,8.9,1.3,25.164742328246657,0.0
seismic,1997-12-05 14:01:29.700,35.199,-84.916,8.7,1.6,476.8205536152032,292.029
seismic,1997-12-05 19:34:05.000,37.76,-88.57,2.0,2.4,786.1678923891329,0.0
seismic,1997-12-06 08:07:52.500,32.938,-80.174,6.5,1.2,23.487509921957876,0.0
seismic,1997-12-08 06:36:48.300,35.883,-86.34,0.0,2.6,592.2673610401797,225.848
seismic,1997-12-09 05:23:17.600,35.638,-87.755,10.0,1.9,547.4942954373107,147.656
seismic,1997-12-09 19:44:55.870,37.638,-82.131,0.0,3.0,423.9986161885648,105.837
seismic,1997-12-12 08:42:20.250,33.466,-87.306,1.0,3.9,311.49579223306114,172.13
seismic,1997-12-12 21:00:48.100,38.092,-81.209,0.0,3.2,335.8298769703727,64.544
seismic,1997-12-22 05:30:56.270,36.2421667,-89.4385,6.17,1.6,628.1313437879152,0.0
seismic,1997-12-23 21:07:07.000,36.951,-83.642,1.9,1.9,554.4313998458791,106.787
seismic,1997-12-24 01:35:49.400,35.493,-85.125,6.5,1.6,511.9431178306834,263.23
seismic,1997-12-27 03:36:46.200,34.126,-87.263,0.0,1.9,384.5061077430843,245.822
seismic,1997-12-27 07:44:46.700,37.985,-79.953,0.0,2.2,230.1328590174895,61.894
seismic,1997-12-29 16:54:01.720,36.569,-89.7556667,15.23,1.8,670.2475332458612,0.0
seismic,1997-12-29 17:31:58.600,34.658,-87.008,5.4,2.0,447.47183953917937,260.143
seismic,1998-01-01 19:10:24.920,36.5285,-89.5951667,7.78,1.7,662.4817180006182,0.0
seismic,1998-01-02 19:50:34.710,36.0891667,-89.7755,7.44,1.7,618.7682294265996,0.0
seismic,1998-01-08 04:34:11.890,42.855,-70.04,25.2,2.9,50.12938499044439,57.767
seismic,1998-01-08 10:38:06.200,33.147,-82.135,21.3,2.0,137.044997518372,114.439
seismic,1998-01-09 09:05:59.630,36.554,-89.508,4.16,2.4,663.5741080932455,1.059
seismic,1998-01-12 21:56:12.480,38.022,-81.329,0.0,3.2,347.27087723119854,64.794
seismic,1998-01-14 03:01:25.300,35.851,-84.028,23.0,1.2,470.29382206504914,217.085
seismic,1998-01-17 16:51:36.090,36.5043333,-89.6511667,12.19,2.1,660.9896608321184,0.0
seismic,1998-01-17 19:40:07.390,36.5686667,-89.6161667,3.78,2.7,667.286110926091,0.0
seismic,1998-01-24 15:15:18.600,36.088,-83.791,14.9,1.2,478.7460787140437,194.476
seismic,1998-01-27 09:57:58.470,36.117,-89.5946667,8.11,2.4,617.6561157907985,0.0
seismic,1998-01-28 16:44:21.400,34.425,-85.554,0.0,2.5,441.2969315194349,332.049
seismic,1998-01-28 22:05:12.470,36.095,-89.7686667,7.6,2.7,619.2335677287725,0.0
seismic,1998-02-02 06:15:02.800,36.416,-83.723,5.0,1.3,506.06925998466807,160.263
seismic,1998-02-02 07:05:33.100,35.123,-85.754,6.7,1.8,516.8541170369934,319.669
seismic,1998-02-03 01:19:22.010,36.2233333,-89.3355,5.05,2.0,624.1689035187829,0.0
seismic,1998-02-03 22:18:41.600,34.424,-85.564,0.0,2.1,441.0578902544841,331.456
seismic,1998-02-12 07:28:02.800,35.496,-85.012,2.1,1.7,504.28622085746014,260.741
seismic,1998-02-12 09:37:49.500,36.1408333,-89.7078333,8.17,2.8,622.7605098195345,0.0
seismic,1998-02-13 17:16:10.090,43.851,-71.26,8.1,2.7,81.04981247380576,111.262
seismic,1998-02-13 23:08:11.660,36.1013333,-89.7556667,7.83,2.4,619.6072852376027,0.0
seismic,1998-02-14 12:01:02.500,35.3,-83.328,1.2,2.1,382.94753544460735,290.126
seismic,1998-02-19 14:05:26.710,36.5315,-89.5798333,8.34,2.7,662.5037670236641,0.0
seismic,1998-02-19 22:22:49.350,36.4726667,-89.5563333,9.83,2.0,655.6141978586625,0.0
seismic,1998-02-24 11:59:04.490,36.287,-89.4713333,5.25,2.1,633.6651370288204,0.0
seismic,1998-02-26 02:10:25.430,36.49,-89.5541667,3.61,2.6,657.4647784956921,0.0
seismic,1998-02-26 14:20:31.000,46.07,-76.36,18.0,3.7,164.07757760693133,557.351
seismic,1998-02-27 03:12:01.210,36.62,-89.574,3.4,2.3,672.0573730121162,0.0
seismic,1998-02-27 12:16:13.890,35.916,-89.9403333,12.89,2.0,604.3897766308068,0.0
seismic,1998-03-03 12:16:43.200,35.755,-84.035,6.8,2.1,462.3996941559875,227.679
seismic,1998-03-03 17:11:53.740,36.2071667,-89.4346667,7.68,1.8,624.2293473925274,0.0
seismic,1998-03-09 05:05:58.000,46.49,-81.07,1.0,3.9,521.8789419685945,870.544
seismic,1998-03-12 10:45:24.600,35.465,-85.179,29.7,1.7,513.791425784231,267.428
seismic,1998-03-13 03:05:26.090,36.5105,-89.5555,4.0,2.1,659.7305060827273,0.0
seismic,1998-03-15 06:56:46.330,36.4121667,-89.527,7.92,2.4,648.4285642008539,0.0
seismic,1998-03-15 19:25:52.400,39.738,-75.54,5.8,1.8,4.215151987511125,297.174
seismic,1998-03-18 20:22:07.400,35.28,-84.232,19.9,2.6,435.69620717262063,279.38
seismic,1998-03-19 05:37:26.300,39.737,-75.537,5.9,1.7,3.938253825371064,297.27
seismic,1998-03-20 15:00:06.100,35.554,-84.491,13.7,1.6,473.76584716300647,248.838
seismic,1998-03-21 06:52:23.510,36.1403333,-89.4635,13.71,1.8,617.4858460494017,0.0
seismic,1998-03-26 15:15:18.800,37.222,-83.782,0.0,1.6,571.3022394570928,74.129
seismic,1998-03-29 20:36:52.000,32.94,-80.149,9.4,1.7,21.491051486510955,0.0
seismic,1998-04-03 01:25:35.500,35.247,-86.19,6.3,1.8,523.4692679165621,282.629
seismic,1998-04-03 15:52:41.230,36.2668333,-89.5333333,8.31,1.7,632.6884582888753,0.0
seismic,1998-04-03 16:20:16.590,36.2645,-89.5328333,8.2,1.8,632.4238373185632,0.0
seismic,1998-04-06 09:45:10.450,36.3351667,-89.5585,10.45,1.5,640.6509523197749,0.0
seismic,1998-04-08 18:16:48.430,36.9621667,-88.9741667,12.67,3.2,700.5921858383522,13.062
seismic,1998-04-09 05:13:40.090,36.436,-89.4956667,4.26,2.7,650.4276982500479,0.0
seismic,1998-04-09 23:18:22.200,35.063,-87.027,16.8,1.9,491.4709733323031,235.464
seismic,1998-04-11 02:57:49.200,33.042,-80.259,9.7,1.6,36.19861023437765,0.0
seismic,1998-04-13 09:56:15.600,34.471,-80.603,6.6,3.9,172.68981685084654,135.154
seismic,1998-04-14 08:39:13.600,34.94,-84.915,3.5,2.0,459.7561911129861,320.711
seismic,1998-04-15 00:20:18.500,35.844,-86.604,0.0,1.7,584.9855337288849,209.831
seismic,1998-04-16 18:21:28.000,36.042,-83.736,6.1,2.1,471.7129053612044,200.569
seismic,1998-04-18 16:22:52.000,45.57,-74.99,18.0,4.1,47.68022948067275,440.04
seismic,1998-04-21 01:49:40.570,36.2835,-89.5288333,8.29,1.4,634.4161334120479,0.0
seismic,1998-04-21 23:28:26.600,38.171,-78.569,2.0,2.8,108.10694201279534,28.199
seismic,1998-04-22 02:58:45.500,35.989,-83.479,5.4,2.0,454.0291169844506,212.36
seismic,1998-04-23 19:38:09.160,36.2861667,-89.5285,8.73,1.5,634.7004280260551,0.0
seismic,1998-04-24 03:32:47.020,36.2188333,-89.4683333,5.31,1.7,626.1561327112488,0.0
seismic,1998-04-24 20:33:38.700,35.519,-82.074,1.6,2.0,350.098032693019,207.391
seismic,1998-04-26 06:02:27.400,35.552,-85.219,3.1,2.2,522.6674941787329,258.921
seismic,1998-04-26 06:38:28.200,37.678,-78.027,15.0,1.8,76.34913319457522,0.0
seismic,1998-04-27 10:22:42.790,36.237,-89.4816667,6.41,2.4,628.4022500321134,0.0
seismic,1998-04-29 01:44:55.870,36.1655,-89.435,9.08,2.0,619.6790662114321,0.0
seismic,1998-04-29 02:20:59.600,35.687,-84.209,0.0,1.5,466.9047835464995,233.953
seismic,1998-04-30 04:00:09.200,35.987,-83.815,10.1,1.7,470.7751664046692,205.105
seismic,1998-05-01 20:41:23.770,37.303,-81.848,0.0,3.1,401.16728799691776,77.59
seismic,1998-05-02 03:37:15.200,37.254,-87.264,8.9,2.5,731.2898780330343,82.74
seismic,1998-05-04 21:44:08.600,32.932,-80.173,10.5,2.2,23.1353090071729,0.0
seismic,1998-05-05 07:46:04.600,37.337,-87.287,10.0,1.8,740.3484438560752,74.392
seismic,1998-05-06 17:15:35.100,39.6,-80.088,0.0,2.6,266.6407200975377,223.115
seismic,1998-05-07 11:12:14.000,36.2686667,-89.5213333,6.02,1.4,632.6470182052957,0.0
seismic,1998-05-07 12:24:41.400,32.37,-88.11,10.0,2.8,181.8722432867962,52.247
seismic,1998-05-07 18:02:41.220,39.634,-79.964,0.0,2.5,258.4676341593336,229.118
seismic,1998-05-07 19:37:29.480,37.652,-81.877,0.0,3.0,401.9807239656544,84.675
seismic,1998-05-07 19:51:59.460,37.567,-82.008,0.0,2.6,415.2939434236605,93.717
seismic,1998-05-08 19:28:10.520,36.2341667,-89.5101667,6.21,1.6,628.6582920376538,0.0
seismic,1998-05-11 01:30:55.200,33.933,-85.919,1.5,2.5,383.01106190300567,267.752
seismic,1998-05-11 08:07:14.770,36.9116667,-89.0441667,6.07,2.9,695.812194157359,5.567
seismic,1998-05-11 14:24:11.760,35.6668333,-89.6328333,4.11,2.0,569.7875317070016,18.545
seismic,1998-05-12 09:37:10.090,36.4191667,-89.5106667,6.7,2.2,648.8754634885831,0.0
seismic,1998-05-12 20:00:18.750,37.692,-81.587,0.0,3.2,376.2754163054544,62.103
seismic,1998-05-13 21:10:33.370,38.038,-81.188,0.0,3.0,334.88131874620166,58.525
seismic,1998-05-15 09:06:24.100,35.22,-84.634,11.8,1.9,458.3526858633964,286.883
seismic,1998-05-17 15:12:28.700,36.137,-86.009,10.6,1.6,618.8370007678832,229.861
seismic,1998-05-18 21:32:26.680,38.586,-80.605,0.0,3.2,280.9584137125443,104.816
seismic,1998-05-20 01:53:28.000,38.758,-78.423,3.2,2.2,98.94377355773914,85.948
seismic,1998-05-21 06:37:18.700,36.541,-89.6071667,8.17,2.1,664.0865197773579,0.0
seismic,1998-05-21 09:07:10.100,34.114,-87.386,11.7,1.9,381.2033787447499,243.515
seismic,1998-05-21 14:53:29.030,36.1948333,-89.4328333,6.27,2.2,622.8452052538287,0.0
seismic,1998-05-25 10:46:58.000,35.653,-84.02,17.9,2.0,452.8261756378497,239.178
seismic,1998-05-25 15:47:02.000,46.457,-81.174,1.0,3.4,528.5481609799764,863.172
seismic,1998-05-27 06:04:51.470,36.1128333,-88.986,4.38,2.6,606.5216112365625,25.979
seismic,1998-05-31 10:43:19.900,36.006,-86.625,1.9,1.9,602.2346795161659,197.135
seismic,1998-05-31 11:03:55.300,34.998,-84.842,3.5,2.1,458.06943010257646,313.447
seismic,1998-06-05 02:31:03.900,35.554,-80.785,9.4,3.2,270.47709898783273,165.754
seismic,1998-06-05 18:07:00.180,36.2673333,-89.4746667,6.32,1.2,631.5799259876674,0.0
seismic,1998-06-08 07:42:40.190,36.539,-89.639,7.79,1.8,664.5151737164754,0.0
seismic,1998-06-09 08:53:51.000,44.75,-73.72,4.6,3.3,59.47994750958735,304.865
seismic,1998-06-10 17:48:01.560,36.5248333,-89.567,6.93,1.7,661.5221881079374,0.0
seismic,1998-06-11 03:29:02.710,35.8528333,-89.9795,9.21,1.7,598.730865983849,0.0
seismic,1998-06-11 05:21:17.500,34.899,-84.166,0.0,1.5,402.8412705195371,322.227
seismic,1998-06-11 07:44:11.640,36.1763333,-89.4453333,8.83,2.2,621.0633865722534,0.0
seismic,1998-06-14 12:34:41.600,37.688,-77.846,18.9,1.3,63.95084807597806,0.0
seismic,1998-06-16 10:49:46.640,36.4473333,-89.5003333,9.85,1.7,651.7566799031212,0.0
seismic,1998-06-17 02:21:43.010,36.2648333,-89.448,5.6,1.5,630.7923943408141,0.0
seismic,1998-06-17 04:01:02.100,36.117,-83.738,15.1,1.8,478.735905655738,192.352
seismic,1998-06-17 08:00:23.900,35.944,-84.392,11.3,3.6,499.283544027526,204.898
seismic,1998-06-17 18:07:46.100,35.94,-84.4,9.5,1.6,499.4215986100616,205.36
seismic,1998-06-17 21:19:01.530,38.584,-81.052,0.0,3.1,319.4906462888149,109.427
seismic,1998-06-18 05:09:59.500,34.714,-85.194,3.2,2.7,467.7024164812051,349.774
seismic,1998-06-19 01:02:58.600,35.18,-85.32,14.9,1.9,505.152801036884,301.49
seismic,1998-06-20 05:23:55.290,36.2756667,-89.516,7.49,1.5,633.3043702938264,0.0
seismic,1998-06-20 17:42:55.560,37.847,-81.687,0.0,3.2,381.3648962193734,77.423
seismic,1998-06-22 20:13:41.290,38.155,-81.204,0.0,2.8,334.53508401967287,70.254
seismic,1998-06-24 15:20:01.390,32.502,-87.954,5.0,3.4,196.5653152546268,71.282
seismic,1998-06-25 16:40:18.760,36.537,-89.6423333,10.48,1.8,664.3656721441561,0.0
seismic,1998-06-27 05:19:15.460,36.0715,-89.7943333,7.26,2.2,617.3197021463467,0.0
seismic,1998-06-30 10:10:33.600,35.27,-83.452,0.0,1.9,387.1761663723199,290.545
seismic,1998-07-03 13:06:49.500,35.27,-85.1,12.1,1.6,494.8605714533586,287.108
seismic,1998-07-04 11:24:18.700,35.533,-84.532,10.0,1.5,474.78756443750376,251.351
seismic,1998-07-05 07:48:03.050,36.2938333,-89.5321667,8.42,2.2,635.610610765952,0.0
seismic,1998-07-05 11:00:27.090,36.1753333,-89.4473333,9.62,2.0,620.9929078496225,0.0
seismic,1998-07-07 12:47:08.570,36.2608333,-89.4496667,5.5,1.6,630.3867346868609,0.0
seismic,1998-07-09 01:52:13.130,44.735,-73.677,0.1,2.5,62.35369665073288,301.237
seismic,1998-07-12 02:40:51.120,36.3283333,-89.519,7.29,1.3,639.1140098344825,0.0
seismic,1998-07-12 22:06:41.700,35.163,-85.795,5.0,1.7,521.0199971801338,314.801
seismic,1998-07-15 04:24:50.870,36.6891667,-89.5211667,15.34,2.7,678.6211707769512,0.0
seismic,1998-07-15 07:08:04.000,47.02,-66.61,5.0,4.0,95.15045105194832,568.758
seismic,1998-07-15 07:28:28.590,36.69,-89.5205,15.54,2.1,678.7000663768881,0.0
seismic,1998-07-19 15:02:46.600,32.995,-80.231,11.7,1.8,31.13725105068216,0.0
seismic,1998-07-23 20:29:14.200,35.141,-88.003,6.9,2.1,491.2800375840996,155.378
seismic,1998-07-23 23:11:41.900,34.857,-84.947,7.0,2.7,456.99158964003584,330.304
seismic,1998-07-24 13:56:26.600,37.245,-87.219,9.7,2.3,730.6941762890651,86.093
seismic,1998-07-28 19:56:42.170,37.292,-81.762,0.0,3.1,393.6601319449686,70.106
seismic,1998-07-30 08:57:22.000,46.16,-74.73,10.0,3.8,71.81052462260244,473.005
seismic,1998-07-30 10:28:34.700,34.658,-86.161,0.0,2.0,458.93382396639794,326.014
seismic,1998-08-01 08:27:48.450,36.5771667,-89.6095,7.47,1.7,668.0797600945051,0.0
seismic,1998-08-07 22:11:52.530,37.88,-81.545,0.0,2.9,368.5119312707423,68.71
seismic,1998-08-08 06:54:34.100,35.784,-84.219,5.2,1.9,475.60554645045926,223.061
seismic,1998-08-08 07:53:52.300,35.783,-84.215,4.9,2.0,475.2848001524172,223.191
seismic,1998-08-09 01:03:25.700,35.111,-84.517,0.4,1.7,442.4390030523992,298.474
seismic,1998-08-12 02:04:29.900,35.495,-84.975,2.1,2.3,501.657871765786,260.222
seismic,1998-08-15 20:40:19.150,36.5336667,-89.5975,8.31,1.7,663.0922869227744,0.0
seismic,1998-08-16 04:23:03.090,36.2256667,-89.4453333,6.83,1.9,626.4573593909357,0.0
seismic,1998-08-17 07:47:14.000,35.628,-87.914,29.8,2.1,545.8876267774481,135.162
seismic,1998-08-17 09:36:34.970,36.2256667,-89.446,7.13,1.6,626.470176240364,0.0
seismic,1998-08-17 19:20:24.650,36.2665,-89.5031667,6.76,1.4,632.0484364390212,0.0
seismic,1998-08-18 13:08:17.640,36.2678333,-89.5023333,6.64,1.4,632.1775172115447,0.0
seismic,1998-08-20 07:58:15.090,36.2088333,-89.41,5.0,1.8,623.943448163792,0.0
seismic,1998-08-24 16:22:49.150,36.1163333,-89.4038333,9.34,1.5,613.7036442855307,0.0
seismic,1998-08-26 20:06:24.970,36.3081667,-89.4955,6.74,1.1,636.4486755575463,0.0
seismic,1998-08-28 21:50:07.000,32.984,-80.161,7.3,1.4,25.032065475779397,0.0
seismic,1998-08-29 03:47:16.500,34.996,-86.262,6.2,1.5,494.7221910965953,299.131
seismic,1998-09-01 09:15:38.900,34.801,-85.044,0.0,2.1,461.028479293124,337.81
seismic,1998-09-01 09:32:32.000,36.728,-83.633,9.3,1.5,532.1115636648036,129.914
seismic,1998-09-02 17:44:08.150,36.4988333,-89.5538333,8.11,1.5,658.4232174153349,0.0
seismic,1998-09-03 07:33:06.300,35.012,-87.45,1.6,2.4,479.880412093292,204.827
seismic,1998-09-05 07:16:34.600,34.865,-85.195,4.4,2.4,476.442068787718,333.226
seismic,1998-09-06 05:08:23.900,36.747,-83.593,0.7,1.9,532.2613777123609,129.349
seismic,1998-09-06 18:35:29.750,36.2605,-89.2883333,7.01,2.1,627.4293889786405,1.666
seismic,1998-09-11 03:52:57.400,33.094,-80.156,9.9,2.1,33.486666329672055,1.863
seismic,1998-09-11 06:52:36.800,32.943,-80.164,6.9,1.4,22.88594352973994,0.0
seismic,1998-09-11 21:53:53.190,36.931,-82.536,0.0,2.8,464.8335596610521,144.069
seismic,1998-09-12 04:29:53.600,32.95,-80.213,11.0,1.6,27.343688968557085,0.0
seismic,1998-09-13 07:23:21.700,33.298,-87.649,16.1,2.9,287.496112001873,152.142
seismic,1998-09-13 11:22:43.200,35.227,-84.298,8.3,2.0,435.9978479344018,285.161
seismic,1998-09-13 15:47:08.500,36.12,-83.679,7.3,2.1,476.0767611557452,193.281
seismic,1998-09-13 18:11:04.400,36.387,-83.555,7.6,1.6,495.5418946137386,168.009
seismic,1998-09-14 23:24:18.840,36.5916667,-89.5795,16.48,2.1,669.0686524786503,0.0
seismic,1998-09-15 20:33:52.340,37.176,-82.919,0.0,2.8,495.86294830650985,129.973
seismic,1998-09-16 18:16:28.440,37.96,-81.416,0.0,3.0,355.85654791826,65.273
seismic,1998-09-17 08:46:40.250,36.8563333,-89.4485,4.46,2.5,695.6631370670755,0.0
seismic,1998-09-17 12:07:39.840,36.5751667,-89.5965,8.6,1.9,667.6021745131287,0.0
seismic,1998-09-18 19:18:25.370,36.2208333,-89.6216667,5.15,1.8,629.5219875628744,0.0
seismic,1998-09-19 18:31:25.690,37.988,-81.451,0.0,2.7,358.3458410669913,69.634
seismic,1998-09-20 03:24:24.000,35.331,-82.509,0.0,1.9,346.8814059155503,247.109
seismic,1998-09-21 20:32:33.900,37.828,-81.506,0.0,2.9,366.31108291899005,62.701
seismic,1998-09-22 18:44:44.500,35.265,-84.662,10.6,1.5,463.5167050245014,282.057
seismic,1998-09-25 19:52:52.070,41.495,-80.388,5.0,4.5,403.5215018132087,429.953
seismic,1998-10-02 10:01:06.900,38.068,-81.466,0.0,2.6,358.3190462044045,76.744
seismic,1998-10-04 08:38:02.920,36.3205,-89.49,6.16,1.6,637.6891622154571,0.0
seismic,1998-10-05 22:50:45.210,36.4411667,-89.5418333,8.72,2.2,651.8878959118636,0.0
seismic,1998-10-06 17:53:54.250,36.2061667,-89.4126667,6.91,1.6,623.7017921503485,0.0
seismic,1998-10-07 01:44:24.740,36.4015,-89.536,9.39,1.6,647.4403834532831,0.0
seismic,1998-10-15 21:30:11.740,37.972,-81.548,0.0,3.1,366.9636711033568,74.958
seismic,1998-10-16 23:42:35.700,33.567,-85.979,0.2,2.3,341.8399806349517,231.278
seismic,1998-10-17 09:05:28.610,36.5166667,-89.5486667,8.12,1.6,660.2707870487967,0.0
seismic,1998-10-19 10:46:21.500,36.303,-83.673,19.9,2.1,492.98522192994034,173.658
seismic,1998-10-20 16:30:10.600,35.396,-84.336,6.7,2.0,451.4460284457674,266.217
seismic,1998-10-21 05:56:46.900,37.422,-78.439,12.6,3.8,102.37257850988786,34.726
seismic,1998-10-22 06:52:40.400,34.627,-86.095,0.0,1.7,456.6597684002402,328.413
seismic,1998-10-22 09:43:35.000,49.34,-66.88,18.0,4.1,29.49133210208524,779.488
seismic,1998-10-24 18:17:26.190,37.691,-81.606,0.0,2.9,377.91970337004057,63.601
seismic,1998-10-26 08:46:57.330,35.8658333,-89.9973333,0.0,2.1,600.6117299635312,0.0
seismic,1998-10-26 15:06:36.890,38.035,-81.739,0.0,2.9,382.3310974208733,92.484
seismic,1998-10-27 06:41:17.700,39.788,-75.588,2.6,1.5,9.611055481225424,298.355
seismic,1998-10-27 20:36:15.460,37.772,-81.81,0.0,3.3,393.52743460952746,83.515
seismic,1998-10-28 21:04:27.110,37.73,-81.845,0.0,2.8,397.4312298959844,84.67
seismic,1998-10-31 01:12:24.400,36.12,-83.7,9.0,2.6,477.1172345209224,192.822
seismic,1998-10-31 01:24:29.700,33.05,-80.194,8.7,1.8,32.118693477166865,0.0
seismic,1998-10-31 04:07:55.420,36.3208333,-89.4775,5.15,1.5,637.4834394227452,0.0
seismic,1998-11-03 15:47:52.710,36.4345,-89.522,8.26,2.1,650.7714801811255,0.0
seismic,1998-11-05 19:47:45.400,32.934,-80.155,5.7,1.5,21.696159141040084,0.0
seismic,1998-11-06 21:05:38.240,37.701,-81.344,0.0,3.2,355.35398023917526,43.316
seismic,1998-11-09 18:36:47.100,36.5045,-89.5303333,6.51,2.5,658.5851615090511,0.0
seismic,1998-11-11 07:42:35.600,32.982,-80.176,7.3,1.3,26.044870271114537,0.0
seismic,1998-11-12 11:03:52.400,34.881,-84.668,8.0,2.0,437.6334342660285,324.937
seismic,1998-11-13 02:14:59.100,32.988,-80.224,12.5,2.0,30.18024082715367,0.0
seismic,1998-11-13 14:19:01.520,36.2005,-89.4835,6.34,1.5,624.4519313159743,0.0
seismic,1998-11-13 22:28:48.600,35.4,-85.211,14.0,1.7,511.6118673007366,275.189
seismic,1998-11-15 18:48:06.400,33.047,-80.154,9.1,2.1,29.288923647344173,0.0
seismic,1998-11-25 02:55:06.070,41.071,-82.405,5.0,2.7,512.8187215049651,357.614
seismic,1998-11-26 03:41:55.400,32.936,-80.174,6.4,1.5,23.39689187438908,0.0
seismic,1998-11-28 19:51:53.100,37.315,-87.265,0.0,2.9,738.0829611605105,77.52
seismic,1998-11-30 16:33:00.500,36.904,-82.861,0.0,2.0,493.6707641636452,153.131
seismic,1998-12-01 20:48:53.280,38.068,-81.412,0.0,3.1,353.6693585386373,73.475
seismic,1998-12-04 13:06:34.100,36.5341667,-89.6393333,7.49,1.7,663.9952680841955,0.0
seismic,1998-12-05 05:14:59.400,32.994,-80.171,6.5,1.6,26.442729594394685,0.0
seismic,1998-12-05 05:46:58.500,34.59,-85.452,2.8,2.2,460.929666487573,352.581
seismic,1998-12-11 18:01:52.000,36.5785,-89.6066667,7.04,1.9,668.1686068744624,0.0
seismic,1998-12-16 10:45:33.630,35.9071667,-89.9686667,8.48,2.2,604.218335441404,0.0
seismic,1998-12-19 20:05:11.240,37.898,-81.417,0.0,2.9,357.1811313730682,60.866
seismic,1998-12-21 03:30:55.500,36.161,-83.716,4.9,1.7,481.727443983649,188.022
seismic,1998-12-24 14:30:44.160,36.5271667,-89.6446667,10.63,1.9,663.342266884425,0.0
seismic,1998-12-25 13:30:26.000,43.83,-77.93,18.0,3.6,286.80298946722604,570.978
seismic,1998-12-27 19:34:21.610,36.269,-89.5058333,10.0,1.7,632.3742897111268,0.0
seismic,1998-12-29 04:14:27.380,36.0861667,-89.781,9.81,2.1,618.5771861669712,0.0
seismic,1999-01-01 08:47:31.100,36.271,-83.702,21.7,1.0,491.3502327861942,176.407
seismic,1999-01-01 14:23:48.200,37.405,-87.241,14.9,1.9,748.3286816654773,71.283
seismic,1999-01-04 08:22:23.000,38.079,-84.043,10.0,2.5,580.6120646352726,18.629
seismic,1999-01-06 07:14:36.800,32.917,-80.129,8.0,1.3,18.71616968190743,0.0
seismic,1999-01-06 09:26:22.950,35.5975,-88.4485,11.83,2.4,543.749710216344,94.115
seismic,1999-01-10 10:52:16.130,42.84,-70.98,2.0,3.1,9.57307390138252,0.0
seismic,1999-01-10 15:20:44.360,42.84,-70.995,2.1,3.0,10.77831358595301,0.792
seismic,1999-01-11 22:36:28.630,36.5446667,-89.6608333,9.12,1.8,665.5830856424714,0.0
seismic,1999-01-16 22:49:28.900,35.576,-84.609,9.9,2.1,483.1185365612104,246.979
seismic,1999-01-17 18:38:05.100,36.893,-83.799,1.0,3.1,555.4215214052979,107.345
seismic,1999-01-18 07:00:53.470,33.405,-87.255,1.0,4.8,305.9347283852317,166.08
seismic,1999-01-18 14:47:01.100,36.345,-83.481,8.2,1.7,488.15632280426496,174.76
seismic,1999-01-18 17:02:52.200,35.281,-85.279,21.7,1.7,508.61164956086606,289.617
seismic,1999-01-25 20:12:30.000,42.73,-77.85,3.0,2.5,356.5667731574416,531.223
seismic,1999-01-30 05:32:08.200,36.309,-84.163,24.3,1.9,518.2074198960614,164.775
seismic,1999-02-01 22:22:05.650,49.267,-80.939,18.0,3.4,644.4829632618666,1048.672
seismic,1999-02-03 16:13:04.500,35.052,-86.501,9.1,1.9,498.2360801220909,277.884
seismic,1999-02-10 09:31:51.200,37.281,-87.244,9.6,1.9,734.4777336530979,81.606
seismic,1999-02-15 22:03:23.480,37.997,-81.202,0.0,3.1,336.8066977071448,55.552
seismic,1999-02-24 17:14:35.520,37.225,-82.008,0.0,3.3,415.5801755804946,92.248
seismic,1999-02-25 02:11:29.930,34.1276667,-89.85,5.0,2.8,414.48626893599175,128.428
seismic,1999-02-25 17:08:30.480,37.027,-82.63,0.0,3.0,471.87059419214654,149.73
seismic,1999-02-26 03:38:43.000,44.48,-69.52,3.2,3.8,42.849061843833454,207.993
seismic,1999-03-08 23:56:58.950,35.8853333,-89.9846667,6.76,2.6,602.3336884305219,0.0
seismic,1999-03-09 06:25:43.800,34.959,-85.412,0.6,1.9,498.7019186588797,327.529
seismic,1999-03-09 12:07:05.000,44.76,-73.8,10.2,2.9,56.10435756530519,310.286
seismic,1999-03-10 16:26:33.550,37.911,-81.771,0.0,3.2,387.2458077638322,87.306
seismic,1999-03-13 06:57:56.600,36.036,-83.652,9.9,1.9,466.92082953493735,202.992
seismic,1999-03-16 12:50:48.000,49.61,-66.32,18.0,4.4,44.708164355476136,823.89
seismic,1999-03-16 13:10:56.210,36.2488333,-89.4596667,6.25,2.3,629.2667997229006,0.0
seismic,1999-03-17 03:13:00.400,38.761,-83.832,0.0,2.8,559.6381950543495,95.335
seismic,1999-03-18 08:46:00.670,36.5271667,-89.6058333,8.93,2.5,662.5504842507473,0.0
seismic,1999-03-20 17:45:08.800,32.94,-80.252,15.5,1.5,30.318641820433072,0.0
seismic,1999-03-23 21:29:57.920,36.177,-89.381,4.71,2.2,619.9155467303605,0.0
seismic,1999-03-25 19:21:44.390,38.012,-81.387,0.0,3.2,352.4266909424833,67.449
seismic,1999-03-29 14:49:37.800,33.064,-80.14,10.7,3.0,29.91702220132689,0.0
seismic,1999-03-29 16:43:07.800,33.057,-80.147,7.9,2.0,29.71117047051166,0.0
seismic,1999-03-30 08:48:01.300,36.81,-83.744,3.4,2.4,544.9364222317196,117.758
seismic,1999-04-02 11:03:24.600,35.485,-84.146,12.8,1.7,446.47004434314806,256.863
seismic,1999-04-02 11:34:42.600,35.498,-84.139,11.9,1.7,447.0945603705869,255.455
seismic,1999-04-05 14:52:39.600,34.119,-81.109,0.1,1.5,177.77713472930412,98.68
seismic,1999-04-05 15:30:25.300,36.37,-83.762,19.6,1.6,503.5653236372005,164.322
seismic,1999-04-12 06:42:40.300,35.017,-84.822,11.2,2.4,457.84527811651327,311.123
seismic,1999-04-15 01:11:57.000,35.893,-84.003,16.5,1.9,472.5598793508673,212.718
seismic,1999-04-16 02:53:56.720,36.4563333,-89.5216667,9.77,2.2,653.1515769518138,0.0
seismic,1999-04-17 00:31:00.300,35.649,-84.318,15.9,1.4,470.4258426980323,237.907
seismic,1999-04-20 07:17:30.300,37.029,-82.904,2.3,2.1,495.8779154339244,141.024
seismic,1999-04-24 10:43:52.000,35.56,-84.442,13.6,1.5,471.0926888067024,247.989
seismic,1999-04-27 01:06:51.900,36.119,-83.693,7.4,1.7,476.67672057023645,193.082
seismic,1999-05-07 09:06:00.600,35.496,-83.144,0.0,1.7,391.37165044307073,272.067
seismic,1999-05-13 03:00:51.200,33.536,-87.962,6.6,2.1,311.89781811963826,178.164
seismic,1999-05-13 10:38:59.900,35.092,-87.028,20.0,2.8,494.63653556384713,233.959
seismic,1999-05-13 10:38:59.960,34.9818333,-87.0318333,9.57,2.8,482.4802206200868,239.25
seismic,1999-05-14 15:36:33.800,34.693,-87.148,2.2,1.6,448.7440620603728,247.499
seismic,1999-05-15 18:16:45.200,35.734,-82.414,0.0,1.6,384.4832496358341,206.87
seismic,1999-05-16 15:40:14.600,37.445,-84.157,23.1,2.2,601.8842778011617,39.04
seismic,1999-05-17 17:29:33.200,35.307,-84.928,0.7,2.0,485.0905346387016,280.246
seismic,1999-05-18 02:34:15.600,35.313,-84.952,6.2,1.3,487.2045625569074,279.93
seismic,1999-05-18 02:45:21.000,35.307,-84.951,5.8,1.4,486.7182190035194,280.578
seismic,1999-05-18 20:08:48.360,36.4561667,-89.5215,9.18,1.6,653.1301354712458,0.0
seismic,1999-05-22 08:55:36.800,35.603,-84.702,21.4,1.7,491.2745223505037,244.737
seismic,1999-05-22 15:20:54.400,35.728,-83.902,19.6,1.9,452.4874193494459,232.285
seismic,1999-05-26 02:40:54.420,36.5386667,-89.6428333,9.0,1.4,664.5575755986172,0.0
seismic,1999-05-27 06:00:03.430,36.7206667,-89.5023333,4.46,2.4,681.7261456372574,0.0
seismic,1999-05-27 11:21:00.500,35.756,-83.955,14.1,1.9,457.91645605063513,228.513
seismic,1999-05-27 19:28:03.700,34.746,-82.065,3.0,2.4,270.492519868514,199.85
seismic,1999-05-28 12:11:57.900,35.163,-85.571,7.9,1.4,522.9661333287414,309.851
seismic,1999-05-29 22:59:04.100,36.106,-83.706,3.4,2.0,476.1149411724351,194.217
seismic,1999-05-30 01:26:36.300,32.918,-80.139,5.4,1.2,19.61752114845881,0.0
seismic,1999-05-30 03:41:56.800,36.103,-83.716,5.0,1.2,476.33632750118375,194.335
seismic,1999-06-01 21:01:45.870,38.015,-81.421,0.0,3.0,355.2974678010889,69.789
seismic,1999-06-02 07:47:13.000,36.4973333,-89.5563333,9.86,1.4,658.3084406119503,0.0
seismic,1999-06-04 12:16:51.800,36.672,-83.972,3.9,1.5,542.1065261014018,127.142
seismic,1999-06-08 12:49:35.360,36.416,-89.559,9.4,1.5,649.480273325977,0.0
seismic,1999-06-12 22:35:44.200,34.542,-87.825,4.5,1.8,424.6964527480096,212.454
seismic,1999-06-16 12:40:43.170,36.104,-89.752,6.08,2.5,619.8082884570621,0.0
seismic,1999-06-17 05:53:16.600,36.458,-83.477,10.4,1.4,498.966288749335,163.151
seismic,1999-06-22 00:41:21.350,36.5035,-89.532,6.43,2.0,658.5080303680605,0.0
seismic,1999-06-22 07:05:34.430,36.8618333,-89.4455,4.31,2.5,696.216073464304,0.0
seismic,1999-06-23 21:50:07.450,37.9,-81.565,0.0,2.9,369.808264916208,71.405
seismic,1999-06-25 17:31:07.200,34.793,-84.973,21.7,1.5,455.096308703056,337.723
seismic,1999-06-26 00:15:36.390,36.5026667,-89.53,5.7,1.1,658.3782793241821,0.0
seismic,1999-06-28 00:00:48.600,35.48,-83.19,13.4,1.8,392.1578964413963,274.63
seismic,1999-06-28 01:38:23.600,35.409,-83.221,10.5,1.9,387.1642885117865,281.268
seismic,1999-06-28 01:53:03.900,35.343,-85.072,10.0,1.1,497.79571836261096,278.596
seismic,1999-06-29 11:58:11.350,36.443,-89.5368333,8.72,1.7,651.9899769292051,0.0
seismic,1999-07-02 03:16:51.570,36.5748333,-89.5963333,6.11,1.5,667.562463200417,0.0
seismic,1999-07-03 18:35:18.520,36.0071667,-88.9661667,4.43,2.2,594.556569812423,31.966
seismic,1999-07-04 00:00:09.170,36.6075,-89.564,13.76,1.2,670.4969768513157,0.0
seismic,1999-07-04 11:19:16.580,36.3956667,-89.524,8.53,2.0,646.5670635344939,0.0
seismic,1999-07-06 06:21:04.000,35.634,-84.335,30.0,1.8,470.2610572114602,239.575
seismic,1999-07-06 09:29:00.900,37.0815,-88.8148333,12.51,2.3,712.2296330197565,4.841
seismic,1999-07-06 16:16:00.560,36.202,-89.4823333,7.2,2.1,624.5926317191668,0.0
seismic,1999-07-06 16:16:24.430,36.1996667,-89.4843333,6.49,1.6,624.3774519111897,0.0
seismic,1999-07-10 21:22:04.800,36.5066667,-89.5611667,8.07,1.1,659.423031218954,0.0
seismic,1999-07-15 07:42:10.870,36.5565,-89.8265,4.9,1.2,670.468040260662,0.0
seismic,1999-07-16 01:54:22.800,36.044,-83.669,4.2,1.8,468.5133307445942,201.75
seismic,1999-07-17 22:59:09.410,36.2406667,-89.3346667,4.58,2.2,626.0564791619066,0.0
seismic,1999-07-18 15:43:35.300,36.2063333,-89.4705,7.54,2.4,624.8327956050302,0.0
seismic,1999-07-19 14:00:31.370,36.5848333,-89.5998333,9.5,1.1,668.7237619921768,0.0
seismic,1999-07-22 04:58:22.660,36.5575,-89.6488333,13.29,1.9,666.7332331971362,0.0
seismic,1999-07-23 09:13:52.080,36.2376667,-89.333,4.7,2.2,625.6976597330413,0.0
seismic,1999-07-31 09:47:00.800,34.443,-87.331,0.0,2.6,418.314121293276,252.364
seismic,1999-07-31 09:47:01.000,34.45,-87.31,0.0,2.6,419.3963688673751,253.238
seismic,1999-08-01 03:46:42.370,36.3045,-89.4168333,4.13,2.4,634.5472637240488,0.0
seismic,1999-08-01 10:42:25.830,36.5223333,-89.5353333,6.37,2.1,660.6315364163494,0.0
seismic,1999-08-02 03:17:14.630,36.5413333,-89.6056667,9.19,1.2,664.0927195754601,0.0
seismic,1999-08-07 23:03:48.870,36.555,-89.8736667,7.32,1.1,671.3895063779412,0.0
seismic,1999-08-12 02:10:11.110,36.441,-89.5066667,6.65,1.6,651.1855106599573,0.0
seismic,1999-08-14 04:15:59.300,35.679,-84.208,12.2,1.8,466.1807170903049,234.852
seismic,1999-08-14 09:49:10.700,36.391,-81.251,0.0,1.8,366.22143998794456,85.724
seismic,1999-08-14 16:07:18.900,36.568,-81.236,3.3,1.7,359.42140760103786,68.134
seismic,1999-08-16 17:37:02.310,36.5806667,-89.6018333,8.59,1.5,668.3086934089936,0.0
seismic,1999-08-17 05:51:55.110,36.4103333,-89.5295,8.06,1.4,648.2772885817075,0.0
seismic,1999-08-19 01:30:44.300,36.147,-89.6878333,9.89,2.5,622.9720956220341,0.0
seismic,1999-08-19 14:12:05.400,36.5048333,-89.5501667,8.71,1.4,659.006959348921,0.0
seismic,1999-08-22 17:59:46.170,36.5028333,-89.547,6.76,1.8,658.7265513105555,0.0
seismic,1999-08-23 12:12:41.170,36.2591667,-89.5013333,9.06,3.1,631.2113562973624,0.0
seismic,1999-08-24 01:48:50.200,34.943,-84.988,0.0,2.3,465.4133777766573,321.326
seismic,1999-08-29 12:55:26.810,36.5033333,-89.548,6.74,1.3,658.800713905137,0.0
seismic,1999-09-02 16:17:29.700,41.721,-89.433,5.0,3.5,1084.3701291168677,172.886
seismic,1999-09-02 21:48:49.700,35.182,-85.395,15.8,1.7,510.8834297482344,303.078
seismic,1999-09-03 10:35:00.800,36.5145,-89.5601667,9.51,1.5,660.2590549452841,0.0
seismic,1999-09-04 13:51:48.710,36.1271667,-89.452,13.83,1.8,615.8209867832462,0.0
seismic,1999-09-05 22:57:45.560,36.4251667,-89.5193333,7.94,2.0,649.6995086904378,0.0
seismic,1999-09-11 15:26:47.860,36.4533333,-89.5423333,8.37,2.5,653.2267887943159,0.0
seismic,1999-09-12 12:15:06.580,36.678,-89.529,12.39,1.7,677.544241822286,0.0
seismic,1999-09-13 03:15:17.770,36.4783333,-89.479,3.56,2.2,654.7449638144185,0.0
seismic,1999-09-15 01:07:32.090,36.5325,-89.5133333,4.79,2.4,661.3221230578488,0.0
seismic,1999-09-16 04:37:08.290,36.5308333,-89.7213333,6.72,2.5,665.3575329480055,0.0
seismic,1999-09-17 12:13:10.900,36.171,-83.932,3.3,1.7,493.597192383284,182.895
seismic,1999-09-17 12:24:14.900,35.383,-84.273,13.7,1.9,446.3610819562568,267.748
seismic,1999-09-22 10:02:22.290,41.826,-81.476,18.0,2.8,494.8811464630278,465.665
seismic,1999-09-22 15:37:29.600,36.344,-83.641,34.8,1.6,495.37319975077895,170.095
seismic,1999-09-24 09:29:49.470,36.5686667,-89.6088333,7.39,1.7,667.1388133405843,0.0
seismic,1999-10-05 19:23:22.400,36.676,-83.552,31.6,1.5,523.542150774335,138.09
seismic,1999-10-11 21:50:38.800,33.862,-86.474,0.0,2.5,366.4599826772236,236.188
seismic,1999-10-13 10:09:00.000,42.55,-71.44,2.3,2.7,38.42769748866871,45.094
seismic,1999-10-17 00:58:49.770,36.521,-89.6048333,10.17,1.2,661.8575897810756,0.0
seismic,1999-10-18 22:50:05.660,36.6553333,-89.781,6.27,1.5,680.1742842757274,0.0
seismic,1999-10-19 09:38:14.200,35.593,-84.239,20.2,1.3,460.9979186240711,244.346
seismic,1999-10-21 19:16:34.860,38.238,-81.506,0.0,2.8,359.7148584952541,93.153
seismic,1999-10-26 07:25:54.620,36.3441667,-89.5695,11.97,2.0,641.8558903833352,0.0
seismic,1999-10-28 18:02:03.740,36.4286667,-89.528,6.95,1.0,650.2509831171158,0.0
seismic,1999-10-30 08:57:27.000,34.9,-82.3,5.0,2.3,295.3172100280436,226.183
seismic,1999-10-30 09:10:20.100,34.9,-82.3,5.0,2.2,295.3172100280436,226.183
seismic,1999-10-30 12:19:03.440,36.2818333,-89.425,5.81,2.0,632.2173693450154,0.0
seismic,1999-10-31 06:06:19.800,35.534,-83.071,11.3,1.6,391.43025531269177,264.356
seismic,1999-10-31 20:14:10.000,45.85,-74.32,18.0,4.2,32.36578348927646,426.199
seismic,1999-11-02 07:54:28.150,36.3005,-89.5211667,8.3,1.5,636.1181539752677,0.0
seismic,1999-11-03 07:59:18.840,36.5393333,-89.6011667,8.55,1.3,663.7841438685601,0.0
seismic,1999-11-04 05:11:31.480,36.7101667,-89.5133333,9.26,1.5,680.7770040800688,0.0
seismic,1999-11-04 07:50:38.660,36.538,-89.6433333,6.49,1.8,664.495207598898,0.0
seismic,1999-11-10 18:25:58.100,34.682,-85.035,0.0,2.1,453.419886509929,350.831
seismic,1999-11-11 15:05:22.650,36.7795,-89.5286667,3.84,2.6,688.6570248742433,0.0
seismic,1999-11-12 03:06:33.300,34.849,-85.341,12.1,2.2,486.8431768826472,337.858
seismic,1999-11-12 15:33:25.840,36.7708333,-89.5261667,2.49,1.3,687.6612922971549,0.0
seismic,1999-11-15 16:41:54.430,36.6151667,-89.566,12.58,1.1,671.373828268899,0.0
seismic,1999-11-17 03:31:22.400,35.418,-84.634,12.2,1.1,472.8013409798335,264.786
seismic,1999-11-20 00:07:29.900,35.453,-84.424,0.0,2.2,461.5785352264348,259.917
seismic,1999-11-22 00:31:15.600,36.976,-80.909,5.4,1.5,321.88638690103613,14.122
seismic,1999-11-22 03:46:49.300,34.899,-82.562,7.4,1.7,306.8305172723928,240.814
seismic,1999-11-22 04:53:17.870,36.5493333,-89.5725,1.49,1.2,664.3065834240646,0.0
seismic,1999-11-22 06:49:02.010,36.0241667,-89.5101667,8.89,1.7,605.7651632069269,0.0
seismic,1999-11-24 05:04:13.470,35.9751667,-89.9046667,9.44,1.1,609.7652466152949,0.0
seismic,1999-11-24 21:19:13.250,36.4505,-89.5383333,8.56,1.0,652.8387853762592,0.0
seismic,1999-11-26 08:58:17.400,34.736,-82.745,8.1,1.7,300.83536010186407,239.032
seismic,1999-11-26 20:57:59.040,36.1311667,-89.72,5.83,1.3,621.9950567206262,0.0
seismic,1999-11-26 22:33:01.400,43.71,-78.997,12.8,3.8,369.601533690349,642.115
seismic,1999-11-28 08:33:02.360,36.5635,-89.8165,2.8,2.1,671.0000459068578,0.0
seismic,1999-11-28 09:30:31.100,35.62,-84.11,2.7,1.5,455.3851636080138,242.042
seismic,1999-11-28 11:00:09.300,33.416,-87.253,1.0,3.5,307.17183849767343,167.322
seismic,1999-11-30 01:27:23.600,36.361,-83.91,3.4,2.4,509.9522943792047,162.371
seismic,1999-12-08 01:47:52.530,36.3973333,-89.6358333,12.05,1.8,649.0199517298161,0.0
seismic,1999-12-08 21:18:41.600,35.009,-84.855,8.9,2.0,459.74287655567673,312.365
seismic,1999-12-09 00:57:02.840,36.5643333,-89.6051667,7.0,2.3,666.5924798687208,0.0
seismic,1999-12-12 05:01:26.950,36.4783333,-89.5456667,8.13,1.4,656.0234340388258,0.0
seismic,1999-12-16 19:06:58.050,36.2051667,-89.3706667,6.43,1.4,622.8114345340441,0.0
seismic,1999-12-17 20:09:29.200,36.588,-83.103,14.5,1.6,496.7504915422443,166.073
seismic,1999-12-17 20:34:54.530,36.2566667,-89.4991667,7.34,1.1,630.8954445289419,0.0
seismic,1999-12-19 00:10:56.650,36.3661667,-89.5613333,10.78,1.1,644.0895395852438,0.0
seismic,1999-12-19 19:12:35.000,36.2956667,-89.4743333,5.08,1.1,634.6706753311146,0.0
seismic,1999-12-19 21:11:13.200,36.375,-83.912,0.0,2.5,511.3520227877368,160.799
seismic,1999-12-21 03:04:19.500,35.676,-83.097,36.5,1.7,406.2072834587588,255.608
seismic,1999-12-22 09:23:43.130,35.905,-89.9528333,12.62,1.4,603.5548323609639,0.0
seismic,1999-12-23 08:22:25.980,36.5525,-89.6726667,3.72,2.6,666.6823875901043,0.0
seismic,1999-12-23 19:38:59.760,36.1966667,-89.4301667,6.66,1.0,622.99468686638,0.0
seismic,1999-12-25 00:21:41.000,44.94,-69.37,5.0,3.0,61.68764064345596,258.539
seismic,1999-12-26 02:06:09.400,36.783,-82.66,3.1,1.9,477.9984040513039,159.351
seismic,1999-12-29 22:30:25.140,36.1053333,-89.4483333,12.35,1.2,613.363922335486,0.0
seismic,1999-12-30 11:30:48.610,36.4808333,-89.6278333,9.92,1.2,657.9469676036272,0.0
seismic,1999-12-30 22:44:13.530,35.9926667,-89.8903333,6.96,1.1,611.2652445007545,0.0
seismic,2000-01-01 11:22:57.000,46.888,-78.93,18.0,4.7,381.28571789436216,771.132
seismic,2000-01-02 15:04:44.600,34.962,-87.184,10.3,2.9,477.77110452962256,228.326
seismic,2000-01-02 15:04:45.000,34.96,-87.18,13.0,2.9,477.6120197748719,228.751
seismic,2000-01-03 13:43:23.470,35.9938333,-89.8863333,7.59,1.1,611.2864870346386,0.0
seismic,2000-01-03 21:05:50.000,44.31,-70.17,9.7,3.5,41.44947071785157,168.904
seismic,2000-01-03 21:25:00.000,35.368,-84.782,26.2,1.5,479.2129314409356,271.691
seismic,2000-01-05 12:06:29.650,36.4596667,-89.5515,8.46,1.0,654.0990099748591,0.0
seismic,2000-01-06 19:44:18.940,36.1775,-89.4575,6.82,1.3,621.4278671608578,0.0
seismic,2000-01-07 21:07:16.800,36.2771667,-89.4995,8.69,1.6,633.1407923921423,0.0
seismic,2000-01-11 01:21:08.370,36.5283333,-89.4943333,6.24,1.4,660.5070763029511,0.99
seismic,2000-01-11 01:35:35.940,36.2325,-89.4485,8.7,1.4,627.2655381777552,0.0
seismic,2000-01-11 02:47:49.230,36.5303333,-89.4945,6.68,1.3,660.7291722992248,1.026
seismic,2000-01-11 08:24:32.180,35.9945,-89.7793333,19.12,1.5,608.659485756488,0.0
seismic,2000-01-11 11:54:54.680,36.0318333,-89.4971667,10.0,2.7,606.3306124287394,0.0
seismic,2000-01-12 09:11:04.000,35.765,-82.4,11.5,1.6,387.2282921768394,203.458
seismic,2000-01-12 09:35:13.390,36.611,-89.5735,8.35,2.1,671.0639987531373,0.0
seismic,2000-01-13 17:57:31.520,36.1248333,-89.4065,7.7,2.3,614.6844257960073,0.0
seismic,2000-01-17 08:16:20.000,44.57,-70.44,16.3,3.6,77.36983907132313,191.269
seismic,2000-01-18 22:19:32.200,32.92,-83.465,19.2,3.5,242.23984823462163,238.795
seismic,2000-01-21 05:59:49.000,42.99,-71.18,1.7,2.5,31.52971373297712,22.324
seismic,2000-01-22 02:52:52.780,36.2948333,-89.5303333,8.63,1.2,635.6829265432124,0.0
seismic,2000-01-22 23:03:21.460,36.502,-89.5525,8.13,1.5,658.7430508852789,0.0
seismic,2000-01-23 08:36:43.160,36.0806667,-89.7811667,6.55,1.8,617.9882285871764,0.0
seismic,2000-01-25 20:35:26.400,35.08,-86.361,0.0,2.4,502.7970115033781,286.177
seismic,2000-01-26 00:21:48.710,36.2171667,-89.4088333,7.01,2.8,624.8338422372051,0.0
seismic,2000-01-26 02:01:56.940,36.389,-89.5426667,8.73,1.1,646.2074823316924,0.0
seismic,2000-01-26 03:59:28.900,36.3203333,-89.5428333,9.22,1.1,638.7164751810184,0.0
seismic,2000-01-26 15:24:42.520,36.388,-89.5436667,9.2,2.3,646.1181864798302,0.0
seismic,2000-01-27 01:01:51.640,36.5286667,-89.4941667,7.46,2.2,660.5404484178624,1.013
seismic,2000-01-27 02:09:51.900,36.3786667,-89.5475,9.52,1.1,645.1757471531952,0.0
seismic,2000-01-27 03:44:26.690,36.5271667,-89.497,7.1,1.3,660.4295029130543,0.733
seismic,2000-01-27 14:49:40.000,43.0,-71.18,1.4,3.0,32.044426700813844,23.046
seismic,2000-01-28 00:25:08.870,36.2995,-89.504,8.06,1.0,635.6688024193107,0.0
seismic,2000-01-28 19:17:16.840,36.5278333,-89.4965,7.4,1.0,660.4930689415771,0.79
seismic,2000-02-02 14:00:44.340,36.3025,-89.5116667,7.58,1.0,636.1478624986925,0.0
seismic,2000-02-06 07:27:24.900,36.4415,-89.5073333,6.17,1.2,651.2530140446363,0.0
seismic,2000-02-12 13:00:08.620,36.1306667,-89.7236667,5.25,1.7,622.0259328431558,0.0
seismic,2000-02-13 05:56:36.800,35.917,-83.878,8.9,1.2,467.8304594877779,211.745
seismic,2000-02-18 03:47:40.000,34.556,-80.5,0.1,2.4,172.7135481050196,135.443
seismic,2000-02-21 14:27:31.200,36.363,-83.591,0.0,1.5,494.874290409799,169.463
seismic,2000-02-21 18:41:20.230,36.3661667,-89.4968333,6.26,1.0,642.8135482153609,0.0
seismic,2000-02-22 17:57:11.220,36.5473333,-89.6905,15.96,1.9,666.4943135495148,0.0
seismic,2000-02-26 07:54:44.280,36.5111667,-89.635,12.11,1.4,661.3997907637099,0.0
seismic,2000-03-03 13:49:15.540,36.4701667,-89.5431667,11.55,1.3,655.082199981572,0.0
seismic,2000-03-04 19:08:25.100,35.664,-84.335,0.0,2.3,472.6942019160825,236.217
seismic,2000-03-04 19:08:25.230,35.6768333,-84.3273333,11.97,1.9,473.2669169858473,234.784
seismic,2000-03-06 07:21:32.330,36.4408333,-89.5518333,9.64,1.3,652.0488431047542,0.0
seismic,2000-03-06 15:02:28.000,38.1,-87.57,5.0,2.7,823.7958644380343,0.0
seismic,2000-03-07 03:37:39.310,36.5551667,-89.623,6.77,1.7,665.9515316211846,0.0
seismic,2000-03-11 08:22:41.300,36.151,-86.645,0.0,2.1,617.7026757363058,186.45
seismic,2000-03-12 06:20:23.600,35.315,-85.109,13.2,1.3,498.5379858518078,282.349
seismic,2000-03-13 12:21:33.600,36.3055,-89.4946667,6.5,1.1,636.1409942517155,0.0
seismic,2000-03-14 21:01:46.430,36.2776667,-89.5368333,7.47,1.1,633.9408916225426,0.0
seismic,2000-03-16 21:55:02.540,36.052,-89.8265,9.4,1.2,616.0123906142985,0.0
seismic,2000-03-20 04:54:08.000,35.049,-86.356,8.6,2.0,499.4148706592368,289.139
seismic,2000-03-20 10:00:50.200,34.685,-85.362,3.9,2.8,472.7540870081893,356.146
seismic,2000-03-20 10:00:50.650,34.6955,-85.3715,12.79,2.1,473.764525099793,355.201
seismic,2000-03-20 19:36:50.300,34.694,-85.393,3.5,1.7,473.2730577605611,355.821
seismic,2000-03-24 19:45:26.600,35.415,-85.349,15.2,1.4,522.5499514945317,276.891
seismic,2000-03-25 08:32:49.300,36.3041667,-89.4971667,6.95,1.2,636.0442804789348,0.0
seismic,2000-03-29 07:03:36.000,37.762,-83.587,18.3,2.0,546.0850407040202,48.349
seismic,2000-04-01 06:07:51.430,36.48,-89.5391667,7.23,1.5,656.0785037777229,0.0
seismic,2000-04-06 21:21:24.640,37.977,-81.408,0.0,3.0,354.8531131663284,66.038
seismic,2000-04-07 01:29:36.300,33.944,-81.03,1.0,1.8,157.6340653438694,77.919
seismic,2000-04-07 01:36:55.100,33.939,-81.057,0.8,1.4,157.35587393533646,78.025
seismic,2000-04-07 01:40:03.000,33.972,-81.006,1.0,1.2,159.0189146251426,80.454
seismic,2000-04-09 17:00:21.840,36.3133333,-89.5353333,9.02,1.0,637.8020019301866,0.0
seismic,2000-04-09 22:52:13.330,36.2843333,-89.4923333,6.68,1.1,633.7826475410501,0.0
seismic,2000-04-10 06:55:52.330,36.2831667,-89.4923333,6.98,1.1,633.6551953966703,0.0
seismic,2000-04-10 12:48:15.360,35.4628333,-84.1615,13.59,2.1,445.63874581788167,259.249
seismic,2000-04-10 12:48:15.500,35.458,-84.175,10.3,1.8,446.0922036550958,259.716
seismic,2000-04-12 03:54:05.810,35.6793333,-84.3253333,11.81,1.2,473.3479394038328,234.505
seismic,2000-04-12 03:54:05.900,35.673,-84.319,7.0,1.6,472.442106208616,235.219
seismic,2000-04-12 04:38:16.900,36.617,-83.789,18.3,1.9,528.3159089585789,137.007
seismic,2000-04-14 00:43:07.550,36.2833333,-89.4748333,4.88,1.2,633.3320589981317,0.0
seismic,2000-04-14 03:54:20.000,39.76,-86.75,5.0,3.6,818.0912138734445,0.0
seismic,2000-04-14 13:13:41.200,37.321,-83.348,0.0,2.0,532.7225772247169,90.077
seismic,2000-04-15 09:20:32.310,36.5085,-89.5785,8.59,1.1,659.9661360860525,0.0
seismic,2000-04-15 20:43:15.830,36.3086667,-89.5333333,8.24,1.0,637.2526546337194,0.0
seismic,2000-04-16 02:38:45.000,36.241,-83.947,8.7,1.9,500.7612899849412,174.942
seismic,2000-04-16 18:59:12.990,43.96,-74.24,6.0,2.3,121.53118450801192,290.651
seismic,2000-04-20 08:46:55.470,43.949,-74.257,5.0,3.8,122.3721087657272,291.393
seismic,2000-04-22 00:59:27.700,33.861,-86.528,0.0,1.9,365.6640282417195,234.108
seismic,2000-04-25 03:00:19.400,35.538,-84.782,10.5,1.9,491.6779824160872,252.8
seismic,2000-04-28 23:36:26.160,37.7446667,-88.4116667,0.64,2.9,783.6774569274576,0.0
seismic,2000-04-29 03:34:53.100,37.7,-77.5,5.0,2.5,44.907207314990885,26.056
seismic,2000-04-29 08:05:48.250,36.179,-89.432,7.84,1.6,621.0975270669787,0.0
seismic,2000-04-29 08:36:21.460,36.5353333,-89.6405,6.88,1.5,664.1463656040708,0.0
seismic,2000-05-03 12:48:31.060,35.9103333,-84.5853333,23.91,1.7,508.1452199957661,209.495
seismic,2000-05-03 12:48:31.200,35.892,-84.57,26.4,2.1,505.7104820868213,211.438
seismic,2000-05-06 23:28:04.800,36.2348333,-89.449,5.51,1.2,627.5303206167202,0.0
seismic,2000-05-07 07:13:02.300,33.025,-80.157,7.7,1.3,27.709149146131345,0.0
seismic,2000-05-07 10:23:45.500,32.73,-87.18,9.1,2.4,235.7132813493273,94.573
seismic,2000-05-08 22:37:07.100,35.07,-85.174,8.5,1.8,487.31857287943086,310.387
seismic,2000-05-11 08:41:57.400,36.375,-82.589,11.0,1.8,449.7537645281054,172.951
seismic,2000-05-11 11:45:47.840,36.2051667,-89.626,5.93,1.2,627.9130092042113,0.0
seismic,2000-05-13 14:57:15.600,36.2536667,-89.4706667,7.71,2.4,630.0083965198062,0.0
seismic,2000-05-14 06:46:30.870,36.0483333,-89.8273333,9.64,1.0,615.638768467335,0.0
seismic,2000-05-14 20:51:19.010,36.5391667,-89.6391667,8.31,1.1,664.5367613027664,0.0
seismic,2000-05-15 15:05:34.100,35.181,-84.874,0.0,2.5,472.5840561856232,293.492
seismic,2000-05-15 15:05:34.260,35.1915,-84.8826667,5.29,2.8,473.9198239991807,292.433
seismic,2000-05-16 01:25:18.000,36.335,-83.45,15.3,1.6,485.8063328888837,176.812
seismic,2000-05-18 17:30:46.460,34.9806667,-84.9878333,9.74,1.5,467.7692114334011,317.16
seismic,2000-05-23 03:09:19.200,36.3081667,-89.5,7.19,1.0,636.5368581600297,0.0
seismic,2000-05-23 17:53:07.300,32.929,-80.151,6.5,1.0,21.12593019674614,0.0
seismic,2000-05-24 10:22:46.210,43.806,-79.099,18.0,3.1,372.9057262675075,653.593
seismic,2000-05-25 20:03:26.390,36.118,-89.7361667,6.87,1.3,620.9478697433478,0.0
seismic,2000-05-26 07:55:04.730,36.318,-89.5376667,9.56,1.2,638.3580550413492,0.0
seismic,2000-05-27 11:53:58.610,36.55,-89.821,10.68,2.4,669.6393764571267,0.0
seismic,2000-05-27 13:31:50.900,32.95,-80.129,6.8,1.3,20.43494881084524,0.0
seismic,2000-05-28 04:51:23.480,36.2036667,-89.4028333,7.63,2.3,623.2431912198234,0.0
seismic,2000-05-28 11:32:06.300,33.708,-87.811,0.0,3.0,331.682103883024,199.019
seismic,2000-05-28 11:32:07.000,33.81,-87.82,5.0,3.0,343.00645896588685,210.436
seismic,2000-05-28 12:23:58.950,36.5521667,-89.8036667,9.71,1.5,669.4832891029712,0.0
seismic,2000-05-29 04:02:34.270,36.268,-89.4728333,6.3,1.1,631.6171645539093,0.0
seismic,2000-05-30 12:08:34.490,36.288,-89.4731667,6.52,1.3,633.8099309817492,0.0
seismic,2000-05-30 21:19:05.120,38.101,-81.582,0.0,2.9,367.8399112755527,86.58
seismic,2000-06-03 04:43:56.120,36.217,-89.465,5.42,2.2,625.8907124626488,0.0
seismic,2000-06-04 05:06:47.600,35.552,-84.161,5.0,2.4,452.8573591851445,249.29
seismic,2000-06-04 05:06:47.770,35.5596667,-84.1731667,12.53,1.6,454.2306866649959,248.365
seismic,2000-06-08 08:32:02.380,36.0848333,-89.4105,8.03,1.1,610.386179540703,0.584
seismic,2000-06-10 04:06:16.600,36.2055,-89.3675,5.0,2.5,622.7900297764852,0.0
seismic,2000-06-12 08:45:47.190,36.1201667,-89.7365,5.09,2.2,621.189822133719,0.0
seismic,2000-06-15 09:25:54.000,47.67,-69.81,10.6,3.7,3.5658603267856086,538.439
seismic,2000-06-16 04:02:53.000,42.1,-72.82,9.8,3.3,89.25604365995436,168.276
seismic,2000-06-19 13:54:50.670,36.3001667,-89.5176667,8.28,1.4,636.0121149396973,0.0
seismic,2000-06-19 20:20:44.440,36.2996667,-89.5133333,8.39,2.0,635.8714946952205,0.0
seismic,2000-06-21 02:51:20.500,34.627,-85.395,2.9,1.4,465.8530649075639,358.88
seismic,2000-06-22 16:03:59.550,36.4095,-89.5221667,8.73,1.5,648.0426191882202,0.0
seismic,2000-06-25 10:35:30.300,35.195,-88.051,2.1,1.7,497.3201567717401,148.304
seismic,2000-06-27 06:02:57.010,37.1493333,-88.8345,11.74,2.9,719.9713238466627,0.0
seismic,2000-06-27 14:08:46.770,36.2431667,-89.4336667,7.59,1.3,628.1487351768765,0.0
seismic,2000-06-28 17:44:27.590,36.2915,-89.4718333,5.32,1.5,634.1667939956487,0.0
seismic,2000-06-29 03:27:09.160,36.4301667,-89.5083333,8.38,1.1,650.0330071727493,0.0
seismic,2000-06-30 02:20:41.330,36.5761667,-89.5898333,8.1,1.5,667.5791789969282,0.0
seismic,2000-07-01 15:29:41.990,36.3685,-89.5491667,10.56,2.0,644.0994797150992,0.0
seismic,2000-07-02 14:20:21.000,35.194,-84.271,13.6,1.9,431.70748123560026,288.899
seismic,2000-07-02 19:58:01.600,36.3228333,-89.5645,10.73,1.3,639.4280396322723,0.0
seismic,2000-07-06 02:48:06.100,36.3925,-89.513,9.35,1.5,646.0059936926156,0.0
seismic,2000-07-07 17:26:22.600,36.5353333,-89.642,8.5,1.0,664.1771963021662,0.0
seismic,2000-07-07 23:35:00.600,34.956,-84.988,9.0,1.3,466.2277947175164,319.889
seismic,2000-07-08 21:41:02.300,35.817,-83.956,11.0,1.7,463.2840384868537,221.732
seismic,2000-07-11 13:48:33.990,36.2893333,-89.516,7.8,1.0,634.7962549227867,0.0
seismic,2000-07-11 13:54:20.960,36.2906667,-89.516,7.9,1.0,634.9418232416414,0.0
seismic,2000-07-11 14:59:47.600,35.884,-83.812,4.9,2.8,461.3284793092284,216.462
seismic,2000-07-11 14:59:47.730,35.8671667,-83.7971667,9.93,2.8,459.0240496645784,218.572
seismic,2000-07-11 17:44:26.310,35.4853333,-85.1775,22.14,1.7,515.0963104294291,265.189
seismic,2000-07-11 17:44:26.900,35.491,-85.162,16.9,2.0,514.3998948624306,264.234
seismic,2000-07-12 06:27:05.200,35.546,-85.168,14.9,1.3,518.6793738958714,258.397
seismic,2000-07-12 09:55:34.000,36.838,-83.589,0.0,1.9,541.0583162609382,120.22
seismic,2000-07-12 15:01:49.000,47.52,-71.1,10.0,4.2,46.456434091286745,515.422
seismic,2000-07-12 17:08:51.980,36.2416667,-89.4293333,6.94,2.0,627.9023430141856,0.0
seismic,2000-07-14 20:03:28.740,38.022,-81.303,0.0,3.0,345.03646574034855,63.293
seismic,2000-07-18 10:29:48.700,35.639,-86.713,5.7,2.1,560.4175404021868,218.359
seismic,2000-07-21 03:59:01.800,32.786,-80.317,6.7,1.7,18.967534294139217,0.0
seismic,2000-07-21 15:35:12.000,35.31,-85.147,17.5,1.2,500.93624260618736,283.632
seismic,2000-07-21 16:15:35.000,36.0648333,-89.8031667,6.78,1.2,616.8174798862804,0.0
seismic,2000-07-24 10:43:56.610,36.2533333,-89.4783333,5.94,1.3,630.1214334260035,0.0
seismic,2000-07-25 04:58:16.090,36.303,-89.513,8.27,1.4,636.2288629827427,0.0
seismic,2000-07-25 20:22:36.900,38.407,-80.836,0.0,2.8,300.73743940576344,86.024
seismic,2000-07-26 21:43:41.430,36.487,-89.5668333,8.17,1.0,657.3871215824897,0.0
seismic,2000-07-27 10:26:40.100,35.213,-86.527,1.9,2.1,515.9378455290502,265.15
seismic,2000-07-27 13:10:24.500,35.211,-86.518,7.6,2.1,515.791426697268,265.84
seismic,2000-07-28 20:16:39.400,35.662,-84.239,14.8,1.9,466.6516912599669,236.627
seismic,2000-07-28 20:16:39.480,35.6778333,-84.2505,18.9,1.8,468.65491483568405,234.817
seismic,2000-08-03 08:53:38.890,37.1413333,-88.7776667,7.18,2.4,718.5643504715878,0.0
seismic,2000-08-05 19:21:21.510,38.032,-81.841,0.0,3.0,391.1608960536517,99.596
seismic,2000-08-06 08:52:24.000,46.19,-74.97,18.0,4.0,83.51003323380242,487.729
seismic,2000-08-07 02:02:30.400,40.958,-81.151,5.0,2.9,415.47732932345065,372.956
seismic,2000-08-07 07:03:44.600,35.811,-84.904,0.2,1.7,520.4225968678587,224.277
seismic,2000-08-08 01:49:18.990,36.4808333,-89.5285,9.05,1.3,655.9622684752255,0.0
seismic,2000-08-08 20:34:54.930,36.4773333,-89.5481667,8.04,1.4,655.9631975158512,0.0
seismic,2000-08-09 11:30:47.900,34.912,-85.253,0.0,2.3,483.6814429358821,329.185
seismic,2000-08-09 11:30:48.290,34.9233333,-85.228,11.62,2.0,482.4335443051879,327.459
seismic,2000-08-10 06:09:16.140,36.145,-89.4423333,11.1,1.9,617.5803062570309,0.0
seismic,2000-08-10 23:54:13.000,33.016,-80.179,7.1,1.6,28.55150377649825,0.0
seismic,2000-08-12 11:22:43.030,36.1026667,-89.7558333,7.82,1.7,619.7551886317872,0.0
seismic,2000-08-12 18:25:41.450,36.5443333,-89.5486667,3.4,1.1,663.2946978996157,0.0
seismic,2000-08-12 19:15:49.130,36.5448333,-89.5476667,3.67,1.4,663.3299659261368,0.0
seismic,2000-08-14 17:31:44.040,37.92,-81.561,0.0,2.8,369.06362446074405,72.391
seismic,2000-08-14 23:39:01.700,36.123,-89.7283333,8.91,1.2,621.3054229033601,0.0
seismic,2000-08-15 05:42:08.100,34.751,-87.421,10.7,1.3,451.22141427710176,223.76
seismic,2000-08-16 10:02:46.400,35.166,-82.418,2.0,1.7,326.6923780759298,256.684
seismic,2000-08-16 10:07:10.600,34.928,-83.445,9.0,1.9,357.7222791540957,301.212
seismic,2000-08-17 09:10:56.680,37.3433333,-89.603,11.88,2.2,751.8443600170258,8.248
seismic,2000-08-18 10:09:55.100,37.186,-79.947,10.0,2.7,235.0363143932493,34.687
seismic,2000-08-19 10:23:46.180,36.1783333,-89.4641667,9.99,2.0,621.6495552661371,0.0
seismic,2000-08-19 10:28:16.210,36.366,-89.5333333,8.83,1.2,643.5109874140649,0.0
seismic,2000-08-20 06:44:17.000,35.628,-84.194,9.9,1.4,461.1159444636557,240.62
seismic,2000-08-21 11:12:41.030,36.7741667,-89.5275,4.71,1.5,688.0511048400116,0.0
seismic,2000-08-21 12:00:01.270,36.0613333,-89.8318333,8.15,1.5,617.1488820030686,0.0
seismic,2000-08-22 05:45:14.000,41.42,-73.63,6.7,2.6,29.02665581534441,265.191
seismic,2000-08-23 08:12:43.100,35.916,-84.631,18.7,1.6,511.41423764728256,209.222
seismic,2000-08-26 08:04:26.360,38.104,-87.277,5.0,2.6,826.0307928658622,10.058
seismic,2000-08-27 18:05:26.380,36.2318333,-89.4376667,7.54,1.4,626.9849711360613,0.0
seismic,2000-09-04 02:26:51.800,35.052,-85.522,18.5,1.7,511.1811971035762,320.304
seismic,2000-09-04 07:36:20.400,32.923,-80.166,6.3,1.3,22.156666096015893,0.0
seismic,2000-09-05 14:17:14.900,31.535,-87.31,3.3,2.5,106.34162420074466,6.717
seismic,2000-09-05 14:21:14.400,32.121,-87.86,0.0,2.5,154.80135240223342,31.104
seismic,2000-09-07 10:07:40.780,44.355,-69.382,5.0,3.2,30.707858665371838,202.318
seismic,2000-09-07 23:00:53.830,36.1283333,-89.7096667,9.81,1.9,621.4500214459039,0.0
seismic,2000-09-08 10:10:37.890,35.8803333,-84.3148333,28.57,1.8,489.3717798985506,212.011
seismic,2000-09-08 10:10:38.400,35.962,-84.351,20.5,2.5,498.38779029086623,202.849
seismic,2000-09-09 23:47:27.700,35.132,-85.735,5.5,2.6,518.0045701507494,318.116
seismic,2000-09-09 23:47:28.000,35.1505,-85.735,6.78,2.2,520.0668666591835,316.181
seismic,2000-09-11 05:35:40.900,35.675,-83.585,5.5,1.6,430.41754940403706,243.671
seismic,2000-09-12 10:28:48.000,35.027,-85.704,3.6,2.0,506.5603022305194,328.172
seismic,2000-09-14 16:05:22.000,34.675,-85.296,0.0,2.7,472.72094048151,355.915
seismic,2000-09-14 16:05:22.160,34.6798333,-85.2991667,10.76,2.1,473.1992556827517,355.448
seismic,2000-09-16 03:22:41.280,36.4495,-89.5458333,8.45,1.1,652.8768813534787,0.0
seismic,2000-09-17 23:32:36.220,36.2148333,-89.5205,7.72,1.7,626.7569824470285,0.0
seismic,2000-09-21 07:17:25.600,34.848,-85.278,0.0,1.9,481.8791325919884,336.667
seismic,2000-09-22 04:25:16.500,33.01,-80.151,4.8,2.4,26.15416280317733,0.0
seismic,2000-09-23 03:20:46.560,35.02167,-82.34467,7.78,2.2,309.284306652577,239.619
seismic,2000-09-23 03:20:47.200,35.049,-82.415,2.0,2.4,314.90908237940386,245.794
seismic,2000-09-24 13:38:48.900,33.039,-80.16,7.0,2.3,29.013995570622587,0.0
seismic,2000-09-25 07:09:17.220,36.201,-89.481,5.95,1.6,624.4570540948824,0.0
seismic,2000-09-25 13:16:41.600,35.399,-84.581,10.2,1.7,467.82741665156567,266.572
seismic,2000-09-26 14:37:28.170,36.1313333,-89.425,9.6,1.1,615.7502918116257,0.0
seismic,2000-09-27 16:03:44.750,36.4426667,-89.545,8.67,1.9,652.1140922400842,0.0
seismic,2000-09-29 06:33:15.110,36.4933333,-89.5475,8.61,1.5,657.698242861745,0.0
seismic,2000-09-30 02:01:05.230,36.5948333,-89.6238333,7.78,1.3,670.2951931454386,0.0
seismic,2000-10-03 15:10:23.690,36.5981667,-89.5871667,9.27,2.3,669.9293045163769,0.0
seismic,2000-10-05 23:33:56.380,39.949,-76.198,5.0,2.0,44.27192358148456,277.884
seismic,2000-10-06 11:48:04.840,36.5973333,-89.588,8.95,2.2,669.854674747293,0.0
seismic,2000-10-06 13:59:04.000,45.13,-74.02,18.0,3.8,11.621206127326944,351.228
seismic,2000-10-12 22:49:25.500,36.843,-83.842,0.0,1.7,552.4687524413155,111.424
seismic,2000-10-14 07:56:38.860,36.4315,-89.5486667,9.66,2.1,650.9669759124041,0.0
seismic,2000-10-15 23:49:33.000,43.65,-71.39,1.0,2.6,76.77590804061225,93.352
seismic,2000-10-16 17:56:13.800,38.636,-80.92,16.9,2.5,308.3814600721772,112.546
seismic,2000-10-17 11:55:32.160,36.1691667,-89.4876667,5.9,1.2,621.1141210722537,0.0
seismic,2000-10-19 06:39:26.900,35.625,-84.058,5.2,1.8,452.702731478645,241.922
seismic,2000-10-19 18:12:45.700,32.969,-80.227,12.3,2.0,29.419534100437563,0.0
seismic,2000-10-21 18:36:00.500,35.717,-84.202,17.8,2.3,468.9822969956841,230.632
seismic,2000-10-23 07:57:30.500,35.549,-84.752,8.7,1.6,490.49510604549545,251.254
seismic,2000-10-24 20:46:27.680,34.9961667,-86.967,8.2,2.0,485.2352918634515,243.688
seismic,2000-10-24 20:46:27.700,35.006,-86.966,10.8,1.8,486.3304947634423,243.264
seismic,2000-10-27 07:43:26.380,36.1066667,-89.748,6.72,1.2,620.0016917981667,0.0
seismic,2000-10-28 00:30:14.130,36.5393333,-89.6098333,9.09,1.2,663.9583900635868,0.0
seismic,2000-11-03 13:38:09.470,36.4536667,-89.538,9.13,1.7,653.178242373769,0.0
seismic,2000-11-04 19:21:46.820,36.1155,-89.742,7.92,2.2,620.8145362943641,0.0
seismic,2000-11-04 19:25:07.490,36.1165,-89.7395,7.29,1.8,620.8638906818293,0.0
seismic,2000-11-06 03:39:50.800,35.514,-87.881,0.0,2.2,533.1991208576982,143.799
seismic,2000-11-06 12:16:36.700,42.762,-74.068,8.0,2.4,162.59173341324282,250.269
seismic,2000-11-07 05:27:29.800,35.715,-84.377,15.1,1.2,479.4319239644167,230.519
seismic,2000-11-07 10:35:35.250,36.1446667,-89.7096667,7.83,2.0,623.2174422053889,0.0
seismic,2000-11-09 05:32:48.640,36.2815,-89.4453333,6.17,2.3,632.5649614443795,0.0
seismic,2000-11-09 15:13:55.500,35.498,-85.054,15.0,1.2,507.342074493266,261.283
seismic,2000-11-11 08:15:34.640,36.115,-89.438,13.16,2.2,614.2173113610629,0.0
seismic,2000-11-14 14:44:19.280,36.5676667,-89.8616667,7.58,1.5,672.4812649992887,0.0
seismic,2000-11-15 23:11:45.800,32.95,-80.163,5.9,1.0,23.16239116210692,0.0
seismic,2000-11-16 06:21:19.660,36.1348333,-89.7231667,9.28,2.2,622.4649365914435,0.0
seismic,2000-11-18 16:22:09.300,35.514,-84.469,17.8,1.2,469.2293168587933,253.223
seismic,2000-11-18 17:08:02.000,35.52,-84.479,17.2,1.6,470.34263743998446,252.59
seismic,2000-11-18 21:45:17.780,36.5165,-89.5806667,9.23,1.6,660.882595402925,0.0
seismic,2000-11-21 00:36:28.100,35.461,-86.277,26.1,1.5,546.0588013927517,260.262
seismic,2000-11-22 18:05:42.700,34.958,-85.0,11.1,1.4,467.2532135435016,319.836
seismic,2000-11-24 06:19:01.900,35.513,-83.17,0.0,1.6,394.2439627519496,271.747
seismic,2000-11-24 06:45:27.100,38.524,-82.811,0.0,2.4,471.2367009741775,133.546
seismic,2000-11-24 20:15:26.220,36.4121667,-89.5258333,9.6,1.6,648.4057150313162,0.0
seismic,2000-11-27 08:40:05.410,36.0898333,-89.7735,9.84,1.9,618.7920706510758,0.0
seismic,2000-11-30 17:23:54.010,36.2961667,-89.519,8.07,1.9,635.6019576610141,0.0
seismic,2000-12-04 07:53:24.580,36.1071667,-89.7513333,7.85,1.2,620.134454971038,0.0
seismic,2000-12-05 00:25:57.420,36.2566667,-89.4215,4.87,1.2,629.396316492227,0.0
seismic,2000-12-07 14:08:50.200,37.9711667,-87.6365,5.0,3.9,809.0851724236085,0.747
seismic,2000-12-10 17:51:51.600,35.466,-84.669,19.3,2.0,478.7314098859831,259.699
seismic,2000-12-14 14:09:05.780,36.5446667,-89.604,8.82,1.6,664.4229630155188,0.0
seismic,2000-12-17 18:54:54.690,36.1331667,-89.416,9.37,1.4,615.7776786742585,0.0
seismic,2000-12-18 23:34:33.800,32.95,-80.199,9.5,1.0,26.15700529912643,0.0
seismic,2000-12-19 02:32:51.940,35.9703333,-89.8866667,7.71,1.5,608.7771945800283,0.0
seismic,2000-12-21 22:26:28.700,34.942,-85.01,0.0,2.0,467.0051298334048,321.747
seismic,2000-12-23 06:04:20.440,36.4321667,-89.4988333,9.89,1.5,650.0690174200262,0.0
seismic,2000-12-23 13:05:05.800,36.2356667,-89.4588333,4.96,1.2,627.8111956315613,0.0
seismic,2000-12-26 04:40:37.800,35.665,-84.857,26.7,1.7,506.2067740702096,239.667
seismic,2000-12-28 19:39:38.950,36.2821667,-89.3293333,2.75,1.4,630.5186822122959,1.378
seismic,2000-12-29 23:05:56.300,36.538,-89.5201667,13.82,1.9,662.0539757540794,0.0
seismic,2000-12-31 19:05:09.860,36.4175,-89.4961667,10.76,2.3,648.4137268858497,0.0
seismic,2001-01-02 04:45:59.500,35.548,-83.952,9.7,2.2,439.9443742179897,251.607
seismic,2001-01-05 23:32:16.460,36.1125,-89.7371667,9.52,1.8,620.376960714532,0.0
seismic,2001-01-06 19:38:25.800,36.3071667,-89.5018333,5.67,1.0,636.4636166758655,0.0
seismic,2001-01-07 12:15:34.600,35.504,-84.517,5.1,1.8,471.57236132872833,254.533
seismic,2001-01-12 08:03:37.510,36.6658333,-89.5855,7.56,1.3,677.290431063533,0.0
seismic,2001-01-12 11:32:10.520,36.2198333,-89.4485,7.31,1.7,625.8804191994553,0.0
seismic,2001-01-14 11:46:10.500,35.419,-84.214,9.4,2.3,445.42920889367866,263.899
seismic,2001-01-16 08:54:16.100,36.2596667,-89.2758333,5.13,2.1,627.125605620629,2.264
seismic,2001-01-17 12:03:16.100,35.571,-86.602,10.6,1.9,555.3062016775947,230.765
seismic,2001-01-17 12:34:22.610,40.7911667,-73.9455,0.28,2.37,0.6153352611143278,329.923
seismic,2001-01-20 02:05:07.540,41.877,-80.774,5.0,2.6,455.3031650511222,473.547
seismic,2001-01-20 11:29:54.900,35.535,-83.526,17.0,2.2,414.680763808435,260.149
seismic,2001-01-23 02:02:04.220,36.2345,-89.5175,6.22,1.2,628.8418733392579,0.0
seismic,2001-01-25 02:32:35.100,36.117,-83.21,3.3,1.8,454.0335677189318,207.65
seismic,2001-01-25 05:14:00.090,36.5458333,-89.6726667,9.67,1.3,665.9565593697984,0.0
seismic,2001-01-26 03:03:20.060,41.942,-80.802,5.0,3.9,461.6769640161871,480.876
seismic,2001-01-27 00:27:19.400,33.838,-87.707,0.5,2.1,346.8928423984677,212.67
seismic,2001-01-27 12:08:57.000,34.748,-85.445,2.4,1.7,478.4870541846389,351.114
seismic,2001-01-30 17:55:34.910,36.1535,-89.47,12.93,1.2,619.0523019499389,0.0
seismic,2001-01-31 01:23:55.320,35.2325,-89.9713333,6.36,1.9,532.9133690556658,25.152
seismic,2001-01-31 05:45:49.800,35.849,-84.896,0.0,1.8,522.8382106135847,219.963
seismic,2001-02-01 23:21:20.570,36.487,-89.5378333,10.12,1.7,656.8175390852914,0.0
seismic,2001-02-02 23:29:10.280,36.447,-89.5006667,9.53,1.4,651.7266026630512,0.0
seismic,2001-02-03 17:50:43.000,41.41,-72.7,2.0,1.8,15.539999291106575,207.23
seismic,2001-02-03 20:15:15.000,42.345,-77.394,0.0,3.2,305.43549698037606,492.378
seismic,2001-02-04 16:58:58.420,36.4988333,-89.544,8.25,1.7,658.2309059547955,0.0
seismic,2001-02-06 02:44:58.620,36.2898333,-89.482,5.9,1.1,634.1817645290505,0.0
seismic,2001-02-06 02:45:26.200,36.29,-89.4808333,5.9,1.2,634.177287975913,0.0
seismic,2001-02-06 02:46:43.640,36.2911667,-89.4816667,5.78,1.1,634.3210148068163,0.0
seismic,2001-02-06 02:54:52.550,36.2896667,-89.4816667,5.65,1.1,634.1570701418192,0.0
seismic,2001-02-07 03:11:00.180,36.2921667,-89.4801667,5.97,1.8,634.4011541315349,0.0
seismic,2001-02-07 15:43:18.390,36.206,-89.4838333,6.07,1.6,625.0591219900681,0.0
seismic,2001-02-09 16:42:35.040,36.2035,-89.4861667,6.0,1.3,624.8323635497311,0.0
seismic,2001-02-11 04:22:46.000,38.04,-89.75,2.7,1.9,830.9176912881286,0.0
seismic,2001-02-11 06:17:18.270,36.151,-89.676,9.84,1.6,623.1383002199759,0.0
seismic,2001-02-11 10:50:06.150,36.8006667,-89.521,5.91,2.1,690.8368425545592,0.0
seismic,2001-02-11 12:44:58.680,36.5391667,-89.5706667,6.96,2.0,663.1599949953903,0.0
seismic,2001-02-11 17:11:01.480,36.4133333,-89.5243333,8.53,1.4,648.5038344868702,0.0
seismic,2001-02-12 22:54:04.410,36.4063333,-89.5485,9.71,1.2,648.2157990186327,0.0
seismic,2001-02-17 11:05:26.400,35.358,-84.798,10.8,2.2,479.5989674229652,272.974
seismic,2001-02-18 03:41:56.100,36.3535,-89.259,4.47,2.0,637.1701861282878,5.841
seismic,2001-02-18 19:17:04.200,35.767,-83.986,7.4,2.0,460.6294670711919,226.902
seismic,2001-02-20 07:08:36.000,35.14,-84.795,10.7,2.1,464.12962069718657,297.171
seismic,2001-02-22 23:01:06.640,36.403,-89.5278333,9.89,1.2,647.4434366270026,0.0
seismic,2001-02-23 01:38:19.500,35.348,-85.82,0.0,1.6,540.720130373295,298.61
seismic,2001-02-25 00:54:25.400,35.96,-83.225,0.0,2.1,439.40926954522166,223.272
seismic,2001-02-25 16:38:07.100,36.113,-83.834,10.5,1.7,483.2413265153096,190.941
seismic,2001-02-26 15:42:20.720,36.5556667,-89.6448333,7.67,1.4,666.4512708079542,0.0
seismic,2001-02-27 16:46:26.900,35.658,-84.34,15.6,2.1,472.515605800568,236.887
seismic,2001-03-01 03:19:27.950,36.5266667,-89.6386667,10.76,1.5,663.1642478199242,0.0
seismic,2001-03-03 10:58:06.240,36.5565,-89.6143333,7.61,1.7,665.9218430192134,0.0
seismic,2001-03-03 12:57:21.330,36.3261667,-89.5333333,9.25,1.7,639.1625344665213,0.0
seismic,2001-03-05 03:18:05.800,36.3565,-89.2635,4.53,1.7,637.5742728158014,5.517
seismic,2001-03-06 15:37:09.070,36.211,-89.2688333,4.45,1.9,621.6557216464308,0.315
seismic,2001-03-07 17:12:23.800,35.552,-84.85,6.8,3.2,497.289686911146,252.074
seismic,2001-03-07 17:12:24.020,35.5301667,-84.8431667,18.04,3.2,495.21488564228434,254.403
seismic,2001-03-07 18:58:41.780,36.2031667,-89.483,5.68,1.1,624.7332308047595,0.0
seismic,2001-03-09 09:23:10.000,36.2543333,-89.4468333,5.77,1.9,629.6215015836202,0.0
seismic,2001-03-10 14:06:40.400,35.246,-83.407,0.0,2.1,382.5426230801461,294.125
seismic,2001-03-11 03:44:31.350,36.367,-89.5491667,11.25,1.1,643.9357828467407,0.0
seismic,2001-03-13 02:49:22.200,34.47,-86.345,16.8,1.6,435.4209255583855,303.521
seismic,2001-03-14 09:51:41.250,36.2728333,-89.5013333,6.91,1.4,632.7037416702999,0.0
seismic,2001-03-15 00:30:45.140,36.414,-89.5218333,8.21,1.6,648.5278428722729,0.0
seismic,2001-03-15 14:35:02.700,36.5325,-89.5698333,7.61,2.0,662.4153945730228,0.0
seismic,2001-03-16 04:39:07.680,28.361,-89.029,10.0,3.6,70.585366720994,57.805
seismic,2001-03-17 06:41:08.680,36.492,-89.5588333,10.43,1.7,657.7750713849754,0.0
seismic,2001-03-17 08:23:49.790,38.2296667,-89.7421667,0.77,2.3,851.6364613938381,0.0
seismic,2001-03-18 06:25:33.920,36.1026667,-89.7581667,8.09,2.0,619.8105917067663,0.0
seismic,2001-03-19 10:40:17.000,47.05,-76.28,18.0,3.9,220.84906716207212,626.041
seismic,2001-03-19 20:02:43.900,36.5781667,-89.6483333,2.14,1.4,668.9752699981661,0.0
seismic,2001-03-21 23:35:34.900,34.847,-85.438,0.0,3.2,489.52978288726734,340.242
seismic,2001-03-24 17:14:28.590,36.148,-89.4411667,12.1,1.6,617.8854839058207,0.0
seismic,2001-03-25 14:56:55.200,36.01,-83.841,5.0,1.6,474.2241592743378,202.118
seismic,2001-03-26 09:12:03.400,36.5586667,-89.6123333,7.68,1.9,666.1179547988993,0.0
seismic,2001-03-26 11:13:15.900,35.533,-84.572,31.2,1.5,477.3950015231743,251.551
seismic,2001-03-28 11:19:24.600,37.31,-80.812,0.1,2.6,310.22207214058966,0.0
seismic,2001-03-29 05:06:43.840,36.1196667,-89.7411667,8.26,1.5,621.2451530557473,0.0
seismic,2001-03-30 20:43:53.130,36.1406667,-89.7118333,5.06,1.2,622.8343681043827,0.0
seismic,2001-03-30 22:01:12.300,35.508,-84.481,18.1,1.8,469.5404940561983,253.94
seismic,2001-03-31 09:26:24.710,36.3538333,-89.256,4.17,1.6,637.157797817895,6.11
seismic,2001-04-02 03:05:50.940,36.2113333,-89.4453333,9.22,2.7,624.8899314696993,0.0
seismic,2001-04-03 10:23:07.900,36.2205,-89.3113333,6.8,1.3,623.4315571249197,0.0
seismic,2001-04-05 23:20:33.300,35.633,-84.303,5.1,2.3,468.199452783604,239.715
seismic,2001-04-06 00:55:44.480,36.554,-89.6051667,9.74,1.3,665.4648209668628,0.0
seismic,2001-04-07 10:37:58.220,36.1388333,-89.4003333,7.58,1.6,616.0990744293533,0.0
seismic,2001-04-08 03:27:16.390,35.888,-89.9768333,6.2,1.6,602.400867187289,0.0
seismic,2001-04-09 03:36:47.600,33.768,-87.25,0.0,2.4,345.55099673969585,206.25
seismic,2001-04-09 21:42:23.760,36.3656667,-89.5075,7.97,1.1,642.9663087664829,0.0
seismic,2001-04-12 02:41:45.770,36.5503333,-89.5956667,7.01,2.0,664.8746617531887,0.0
seismic,2001-04-12 13:40:29.290,36.5391667,-89.651,8.06,1.5,664.7803645808939,0.0
seismic,2001-04-13 07:49:52.600,35.975,-83.698,14.3,2.1,463.6161748391252,208.649
seismic,2001-04-13 16:36:20.700,36.526,-83.342,0.0,3.0,499.93320585990114,161.244
seismic,2001-04-14 05:14:42.610,36.645,-89.5551667,6.04,1.0,674.4276718688324,0.0
seismic,2001-04-15 06:46:07.800,35.776,-84.865,0.0,1.7,515.1916723891862,227.521
seismic,2001-04-15 15:35:37.300,33.268,-86.237,4.7,2.6,305.63405452897706,190.291
seismic,2001-04-15 15:35:39.610,33.361,-86.209,10.67,2.6,316.3358116180669,200.107
seismic,2001-04-16 00:15:33.400,35.529,-84.297,14.1,1.2,459.4399910524815,251.365
seismic,2001-04-23 03:38:38.100,35.243,-84.135,3.2,2.6,426.5177167454583,283.955
seismic,2001-04-23 03:38:38.290,35.257,-84.1351667,8.44,1.9,427.62019035003794,282.39
seismic,2001-04-27 00:31:12.400,34.393,-85.307,0.6,2.0,441.5683816875048,342.064
seismic,2001-04-28 08:09:51.300,34.802,-85.203,12.7,1.0,473.39680743480216,340.277
seismic,2001-04-29 04:53:06.310,36.5638333,-89.6006667,8.46,1.5,666.4479712982483,0.0
seismic,2001-05-01 16:01:58.200,35.238,-85.892,12.3,1.5,527.3194661294993,302.675
seismic,2001-05-01 22:18:28.940,36.283,-89.4888333,6.98,1.3,633.5683976349762,0.0
seismic,2001-05-01 22:46:53.490,36.2388333,-89.4315,5.86,1.5,627.6333948831661,0.0
seismic,2001-05-01 23:25:03.810,36.2398333,-89.4296667,8.4,1.5,627.708028404974,0.0
seismic,2001-05-02 00:21:10.790,36.2381667,-89.4371667,6.82,1.5,627.6683028137893,0.0
seismic,2001-05-02 00:44:11.190,36.2445,-89.4253333,8.25,1.6,628.1367342467875,0.0
seismic,2001-05-02 03:04:03.610,36.1026667,-89.7653333,8.84,1.4,619.9811887466805,0.0
seismic,2001-05-02 04:14:51.620,36.2373333,-89.433,6.72,1.4,627.4977710764182,0.0
seismic,2001-05-02 05:20:25.250,36.2368333,-89.4345,6.69,1.4,627.471606420955,0.0
seismic,2001-05-02 07:13:51.030,36.2375,-89.4366667,6.92,1.4,627.5858293158561,0.0
seismic,2001-05-02 08:49:00.190,36.2483333,-89.427,7.89,1.5,628.587789181828,0.0
seismic,2001-05-02 13:56:53.430,36.239,-89.4253333,7.17,1.2,627.5347614022518,0.0
seismic,2001-05-02 17:04:09.400,34.489,-86.712,3.5,2.3,433.84168398091737,293.053
seismic,2001-05-02 19:30:27.890,36.2363333,-89.4343333,6.95,1.5,627.4137265031039,0.0
seismic,2001-05-03 09:28:37.140,36.2376667,-89.4345,6.75,1.4,627.5627908668781,0.0
seismic,2001-05-03 10:27:59.120,36.2346667,-89.4333333,6.7,1.5,627.212343072107,0.0
seismic,2001-05-03 14:14:08.300,36.2375,-89.4351667,7.15,1.7,627.5572464801988,0.0
seismic,2001-05-03 18:07:30.340,36.2373333,-89.4335,7.03,1.3,627.5072816829435,0.0
seismic,2001-05-03 19:28:42.440,36.2376667,-89.4326667,6.6,1.5,627.527913527021,0.0
seismic,2001-05-03 19:48:55.140,36.2381667,-89.4348333,7.26,2.0,627.6238423928617,0.0
seismic,2001-05-03 21:19:22.850,36.2375,-89.4326667,6.96,1.5,627.5096733040945,0.0
seismic,2001-05-04 00:57:12.400,36.2385,-89.4316667,7.17,1.3,627.6000901749892,0.0
seismic,2001-05-04 01:16:36.400,34.711,-86.159,26.4,1.5,464.79756961906673,323.451
seismic,2001-05-04 01:45:55.340,36.2373333,-89.4365,6.88,1.5,627.5644134546345,0.0
seismic,2001-05-04 05:42:31.870,36.2386667,-89.433,6.93,1.2,627.6436699372903,0.0
seismic,2001-05-04 06:00:58.770,36.2376667,-89.4336667,6.9,1.1,627.5469324693009,0.0
seismic,2001-05-04 06:01:12.370,36.2388333,-89.4355,7.23,1.8,627.7094713025849,0.0
seismic,2001-05-04 08:00:55.400,36.1788333,-89.409,7.64,1.4,620.64080619594,0.0
seismic,2001-05-04 13:59:11.950,36.2376667,-89.435,7.13,1.5,627.5723106115398,0.0
seismic,2001-05-07 13:18:27.380,36.5421667,-89.6533333,10.52,1.6,665.1554048433716,0.0
seismic,2001-05-08 01:45:38.710,36.2361667,-89.4335,7.01,1.6,627.3796373743307,0.0
seismic,2001-05-09 00:20:46.180,36.2376667,-89.4333333,6.94,1.5,627.5405901117783,0.0
seismic,2001-05-09 02:41:44.590,36.2376667,-89.4353333,6.97,1.3,627.5786582753234,0.0
seismic,2001-05-09 08:45:03.500,36.2375,-89.4345,7.03,1.8,627.5445517346373,0.0
seismic,2001-05-13 05:52:34.040,36.5436667,-89.664,9.49,1.5,665.5399760580813,0.0
seismic,2001-05-13 13:40:53.550,36.3498333,-89.5255,5.87,1.2,641.5904647131637,0.0
seismic,2001-05-13 18:17:21.500,35.616,-84.356,19.1,1.5,470.1159933245856,241.59
seismic,2001-05-14 02:34:40.000,38.14,-89.41,10.9,1.9,836.701470450924,0.0
seismic,2001-05-16 03:49:54.910,36.4541667,-89.5823333,9.46,1.1,654.1130685736969,0.0
seismic,2001-05-16 23:22:01.350,36.3661667,-89.5466667,10.07,1.8,643.7947950745967,0.0
seismic,2001-05-17 01:10:30.900,36.3626667,-89.5485,10.15,1.4,643.4495343057739,0.0
seismic,2001-05-17 06:43:48.080,36.039,-83.8125,8.73,2.1,475.371124730036,199.445
seismic,2001-05-17 06:43:48.500,36.045,-83.838,0.3,2.7,477.2434116253949,198.33
seismic,2001-05-17 14:14:39.090,36.2055,-89.466,7.94,1.2,624.6535960858544,0.0
seismic,2001-05-18 13:39:53.590,36.0563333,-89.8201667,9.02,1.9,616.3213727340571,0.0
seismic,2001-05-20 14:47:31.900,32.691,-84.213,17.2,2.1,287.5582401838421,292.271
seismic,2001-05-21 02:36:06.500,35.846,-83.982,0.0,2.1,467.2737705202703,218.193
seismic,2001-05-21 03:19:28.900,35.175,-83.274,0.0,2.0,368.8773272627985,304.913
seismic,2001-05-23 07:19:42.400,34.219,-82.501,0.0,2.2,241.47508388473787,184.803
seismic,2001-05-23 10:56:31.860,36.2398333,-89.3191667,13.71,2.7,625.6917979389912,0.0
seismic,2001-05-24 04:31:45.830,36.4216667,-89.5053333,8.59,1.3,649.0457263333943,0.0
seismic,2001-05-26 18:27:11.150,36.3468333,-89.5121667,7.99,1.2,640.9998910894053,0.0
seismic,2001-05-28 15:53:38.180,36.1395,-89.7143333,6.06,1.2,622.7656725122368,0.0
seismic,2001-06-02 09:22:53.040,36.2745,-89.4611667,5.91,1.2,632.1022267850462,0.0
seismic,2001-06-02 23:56:49.440,36.1045,-89.4016667,9.19,2.3,612.3677381515027,0.0
seismic,2001-06-03 22:36:46.460,41.905,-80.767,5.0,3.4,456.8259486220954,476.666
seismic,2001-06-04 00:18:55.100,36.2755,-89.509,9.0,1.3,633.146845487725,0.0
seismic,2001-06-04 15:17:11.120,36.1371667,-89.427,9.68,1.7,616.426713125598,0.0
seismic,2001-06-05 11:02:53.330,35.8591667,-89.9751667,8.6,1.3,599.2845450572833,0.0
seismic,2001-06-06 15:39:57.860,36.2141667,-89.4465,8.14,1.3,625.2222426058125,0.0
seismic,2001-06-07 19:18:16.700,36.1891667,-89.4433333,8.01,1.2,622.4276358651886,0.0
seismic,2001-06-08 20:07:31.660,36.1743333,-89.4615,10.3,1.7,621.1602222565759,0.0
seismic,2001-06-08 21:41:33.050,36.3076667,-89.4811667,5.93,1.4,636.1148618224015,0.0
seismic,2001-06-11 18:27:54.250,30.226,-79.885,10.0,3.3,138.86198329959294,221.536
seismic,2001-06-13 07:26:24.030,36.621,-89.5643333,8.92,2.4,671.9793201126683,0.0
seismic,2001-06-13 08:57:44.200,36.7431667,-89.4876667,11.21,1.5,683.9275254448675,0.0
seismic,2001-06-13 16:11:12.010,36.2376667,-89.4325,6.63,1.0,627.5247443314329,0.0
seismic,2001-06-14 07:02:17.660,36.2735,-89.4951667,9.48,1.1,632.6548898330092,0.0
seismic,2001-06-15 05:07:26.430,36.5493333,-89.5958333,7.46,1.7,664.7688328923291,0.0
seismic,2001-06-15 20:11:37.390,36.2821667,-89.4318333,4.03,1.5,632.382340369146,0.0
seismic,2001-06-20 20:30:25.520,36.6103333,-89.6006667,2.44,1.6,671.5245059726733,0.0
seismic,2001-06-21 19:37:49.000,34.862,-85.885,0.0,2.3,486.3743511031393,332.891
seismic,2001-06-23 12:10:00.830,36.5143333,-89.5496667,9.62,1.9,660.0352907532686,0.0
seismic,2001-06-23 13:33:19.070,35.9125,-89.9416667,12.55,1.3,604.0521931967,0.0
seismic,2001-06-24 03:28:32.890,36.4718333,-89.5358333,8.12,1.8,655.1210261945032,0.0
seismic,2001-06-25 08:16:41.960,36.4183333,-89.5461667,9.37,1.5,649.4797083130106,0.0
seismic,2001-06-25 23:04:48.200,38.46,-77.824,5.0,2.5,40.37421196277474,61.947
seismic,2001-06-27 06:17:41.360,36.6753333,-89.5286667,12.37,1.7,677.2459990649113,0.0
seismic,2001-06-29 15:49:02.900,34.984,-84.748,0.0,2.0,450.2572750056681,314.073
seismic,2001-06-29 15:49:03.330,35.0155,-84.7701667,10.0,1.7,453.9595144489936,310.769
seismic,2001-07-04 16:06:28.100,35.801,-84.542,0.0,1.5,496.6035496832994,221.439
seismic,2001-07-06 01:19:32.050,36.4365,-89.5365,7.49,1.5,651.2733110352035,0.0
seismic,2001-07-06 04:16:33.180,36.5448333,-89.6066667,7.93,1.3,664.4946996428492,0.0
seismic,2001-07-06 07:17:00.050,36.3168333,-89.5181667,8.33,1.1,637.8417542683962,0.0
seismic,2001-07-07 10:43:53.300,35.45,-83.361,0.0,2.5,398.20577253792266,273.166
seismic,2001-07-07 15:25:07.500,35.517,-83.448,0.0,1.8,408.8782589497183,263.84
seismic,2001-07-07 20:45:42.810,36.2743333,-89.4016667,13.41,3.0,630.961459117673,0.0
seismic,2001-07-08 03:05:11.200,35.882,-86.805,0.0,2.6,585.2838833581761,193.478
seismic,2001-07-08 16:18:57.750,36.2991667,-89.5066667,7.97,1.1,635.6850000741663,0.0
seismic,2001-07-08 18:24:46.200,36.2656667,-89.4015,11.96,1.3,630.0088660082408,0.0
seismic,2001-07-09 08:37:24.200,35.458,-83.387,2.5,2.5,400.3078933588757,271.663
seismic,2001-07-09 08:40:29.300,35.427,-83.373,0.0,1.6,396.7651611185038,275.345
seismic,2001-07-10 09:19:20.000,35.457,-83.38,0.0,2.4,399.84574796950886,271.942
seismic,2001-07-11 16:27:31.840,36.2283333,-89.458,5.98,1.5,626.9933612148371,0.0
seismic,2001-07-11 18:15:38.600,36.5381667,-89.6553333,9.08,1.1,664.7610690564228,0.0
seismic,2001-07-11 21:28:13.810,38.332,-81.034,0.0,3.2,318.1980035756967,81.989
seismic,2001-07-14 20:08:29.390,40.96,-74.37,7.0,1.9,34.62857031419463,345.304
seismic,2001-07-14 22:40:28.220,36.2623333,-89.4241667,6.58,2.7,630.0668253303243,0.0
seismic,2001-07-15 14:06:18.690,36.2598333,-89.2878333,7.61,1.9,627.3475730619886,1.626
seismic,2001-07-17 19:38:49.460,36.3281667,-89.5436667,10.33,1.8,639.5879154416616,0.0
seismic,2001-07-18 16:00:52.200,35.47,-85.03,1.2,1.9,503.6857315817913,263.912
seismic,2001-07-20 07:37:04.880,36.5435,-89.6045,8.46,1.3,664.3056935894136,0.0
seismic,2001-07-21 06:59:28.760,36.2293333,-89.3925,8.98,1.6,625.861745453407,0.0
seismic,2001-07-21 13:39:00.370,36.0901667,-89.777,8.33,1.2,618.912149082823,0.0
seismic,2001-07-23 03:19:08.600,36.2636667,-89.4246667,6.19,1.8,630.2222050723716,0.0
seismic,2001-07-24 02:11:09.980,36.407,-89.5295,8.2,1.6,647.9131432796369,0.0
seismic,2001-07-26 05:26:45.810,36.0008333,-83.5536667,17.08,3.2,458.7736622804703,209.126
seismic,2001-07-26 05:26:46.000,35.971,-83.552,14.3,3.2,455.90361259348407,212.374
seismic,2001-07-27 00:48:33.500,36.172,-89.4311667,9.07,2.5,620.315979776507,0.0
seismic,2001-07-27 11:00:34.970,36.5375,-89.6508333,10.81,1.8,664.5953473724649,0.0
seismic,2001-07-27 16:56:26.070,36.4866667,-89.5648333,8.42,1.2,657.311111931326,0.0
seismic,2001-07-28 17:48:45.400,33.652,-85.803,0.9,2.0,352.71021347608206,248.809
seismic,2001-07-28 18:22:11.640,36.334,-89.5096667,7.39,1.3,639.5488406398493,0.0
seismic,2001-07-31 13:23:34.750,36.4545,-89.5408333,8.88,2.5,653.3248102687674,0.0
seismic,2001-07-31 18:54:28.670,36.2113333,-89.4725,5.79,2.1,625.4182853852749,0.0
seismic,2001-08-03 07:27:28.400,36.2921667,-89.5221667,5.86,1.5,635.2284635265046,0.0
seismic,2001-08-03 20:06:34.350,36.2603333,-89.5145,7.48,1.1,631.6007768701132,0.0
seismic,2001-08-04 23:00:12.530,36.0553333,-89.8115,9.23,2.2,615.9995902497241,0.0
seismic,2001-08-05 04:12:10.230,43.8243333,-74.1293333,9.48,1.5,138.5030123793559,276.552
seismic,2001-08-05 15:26:45.630,36.2628333,-89.5161667,7.74,1.9,631.9069549053121,0.0
seismic,2001-08-06 05:07:19.000,36.1338333,-89.7315,7.31,2.0,622.5503377568613,0.0
seismic,2001-08-07 06:42:20.230,36.2236667,-89.6058333,9.14,1.2,629.4911357137655,0.314
seismic,2001-08-07 13:33:08.290,36.2591667,-89.513,7.58,1.3,631.4434783971577,0.0
seismic,2001-08-09 11:31:59.300,34.69,-84.926,0.0,2.5,445.38829917761353,348.571
seismic,2001-08-09 11:31:59.650,34.6893333,-84.9325,15.34,1.8,445.85383126719057,348.72
seismic,2001-08-09 11:38:01.660,36.208,-89.4733333,6.83,1.6,625.070502188998,0.0
seismic,2001-08-10 16:14:38.860,36.2868333,-89.4888333,4.87,1.0,633.9872426574112,0.0
seismic,2001-08-11 08:37:36.870,36.399,-89.528,11.16,1.3,647.009740849672,0.0
seismic,2001-08-11 19:53:23.690,36.1305,-84.5875,24.06,1.6,526.4940847874996,184.943
seismic,2001-08-11 19:53:24.700,36.075,-84.617,16.0,2.0,523.6146127027936,191.381
seismic,2001-08-13 02:14:37.060,36.4796667,-89.5518333,7.06,1.4,656.2901228547103,0.0
seismic,2001-08-13 05:47:34.310,36.564,-89.6196667,6.83,1.9,666.8475762424677,0.0
seismic,2001-08-13 16:22:03.420,36.2895,-89.4756667,6.28,1.2,634.0223322182252,0.0
seismic,2001-08-15 08:16:19.100,36.4853333,-89.5401667,8.33,1.6,656.6808412430591,0.0
seismic,2001-08-15 08:50:02.600,37.806,-87.398,18.6,2.7,791.8815353325325,28.355
seismic,2001-08-15 14:44:35.430,41.8986667,-72.239,15.1,1.9,60.765952948853126,141.687
seismic,2001-08-16 04:06:07.100,36.4818333,-89.5386667,7.6,1.4,656.269105045427,0.0
seismic,2001-08-17 05:59:44.800,34.325,-82.469,0.0,2.4,248.9458868726249,189.772
seismic,2001-08-19 03:07:27.800,36.3906667,-89.534,8.81,1.9,646.2177567692715,0.0
seismic,2001-08-19 22:47:22.450,42.5838333,-74.0996667,5.78,1.8,142.92723514339227,254.42
seismic,2001-08-22 21:08:18.030,35.584,-84.0558333,22.52,1.6,449.13834091015326,246.508
seismic,2001-08-23 21:04:34.320,36.1796667,-89.4263333,7.34,1.4,621.0617780799172,0.0
seismic,2001-08-24 12:03:40.340,36.219,-89.4593333,7.34,2.1,625.9989881164336,0.0
seismic,2001-08-25 10:02:37.270,36.2946667,-89.5323333,9.09,1.3,635.7048938370933,0.0
seismic,2001-08-25 15:48:30.620,36.3335,-89.5596667,10.34,1.5,640.4928423152835,0.0
seismic,2001-08-25 18:20:18.210,36.4906667,-89.563,9.56,1.3,657.7116667026835,0.0
seismic,2001-08-25 21:58:40.890,36.328,-89.5016667,7.33,1.3,638.7364199429376,0.0
seismic,2001-08-25 23:07:48.730,36.3246667,-89.5036667,7.38,1.3,638.4114187783098,0.0
seismic,2001-08-25 23:24:10.750,36.3263333,-89.5031667,7.7,2.2,638.5836981853478,0.0
seismic,2001-08-26 16:36:05.800,36.0861667,-89.7923333,7.21,1.4,618.8514331837574,0.0
seismic,2001-08-27 07:01:14.700,37.285,-87.31,15.8,2.1,734.3560183176155,77.467
seismic,2001-08-28 02:02:42.380,36.0891667,-89.7988333,8.23,1.4,619.3326881481546,0.0
seismic,2001-08-29 08:40:16.500,33.668,-85.946,2.5,1.9,353.3011453014262,242.098
seismic,2001-08-29 10:17:19.400,34.541,-87.158,4.4,2.2,431.8819071319752,257.097
seismic,2001-08-30 08:33:49.000,34.545,-85.46,2.4,1.9,455.8452125826267,347.967
seismic,2001-08-30 12:35:38.400,36.0868333,-89.795,6.26,1.3,618.9880327522734,0.0
seismic,2001-08-31 04:34:51.700,34.6,-85.225,0.5,1.8,463.9440187495016,362.828
seismic,2001-09-01 13:04:07.430,36.4163333,-89.5235,7.98,1.6,648.8153610407271,0.0
seismic,2001-09-02 00:37:08.290,36.0851667,-89.6223333,3.43,2.1,614.8033128285416,0.0
seismic,2001-09-02 00:46:53.480,36.1115,-88.9225,11.28,2.1,605.5488200705569,31.564
seismic,2001-09-02 13:56:09.200,33.796,-82.354,20.9,2.7,197.40764871858275,148.954
seismic,2001-09-03 02:05:57.900,37.369,-78.231,5.0,2.5,83.74737026033857,29.287
seismic,2001-09-03 03:42:40.110,36.2848333,-89.5091667,7.61,1.5,634.1692177479167,0.0
seismic,2001-09-04 05:19:22.620,36.4273333,-89.465,6.53,2.3,648.8983926209922,0.0
seismic,2001-09-05 20:13:16.650,36.441,-89.5393333,8.17,1.8,651.8205407770781,0.0
seismic,2001-09-06 15:52:50.200,34.9,-84.663,0.0,2.2,438.50498303367226,322.784
seismic,2001-09-06 15:52:50.870,34.9136667,-84.672,14.67,1.8,440.0616536411578,321.32
seismic,2001-09-09 12:51:15.460,36.4985,-89.5893333,10.7,2.3,659.0910073891877,0.0
seismic,2001-09-10 17:06:05.200,34.493,-86.185,10.6,1.7,440.3919982083538,311.402
seismic,2001-09-13 07:07:23.030,36.3775,-89.5818333,10.34,1.4,645.741537542585,0.0
seismic,2001-09-13 11:34:35.590,36.5008333,-89.5955,9.22,1.6,659.4694765538287,0.0
seismic,2001-09-15 13:01:26.470,36.5083333,-89.5936667,9.61,1.3,660.2509587188798,0.0
seismic,2001-09-16 21:24:53.000,44.93,-72.19,3.4,2.2,118.05914849119536,249.565
seismic,2001-09-18 18:18:49.400,36.058,-83.213,29.5,1.7,448.3962185871859,213.589
seismic,2001-09-19 10:50:57.100,35.447,-83.369,0.1,1.7,398.35805716246085,273.29
seismic,2001-09-19 23:25:42.000,33.259,-81.259,5.7,1.8,88.6406828387112,33.581
seismic,2001-09-20 21:41:09.540,36.0871667,-89.4311667,10.83,2.2,611.0423795419919,0.0
seismic,2001-09-22 08:43:28.600,35.733,-84.123,12.5,1.7,465.6443285657184,229.337
seismic,2001-09-22 16:01:20.600,38.026,-78.396,0.4,3.2,98.2514735350004,6.219
seismic,2001-09-24 01:45:22.450,36.363,-89.5145,7.99,2.2,642.8118615337103,0.0
seismic,2001-09-27 05:25:31.070,36.4618333,-89.5918333,10.56,1.5,655.1410474164115,0.0
seismic,2001-09-28 07:44:41.600,35.39,-83.913,0.9,2.0,424.4046426728145,269.606
seismic,2001-09-28 09:58:22.500,35.135,-84.918,12.0,1.7,472.6584766026776,299.141
seismic,2001-09-28 19:59:52.960,36.5523333,-89.6558333,7.35,1.6,666.3146131797909,0.0
seismic,2001-09-30 04:15:41.310,36.5413333,-89.5995,10.31,1.7,663.9689976396338,0.0
seismic,2001-10-01 09:55:59.500,37.262,-80.099,11.2,1.8,247.82825770915417,19.965
seismic,2001-10-02 23:40:19.570,44.2783333,-71.7451667,1.66,2.4,136.00800019184754,168.944
seismic,2001-10-03 01:44:03.600,34.619,-85.35,5.4,1.9,465.67426369087264,360.402
seismic,2001-10-07 14:59:19.260,36.5441667,-89.5965,6.04,1.3,664.2182206683516,0.0
seismic,2001-10-07 19:48:24.290,36.5476667,-89.596,6.42,1.4,664.5902493525966,0.0
seismic,2001-10-08 00:23:01.100,33.324,-81.665,3.9,2.5,115.4657459948941,71.834
seismic,2001-10-08 02:56:07.700,33.318,-81.672,4.1,1.0,115.38772647869072,72.359
seismic,2001-10-08 08:53:51.000,33.337,-81.681,4.2,1.4,117.53196547812465,73.549
seismic,2001-10-14 08:49:28.670,36.0623333,-89.8178333,6.92,1.9,616.9092675164633,0.0
seismic,2001-10-15 11:13:09.140,36.553,-89.6073333,7.49,1.2,665.399172873285,0.0
seismic,2001-10-17 19:00:50.670,36.5616667,-89.6041667,6.22,1.6,666.281451076159,0.0
seismic,2001-10-17 20:44:19.070,36.5613333,-89.6085,6.41,1.6,666.3318931607685,0.0
seismic,2001-10-20 00:48:18.810,36.5083333,-89.5825,10.3,1.5,660.0275815118235,0.0
seismic,2001-10-25 00:24:29.800,45.2,-68.67,9.4,3.3,71.56722906115127,311.674
seismic,2001-10-27 05:42:20.950,40.7926667,-73.9695,5.28,2.6,0.6539500816648673,331.295
seismic,2001-10-28 16:47:09.700,35.527,-87.376,0.0,1.8,537.9015403702982,183.841
seismic,2001-10-29 21:40:42.400,35.232,-84.917,3.9,2.1,479.1396655884305,288.39
seismic,2001-10-29 21:47:00.700,35.22,-84.911,0.0,2.5,477.8910440078932,289.638
seismic,2001-10-30 06:56:07.220,36.2116667,-89.4735,6.4,2.0,625.4743392758448,0.0
seismic,2001-10-31 07:59:44.740,36.0061667,-89.8706667,8.16,2.0,612.204924105194,0.0
seismic,2001-11-04 13:10:33.800,35.467,-83.711,0.0,1.6,419.0071608196149,264.018
seismic,2001-11-05 06:55:33.630,36.119,-89.7366667,9.24,2.1,621.067641347561,0.0
seismic,2001-11-08 02:15:12.200,37.09,-80.84,3.6,1.8,314.28002252386074,0.407
seismic,2001-11-08 11:31:23.000,35.487,-84.247,0.0,1.8,452.9352837077564,256.179
seismic,2001-11-09 15:06:48.540,36.506,-89.5173333,5.28,1.9,658.4992595264604,0.0
seismic,2001-11-11 21:19:34.410,36.6818333,-89.5673333,8.23,1.5,678.6894610211469,0.0
seismic,2001-11-14 19:07:07.090,36.433,-89.5201667,7.6,1.3,650.5718886713153,0.0
seismic,2001-11-14 20:45:04.510,36.7431667,-89.1976667,7.9,2.1,679.2085975897589,0.0
seismic,2001-11-17 00:45:59.300,36.514,-81.418,0.0,1.7,376.5769499333275,82.659
seismic,2001-11-17 11:32:09.200,35.892,-83.626,11.5,1.8,452.3100838347536,219.195
seismic,2001-11-18 04:25:59.290,36.1503333,-89.6873333,9.44,2.2,623.3218332779888,0.0
seismic,2001-11-18 17:15:45.300,37.226,-80.344,11.6,1.6,269.538593911513,0.0
seismic,2001-11-19 13:08:31.880,36.2963333,-89.5355,9.36,1.9,635.9503985371692,0.0
seismic,2001-11-21 10:00:19.350,36.4656667,-89.523,7.98,1.4,654.1977383083303,0.0
seismic,2001-11-28 06:27:17.800,35.222,-84.666,1.6,2.4,460.72257993943833,286.883
seismic,2001-11-29 01:55:26.100,36.1505,-89.6983333,4.61,2.2,623.589722380232,0.0
seismic,2001-12-01 21:18:22.000,35.384,-84.337,0.0,2.5,450.5801153112199,267.559
seismic,2001-12-03 20:55:26.360,36.0888333,-89.7803333,9.32,2.2,618.8486295139454,0.0
seismic,2001-12-04 21:15:13.900,37.726,-80.752,8.5,3.1,304.4521348069936,9.808
seismic,2001-12-05 13:07:40.000,35.685,-84.05,10.9,2.2,457.2973732400175,235.316
seismic,2001-12-08 01:08:22.400,34.71,-86.231,0.0,3.9,463.56206293743816,317.681
seismic,2001-12-08 01:15:14.480,36.5068333,-89.488,5.27,1.9,658.0342473250918,1.145
seismic,2001-12-10 13:03:08.940,36.08,-89.7863333,7.73,2.0,618.0413261794591,0.0
seismic,2001-12-17 03:34:48.700,33.335,-81.684,4.9,1.1,117.54617933190698,73.782
seismic,2001-12-17 10:03:07.930,36.5356667,-89.6351667,9.7,1.2,664.0733062348538,0.0
seismic,2001-12-20 03:02:21.240,36.5321667,-89.6388333,7.25,1.3,663.7670416295515,0.0
seismic,2001-12-24 16:58:21.000,46.87,-76.49,18.0,3.8,218.37938701375583,623.236
seismic,2001-12-29 19:47:31.560,36.1253333,-89.7411667,9.25,2.1,621.8574403797957,0.0
seismic,2001-12-31 18:47:53.550,36.5386667,-89.6503333,9.46,1.5,664.7121224074817,0.0
seismic,2002-01-01 16:36:21.500,34.705,-87.027,16.9,1.8,452.24302920869735,255.734
seismic,2002-01-03 04:47:12.990,36.5591667,-89.8553333,6.58,1.5,671.4158203343437,0.0
seismic,2002-01-10 00:40:05.060,36.141,-89.6945,9.39,1.4,622.4737594608177,0.0
seismic,2002-01-11 00:34:30.730,36.197,-89.4205,10.64,1.7,622.846873181325,0.0
seismic,2002-01-11 13:30:22.100,32.937,-80.147,6.1,2.7,21.17337445705916,0.0
seismic,2002-01-11 13:53:58.900,32.938,-80.149,6.7,2.0,21.389593441630232,0.0
seismic,2002-01-12 08:26:52.900,28.279,-69.566,10.0,5.4,741.9710220807075,1005.073
seismic,2002-01-12 09:28:22.320,36.2743333,-89.502,8.63,1.5,632.880733238714,0.0
seismic,2002-01-14 03:20:30.650,36.3041667,-89.4741667,5.26,1.0,635.5967836492222,0.0
seismic,2002-01-16 17:22:28.200,33.91,-87.776,0.0,1.9,354.41452285183016,221.157
seismic,2002-01-18 09:51:43.080,36.6806667,-89.567,7.64,1.8,678.5554762932752,0.0
seismic,2002-01-19 14:56:32.020,36.2935,-89.501,7.44,1.5,634.9543424438378,0.0
seismic,2002-01-20 14:11:55.000,49.49,-66.95,30.0,4.1,20.853649068420932,792.433
seismic,2002-01-20 16:43:51.400,36.3082,-89.4792,5.6,1.5,636.1350613212348,0.0
seismic,2002-01-20 18:44:38.000,35.124,-84.986,5.7,2.0,476.88129197163977,301.299
seismic,2002-01-21 06:04:16.000,35.56,-84.438,9.6,1.7,470.8371786495427,247.978
seismic,2002-01-21 08:47:38.950,36.3096667,-89.4993333,7.15,1.3,636.6876542815071,0.0
seismic,2002-01-21 23:41:18.350,36.2995,-89.4733333,5.16,1.5,635.0704483663669,0.0
seismic,2002-01-22 05:41:43.180,36.1168333,-89.4245,9.98,1.5,614.1552923270937,0.0
seismic,2002-01-22 23:11:45.400,32.935,-80.146,6.7,1.1,20.990565289873725,0.0
seismic,2002-01-24 17:03:24.490,36.2316667,-89.4648333,5.38,1.4,627.4903839499611,0.0
seismic,2002-01-27 08:22:47.970,36.5675,-89.5356667,5.34,1.6,665.5772671311571,0.0
seismic,2002-01-28 04:38:47.900,35.688,-84.856,10.2,1.6,507.8811554126653,237.11
seismic,2002-01-28 07:49:06.800,33.018,-80.157,4.7,2.4,27.169559173254022,0.0
seismic,2002-01-29 06:50:58.100,35.369,-85.277,10.8,1.9,514.2747938402631,280.056
seismic,2002-01-30 09:43:13.040,36.4038333,-89.5603333,10.72,1.5,648.1791079273733,0.0
seismic,2002-01-31 12:17:54.200,36.782,-83.596,17.0,2.4,535.8304152425096,125.654
seismic,2002-02-01 00:26:12.450,36.052,-89.8305,9.96,1.4,616.1119604385872,0.0
seismic,2002-02-01 05:49:38.550,36.02,-89.8545,8.35,1.4,613.2769985294703,0.0
seismic,2002-02-02 18:29:03.900,33.014,-80.159,7.7,2.2,27.00399386917974,0.0
seismic,2002-02-06 04:52:51.020,28.42,-69.947,10.0,3.6,715.7404977602032,966.471
seismic,2002-02-06 07:13:35.210,36.0725,-89.7778333,7.52,1.7,617.0272649470782,0.0
seismic,2002-02-07 15:10:38.670,36.4196667,-89.5211667,10.13,1.3,649.1341045384797,0.0
seismic,2002-02-08 14:15:55.310,37.139,-89.3955,9.67,2.3,725.9017045674294,0.0
seismic,2002-02-10 18:26:23.800,33.964,-87.724,3.5,2.6,360.78902339575455,226.819
seismic,2002-02-11 05:38:43.400,36.5646667,-89.6156667,7.64,1.6,666.8396512498165,0.0
seismic,2002-02-11 11:41:37.000,46.06,-73.46,10.0,3.8,21.527614376468566,406.801
seismic,2002-02-14 05:39:24.390,36.5328333,-89.6421667,8.83,1.3,663.9082015159543,0.0
seismic,2002-02-14 17:10:33.320,36.5323333,-89.6361667,8.89,1.9,663.7304809220957,0.0
seismic,2002-02-14 17:11:47.350,36.5341667,-89.6355,8.79,1.9,663.9166410685776,0.0
seismic,2002-02-17 07:00:43.900,35.699,-84.543,5.4,2.5,488.50160615445833,232.845
seismic,2002-02-17 12:36:46.980,36.254,-89.4913333,6.11,1.3,630.4494471798157,0.0
seismic,2002-02-17 23:01:41.000,36.5373333,-89.6361667,8.05,2.9,664.2754398057969,0.0
seismic,2002-02-21 05:15:24.000,35.452,-84.861,2.5,2.3,490.7142539132216,263.293
seismic,2002-02-24 00:23:42.210,36.3093333,-89.5381667,9.06,1.4,637.4224310493635,0.0
seismic,2002-02-24 21:38:33.000,45.29,-75.17,18.0,3.1,48.32857208662412,430.922
seismic,2002-02-25 01:02:13.610,36.1175,-89.7448333,7.54,1.7,621.0972078764349,0.0
seismic,2002-02-25 01:53:16.000,36.021,-83.837,9.5,1.7,475.0114634857091,200.982
seismic,2002-02-28 01:34:06.970,36.2346667,-89.4433333,4.79,1.3,627.4033102577457,0.0
seismic,2002-02-28 01:50:22.460,36.2321667,-89.4406667,6.38,1.7,627.0787932966706,0.0
seismic,2002-03-01 04:09:38.330,36.2356667,-89.4415,5.66,1.5,627.477588548389,0.0
seismic,2002-03-01 05:11:46.930,36.2593333,-89.4581667,7.32,1.4,630.3859479660055,0.0
seismic,2002-03-03 06:31:23.240,36.2431667,-89.4316667,7.5,1.6,628.1107494684449,0.0
seismic,2002-03-05 01:33:52.210,41.1146667,-73.6566667,5.96,1.23,11.18476824692213,287.886
seismic,2002-03-05 07:07:55.260,36.2355,-89.4428333,6.33,1.5,627.4848779186744,0.0
seismic,2002-03-05 21:30:23.180,36.2258333,-89.4395,8.59,1.8,626.3636877720268,0.0
seismic,2002-03-06 00:00:31.000,33.331,-81.679,4.6,1.4,116.90556455934232,73.247
seismic,2002-03-06 11:09:47.050,41.6665,-71.4691667,0.07,1.9,2.206791462731619,126.27
seismic,2002-03-06 21:38:42.530,36.3088333,-89.507,6.48,1.5,636.747352205867,0.0
seismic,2002-03-08 13:24:41.730,36.234,-89.4423333,6.11,1.6,627.3112304074513,0.0
seismic,2002-03-08 16:52:57.810,36.2356667,-89.4421667,6.16,1.9,627.4903482213898,0.0
seismic,2002-03-08 23:44:15.220,36.2231667,-89.4548333,7.57,1.7,626.3672190315237,0.0
seismic,2002-03-10 03:09:42.120,36.4935,-89.6,11.2,1.5,658.7602100142108,0.0
seismic,2002-03-12 07:13:25.790,41.62,-69.33,1.0,3.0,50.70691450655462,170.991
seismic,2002-03-12 08:30:47.670,37.2496667,-89.9596667,9.93,3.1,748.597887013916,24.917
seismic,2002-03-13 20:57:26.700,32.919,-80.153,7.6,2.2,20.8684945797934,0.0
seismic,2002-03-18 02:56:41.760,41.1583333,-74.5593333,3.66,1.0,49.37617022696915,345.623
seismic,2002-03-19 00:32:31.620,36.0421667,-89.8415,7.67,1.7,615.3299832925765,0.0
seismic,2002-03-19 01:33:06.800,36.5408333,-89.6646667,10.88,1.7,665.245300499081,0.0
seismic,2002-03-20 08:23:13.270,36.1293333,-89.3908333,5.66,1.4,614.8797684026092,0.0
seismic,2002-03-20 14:22:11.730,36.0975,-89.7601667,5.35,1.4,619.3004693322961,0.0
seismic,2002-03-24 00:50:15.420,36.5446667,-89.603,8.53,1.3,664.4029008455495,0.0
seismic,2002-03-24 10:50:04.700,35.804,-84.051,10.6,1.6,467.5315823164363,222.065
seismic,2002-03-24 14:08:57.400,35.506,-84.565,4.4,2.0,474.8656906203367,254.529
seismic,2002-03-26 05:38:09.000,36.583,-83.698,10.0,1.9,520.9016644409936,143.071
seismic,2002-03-27 07:10:49.900,35.244,-84.227,5.8,1.7,432.59774114921794,283.423
seismic,2002-03-27 08:25:03.300,37.753,-82.171,7.7,2.1,424.82905885744617,112.495
seismic,2002-04-01 13:00:52.300,36.182,-83.162,0.0,1.6,458.3880114052005,202.873
seismic,2002-04-04 02:48:41.000,43.112,-71.695,4.9,1.6,74.60989135253087,65.077
seismic,2002-04-06 20:49:51.700,34.716,-85.022,0.0,2.2,454.35482556056814,346.894
seismic,2002-04-07 01:56:12.700,36.081,-83.54,23.2,1.1,465.6429704246288,200.894
seismic,2002-04-09 04:04:50.170,36.0295,-89.8548333,7.18,2.2,614.3055260072924,0.0
seismic,2002-04-09 18:20:17.600,33.808,-87.103,1.1,2.0,353.0029628609122,212.88
seismic,2002-04-14 16:49:34.100,34.338,-81.321,2.1,2.3,205.39861922599212,128.025
seismic,2002-04-14 18:14:16.330,36.0393333,-89.4808333,5.38,2.1,606.8129790989614,0.0
seismic,2002-04-15 10:41:25.980,36.2658333,-89.4991667,6.65,1.3,631.8964596358054,0.0
seismic,2002-04-16 10:26:26.480,36.4798333,-89.5451667,7.91,1.5,656.1775307634565,0.0
seismic,2002-04-17 19:02:19.480,36.279,-89.5085,6.46,1.1,633.519064715406,0.0
seismic,2002-04-17 23:36:32.100,34.674,-85.079,2.8,1.9,456.4167808549289,352.342
seismic,2002-04-19 01:59:40.820,36.718,-89.5153333,5.08,1.5,681.6722152010886,0.0
seismic,2002-04-20 07:28:30.700,34.811,-87.403,10.3,1.8,458.0883801408405,221.009
seismic,2002-04-20 10:50:47.450,44.5123333,-73.6973333,4.83,5.3,84.8159700747706,286.144
seismic,2002-04-20 11:04:42.420,44.4898333,-73.6898333,5.0,3.7,87.38023296493905,284.104
seismic,2002-04-20 11:08:26.020,44.5011667,-73.7038333,4.99,1.73,85.82959196977234,285.761
seismic,2002-04-20 11:45:28.650,44.5036667,-73.7033333,5.04,2.6,85.5778590511262,285.905
seismic,2002-04-20 20:00:00.230,36.1318333,-89.3903333,6.82,2.8,615.1440086461268,0.0
seismic,2002-04-22 06:21:06.020,36.5021667,-89.5583333,9.23,1.6,658.8757444945159,0.0
seismic,2002-04-22 14:03:07.750,36.0071667,-88.9706667,9.51,2.5,594.6171623801663,31.617
seismic,2002-04-27 02:33:43.170,35.9615,-89.959,4.58,2.7,609.7509149103597,0.0
seismic,2002-04-28 00:02:11.500,32.935,-80.153,6.9,2.3,21.575762627069725,0.0
seismic,2002-04-28 00:07:20.900,41.85,-81.37,5.0,2.7,489.9892159830137,474.263
seismic,2002-04-30 11:15:27.830,36.5116667,-89.5555,7.92,1.5,659.8579742925922,0.0
seismic,2002-04-30 13:01:03.570,36.2588333,-89.4395,5.04,1.6,629.9738782835873,0.0
seismic,2002-05-01 05:02:53.820,36.4095,-89.515,9.03,1.6,647.9028973966758,0.0
seismic,2002-05-05 20:46:59.600,33.7,-87.279,16.3,2.6,337.56299534433015,198.371
seismic,2002-05-06 22:26:51.500,38.949,-81.889,5.0,2.8,394.6516591056312,177.075
seismic,2002-05-08 18:18:55.200,35.408,-83.577,5.4,2.1,406.2723159550142,272.947
seismic,2002-05-09 16:43:59.870,36.293,-89.434,3.99,1.7,633.6090495286452,0.0
seismic,2002-05-11 04:07:14.240,36.4561667,-89.5435,8.58,1.7,653.5592314342742,0.0
seismic,2002-05-12 00:19:34.040,36.4763333,-89.555,8.55,1.5,655.988356287609,0.0
seismic,2002-05-12 05:31:39.940,36.8038333,-89.3358333,7.01,1.8,688.0140558521817,0.0
seismic,2002-05-12 08:12:02.030,36.1936667,-89.4536667,8.15,1.3,623.1198772449501,0.0
seismic,2002-05-15 06:34:50.600,35.542,-84.078,15.3,2.6,446.9793953661074,250.995
seismic,2002-05-15 19:02:49.810,36.2023333,-89.4868333,6.43,1.8,624.7181986730989,0.0
seismic,2002-05-16 07:05:30.100,35.615,-84.218,18.8,1.9,461.50856425952645,241.965
seismic,2002-05-16 21:14:08.810,36.4781667,-89.5446667,6.98,1.4,655.9856481848652,0.0
seismic,2002-05-18 07:02:31.500,36.303,-83.351,6.3,2.0,478.3447967927343,183.522
seismic,2002-05-18 18:57:17.290,36.1916667,-89.4631667,7.66,1.5,623.0866664173859,0.0
seismic,2002-05-19 14:29:48.690,36.5581667,-89.6041667,6.37,1.3,665.899485753931,0.0
seismic,2002-05-19 16:08:36.010,36.561,-89.6043333,7.33,1.5,666.2120253781861,0.0
seismic,2002-05-20 04:08:15.100,35.545,-85.607,4.0,2.5,549.8652099718868,270.868
seismic,2002-05-21 09:46:43.820,36.5596667,-89.8341667,3.51,1.6,670.9852265596423,0.0
seismic,2002-05-21 20:35:31.900,32.456,-88.221,27.4,3.0,192.1526865101487,57.107
seismic,2002-05-22 18:28:12.590,36.5306667,-89.5868333,8.54,1.5,662.551844394385,0.0
seismic,2002-05-24 23:46:00.400,44.504,-73.675,10.0,3.1,86.28020023687365,284.185
seismic,2002-05-26 02:31:04.670,36.2481667,-89.5123333,7.17,1.3,630.2295647232945,0.0
seismic,2002-05-28 09:15:38.000,45.63,-76.62,18.0,3.4,165.09742295069336,545.451
seismic,2002-05-29 09:25:10.160,36.3535,-89.5356667,11.2,1.3,642.192658178251,0.0
seismic,2002-05-30 00:28:53.900,36.1138333,-89.7468333,6.61,1.3,620.748211193714,0.0
seismic,2002-05-30 08:23:13.000,32.964,-80.205,10.1,2.0,27.34363982299818,0.0
seismic,2002-05-30 10:36:41.980,36.7515,-89.0326667,5.42,2.6,677.9019173536541,10.021
seismic,2002-05-30 14:10:36.070,36.363,-89.5316667,11.89,2.1,643.1503695634361,0.0
seismic,2002-06-01 11:35:29.000,45.59,-73.86,18.0,3.2,0.3342661508258621,381.168
seismic,2002-06-04 17:39:53.320,36.0476667,-89.8276667,8.26,1.9,615.5753806535531,0.0
seismic,2002-06-07 10:16:04.000,42.16,-71.56,5.0,2.5,40.612865709218326,82.046
seismic,2002-06-09 10:52:09.500,35.731,-84.13,5.5,2.5,465.88700098560633,229.508
seismic,2002-06-09 15:11:30.550,36.3115,-89.4555,3.89,1.0,636.0408843318536,0.0
seismic,2002-06-13 01:01:57.180,36.1726667,-89.3703333,5.84,2.2,619.2435689072001,0.0
seismic,2002-06-13 15:44:11.400,36.2726667,-89.5,7.89,1.4,632.6591979414886,0.0
seismic,2002-06-17 08:50:16.960,36.1918333,-89.4728333,5.64,1.8,623.2947086047785,0.0
seismic,2002-06-18 17:37:17.270,38.0001667,-87.7563333,16.05,4.6,811.9229324721214,0.0
seismic,2002-06-20 02:11:39.610,36.4585,-89.2958333,14.01,2.2,649.3343191448589,0.0
seismic,2002-06-21 21:37:59.980,36.6571667,-89.5445,8.43,1.7,675.55563997685,0.0
seismic,2002-06-23 14:40:05.460,36.085,-89.7613333,9.82,1.5,617.9793037898272,0.0
seismic,2002-06-25 13:40:28.100,44.499,-73.703,9.0,3.0,86.07950375226945,285.558
seismic,2002-06-28 00:37:35.680,36.2581667,-89.4891667,7.95,2.0,630.8619146383571,0.0
seismic,2002-06-29 02:05:37.350,36.1491667,-89.2885,1.61,2.4,615.1985882638327,0.0
seismic,2002-06-30 19:26:21.160,36.2545,-89.49,7.65,1.4,630.477791531379,0.0
seismic,2002-07-01 20:47:22.740,36.4266667,-89.536,9.5,1.2,650.1892650627258,0.0
seismic,2002-07-02 10:31:34.110,36.2416667,-89.4988333,6.1,1.2,629.2509794573291,0.0
seismic,2002-07-03 05:44:07.400,36.287,-89.496,7.54,1.6,634.1459595282787,0.0
seismic,2002-07-05 00:55:46.610,36.5011667,-89.5743333,9.61,1.6,659.082714336636,0.0
seismic,2002-07-05 10:13:53.740,36.7525,-89.1613333,3.42,2.4,679.7212144894459,0.0
seismic,2002-07-06 11:15:16.150,36.5346667,-89.5828333,7.99,2.1,662.9090284221913,0.0
seismic,2002-07-07 02:40:51.100,33.043,-80.134,10.8,2.9,27.73812203771444,0.0
seismic,2002-07-07 17:24:50.210,36.2843333,-89.4963333,7.27,1.5,633.8612039318534,0.0
seismic,2002-07-10 20:55:32.900,35.411,-83.585,0.0,2.1,406.9851243793268,272.464
seismic,2002-07-11 17:08:06.380,36.2651667,-89.5065,8.19,1.8,631.9689960065612,0.0
seismic,2002-07-16 02:08:39.500,32.938,-80.138,6.7,2.8,20.482037470896746,0.0
seismic,2002-07-16 02:20:12.200,32.938,-80.138,7.2,2.3,20.482037470896746,0.0
seismic,2002-07-17 19:01:17.160,36.2718333,-89.4738333,6.6,1.5,632.0555881501574,0.0
seismic,2002-07-21 09:05:31.030,36.147,-89.447,10.78,1.6,617.8898852909247,0.0
seismic,2002-07-21 18:09:48.320,36.2698333,-89.4691667,6.03,1.6,631.7464524528673,0.0
seismic,2002-07-23 02:08:59.000,49.59,-66.95,18.0,4.0,18.77552527050043,802.495
seismic,2002-07-23 18:23:36.600,35.901,-89.9423333,11.01,1.9,602.8428986752846,0.0
seismic,2002-07-24 10:02:53.090,36.255,-89.4498333,5.71,1.6,629.7518892448817,0.0
seismic,2002-07-24 11:31:21.800,35.939,-83.837,14.0,1.7,467.6038770212433,209.988
seismic,2002-07-25 04:37:58.670,36.3153333,-89.5391667,9.24,1.5,638.0971974134877,0.0
seismic,2002-07-26 05:11:00.350,36.4788333,-89.5531667,9.17,2.0,656.2253154075656,0.0
seismic,2002-07-26 21:07:03.000,33.06,-80.195,10.0,3.0,32.96320340752555,0.0
seismic,2002-07-28 05:09:50.390,36.5688333,-89.6203333,5.71,1.7,667.3882636521445,0.0
seismic,2002-07-30 03:24:42.710,36.237,-89.4203333,6.5,1.6,627.2214338281663,0.0
seismic,2002-08-03 04:58:24.160,36.168,-89.4291667,8.32,1.6,619.8400885832199,0.0
seismic,2002-08-04 01:56:54.200,35.881,-84.023,20.8,2.0,472.6267454769178,213.81
seismic,2002-08-05 10:53:32.290,36.44,-89.5305,8.82,1.7,651.5382413571244,0.0
seismic,2002-08-06 05:17:24.100,36.3855,-89.5013333,7.49,1.7,645.0142311816459,0.0
seismic,2002-08-06 05:33:04.940,36.2736667,-89.4688333,4.82,1.2,632.159077599382,0.0
seismic,2002-08-11 08:22:32.820,36.1345,-89.4146667,9.3,1.7,615.8979664421223,0.0
seismic,2002-08-14 05:05:49.660,36.1691667,-89.4055,7.49,1.2,619.5166399315711,0.0
seismic,2002-08-16 13:40:12.400,35.664,-84.849,4.4,2.5,505.601449771122,239.666
seismic,2002-08-17 05:53:54.000,47.33,-70.51,13.3,3.8,3.0062975042478053,495.095
seismic,2002-08-19 06:37:05.400,35.529,-84.067,0.0,1.9,445.2378045589808,252.537
seismic,2002-08-20 10:01:20.040,36.3083333,-89.5143333,8.13,1.6,636.8376472401071,0.0
seismic,2002-08-22 18:58:38.220,41.4793333,-72.101,8.38,2.25,14.323141377775237,169.79
seismic,2002-08-27 14:07:35.600,35.659,-84.845,8.8,2.1,504.9587555759711,240.164
seismic,2002-09-01 18:21:20.000,35.426,-84.628,10.0,2.0,472.9952391840976,263.851
seismic,2002-09-04 02:22:17.000,36.247,-83.766,3.3,1.9,492.2151604969871,177.613
seismic,2002-09-07 21:27:45.000,46.96,-76.29,18.0,3.7,214.1099563114184,619.404
seismic,2002-09-08 09:03:24.290,35.6683333,-89.641,6.73,2.7,570.1465800886847,17.877
seismic,2002-09-09 01:34:34.000,35.863,-82.681,10.0,2.3,407.2724389691415,213.704
seismic,2002-09-09 01:53:12.000,35.871,-82.69,17.1,1.9,408.4233653044642,213.714
seismic,2002-09-09 04:59:59.290,36.2543333,-89.5376667,5.76,1.6,631.4128974883419,0.0
seismic,2002-09-16 06:09:26.530,44.2603333,-71.4198333,0.05,1.7,113.19066715973835,158.646
seismic,2002-09-19 14:44:36.150,27.822,-89.135,10.0,3.7,125.320095258001,115.109
seismic,2002-09-20 23:58:04.900,35.667,-82.949,0.1,1.8,398.6546198580772,246.234
seismic,2002-09-21 02:57:28.600,32.922,-80.163,8.2,2.0,21.856316016695025,0.0
seismic,2002-09-21 18:17:33.220,36.2181667,-89.4666667,5.87,1.6,626.0507353527571,0.0
seismic,2002-09-22 00:46:45.150,36.123,-89.744,11.46,2.0,621.6718108705091,0.0
seismic,2002-09-23 00:56:24.230,36.2331667,-89.5038333,9.12,1.6,628.4225507706686,0.0
seismic,2002-09-28 23:47:27.000,42.87,-71.73,5.0,2.8,70.56744815178054,60.245
seismic,2002-09-29 14:24:01.010,36.2773333,-89.5325,8.33,1.3,633.8170754503863,0.0
seismic,2002-09-29 15:07:08.530,36.2716667,-89.5033333,8.11,1.1,632.615917853123,0.0
seismic,2002-10-01 02:03:07.800,32.925,-80.17,5.7,1.1,22.58396742458365,0.0
seismic,2002-10-02 21:55:19.900,35.385,-84.346,19.3,2.1,451.2428632792344,267.446
seismic,2002-10-03 07:36:20.440,36.172,-89.4601667,10.34,1.5,620.8791542909667,0.0
seismic,2002-10-04 09:26:37.430,36.1961667,-89.5021667,5.35,2.0,624.3510837915707,0.0
seismic,2002-10-04 09:45:22.510,36.1933333,-89.5066667,5.51,1.0,624.132384919382,0.0
seismic,2002-10-06 13:56:26.040,36.1165,-89.7571667,8.05,1.4,621.2803124774367,0.0
seismic,2002-10-08 05:42:22.420,36.3856667,-89.5221667,9.29,1.5,645.4386014760356,0.0
seismic,2002-10-09 06:56:58.910,36.3061667,-89.4718333,5.87,1.4,635.770454941527,0.0
seismic,2002-10-10 07:13:23.420,36.5241667,-89.5366667,5.04,2.0,660.8577441463108,0.0
seismic,2002-10-12 09:13:43.960,36.4025,-89.5186667,7.54,1.6,647.2093390139602,0.0
seismic,2002-10-12 19:11:09.720,36.314,-89.4825,6.38,1.8,636.8330399705827,0.0
seismic,2002-10-14 03:23:11.500,35.536,-84.852,3.0,2.6,496.2424185254905,253.872
seismic,2002-10-16 03:11:24.260,36.2933333,-89.516,5.05,1.0,635.2329436872641,0.0
seismic,2002-10-16 16:20:44.110,36.8971667,-89.8021667,11.41,2.1,706.9131255171959,0.0
seismic,2002-10-18 15:55:34.500,36.624,-84.081,6.9,1.8,542.8731948102958,130.681
seismic,2002-10-24 23:17:38.300,36.3858333,-89.5875,11.42,1.5,646.7657266135259,0.0
seismic,2002-10-26 14:08:38.770,36.4653333,-89.5546667,8.03,2.9,654.7803893142565,0.0
seismic,2002-10-29 08:16:29.580,36.2173333,-89.4615,6.14,1.6,625.8589456727188,0.0
seismic,2002-10-29 08:32:50.930,36.2173333,-89.4585,5.98,1.5,625.8006233465304,0.0
seismic,2002-11-06 01:12:24.470,36.1418333,-89.504,0.4,1.5,618.4609634469746,0.0
seismic,2002-11-06 02:03:51.820,36.2141667,-89.4721667,8.5,1.6,625.7212969146356,0.0
seismic,2002-11-07 16:55:06.000,44.05,-77.43,18.0,3.0,240.0000492305276,536.374
seismic,2002-11-08 03:09:12.200,35.893,-83.587,19.8,2.3,450.41557487893607,219.953
seismic,2002-11-08 13:29:03.190,32.422,-79.95,3.9,3.5,21.75711788889735,17.179
seismic,2002-11-11 07:57:38.060,36.2713333,-89.2795,3.74,1.0,628.4705115628848,3.112
seismic,2002-11-11 23:39:29.720,32.404,-79.936,2.4,4.0,24.030045809782727,19.46
seismic,2002-11-12 09:18:42.650,36.497,-89.5461667,8.1,1.8,658.0728444600992,0.0
seismic,2002-11-20 09:11:10.430,36.1398333,-89.4071667,8.16,1.8,616.3382455075752,0.0
seismic,2002-11-22 01:24:34.600,36.381,-83.592,3.2,1.8,496.6477387270572,167.529
seismic,2002-11-22 13:49:50.200,36.512,-83.013,0.0,2.5,485.6760881983136,177.612
seismic,2002-11-26 00:26:05.900,36.6288333,-89.813,10.05,2.2,678.0031033607452,0.0
seismic,2002-11-27 21:44:43.800,34.598,-85.476,6.9,1.8,461.4765565449223,352.152
seismic,2002-11-29 06:42:04.400,33.049,-80.177,9.1,2.5,30.91450509765822,0.0
seismic,2002-11-29 07:25:09.260,36.6698333,-89.522,4.42,2.4,676.5191498091908,0.0
seismic,2002-12-08 01:17:03.000,35.289,-84.712,18.0,2.5,468.699937002796,279.788
seismic,2002-12-11 08:12:25.810,36.2161667,-89.4603333,6.07,1.7,625.7087424725631,0.0
seismic,2002-12-13 06:01:30.000,35.559,-84.115,12.8,2.4,450.62721216497465,248.81
seismic,2002-12-15 16:05:41.580,36.2553333,-89.4406667,6.4,1.5,629.6131487694539,0.0
seismic,2002-12-16 05:32:30.800,33.049,-80.184,8.5,2.8,31.374005909295796,0.0
seismic,2002-12-24 08:46:08.940,35.966,-89.9035,7.58,1.7,608.7534181567337,0.0
seismic,2002-12-25 18:25:20.510,44.572,-73.7761667,6.52,2.43,76.58994187902819,295.19
seismic,2003-01-02 06:18:35.790,36.3206667,-89.5306667,8.68,1.7,638.5089568541536,0.0
seismic,2003-01-02 11:29:39.790,36.2445,-89.5181667,6.85,1.8,629.9463759601675,0.0
seismic,2003-01-03 16:17:06.800,37.8656667,-87.9601667,1.91,2.9,796.4898885901744,0.0
seismic,2003-01-04 04:16:41.760,36.2405,-89.5035,7.69,1.5,629.2164085378864,0.0
seismic,2003-01-06 00:04:28.100,34.857,-85.143,10.5,2.2,471.9641828070812,333.192
seismic,2003-01-06 06:45:05.920,36.5818333,-89.5995,9.71,1.9,668.3896185949545,0.0
seismic,2003-01-07 03:24:58.830,36.2025,-89.4636667,8.64,1.8,624.2801674906336,0.0
seismic,2003-01-09 10:27:02.520,36.3045,-89.5025,7.72,2.0,636.185419707926,0.0
seismic,2003-01-11 02:24:09.830,41.0038333,-73.8795,2.98,1.23,0.0691213528364803,310.095
seismic,2003-01-14 05:09:34.350,36.4765,-89.5516667,7.91,1.9,655.9409302020183,0.0
seismic,2003-01-15 00:58:18.320,40.99,-73.8661667,3.48,1.36,1.391661691768974,310.239
seismic,2003-01-20 06:47:09.400,36.4686667,-89.5535,8.1,1.6,655.1214278313208,0.0
seismic,2003-01-26 07:58:56.080,36.283,-89.5068333,8.52,1.5,633.9227952753331,0.0
seismic,2003-01-31 06:13:44.580,36.4825,-89.5435,8.11,1.7,656.4363020956047,0.0
seismic,2003-02-01 06:49:11.100,32.931,-80.154,5.5,2.1,21.47181365309259,0.0
seismic,2003-02-03 12:44:32.700,36.167,-89.8878333,17.08,2.3,629.908505678533,0.0
seismic,2003-02-03 22:27:22.600,36.4986667,-89.5438333,7.01,1.8,658.2094493111402,0.0
seismic,2003-02-05 01:34:37.100,34.729,-86.248,15.4,1.9,465.40758820137626,315.334
seismic,2003-02-08 05:52:43.130,36.497,-89.5438333,8.03,1.9,658.0273071796122,0.0
seismic,2003-02-09 12:24:11.840,36.4203333,-89.636,12.14,1.7,651.5270726845921,0.0
seismic,2003-02-09 16:18:03.000,46.51,-75.2,18.0,3.3,122.98205778709575,526.081
seismic,2003-02-09 21:13:34.140,36.4183333,-89.6351667,12.84,2.3,651.2919113617186,0.0
seismic,2003-02-10 04:23:09.880,36.4191667,-89.6368333,11.91,1.8,651.4175075120772,0.0
seismic,2003-02-14 02:41:04.890,36.5488333,-89.6981667,7.5,1.8,666.8196362123431,0.0
seismic,2003-02-14 03:53:30.870,36.4478333,-89.5348333,7.74,1.8,652.4788919050083,0.0
seismic,2003-02-19 10:56:38.510,36.4208333,-89.6351667,12.59,1.6,651.5640824242595,0.0
seismic,2003-02-20 12:06:15.040,36.2453333,-89.5078333,6.73,1.6,629.8303999792381,0.0
seismic,2003-02-26 09:42:39.300,32.936,-80.157,7.9,2.1,21.959414952802742,0.0
seismic,2003-02-28 07:02:36.500,32.932,-80.159,4.3,2.6,21.941415920072508,0.0
seismic,2003-02-28 08:15:11.710,36.531,-89.5615,7.62,1.5,662.0878093562094,0.0
seismic,2003-03-02 17:18:26.500,32.931,-80.165,6.5,2.9,22.40730281072832,0.0
seismic,2003-03-04 07:00:26.570,35.877,-89.9835,19.46,1.7,601.4142056004897,0.0
seismic,2003-03-04 10:51:52.410,36.2616667,-89.4615,7.29,1.5,630.7053664253065,0.0
seismic,2003-03-13 13:43:31.700,36.2916667,-89.4806667,6.26,1.5,634.3562196065147,0.0
seismic,2003-03-15 15:56:48.900,32.937,-80.137,5.4,2.3,20.34759334820382,0.0
seismic,2003-03-15 16:24:54.700,32.939,-80.138,5.3,2.0,20.53477971385504,0.0
seismic,2003-03-17 13:03:21.380,36.5328333,-89.6008333,6.5,1.5,663.0681767578067,0.0
seismic,2003-03-18 06:04:24.210,33.689,-82.888,5.0,3.5,228.0437143353594,191.054
seismic,2003-03-18 17:19:41.880,36.2663333,-89.5256667,8.77,1.5,632.479391434616,0.0
seismic,2003-03-18 22:00:56.410,36.3708333,-89.5496667,9.43,1.7,644.3641312097077,0.0
seismic,2003-03-21 00:49:49.640,36.53,-89.647,11.07,1.6,663.6990996113891,0.0
seismic,2003-03-23 08:05:13.400,36.5818333,-89.5838333,7.63,1.8,668.0796115515886,0.0
seismic,2003-03-23 09:46:40.230,36.4883333,-89.538,7.22,1.5,656.9665045981094,0.0
seismic,2003-03-28 03:19:10.050,36.4981667,-89.575,9.42,1.3,658.7684333655503,0.0
seismic,2003-03-28 09:01:22.130,36.3885,-89.5063333,7.56,1.8,645.4391274859119,0.0
seismic,2003-03-29 08:52:55.210,36.5098333,-89.5601667,8.52,1.1,659.7492644292128,0.0
seismic,2003-03-31 04:11:37.440,36.5045,-89.5508333,7.11,1.8,658.9835769745762,0.0
seismic,2003-04-01 04:20:16.250,36.6123333,-89.8955,9.37,1.5,678.095139857246,0.0
seismic,2003-04-04 23:01:46.600,33.986,-81.032,0.5,1.4,161.72932277518618,82.518
seismic,2003-04-05 10:18:40.520,36.4821667,-89.5476667,8.3,1.7,656.4814444712111,0.0
seismic,2003-04-05 11:13:17.390,36.6988333,-89.5143333,12.81,1.6,679.5535997202929,0.0
seismic,2003-04-07 05:30:27.250,36.1446667,-89.4008333,8.44,1.9,616.7469491132409,0.0
seismic,2003-04-08 01:00:30.720,34.9661667,-84.9313333,8.06,2.0,462.6346739697111,318.012
seismic,2003-04-08 15:06:14.400,44.615,-74.34,10.0,3.7,50.09722981839403,333.724
seismic,2003-04-09 19:54:45.610,36.5233333,-89.5505,6.78,1.8,661.0350787202261,0.0
seismic,2003-04-13 04:52:53.920,26.087,-86.085,10.0,3.2,370.5869571256256,390.279
seismic,2003-04-17 07:40:19.090,36.1971667,-89.4593333,7.52,2.2,623.6127541741649,0.0
seismic,2003-04-18 05:32:14.780,36.538,-89.6033333,9.33,1.5,663.6821370293703,0.0
seismic,2003-04-20 12:24:43.840,41.3605,-74.3696667,7.03,2.28,33.32387316215684,320.337
seismic,2003-04-21 16:22:27.110,36.5191667,-89.6198333,10.06,2.1,661.9615114439771,0.0
seismic,2003-04-24 23:08:50.350,36.4558333,-89.5441667,8.31,1.8,653.5359079378449,0.0
seismic,2003-04-29 08:59:39.070,34.4938333,-85.6298333,19.81,4.6,448.0094870061181,334.848
seismic,2003-04-29 09:22:24.620,34.4745,-85.6355,3.85,2.6,445.8004375702539,332.735
seismic,2003-04-29 09:34:55.610,34.492,-85.6483333,7.59,2.3,447.6011690927648,333.795
seismic,2003-04-29 09:45:41.100,34.4423333,-85.6401667,3.08,3.1,442.1785358949622,329.453
seismic,2003-04-29 09:49:06.880,34.4926667,-85.6451667,7.42,2.4,447.7097833622713,334.009
seismic,2003-04-29 09:53:55.850,34.4736667,-85.6275,0.76,2.3,445.7981548414916,333.039
seismic,2003-04-29 09:58:01.960,34.4718333,-85.6133333,7.24,1.4,445.75756160777513,333.546
seismic,2003-04-29 12:26:03.520,34.4696667,-85.667,7.23,1.8,444.9205888565805,330.778
seismic,2003-04-29 12:40:18.580,34.4491667,-85.6496667,3.21,2.3,442.8315424099311,329.646
seismic,2003-04-30 03:54:24.800,32.909,-80.162,6.9,1.6,21.28973362089275,0.0
seismic,2003-04-30 04:56:21.580,35.945,-89.9161667,23.68,4.0,606.8412630275826,0.0
seismic,2003-04-30 18:42:00.140,36.6316667,-89.6058333,9.13,1.5,673.9563135286928,0.0
seismic,2003-05-01 04:56:19.500,36.5293333,-89.5526667,6.29,1.6,661.7330203157655,0.0
seismic,2003-05-02 00:36:13.100,36.5388333,-89.6503333,9.2,1.4,664.730272532661,0.0
seismic,2003-05-02 03:25:02.680,36.7285,-89.683,1.89,2.7,686.0712102909083,0.0
seismic,2003-05-02 07:08:24.890,34.574,-85.622,10.0,1.9,456.99416564214175,342.889
seismic,2003-05-02 08:10:14.040,37.9655,-88.6633333,0.09,3.2,809.7142950120035,0.0
seismic,2003-05-02 10:48:43.990,34.4931667,-85.6066667,14.5,3.1,448.20126201558736,335.893
seismic,2003-05-05 10:53:49.900,33.055,-80.19,11.4,3.1,32.240761947709416,0.0
seismic,2003-05-05 16:32:34.390,37.6256667,-77.9551667,12.5,3.6,67.98605863773673,0.0
seismic,2003-05-07 01:49:32.650,36.538,-89.649,9.25,1.6,664.611962200251,0.0
seismic,2003-05-08 11:33:06.000,33.989,-81.053,0.9,1.5,162.86249745700752,83.315
seismic,2003-05-13 23:58:31.060,36.2116667,-89.4633333,6.92,1.9,625.2753678634746,0.0
seismic,2003-05-15 11:12:20.720,36.1685,-89.6403333,11.16,1.9,624.2435300424515,0.0
seismic,2003-05-16 05:33:32.540,36.413,-89.5173333,8.18,1.9,648.3308337146826,0.0
seismic,2003-05-17 14:49:14.100,35.537,-83.244,6.3,1.8,400.1614860503192,267.019
seismic,2003-05-19 16:23:42.040,36.5481667,-89.5688333,1.82,1.7,664.1070990861416,0.0
seismic,2003-05-21 05:11:13.410,36.4508333,-89.5376667,7.76,1.7,652.8621406238557,0.0
seismic,2003-05-25 17:30:03.170,36.212,-89.4876667,5.2,1.5,625.7902264464004,0.0
seismic,2003-05-26 05:21:55.360,36.289,-89.5271667,9.68,1.2,634.9828705984887,0.0
seismic,2003-05-26 08:06:48.070,36.2915,-89.5253333,9.52,1.5,635.2189893549421,0.0
seismic,2003-05-27 05:50:54.890,36.2085,-89.4851667,5.86,2.0,625.3585170870663,0.0
seismic,2003-05-27 07:09:06.020,36.2123333,-89.4898333,5.63,1.6,625.8695892937217,0.0
seismic,2003-05-27 20:22:30.770,36.3573333,-89.4866667,6.89,1.7,641.651276349386,0.0
seismic,2003-05-29 03:40:41.380,36.3155,-89.549,11.83,2.1,638.3136085785519,0.0
seismic,2003-05-29 05:32:15.960,36.467,-89.5451667,7.61,1.9,654.7754389106829,0.0
seismic,2003-05-30 02:18:24.320,36.1258333,-89.394,6.16,2.8,614.5564594130723,0.0
seismic,2003-06-03 09:40:07.270,36.2055,-89.4136667,7.15,1.6,623.6476885154865,0.0
seismic,2003-06-06 12:29:34.210,36.8788333,-88.9958333,2.5,4.0,691.5861732722428,9.741
seismic,2003-06-07 03:44:05.280,36.4988333,-89.5791667,8.25,1.5,658.924138611046,0.0
seismic,2003-06-08 02:03:09.720,36.3743333,-89.5455,11.31,2.0,644.6628269225197,0.0
seismic,2003-06-12 23:33:17.200,32.982,-80.227,10.4,2.6,30.09242218792459,0.0
seismic,2003-06-13 05:41:54.820,36.4486667,-89.5395,7.8,1.5,652.6613686220612,0.0
seismic,2003-06-13 11:34:40.000,47.7,-70.09,11.1,4.1,2.304730123177515,538.726
seismic,2003-06-15 03:22:26.950,36.0898333,-89.4185,5.35,1.4,611.0874114583803,0.0
seismic,2003-06-17 09:31:58.830,36.2766667,-89.4843333,7.09,1.5,632.7883689808347,0.0
seismic,2003-06-17 11:46:34.500,36.5301667,-89.5913333,10.0,1.5,662.5869847161138,0.0
seismic,2003-06-18 09:37:50.090,36.4915,-89.5398333,8.14,1.6,657.3482868516163,0.0
seismic,2003-06-18 10:43:56.910,36.2681667,-89.505,7.32,1.7,632.2667723370832,0.0
seismic,2003-06-22 23:49:54.200,34.562,-85.649,3.1,1.9,455.3668477849395,340.48
seismic,2003-06-26 11:03:20.400,36.27,-89.5078333,7.1,1.5,632.5231798954827,0.0
seismic,2003-06-27 06:20:42.500,34.027,-81.256,2.9,1.4,170.16995957318784,93.549
seismic,2003-06-28 05:47:48.330,36.1456667,-89.4316667,9.92,2.0,617.4462071300517,0.0
seismic,2003-06-30 19:21:17.200,41.8,-81.2,4.6,3.6,475.7738304313157,467.106
seismic,2003-07-02 10:18:26.130,36.4433333,-84.5545,18.35,2.3,551.399382645562,149.782
seismic,2003-07-03 18:35:20.830,36.3383333,-89.5351667,9.61,1.4,640.5271154636041,0.0
seismic,2003-07-06 05:16:52.270,36.552,-89.6468333,8.15,1.5,666.0927686274181,0.0
seismic,2003-07-06 06:07:42.030,36.5525,-89.648,7.95,1.6,666.1712487109428,0.0
seismic,2003-07-06 13:59:26.960,34.4856667,-85.6286667,13.69,2.4,447.1164232740111,334.125
seismic,2003-07-06 22:30:46.730,36.534,-89.6323333,7.1,1.5,663.8336503790845,0.0
seismic,2003-07-07 00:42:18.340,36.4,-89.4731667,8.92,2.6,646.060487656427,0.0
seismic,2003-07-08 08:51:32.890,36.447,-89.5616667,9.69,1.5,652.9173214719801,0.0
seismic,2003-07-10 05:55:16.010,36.218,-89.4886667,4.76,1.6,626.46520643353,0.0
seismic,2003-07-13 02:41:35.410,35.6656667,-83.9288333,18.28,2.4,448.619946162432,238.849
seismic,2003-07-13 08:00:08.070,36.2185,-89.4903333,5.34,2.0,626.552834926201,0.0
seismic,2003-07-13 20:15:16.960,32.335,-82.144,5.0,3.6,103.55033890447376,106.138
seismic,2003-07-14 06:10:08.880,36.5391667,-89.6135,7.98,1.9,664.0142131120281,0.0
seismic,2003-07-14 08:38:20.440,36.2938333,-89.5311667,8.75,1.5,635.5905298444743,0.0
seismic,2003-07-15 04:40:47.160,36.3206667,-89.5248333,8.78,1.6,638.3926852608224,0.0
seismic,2003-07-15 19:17:14.580,34.467,-85.6486667,3.34,2.5,444.8221294677416,331.393
seismic,2003-07-17 00:44:10.000,41.86,-80.76,2.5,2.5,453.2125077128042,471.62
seismic,2003-07-19 14:22:21.300,32.924,-80.137,5.7,2.5,19.71018272720371,0.0
seismic,2003-07-19 16:20:54.690,36.428,-89.5175,7.08,1.8,649.9735665363661,0.0
seismic,2003-07-20 09:00:51.590,36.2218333,-89.441,8.5,1.9,625.9549140245357,0.0
seismic,2003-07-21 10:30:06.290,36.2465,-89.4571667,4.93,1.3,628.9634082898837,0.0
seismic,2003-07-22 11:41:12.760,42.6131667,-69.7308333,10.36,2.98,68.1242162740251,84.306
seismic,2003-07-25 07:23:39.690,34.3895,-86.014,0.01,1.6,432.24440616046974,307.545
seismic,2003-07-26 13:34:31.770,36.5405,-89.603,7.62,1.5,663.9482334205663,0.0
seismic,2003-07-27 14:27:19.030,36.4781667,-89.5378333,6.49,2.1,655.8521560054248,0.0
seismic,2003-07-29 16:43:17.030,36.5393333,-89.601,7.16,1.5,663.780801232737,0.0
seismic,2003-07-30 02:50:18.510,36.5185,-89.526,5.39,2.8,660.0326217025872,0.0
seismic,2003-07-30 10:22:15.990,36.1178333,-89.7421667,5.2,2.1,621.0705403254293,0.0
seismic,2003-08-03 17:46:59.280,36.5338333,-89.6035,6.82,1.7,663.2308538558515,0.0
seismic,2003-08-04 01:07:35.030,36.2763333,-89.5051667,9.47,1.5,633.1618058683327,0.0
seismic,2003-08-04 01:08:17.470,36.2755,-89.5063333,9.37,1.4,633.0939322857809,0.0
seismic,2003-08-04 01:13:12.630,36.2748333,-89.5053333,9.44,1.0,633.001313659414,0.0
seismic,2003-08-04 07:06:13.660,36.6071667,-89.5783333,5.3,1.6,670.7393585032606,0.0
seismic,2003-08-05 02:23:11.880,36.2241667,-89.4401667,8.25,1.6,626.1941608071569,0.0
seismic,2003-08-05 02:36:37.890,36.2216667,-89.44,8.65,2.4,625.9175207543476,0.0
seismic,2003-08-05 06:41:06.140,36.4863333,-89.5795,14.68,2.6,657.5663851081878,0.0
seismic,2003-08-05 09:32:54.440,36.223,-89.4433333,7.65,1.7,626.1272936883998,0.0
seismic,2003-08-06 12:14:01.100,36.2246667,-89.4401667,8.53,1.4,626.2488505678247,0.0
seismic,2003-08-07 04:11:17.850,36.5538333,-89.7873333,11.28,1.8,669.2990746606732,0.0
seismic,2003-08-07 15:11:54.050,36.208,-89.4476667,5.11,2.0,624.5704810817172,0.0
seismic,2003-08-11 15:47:37.380,36.2226667,-89.442,8.28,1.5,626.0652475950077,0.0
seismic,2003-08-16 09:18:34.720,34.4466667,-85.6055,7.08,2.0,443.0588771654621,331.543
seismic,2003-08-16 10:03:48.260,36.2216667,-89.4413333,8.11,1.5,625.943085120497,0.0
seismic,2003-08-20 01:58:19.110,46.0076667,-74.9656667,8.31,2.7,67.34294608324186,472.633
seismic,2003-08-20 02:50:15.640,36.4545,-89.5635,9.1,1.6,653.7725667056578,0.0
seismic,2003-08-20 21:13:54.840,36.1346667,-89.4048333,9.81,1.6,615.7285468349851,0.0
seismic,2003-08-22 09:47:29.460,36.6241667,-89.559,10.9,1.4,672.222718612194,0.0
seismic,2003-08-22 18:32:38.750,44.432,-69.668,16.1,2.4,42.32980128388679,197.519
seismic,2003-08-23 07:39:58.560,35.6006667,-84.1913333,13.3,2.3,458.7037457018792,243.689
seismic,2003-08-24 09:21:37.110,40.7841667,-74.548,5.58,1.54,32.949696860725695,369.069
seismic,2003-08-26 02:26:57.670,37.1055,-88.6828333,1.71,3.1,713.7872737265751,0.0
seismic,2003-08-26 18:24:18.370,40.6063333,-75.1055,2.91,3.1,66.45887714286754,393.157
seismic,2003-08-26 19:38:22.400,36.2033333,-89.4548333,7.84,1.4,624.1991292996189,0.0
seismic,2003-08-27 01:38:44.610,36.5008333,-89.5291667,5.66,1.5,658.1617314501048,0.0
seismic,2003-08-27 19:55:39.110,44.8565,-73.7413333,10.01,2.15,47.94457377551197,314.237
seismic,2003-08-29 05:31:40.520,36.5445,-89.636,12.06,1.9,665.0531875056975,0.0
seismic,2003-09-01 14:21:10.660,36.6265,-89.5595,12.28,1.8,672.4874950597374,0.0
seismic,2003-09-01 21:25:30.770,36.536,-89.6185,8.44,1.5,663.7700253500609,0.0
seismic,2003-09-05 05:57:06.920,36.578,-89.604,5.6,2.2,668.0607915441249,0.0
seismic,2003-09-05 08:02:01.590,36.5773333,-89.6041667,4.42,1.6,667.9913464125569,0.0
seismic,2003-09-09 00:03:41.980,36.1356667,-89.4963333,4.65,2.5,617.6330764512068,0.0
seismic,2003-09-09 12:39:34.960,36.2331667,-89.4416667,6.95,1.3,627.2073181313921,0.0
seismic,2003-09-11 01:56:06.410,36.2261667,-89.4596667,5.83,1.5,626.7888361468295,0.0
seismic,2003-09-12 22:57:12.550,36.116,-89.442,12.47,1.8,614.4047979153036,0.0
seismic,2003-09-13 15:36:05.130,36.5771667,-89.604,4.75,1.6,667.9698355802819,0.0
seismic,2003-09-14 08:18:18.390,36.2955,-89.5353333,7.63,1.3,635.8561269897949,0.0
seismic,2003-09-14 08:50:42.080,36.234,-89.447,7.06,1.2,627.4007437634956,0.0
seismic,2003-09-14 11:10:14.180,36.2328333,-89.4465,7.1,1.0,627.2635426103466,0.0
seismic,2003-09-16 02:22:44.890,36.0975,-89.7566667,6.55,2.7,619.2172228621744,0.0
seismic,2003-09-17 12:13:08.910,36.482,-89.5636667,8.57,1.4,656.778424222383,0.0
seismic,2003-09-21 10:53:15.860,36.3058333,-89.4725,4.76,1.4,635.7468511128822,0.0
seismic,2003-09-24 10:31:29.900,32.898,-80.148,4.9,1.0,19.69472296053965,0.0
seismic,2003-09-24 14:48:45.900,35.486,-84.158,13.4,2.0,447.2948636516809,256.68
seismic,2003-09-25 23:30:58.000,31.151,-87.517,0.0,2.9,66.30653287113324,0.0
seismic,2003-09-26 01:43:20.120,36.4988333,-89.5635,7.88,1.7,658.6134289411393,0.0
seismic,2003-09-27 19:34:37.660,36.4446667,-89.4988333,7.49,1.8,651.4362930013765,0.0
seismic,2003-09-29 05:42:57.550,36.2333333,-89.4446667,7.04,1.5,627.2830340322057,0.0
seismic,2003-09-30 02:28:03.380,31.115,-87.52,5.0,3.3,63.37436551989506,0.0
seismic,2003-10-01 03:03:27.540,36.5575,-89.6175,7.55,1.0,666.094799494359,0.0
seismic,2003-10-01 06:12:43.900,36.2326667,-89.4456667,7.73,1.4,627.2293193010292,0.0
seismic,2003-10-01 08:07:57.360,40.5715,-75.1156667,3.07,2.2,62.68014551536362,389.652
seismic,2003-10-01 10:02:41.270,36.2311667,-89.4435,6.35,1.4,627.0236885933349,0.0
seismic,2003-10-01 15:27:49.740,36.4781667,-89.5835,11.02,1.7,656.7551986533157,0.0
seismic,2003-10-02 09:34:25.410,36.2458333,-89.5013333,0.26,1.7,629.7555464304567,0.0
seismic,2003-10-04 14:08:15.120,36.3066667,-89.5278333,9.4,1.3,636.9242956842487,0.0
seismic,2003-10-05 18:13:16.640,36.5748333,-89.6043333,5.76,1.7,667.7217989322405,0.0
seismic,2003-10-05 23:45:39.650,36.2328333,-89.4421667,6.48,1.4,627.1804248450843,0.0
seismic,2003-10-05 23:54:12.680,36.2335,-89.4433333,6.86,1.6,627.2756991911813,0.0
seismic,2003-10-06 18:28:15.150,33.3728333,-86.2096667,0.0,2.5,317.6007509219355,201.129
seismic,2003-10-07 01:32:03.190,41.732,-71.571,6.2,1.8,11.947328157036662,123.113
seismic,2003-10-09 18:42:03.730,36.1038333,-89.4443333,13.18,1.8,613.1213552029749,0.0
seismic,2003-10-11 11:24:38.350,36.6178333,-89.5675,9.14,2.3,671.694389204233,0.0
seismic,2003-10-12 08:26:07.000,47.01,-76.37,18.0,4.2,222.3397835919054,627.635
seismic,2003-10-12 22:35:57.490,36.3083333,-89.5233333,7.72,2.5,637.0164234863273,0.0
seismic,2003-10-14 10:45:38.600,32.946,-80.177,7.2,2.5,24.11797590237759,0.0
seismic,2003-10-15 04:13:14.000,45.08,-66.91,18.0,3.1,0.8158163593245841,397.629
seismic,2003-10-15 20:22:59.560,36.2783333,-89.5343333,6.54,2.0,633.9631330905319,0.0
seismic,2003-10-17 01:49:40.820,37.1388333,-81.3498333,8.24,2.5,358.464804635431,37.127
seismic,2003-10-18 02:55:27.410,33.5493333,-87.7765,15.36,2.5,314.22452278654663,181.054
seismic,2003-10-18 05:59:45.520,36.8166667,-89.346,2.57,2.3,689.5912761145562,0.0
seismic,2003-10-18 13:53:29.730,36.238,-89.4536667,5.66,2.2,627.9664795088294,0.0
seismic,2003-10-18 16:25:07.000,46.94,-67.19,18.0,3.5,119.42154659568614,535.929
seismic,2003-10-20 05:59:32.000,32.925,-80.158,7.0,1.4,21.548038923007937,0.0
seismic,2003-10-21 14:13:06.160,36.3135,-89.5096667,5.52,1.5,637.3096415560027,0.0
seismic,2003-10-22 23:36:27.900,32.983,-80.166,7.5,2.4,25.34389161275268,0.0
seismic,2003-10-25 10:09:33.700,36.1615,-89.3923333,6.77,1.2,618.4294518449226,0.0
seismic,2003-10-26 05:07:54.000,36.5396667,-89.6,7.78,1.6,663.7971394028373,0.0
seismic,2003-10-27 07:06:53.070,36.5776667,-89.6036667,4.52,1.8,668.0177621610595,0.0
seismic,2003-10-27 08:56:11.490,36.4973333,-89.553,8.33,1.7,658.2429975255477,0.0
seismic,2003-10-28 06:34:52.260,36.1078333,-89.7433333,8.37,2.3,620.0176660629634,0.0
seismic,2003-10-28 16:42:43.500,32.927,-80.17,7.4,1.7,22.66575794714269,0.0
seismic,2003-10-31 20:08:01.840,36.4716667,-89.5543333,8.74,1.7,655.4655203429796,0.0
seismic,2003-11-03 16:52:29.300,37.9041667,-84.5785,0.0,1.6,629.1708222905128,7.049
seismic,2003-11-03 20:03:00.050,36.5011667,-89.5518333,8.02,2.1,658.6389475553591,0.0
seismic,2003-11-04 13:37:31.730,40.2671667,-75.8833333,0.24,2.41,63.42938795204381,322.353
seismic,2003-11-06 12:22:49.200,37.783,-77.634,3.9,2.6,59.00726117976714,17.277
seismic,2003-11-06 22:03:44.180,36.4511667,-89.574,10.14,1.7,653.6183732385979,0.0
seismic,2003-11-06 22:22:45.200,36.2935,-89.5353333,10.07,1.7,635.6379189686317,0.0
seismic,2003-11-07 04:36:34.790,36.6461667,-89.5486667,11.15,2.3,674.4312154410477,0.0
seismic,2003-11-07 08:58:38.980,36.5538333,-89.641,6.87,1.2,666.1728555665587,0.0
seismic,2003-11-08 16:02:45.130,36.5088333,-89.5443333,7.21,1.6,659.330277356553,0.0
seismic,2003-11-08 16:15:42.390,36.5125,-89.5475,6.79,1.2,659.7926892238918,0.0
seismic,2003-11-15 01:54:35.310,36.4078333,-89.6125,11.86,1.4,649.6771179113503,0.0
seismic,2003-11-15 06:15:43.910,36.5331667,-89.6208333,6.18,1.6,663.5084039465754,0.0
seismic,2003-11-17 12:51:40.810,36.4206667,-89.5048333,6.24,1.2,648.9267398246328,0.0
seismic,2003-11-18 03:06:28.000,35.7356667,-84.2641667,0.76,1.9,474.26435638239326,228.305
seismic,2003-11-18 06:29:50.520,36.2641667,-89.4818333,7.2,1.7,631.3736194733804,0.0
seismic,2003-11-18 06:49:13.900,32.888,-80.169,3.4,1.1,20.84201502593816,0.0
seismic,2003-11-20 15:08:39.050,36.1365,-89.4028333,7.92,2.3,615.8911469184114,0.0
seismic,2003-11-22 10:31:16.080,36.3993333,-89.5485,9.18,1.5,647.4516060216177,0.0
seismic,2003-11-30 15:07:32.000,36.4858333,-89.5363333,8.12,1.9,656.6608416840567,0.0
seismic,2003-12-01 09:03:44.840,36.4731667,-89.555,7.91,1.6,655.6424978228214,0.0
seismic,2003-12-01 09:18:19.600,32.939,-80.139,8.4,2.1,20.616626344198423,0.0
seismic,2003-12-02 21:21:31.100,32.928,-80.149,5.4,1.3,20.91067370016961,0.0
seismic,2003-12-03 03:25:39.450,36.4673333,-89.5275,7.6,1.6,654.4671287842093,0.0
seismic,2003-12-07 20:46:04.800,35.409,-85.082,10.8,1.6,503.0548734289176,271.552
seismic,2003-12-08 10:59:45.580,36.553,-89.603,7.25,1.8,665.3122783308803,0.0
seismic,2003-12-08 12:04:04.000,36.297,-89.5478333,5.63,1.6,636.2722277581389,0.0
seismic,2003-12-09 20:59:18.700,37.774,-78.1,10.0,4.5,87.51294909586639,0.0
seismic,2003-12-11 04:14:13.520,35.16,-88.0788333,2.15,2.7,493.4204381073816,148.637
seismic,2003-12-11 20:00:52.200,33.997,-81.046,1.1,1.5,163.49187053486173,84.021
seismic,2003-12-15 11:09:19.500,36.4855,-89.5261667,9.89,1.9,656.4273215983046,0.0
seismic,2003-12-16 12:55:24.100,36.4995,-89.5286667,5.82,1.6,658.0062988297097,0.0
seismic,2003-12-17 01:13:07.960,36.3036667,-89.5178333,8.85,2.5,636.3975451710945,0.0
seismic,2003-12-17 13:56:46.690,36.5693333,-89.6066667,12.03,1.9,667.168168061198,0.0
seismic,2003-12-17 14:25:03.070,35.5655,-84.054,14.13,2.1,447.4848243581697,248.585
seismic,2003-12-18 03:59:07.520,36.4795,-89.549,8.33,1.5,656.2162566988113,0.0
seismic,2003-12-20 04:26:39.010,36.3918333,-89.5351667,8.3,1.7,646.3682153972826,0.0
seismic,2003-12-21 04:53:00.000,36.5576667,-89.8121667,5.24,1.8,670.27037910302,0.0
seismic,2003-12-21 05:20:05.680,36.2883333,-89.5016667,8.77,2.7,634.4031439011129,0.0
seismic,2003-12-21 09:54:58.080,36.292,-89.5136667,8.79,1.4,635.0410126932808,0.0
seismic,2003-12-22 07:32:12.500,32.929,-80.162,10.2,1.8,22.06317280773941,0.0
seismic,2003-12-22 23:50:26.000,32.924,-80.157,5.6,3.0,21.41977721064613,0.0
seismic,2003-12-22 23:53:59.900,32.904,-80.151,6.7,1.5,20.147833976009544,0.0
seismic,2003-12-23 01:44:02.450,36.5348333,-89.6328333,7.54,1.6,663.9347097244366,0.0
seismic,2003-12-24 09:03:32.110,36.6763333,-89.5281667,12.05,2.0,677.3461463202289,0.0
seismic,2003-12-25 01:43:24.000,34.253,-85.823,7.8,2.0,419.3670034072526,302.681
seismic,2003-12-25 20:05:51.200,36.457,-89.5403333,7.93,1.8,653.5881390426885,0.0
seismic,2003-12-25 22:52:39.170,36.5831667,-89.592,2.05,1.6,668.3864465959455,0.0
seismic,2003-12-26 00:28:38.610,35.5,-84.5515,16.55,2.2,473.5208004127988,255.131
seismic,2003-12-26 09:31:37.820,36.1406667,-89.697,8.49,2.0,622.4946478794702,0.0
seismic,2003-12-27 17:03:12.460,36.5091667,-89.5621667,7.1,1.8,659.7157893461085,0.0
seismic,2003-12-28 18:50:57.730,36.5475,-89.5966667,6.63,1.9,664.5853648699781,0.0
seismic,2004-01-01 10:06:27.110,36.2673333,-89.454,5.43,1.5,631.1807387869519,0.0
seismic,2004-01-03 08:35:03.820,36.649,-89.5505,10.59,1.7,674.7761309470915,0.0
seismic,2004-01-09 08:25:21.150,36.5243333,-89.583,8.38,1.8,661.7841678084217,0.0
seismic,2004-01-10 18:52:42.910,36.2395,-89.4805,5.74,1.8,628.65245133015,0.0
seismic,2004-01-10 18:59:44.800,36.3885,-89.5241667,7.7,1.6,645.7873932063128,0.0
seismic,2004-01-12 01:55:16.900,34.452,-81.164,2.5,1.4,211.17283350821447,135.988
seismic,2004-01-13 10:37:20.830,36.2628333,-89.4796667,6.53,1.3,631.1855790619429,0.0
seismic,2004-01-13 10:40:35.090,36.3636667,-89.5028333,7.53,1.6,642.6567946802988,0.0
seismic,2004-01-13 18:19:26.900,33.017,-80.219,7.5,2.2,31.554667002609467,0.0
seismic,2004-01-13 20:36:45.200,35.9018333,-89.9508333,9.48,1.6,603.1626223343815,0.0
seismic,2004-01-15 00:36:15.860,36.4778333,-89.5321667,6.43,1.7,655.7054528012517,0.0
seismic,2004-01-15 02:52:06.760,36.4763333,-89.564,8.62,1.7,656.1662581103997,0.0
seismic,2004-01-19 05:00:17.050,36.5218333,-89.5805,8.05,1.5,661.4615456549152,0.0
seismic,2004-01-20 17:11:55.340,43.2083333,-71.7766667,3.57,2.32,84.39075861979066,76.014
seismic,2004-01-21 09:24:21.780,35.396,-84.3048333,7.23,1.7,449.42952692708445,266.24
seismic,2004-01-23 05:02:40.590,36.4488333,-89.537,6.79,1.5,652.6305655927314,0.0
seismic,2004-01-23 05:43:18.950,36.448,-89.5368333,7.13,1.7,652.5362555355767,0.0
seismic,2004-01-23 06:23:37.480,36.447,-89.534,7.84,1.6,652.3715418416576,0.0
seismic,2004-01-23 10:54:48.860,36.4458333,-89.5333333,7.69,1.4,652.2310228889336,0.0
seismic,2004-01-26 22:18:37.220,36.467,-89.5581667,8.27,2.1,655.0315820889241,0.0
seismic,2004-01-29 09:55:17.220,36.4443333,-89.5311667,8.16,1.6,652.0247794277018,0.0
seismic,2004-01-30 03:59:27.090,34.7753333,-85.2711667,0.0,1.5,477.2058368202256,344.469
seismic,2004-01-30 12:10:04.140,40.67,-84.65,5.0,2.5,669.5230172092369,175.269
seismic,2004-02-01 03:54:18.100,36.1791667,-89.4756667,9.01,1.5,621.967273038772,0.0
seismic,2004-02-01 09:59:38.900,36.5005,-89.5515,7.57,1.6,658.5595775013163,0.0
seismic,2004-02-01 10:01:20.780,36.4995,-89.5546667,7.32,1.4,658.5124055853287,0.0
seismic,2004-02-01 12:34:59.010,36.5005,-89.5508333,8.72,2.3,658.5465241953453,0.0
seismic,2004-02-01 12:42:23.880,36.4998333,-89.5496667,7.77,1.5,658.450849541359,0.0
seismic,2004-02-01 12:54:27.790,36.4993333,-89.5533333,8.65,1.8,658.4680356634211,0.0
seismic,2004-02-03 10:09:37.540,36.5453333,-89.6745,7.41,1.5,665.940455285968,0.0
seismic,2004-02-06 08:17:39.820,33.2361667,-86.8471667,5.01,2.0,293.342732738102,158.366
seismic,2004-02-09 18:46:17.470,36.5781667,-89.633,9.02,1.8,668.662598332843,0.0
seismic,2004-02-11 07:58:20.000,36.279,-89.5056667,9.05,1.4,633.4629034729414,0.0
seismic,2004-02-12 06:49:48.750,37.1123333,-88.9701667,27.04,2.4,717.2376211796355,6.447
seismic,2004-02-12 11:03:35.200,32.908,-80.157,9.1,2.0,20.812830826786428,0.0
seismic,2004-02-15 10:09:27.430,36.6331667,-89.9978333,8.34,2.3,682.7822927685116,0.0
seismic,2004-02-17 17:34:39.780,36.5403333,-89.6438333,5.28,1.9,664.7597500232157,0.0
seismic,2004-02-17 23:18:46.760,36.5721667,-89.6153333,6.21,1.5,667.6512029120566,0.0
seismic,2004-02-20 05:15:48.420,36.4346667,-89.5201667,7.22,1.5,650.7540639314357,0.0
seismic,2004-02-20 14:34:30.600,36.5421667,-89.6533333,10.45,1.6,665.1554048433716,0.0
seismic,2004-02-22 04:14:37.770,36.2616667,-89.447,6.12,2.2,630.4268809628157,0.0
seismic,2004-02-23 21:52:50.140,36.5038333,-89.4215,9.9,2.0,656.4836731263829,0.0
seismic,2004-02-24 01:25:39.840,36.537,-89.649,8.87,1.6,664.5030143510161,0.0
seismic,2004-02-24 01:54:42.390,41.546,-70.984,5.0,2.0,1.3991383218234152,130.098
seismic,2004-02-29 03:17:10.580,36.4896667,-89.547,8.21,1.8,657.2878311224777,0.0
seismic,2004-02-29 12:40:05.300,32.936,-80.168,7.7,2.0,22.887387500468044,0.0
seismic,2004-03-02 08:00:31.100,36.5775,-89.8918333,10.31,1.5,674.2449761021913,0.0
seismic,2004-03-03 05:56:11.410,36.5693333,-89.6128333,6.31,1.3,667.2918098908383,0.0
seismic,2004-03-04 02:31:14.120,36.4958333,-89.5458333,7.55,1.6,657.9388431286632,0.0
seismic,2004-03-04 15:38:00.700,36.5966667,-89.5845,6.39,1.5,669.7130170315183,0.0
seismic,2004-03-09 20:42:48.290,36.2966667,-89.4685,5.03,1.4,634.6674147297239,0.0
seismic,2004-03-10 03:06:48.000,32.971,-88.081,0.0,2.6,248.79953612406484,115.237
seismic,2004-03-12 11:08:10.110,36.502,-89.544,6.59,1.5,658.5769789331847,0.0
seismic,2004-03-12 12:35:43.390,36.5016667,-89.5451667,7.03,1.6,658.5632973831003,0.0
seismic,2004-03-12 13:03:09.470,36.5023333,-89.5458333,7.74,1.8,658.6491457642968,0.0
seismic,2004-03-13 17:05:04.790,36.5278333,-84.0225,24.66,2.3,531.0350823257221,142.139
seismic,2004-03-13 17:07:57.530,36.4803333,-84.0335,8.86,2.7,527.1737485754297,147.229
seismic,2004-03-14 05:05:10.290,41.77,-81.24,5.0,2.4,476.0242085065403,464.109
seismic,2004-03-14 13:39:54.200,34.361,-85.516,9.7,2.0,434.728421118674,328.039
seismic,2004-03-14 22:34:36.540,36.5021667,-89.546,7.24,1.8,658.6341917279598,0.0
seismic,2004-03-16 03:14:02.220,36.5396667,-89.6501667,7.67,1.9,664.8176274031483,0.0
seismic,2004-03-17 01:44:44.420,43.196,-70.58,5.0,2.1,0.8018049857365731,41.491
seismic,2004-03-17 12:38:15.000,45.05,-75.66,18.0,2.5,74.75879066229183,447.433
seismic,2004-03-17 22:01:58.150,44.8958333,-74.9115,8.0,2.7,19.423373793418214,388.657
seismic,2004-03-18 06:16:12.600,36.5156667,-89.6651667,9.62,1.6,662.5156162343557,0.0
seismic,2004-03-19 07:00:54.400,33.238,-87.008,0.0,1.6,293.0514345088877,153.424
seismic,2004-03-20 07:10:38.200,33.212,-86.996,12.6,1.7,290.15899570144524,151.007
seismic,2004-03-20 09:09:43.800,33.251,-86.98,0.0,2.4,294.5327418348199,155.606
seismic,2004-03-20 10:40:34.220,33.141,-86.9786667,0.0,3.0,282.25667621635125,144.042
seismic,2004-03-20 14:10:47.900,33.227,-87.031,0.9,1.8,291.816354571036,151.617
seismic,2004-03-20 19:22:22.100,33.242,-87.019,0.0,2.0,293.4926428705017,153.545
seismic,2004-03-21 18:11:34.200,35.502,-82.053,9.2,2.7,347.4231265804074,207.98
seismic,2004-03-21 19:45:37.410,36.4226667,-89.504,6.52,1.5,649.1293698608115,0.0
seismic,2004-03-22 10:28:59.030,36.244,-89.4351667,7.15,1.6,628.2684352140162,0.0
seismic,2004-03-22 15:21:39.930,39.8603333,-75.0475,7.19,2.1,6.747409627861915,336.668
seismic,2004-03-24 05:15:33.470,36.2701667,-89.4743333,6.89,1.7,631.8831357809581,0.0
seismic,2004-03-24 10:30:59.000,36.041,-83.633,12.0,1.7,466.4390647914086,202.88
seismic,2004-03-26 11:56:40.900,33.242,-86.981,0.0,1.6,293.52660215833777,154.623
seismic,2004-03-29 23:15:40.700,34.451,-81.164,1.8,1.6,211.07855806392357,135.879
seismic,2004-03-30 04:17:26.100,36.429,-83.493,22.2,1.7,496.841755675683,165.617
seismic,2004-03-30 20:46:48.700,32.493,-87.123,9.8,2.1,210.10421828137888,72.392
seismic,2004-03-31 05:08:32.840,36.514,-89.4883333,15.27,2.0,658.8251577724279,1.249
seismic,2004-04-01 03:10:23.670,36.5345,-89.5031667,6.24,1.7,661.3484647529042,0.415
seismic,2004-04-02 00:43:19.400,33.255,-86.988,0.0,1.9,294.96830506861846,155.798
seismic,2004-04-02 07:39:53.670,36.5333333,-89.61,8.44,1.3,663.3072236511891,0.0
seismic,2004-04-02 09:30:48.140,36.5335,-89.608,8.03,1.7,663.2850702694702,0.0
seismic,2004-04-05 07:01:30.170,36.5365,-89.5986667,7.48,1.4,663.4248519544097,0.0
seismic,2004-04-05 11:24:18.110,36.3976667,-89.5525,10.85,1.6,647.349420178692,0.0
seismic,2004-04-08 01:39:27.510,36.3143333,-89.4728333,4.61,1.5,636.6827359527967,0.0
seismic,2004-04-10 07:29:26.900,35.802,-84.127,4.9,2.0,471.7380970988846,221.609
seismic,2004-04-11 17:44:36.060,36.4945,-89.5576667,8.3,1.5,658.0251688985547,0.0
seismic,2004-04-13 23:10:47.370,36.538,-89.6615,7.29,1.2,664.8708818851738,0.0
seismic,2004-04-15 06:37:03.200,36.5706667,-89.6058333,10.52,1.5,667.2970171871344,0.0
seismic,2004-04-15 17:45:20.390,36.2756667,-89.4263333,5.99,2.0,631.567259681216,0.0
seismic,2004-04-15 22:00:46.430,35.4723333,-89.9943333,9.13,1.6,558.8483676233068,2.502
seismic,2004-04-16 01:54:04.700,35.568,-84.381,27.7,1.4,467.8479265912168,246.979
seismic,2004-04-20 04:45:07.140,36.2046667,-89.471,7.34,2.2,624.6605337471125,0.0
seismic,2004-04-23 15:43:32.680,35.5216667,-84.4736667,18.25,1.5,470.127428841744,252.383
seismic,2004-04-27 01:11:50.420,36.4165,-83.7295,15.48,2.4,506.4226814291628,160.05
seismic,2004-04-28 03:53:04.490,36.5578333,-89.6185,6.44,1.5,666.151347893838,0.0
seismic,2004-04-29 04:38:47.000,35.425,-84.79,37.3,1.4,483.8911454032784,265.443
seismic,2004-04-29 09:41:11.100,34.141,-83.288,2.3,2.2,287.372740957221,242.902
seismic,2004-04-30 02:55:57.900,34.602,-85.454,0.0,2.4,462.2266972255149,353.609
seismic,2004-04-30 13:26:10.580,36.6788333,-82.7476667,3.52,2.1,483.15455655836905,170.621
seismic,2004-05-01 04:16:28.300,32.995,-80.003,10.7,2.7,16.843636165296115,0.0
seismic,2004-05-01 13:36:53.440,36.5365,-89.6451667,9.02,1.5,664.3694973633895,0.0
seismic,2004-05-02 09:08:04.270,36.5498333,-89.6595,3.93,1.5,666.1181677252215,0.0
seismic,2004-05-02 23:06:05.930,36.5226667,-89.582,8.87,1.4,661.5823390193237,0.0
seismic,2004-05-03 07:32:06.420,36.6166667,-89.5901667,1.43,1.5,672.00913669853,0.0
seismic,2004-05-03 19:25:47.510,36.277,-89.4538333,2.67,2.7,632.2348662252078,0.0
seismic,2004-05-03 19:28:24.560,36.2773333,-89.4571667,1.49,2.0,632.3352114099717,0.0
seismic,2004-05-07 05:53:19.440,36.2463333,-89.4755,6.05,1.3,629.3011627079734,0.0
seismic,2004-05-07 18:53:51.110,36.4301667,-89.5171667,14.45,1.5,650.2039349860506,0.0
seismic,2004-05-07 22:43:24.780,35.2396667,-84.297,8.4,1.5,436.8900588628947,283.745
seismic,2004-05-08 11:25:21.700,32.923,-80.175,5.8,1.9,22.93946126247637,0.0
seismic,2004-05-09 05:46:43.570,35.3068333,-84.5148333,18.93,1.9,456.5115468356515,276.575
seismic,2004-05-09 08:56:10.430,33.231,-86.96,5.0,3.3,292.3363210680276,154.091
seismic,2004-05-09 21:58:44.800,36.4496667,-89.5376667,7.98,1.4,652.7346807884943,0.0
seismic,2004-05-12 12:37:30.370,36.5386667,-89.6021667,8.41,1.6,663.7314643144437,0.0
seismic,2004-05-15 01:05:28.480,36.4375,-89.623,12.24,2.2,653.1260840076712,0.0
seismic,2004-05-15 11:11:11.960,36.3591667,-89.555,10.77,1.5,643.1982011165074,0.0
seismic,2004-05-17 12:59:59.350,36.1308333,-89.3895,8.58,1.4,615.0188475359231,0.0
seismic,2004-05-19 02:48:08.050,36.6736667,-89.5203333,11.23,1.5,676.9079309800264,0.0
seismic,2004-05-23 04:14:53.330,36.4768333,-89.5428333,8.32,1.7,655.8040797465673,0.0
seismic,2004-05-25 13:55:07.640,35.8995,-83.614,19.38,2.4,452.3866988905294,218.642
seismic,2004-05-26 09:29:50.600,33.243,-86.885,5.0,2.5,293.9178755921135,157.756
seismic,2004-05-28 01:20:22.000,33.225,-86.901,5.0,2.6,291.84422971017955,155.346
seismic,2004-05-31 20:27:40.720,36.1095,-89.7483333,7.49,2.5,620.3155555008761,0.0
seismic,2004-05-31 20:38:29.310,36.1085,-89.7523333,7.66,2.3,620.3020831841062,0.0
seismic,2004-06-06 06:49:14.450,36.5203333,-89.5635,7.54,1.6,660.9617821105239,0.0
seismic,2004-06-07 06:04:54.490,36.6006667,-89.5691667,13.71,1.8,669.8503188771805,0.0
seismic,2004-06-07 08:06:56.460,35.7671667,-84.0321667,13.47,1.5,463.2819509763645,226.356
seismic,2004-06-08 07:10:05.230,36.2253333,-89.4918333,6.51,1.5,627.3287082132534,0.0
seismic,2004-06-08 21:37:36.780,35.4643333,-84.3448333,17.45,1.9,457.35231007439234,258.567
seismic,2004-06-08 21:59:52.450,35.461,-84.3546667,19.41,2.0,457.72192446198375,258.941
seismic,2004-06-11 08:51:40.550,35.8853333,-83.7351667,2.78,2.0,457.3691169113077,217.712
seismic,2004-06-12 13:05:31.580,36.2425,-89.2941667,8.35,2.5,625.5508336853272,0.0
seismic,2004-06-13 08:13:39.620,36.7116667,-89.5163333,1.31,2.0,680.9966668958436,0.0
seismic,2004-06-13 09:43:10.790,36.2428333,-89.2985,7.08,1.4,625.6620619003007,0.0
seismic,2004-06-15 08:34:21.230,36.7258333,-89.6833333,4.54,3.5,685.7872598415427,0.0
seismic,2004-06-16 04:07:20.690,36.7265,-89.6856667,3.94,2.8,685.9075129770569,0.0
seismic,2004-06-16 06:31:27.370,42.7575,-79.0781667,6.1,2.93,429.6444292841252,537.113
seismic,2004-06-17 05:54:54.930,36.7231667,-89.6845,2.08,1.6,685.5203298419475,0.0
seismic,2004-06-21 09:49:19.000,34.471,-85.647,6.1,2.2,445.28445004724256,331.854
seismic,2004-06-22 10:17:52.950,45.175,-69.124,9.5,2.0,72.98071050123578,290.709
seismic,2004-06-24 11:27:21.720,36.732,-89.4896667,13.56,1.8,682.738816187675,0.0
seismic,2004-06-25 11:58:48.690,36.5485,-89.6605,7.15,1.6,665.993674362677,0.0
seismic,2004-06-25 20:28:27.790,36.1275,-89.4213333,9.58,1.9,615.2604449881569,0.0
seismic,2004-06-26 21:05:06.550,35.3958333,-84.428,11.19,2.0,457.4379784830509,266.323
seismic,2004-06-28 06:10:52.170,41.46,-88.9,10.0,4.2,1033.9414145562012,150.525
seismic,2004-06-28 21:10:20.200,36.2436667,-89.5171667,5.81,1.3,629.8353628674067,0.0
seismic,2004-06-28 22:44:18.210,35.0441667,-84.9605,10.3,2.2,469.8001849677583,309.76
seismic,2004-06-30 04:03:14.580,41.78,-81.08,5.0,3.3,466.9270184018032,463.993
seismic,2004-07-02 22:56:03.970,36.2655,-89.4831667,7.59,2.4,631.5453845453455,0.0
seismic,2004-07-02 23:00:38.250,36.6308333,-89.5396667,16.0,1.8,672.5823076691192,0.0
seismic,2004-07-04 04:23:16.700,33.2385,-86.9665,0.03,2.1,293.1603800763707,154.685
seismic,2004-07-04 23:57:33.000,36.195,-89.4518333,8.42,1.6,623.2299873758077,0.0
seismic,2004-07-09 14:37:03.300,36.7273333,-89.5583333,4.79,2.4,683.4965800378149,0.0
seismic,2004-07-11 17:41:34.900,36.544,-89.6998333,6.06,1.5,666.3292540243099,0.0
seismic,2004-07-16 03:25:16.930,36.8648333,-89.1753333,4.41,3.5,692.3439574866775,0.0
seismic,2004-07-19 08:53:37.520,36.2781667,-89.4506667,5.58,2.6,632.301934750583,0.0
seismic,2004-07-20 09:13:14.400,32.972,-80.248,10.3,3.1,31.32121328269146,0.0
seismic,2004-07-26 06:36:59.850,36.5328333,-89.6085,8.48,1.3,663.2224199241965,0.0
seismic,2004-07-26 06:40:44.420,36.5313333,-89.6081667,8.06,1.5,663.052064575984,0.0
seismic,2004-07-28 06:38:30.680,36.5598333,-89.8156667,2.17,1.7,670.5839998200202,0.0
seismic,2004-07-30 06:28:25.770,36.5376667,-89.5993333,7.33,1.4,663.5655264609995,0.0
seismic,2004-08-03 05:35:45.020,36.2803333,-89.5175,6.14,1.4,633.8436780830143,0.0
seismic,2004-08-04 00:39:32.760,36.5701667,-89.851,4.69,1.7,672.5064232402732,0.0
seismic,2004-08-04 23:55:26.670,43.6955,-78.254,4.76,3.0,316.7922209541072,594.561
seismic,2004-08-06 19:37:45.180,36.477,-89.5258333,7.84,1.5,655.4915778818255,0.0
seismic,2004-08-12 09:25:37.870,36.2075,-89.4373333,7.57,1.6,624.3169074436182,0.0
seismic,2004-08-13 04:11:05.100,32.982,-80.276,7.0,2.2,34.1498403645309,0.0
seismic,2004-08-14 04:03:01.480,36.2101667,-89.4333333,5.43,1.5,624.5319923507678,0.0
seismic,2004-08-14 11:22:02.790,36.0988333,-89.7633333,6.61,2.2,619.5198078508589,0.0
seismic,2004-08-16 16:18:49.390,36.773,-89.4816667,9.85,2.2,687.0930108836025,0.0
seismic,2004-08-17 02:56:52.150,36.2423333,-89.5175,6.15,1.7,629.6965633508767,0.0
seismic,2004-08-18 03:43:42.400,33.023,-80.171,7.7,2.5,28.50408665244042,0.0
seismic,2004-08-19 10:37:40.180,35.7026667,-83.9918333,12.6,1.6,455.423497888551,233.971
seismic,2004-08-19 22:50:42.940,36.5328333,-89.5636667,5.87,1.8,662.3305860068592,0.0
seismic,2004-08-19 23:51:49.420,33.203,-86.968,5.0,3.6,289.1951828476286,150.895
seismic,2004-08-20 01:56:21.300,32.933,-80.152,6.9,1.9,21.396305420307225,0.0
seismic,2004-08-21 06:28:55.890,36.624,-89.6093333,5.42,1.5,673.1885570687272,0.0
seismic,2004-08-21 16:31:42.310,36.2058333,-89.491,5.09,1.4,625.1831004097135,0.0
seismic,2004-08-21 18:21:44.970,36.2265,-89.4573333,7.47,1.4,626.7800297598484,0.0
seismic,2004-08-28 05:06:41.710,32.8293333,-87.072,28.25,2.8,247.4663971390572,108.439
seismic,2004-08-28 05:54:09.860,32.6923333,-87.0776667,25.06,2.4,232.19463241298743,94.178
seismic,2004-08-28 12:38:38.240,43.1698333,-71.7065,5.77,2.3,78.0568329838655,68.941
seismic,2004-08-29 13:54:21.710,36.4783333,-89.5443333,7.81,2.0,655.9973247985846,0.0
seismic,2004-09-01 10:54:41.030,36.115,-89.4208333,10.23,1.6,613.8839995311266,0.0
seismic,2004-09-04 02:05:32.040,44.8988333,-74.893,3.6,2.94,18.060712203880616,387.646
seismic,2004-09-05 10:56:15.260,38.8855,-88.8906667,33.06,2.9,914.1033405191902,0.0
seismic,2004-09-08 09:20:41.720,36.5216667,-89.6018333,8.56,1.5,661.8698935057935,0.0
seismic,2004-09-11 18:25:51.130,36.2766667,-89.5011667,8.51,1.9,633.1190908517669,0.0
seismic,2004-09-12 13:05:19.700,39.6043333,-85.6615,2.4,3.8,724.0590709070203,38.349
seismic,2004-09-13 11:58:40.120,36.4856667,-89.5131667,6.85,1.4,656.1953941916505,0.0
seismic,2004-09-15 06:47:32.380,36.4283333,-89.4825,5.62,1.5,649.338090526311,0.0
seismic,2004-09-17 15:21:43.620,36.9328333,-84.004,1.29,3.7,568.4314887976514,97.986
seismic,2004-09-18 14:02:41.320,37.2808333,-82.9693333,0.02,2.2,499.66368512799306,119.814
seismic,2004-09-19 04:00:32.040,36.4658333,-89.544,7.68,1.6,654.6250896646762,0.0
seismic,2004-09-19 07:27:41.550,36.4861667,-89.54,7.47,1.8,656.7686690919521,0.0
seismic,2004-09-19 20:00:13.800,36.459,-89.4998333,8.23,1.5,653.0233659245747,0.0
seismic,2004-09-20 23:26:18.720,34.6898333,-85.4185,9.97,2.5,472.43696886325046,356.827
seismic,2004-09-23 07:02:23.320,36.2073333,-89.4226667,7.01,1.4,624.0187424412734,0.0
seismic,2004-09-23 19:10:11.010,38.3168333,-83.5298333,11.0,2.0,534.1113721424675,69.001
seismic,2004-09-24 01:43:00.860,36.4915,-89.5596667,8.27,1.5,657.7368855821805,0.0
seismic,2004-09-24 09:23:32.100,34.891,-84.995,15.0,2.4,462.7172265368847,327.172
seismic,2004-09-24 19:14:48.870,36.5011667,-89.5548333,8.25,1.6,658.697757339559,0.0
seismic,2004-09-25 01:18:16.850,36.4256667,-89.5238333,7.47,1.8,649.8418004367717,0.0
seismic,2004-10-01 06:15:55.120,36.2455,-89.4428333,6.05,1.7,628.5787376944986,0.0
seismic,2004-10-01 11:04:35.260,36.1993333,-89.4798333,5.68,1.5,624.251973423937,0.0
seismic,2004-10-03 23:12:01.570,36.4695,-89.5581667,9.03,1.6,655.3045894170634,0.0
seismic,2004-10-04 07:07:49.780,36.4903333,-89.5583333,8.24,1.1,657.583175214089,0.0
seismic,2004-10-05 05:48:29.270,36.2795,-89.445,4.68,1.5,632.3397872895398,0.0
seismic,2004-10-08 02:25:46.000,42.52,-71.46,1.0,1.8,38.11522021123282,48.329
seismic,2004-10-10 06:38:22.400,34.854,-84.9226667,23.64,1.7,454.96341612935487,330.34
seismic,2004-10-12 10:27:45.800,34.342,-79.749,2.0,2.1,107.69860376031929,70.447
seismic,2004-10-14 09:36:02.960,41.394,-73.9861667,8.06,2.1,9.823546907725666,291.281
seismic,2004-10-15 12:56:14.720,36.2686667,-89.4896667,8.03,1.6,632.018766225054,0.0
seismic,2004-10-15 16:44:55.630,36.412,-89.5265,8.24,1.3,648.4005564496292,0.0
seismic,2004-10-15 20:32:42.030,36.5045,-89.5701667,8.59,1.6,659.3640488869122,0.0
seismic,2004-10-17 16:46:08.220,36.4828333,-89.5493333,8.19,1.7,656.5869526289076,0.0
seismic,2004-10-19 06:57:13.140,37.728,-84.5676667,26.54,2.1,631.1315644280334,11.082
seismic,2004-10-20 00:37:41.610,36.4891667,-89.5551667,6.86,1.6,657.3934118576954,0.0
seismic,2004-10-20 22:21:31.790,36.5306667,-89.5133333,3.34,2.1,661.1215222285643,0.0
seismic,2004-10-21 11:58:38.220,36.4038333,-89.5013333,5.83,2.5,647.0186227962555,0.0
seismic,2004-10-23 08:58:20.920,35.903,-89.9548333,11.53,1.6,603.3959863154481,0.0
seismic,2004-10-24 21:20:21.350,36.7255,-89.509,4.85,1.8,682.377851220778,0.0
seismic,2004-10-25 11:22:01.340,36.5778333,-89.5921667,7.88,1.6,667.80735921808,0.0
seismic,2004-10-27 02:04:25.550,36.4926667,-89.5486667,13.06,1.7,657.6482371282113,0.0
seismic,2004-10-29 22:58:54.490,36.275,-89.4588333,5.82,1.9,632.1120275789744,0.0
seismic,2004-10-30 07:47:16.880,36.2046667,-89.4705,7.77,2.4,624.6507202320826,0.0
seismic,2004-10-30 15:52:55.900,36.2746667,-89.4588333,5.8,1.8,632.0755769434662,0.0
seismic,2004-10-31 06:09:37.930,36.4183333,-89.5121667,7.03,1.5,648.8134176348581,0.0
seismic,2004-11-02 12:37:02.950,36.2733333,-89.4595,5.53,1.5,631.9425725735524,0.0
seismic,2004-11-03 22:34:01.780,35.8675,-89.9553333,9.17,1.9,599.6248579925589,0.0
seismic,2004-11-07 11:20:21.430,32.649,-87.933,5.0,4.3,213.02558614515263,85.961
seismic,2004-11-11 03:28:05.480,34.9348333,-86.1075,8.73,2.0,490.2687096736236,313.403
seismic,2004-11-12 02:59:15.620,36.5456667,-89.6601667,9.9,1.3,665.6781672586595,0.0
seismic,2004-11-12 10:27:31.250,36.5131667,-89.6545,14.01,1.6,662.0209440863964,0.0
seismic,2004-11-13 14:07:02.210,36.3103333,-89.522,8.45,1.7,637.2082120419055,0.0
seismic,2004-11-13 19:19:18.780,33.957,-86.0011667,5.0,2.5,385.2196202121098,265.945
seismic,2004-11-16 07:07:36.860,36.242,-89.5883333,5.45,1.6,631.1156485867406,0.0
seismic,2004-11-17 05:00:39.930,36.2618333,-83.5203333,11.13,2.0,481.9239687985464,182.238
seismic,2004-11-17 05:09:15.430,36.2488333,-83.5266667,9.61,2.5,480.97014545553714,183.422
seismic,2004-11-17 15:31:35.600,36.5111667,-89.5718333,11.74,1.5,660.125028682079,0.0
seismic,2004-11-19 13:06:38.990,36.6981667,-89.5145,10.5,1.7,679.4836409708756,0.0
seismic,2004-11-25 22:58:45.900,33.053,-80.19,12.9,2.7,32.08410320549622,0.0
seismic,2004-11-27 23:23:46.850,36.599,-89.583,11.62,1.6,669.938457925178,0.0
seismic,2004-11-30 23:59:34.170,36.9361667,-83.8931667,10.0,2.9,563.7613385993035,100.111
seismic,2004-12-03 01:27:14.000,37.878,-77.963,10.0,2.5,75.18997568104457,2.493
seismic,2004-12-06 14:04:41.990,36.0951667,-89.763,6.36,1.9,619.1161731123607,0.0
seismic,2004-12-07 13:44:19.330,36.3943333,-89.584,10.94,1.8,647.6209812801832,0.0
seismic,2004-12-07 22:23:50.800,32.92,-80.163,7.0,2.2,21.77718850816019,0.0
seismic,2004-12-08 01:16:52.070,36.4923333,-89.5531667,8.11,1.5,657.7000302196644,0.0
seismic,2004-12-10 07:13:00.900,33.075,-80.172,10.3,2.4,32.74126727951412,0.0
seismic,2004-12-11 04:01:13.840,36.7115,-89.5176667,2.67,1.5,681.0030114452665,0.0
seismic,2004-12-12 10:25:22.470,35.518,-84.2701667,19.16,1.8,456.8733578821531,252.648
seismic,2004-12-13 06:57:17.210,36.2068333,-89.4638333,2.58,1.1,624.7569374226147,0.0
seismic,2004-12-13 10:03:16.560,36.2131667,-89.4116667,7.62,1.5,624.4492028900268,0.0
seismic,2004-12-15 00:05:39.230,35.801,-89.7128333,19.02,2.4,586.1916947738534,5.733
seismic,2004-12-15 15:57:09.900,36.3076667,-89.5041667,5.52,1.5,636.5641230755999,0.0
seismic,2004-12-17 05:30:26.540,39.6386667,-75.4136667,7.06,2.0,8.350484576412104,296.977
seismic,2004-12-18 06:52:23.620,36.3093333,-89.5031667,5.01,1.2,636.7265042511785,0.0
seismic,2004-12-23 06:54:20.660,35.4293333,-84.2041667,7.68,3.0,445.62934553491095,262.784
seismic,2004-12-28 17:25:48.190,35.9015,-89.9306667,11.74,1.7,602.5809762915491,0.0
seismic,2004-12-30 04:43:17.060,35.7321667,-83.9603333,17.46,1.0,456.15606303086827,231.085
seismic,2005-01-03 07:43:52.040,36.2446667,-89.4553333,5.02,1.4,628.7275845868279,0.0
seismic,2005-01-04 05:37:02.810,36.2955,-89.5363333,9.54,1.7,635.8762547734034,0.0
seismic,2005-01-04 18:31:12.950,36.5416667,-89.654,11.01,1.7,665.1147244620548,0.0
seismic,2005-01-05 15:32:42.000,47.01,-66.57,5.0,3.7,92.21021884604782,569.725
seismic,2005-01-08 08:54:49.640,36.4766667,-89.5528333,7.56,1.6,655.9820939313905,0.0
seismic,2005-01-08 20:30:01.630,43.3311667,-71.7086667,6.02,1.4,82.2639271057361,79.586
seismic,2005-01-11 10:35:28.500,36.2445,-89.4345,7.06,2.1,628.3104656664452,0.0
seismic,2005-01-13 12:00:58.000,45.69,-74.83,18.0,2.7,37.93019389757455,440.076
seismic,2005-01-14 20:13:02.960,36.462,-89.5811667,10.81,1.5,654.9442861238597,0.0
seismic,2005-01-18 05:48:34.100,33.606,-82.163,8.8,2.5,169.99321035957288,124.572
seismic,2005-01-18 09:53:01.800,33.598,-82.168,15.4,2.3,169.70585203827278,124.704
seismic,2005-01-18 10:22:11.300,33.579,-82.162,17.4,2.0,167.84323967632753,123.486
seismic,2005-01-19 15:53:24.250,36.0006667,-89.9113333,6.74,1.7,612.6698713290355,0.0
seismic,2005-01-20 22:44:35.640,36.4906667,-89.5521667,7.93,1.6,657.4983320810765,0.0
seismic,2005-01-22 11:55:53.330,36.4863333,-89.5476667,6.13,1.6,656.9366713182873,0.0
seismic,2005-01-26 19:55:04.670,36.5548333,-89.8111667,4.8,1.5,669.9408557269754,0.0
seismic,2005-01-27 07:24:08.000,36.5443333,-89.5961667,6.8,1.3,664.2297459826685,0.0
seismic,2005-01-27 09:55:12.720,36.7036667,-89.5111667,9.33,1.8,680.0248289571186,0.0
seismic,2005-01-28 01:58:47.760,36.5281667,-89.5478333,2.21,1.6,661.5114194060752,0.0
seismic,2005-01-29 18:30:31.280,36.2866667,-89.4393333,3.69,1.3,633.0165208966665,0.0
seismic,2005-02-02 10:56:36.840,36.295,-89.5295,9.24,1.7,635.6844061045427,0.0
seismic,2005-02-03 17:24:00.600,36.4803333,-89.5383333,6.51,1.7,656.0986788478909,0.0
seismic,2005-02-04 09:08:29.890,36.0456667,-89.828,8.14,1.8,615.3686020721292,0.0
seismic,2005-02-06 01:29:23.440,36.29,-89.4688333,5.68,1.5,633.9448623300286,0.0
seismic,2005-02-08 06:58:17.640,36.4218333,-89.5291667,8.04,1.7,649.5271604550796,0.0
seismic,2005-02-08 11:42:53.090,37.2221667,-81.9258333,9.38,2.7,408.3852376930926,85.101
seismic,2005-02-11 18:02:15.360,36.5528333,-89.6045,7.77,1.4,665.3241406039405,0.0
seismic,2005-02-13 17:25:55.660,36.4545,-89.527,7.95,1.6,653.0546761454758,0.0
seismic,2005-02-14 21:16:04.770,37.172,-81.846,0.0,3.0,401.720549325834,78.91
seismic,2005-02-15 02:36:54.980,37.1913333,-81.9155,11.18,2.8,407.67889987674425,84.63
seismic,2005-02-15 04:17:43.980,37.1745,-81.8326667,9.08,2.0,400.5315562972201,77.708
seismic,2005-02-16 03:07:33.000,36.4976667,-89.6318333,11.25,2.5,659.8635649105155,0.0
seismic,2005-02-16 05:54:29.510,36.2878333,-89.4425,2.71,1.6,633.2041795483044,0.0
seismic,2005-02-16 05:57:53.480,36.2898333,-89.4441667,3.78,1.4,633.4546580889871,0.0
seismic,2005-02-16 06:00:20.640,36.2906667,-89.4446667,3.82,1.3,633.5553452433908,0.0
seismic,2005-02-16 06:12:34.630,36.4266667,-89.5418333,8.65,1.6,650.3041150847089,0.0
seismic,2005-02-16 09:38:13.640,36.4958333,-89.5635,8.69,1.9,658.2857886409337,0.0
seismic,2005-02-18 14:21:55.900,34.118,-81.112,0.7,2.9,177.84127438659732,98.647
seismic,2005-02-23 14:22:44.110,39.2591667,-76.589,9.13,2.0,0.5159062270898281,196.78
seismic,2005-02-26 01:45:34.980,36.5795,-89.6,9.61,1.6,668.1448378795905,0.0
seismic,2005-02-26 20:41:39.710,36.4953333,-89.5565,7.67,1.4,658.0932427565373,0.0
seismic,2005-03-02 07:05:33.180,36.2891667,-89.4655,5.27,1.2,633.7895034250166,0.0
seismic,2005-03-02 13:50:06.250,36.5431667,-89.6638333,8.44,1.6,665.4820591628362,0.0
seismic,2005-03-02 13:50:45.320,36.5418333,-89.6618333,8.76,1.4,665.2952710118055,0.0
seismic,2005-03-02 13:51:19.020,36.542,-89.6638333,8.86,1.0,665.3550067262461,0.0
seismic,2005-03-02 19:35:34.550,36.29,-89.5236667,7.39,1.6,635.0219453970867,0.0
seismic,2005-03-03 01:13:59.780,36.0498333,-89.8231667,8.29,1.9,615.6965032960654,0.0
seismic,2005-03-03 02:22:01.900,45.054,-74.185,11.37,2.64,16.183933429033893,354.76
seismic,2005-03-03 06:00:29.380,36.0495,-89.8226667,7.41,1.8,615.6482349514112,0.0
seismic,2005-03-05 05:18:20.380,36.589,-89.3615,6.14,1.7,664.790027959926,0.0
seismic,2005-03-05 06:57:55.350,36.475,-89.5356667,7.05,1.7,655.4638603256483,0.0
seismic,2005-03-06 00:40:29.960,36.3,-89.4683333,4.68,1.5,635.028707622384,0.0
seismic,2005-03-06 03:24:50.330,36.5535,-89.61,7.03,1.5,665.5073133614038,0.0
seismic,2005-03-06 06:17:49.000,47.75,-69.73,13.3,4.9,3.871955661292271,548.156
seismic,2005-03-06 11:10:49.550,36.5381667,-89.658,7.98,1.6,664.8163500381303,0.0
seismic,2005-03-09 16:05:39.230,36.2913333,-89.5238333,7.59,1.8,635.170796214606,0.0
seismic,2005-03-13 04:02:04.720,40.67,-84.62,5.0,2.2,667.1435368983474,177.159
seismic,2005-03-13 17:08:14.000,46.54,-80.98,18.0,3.6,516.874297810502,878.927
seismic,2005-03-15 03:13:46.770,36.0791667,-89.4076667,10.18,1.6,609.7119553666297,1.243
seismic,2005-03-15 04:24:17.850,36.8495,-89.2326667,5.06,2.4,691.4693776501582,0.0
seismic,2005-03-18 01:02:16.260,35.7225,-84.1636667,9.12,2.7,467.1604112788218,230.229
seismic,2005-03-18 06:42:15.380,36.5155,-89.5356667,6.73,1.8,659.8908759311408,0.0
seismic,2005-03-21 00:27:52.570,37.0765,-88.8531667,12.36,2.0,712.0366384727577,7.307
seismic,2005-03-22 08:11:50.510,31.836,-88.06,5.0,3.3,122.2402962872726,0.0
seismic,2005-03-24 03:25:42.400,36.5141667,-89.5416667,6.23,1.7,659.8613754569399,0.0
seismic,2005-03-25 00:48:36.800,36.5003333,-89.5501667,7.91,1.6,658.5152640883855,0.0
seismic,2005-03-27 22:08:49.940,35.0098333,-88.1808333,3.11,1.3,476.80272249663,152.611
seismic,2005-03-28 16:39:38.500,43.319,-79.2841667,7.11,2.78,409.7191770450791,601.51
seismic,2005-03-29 07:58:42.830,36.5758333,-89.5956667,8.28,1.6,667.6584000480509,0.0
seismic,2005-03-31 15:13:08.000,46.28,-75.64,18.0,3.4,126.27109627647482,530.798
seismic,2005-03-31 15:23:41.900,36.2793333,-89.5153333,5.64,1.5,633.6913195875563,0.0
seismic,2005-04-04 11:19:26.530,36.5138333,-89.5361667,5.41,1.6,659.7183316443399,0.0
seismic,2005-04-04 13:23:39.740,36.4933333,-84.293,4.2,2.3,541.6784924637867,143.414
seismic,2005-04-05 03:54:56.190,36.1705,-84.8328333,10.32,2.0,544.5157708663393,183.541
seismic,2005-04-05 05:46:59.830,36.5401667,-89.6605,6.07,1.5,665.0860684028797,0.0
seismic,2005-04-05 20:37:42.570,36.1465,-83.6933333,10.0,2.9,479.2559912885002,190.089
seismic,2005-04-05 22:01:01.610,41.657,-70.8963333,14.62,2.23,2.0400493640904283,117.296
seismic,2005-04-06 06:59:30.970,36.5988333,-89.582,5.71,1.6,669.9006287468123,0.0
seismic,2005-04-08 04:32:38.000,46.26,-73.45,18.0,3.4,30.50321249448765,425.742
seismic,2005-04-09 23:18:13.990,36.549,-89.6928333,9.21,1.4,666.7249227982544,0.0
seismic,2005-04-10 00:27:08.110,39.8475,-75.5156667,8.74,1.3,8.336353959824049,307.412
seismic,2005-04-10 03:06:50.190,43.8196667,-71.1123333,0.37,1.2,68.86200525452526,105.487
seismic,2005-04-12 06:42:21.050,36.2423333,-89.4888333,7.59,1.6,629.1258928112161,0.0
seismic,2005-04-14 15:38:15.740,35.4675,-84.091,15.52,2.8,441.6496035590465,259.196
seismic,2005-04-14 21:10:21.050,36.551,-89.6453333,6.96,1.6,665.9529648729603,0.0
seismic,2005-04-17 00:18:37.450,44.7763333,-73.742,18.38,2.4,56.11051274917799,308.133
seismic,2005-04-19 04:42:03.520,36.4206667,-89.5278333,8.12,1.8,649.3735911374911,0.0
seismic,2005-04-20 05:20:29.260,36.2541667,-89.4385,5.93,1.5,629.4442525742104,0.0
seismic,2005-04-20 06:14:11.190,36.4298333,-89.5086667,6.95,1.5,650.0029870234122,0.0
seismic,2005-04-22 04:33:40.130,36.557,-89.649,7.33,1.7,666.6821769294573,0.0
seismic,2005-04-23 14:24:51.110,40.8851667,-74.0686667,6.63,1.9,9.89453595700444,330.737
seismic,2005-04-25 17:19:08.010,36.5881667,-89.3613333,7.62,1.6,664.6955740970716,0.0
seismic,2005-04-26 16:34:23.760,36.211,-89.4236667,6.81,1.5,624.4389632109969,0.0
seismic,2005-04-28 16:58:56.850,36.2536667,-89.49,8.84,2.5,630.3867713036599,0.0
seismic,2005-04-28 20:02:37.700,36.3073333,-89.492,7.31,1.6,636.289196326848,0.0
seismic,2005-04-29 18:00:00.950,36.5336667,-89.5805,8.48,1.6,662.7535638979843,0.0
seismic,2005-04-30 10:20:53.900,36.5541667,-89.6113333,7.59,1.5,665.6068739835047,0.0
seismic,2005-04-30 12:55:14.860,36.2536667,-89.4881667,8.28,1.8,630.3506848565302,0.0
seismic,2005-05-01 22:47:50.300,35.7643333,-83.6363333,23.43,1.3,441.2071516781479,232.874
seismic,2005-05-02 07:48:30.190,36.4815,-89.547,9.12,1.6,656.3955385986475,0.0
seismic,2005-05-05 23:31:08.410,36.3068333,-89.4625,0.25,2.2,635.6640493878424,0.0
seismic,2005-05-08 00:20:41.220,36.0496667,-89.8255,7.7,2.4,615.7365647606241,0.0
seismic,2005-05-11 02:34:10.450,45.23,-69.124,1.1,2.4,78.72659637264017,296.098
seismic,2005-05-13 00:32:54.800,36.3936667,-89.5228333,7.95,1.6,646.3256808727502,0.0
seismic,2005-05-15 09:53:04.030,36.0903333,-89.5475,12.83,1.7,613.7503288013866,0.0
seismic,2005-05-15 17:18:02.790,36.5328333,-89.606,8.91,1.5,663.1720448886167,0.0
seismic,2005-05-16 01:31:09.040,36.2166667,-89.442,9.59,1.6,625.4090386802366,0.0
seismic,2005-05-18 05:28:51.560,36.4515,-89.5193333,6.97,1.7,652.5780104727202,0.0
seismic,2005-05-19 12:04:14.980,33.554,-88.1855,0.03,2.0,314.1812010874009,173.236
seismic,2005-05-20 14:32:01.600,35.153,-85.643,10.3,1.7,521.1377214261522,313.039
seismic,2005-05-22 00:00:39.300,34.83,-85.201,12.7,1.4,474.860048912089,337.171
seismic,2005-05-23 09:11:48.200,35.232,-87.264,5.1,2.2,506.4769528951623,207.712
seismic,2005-05-23 19:35:35.600,35.506,-84.591,11.62,2.1,476.57437413746095,254.678
seismic,2005-05-24 09:28:37.680,36.6708333,-89.5168333,4.0,1.7,676.5324775160112,0.0
seismic,2005-05-24 09:42:54.410,35.2868333,-84.8348333,9.45,1.9,477.1171665190584,281.288
seismic,2005-05-25 03:43:25.720,35.6451667,-84.2738333,8.12,1.7,467.3966390550105,238.408
seismic,2005-05-31 13:49:05.280,44.945,-74.0786667,10.0,2.5,30.20539583453296,340.409
seismic,2005-06-02 11:35:11.200,36.1501667,-89.4735,15.02,4.0,618.7577754427688,0.0
seismic,2005-06-02 12:29:11.320,36.1498333,-89.474,14.26,1.6,618.7313104439992,0.0
seismic,2005-06-03 08:42:40.670,36.5666667,-89.6126667,7.4,1.5,666.997507903083,0.0
seismic,2005-06-03 14:21:20.970,36.5355,-89.604,7.44,1.6,663.4227553692737,0.0
seismic,2005-06-03 18:17:19.430,36.6098333,-89.5725,8.55,1.6,670.9170246376351,0.0
seismic,2005-06-05 01:00:29.090,44.963,-74.092,5.21,1.7,27.957694010662227,342.53
seismic,2005-06-06 03:13:46.370,44.1195,-73.018,12.25,2.12,147.65731965098695,216.6
seismic,2005-06-06 14:46:52.500,36.5498333,-89.6138333,6.65,1.5,665.1844879023762,0.0
seismic,2005-06-06 15:22:15.060,36.0648333,-83.8648333,4.75,2.1,480.4457116870028,195.681
seismic,2005-06-07 16:33:36.710,33.531,-87.304,5.0,2.8,318.6243163093115,179.354
seismic,2005-06-07 19:52:10.220,36.116,-89.3983333,6.81,1.4,613.5624806801477,0.0
seismic,2005-06-07 21:42:47.150,37.083,-83.363,0.0,2.8,535.6025001255776,107.951
seismic,2005-06-08 07:08:44.860,36.1653333,-89.6615,4.76,1.7,624.367835544849,0.0
seismic,2005-06-08 09:13:02.990,35.0741667,-84.7313333,11.3,2.3,455.0822655297006,303.885
seismic,2005-06-08 09:50:30.930,35.1651667,-83.2453333,5.4,2.3,366.4244708933917,304.474
seismic,2005-06-10 14:41:36.030,36.3548333,-89.5205,8.89,2.0,642.0377346246341,0.0
seismic,2005-06-11 05:32:01.800,32.937,-83.413,12.5,2.1,239.1417193876195,234.622
seismic,2005-06-12 04:54:10.050,44.9885,-74.1746667,12.43,1.1,23.053379117054217,349.273
seismic,2005-06-12 22:24:02.980,45.5911667,-73.3698333,6.57,2.19,7.324626935799639,358.833
seismic,2005-06-15 06:16:54.360,36.0706667,-89.4726667,10.56,2.0,610.0646672105275,0.0
seismic,2005-06-19 09:15:24.030,33.676,-87.906,5.0,2.2,327.6771197867723,194.619
seismic,2005-06-20 02:00:32.120,36.9386667,-88.989,7.66,2.7,698.1514663513568,10.974
seismic,2005-06-20 12:21:42.510,36.9225,-89.0041667,18.72,3.6,696.5331733062598,9.258
seismic,2005-06-20 19:08:27.900,35.5291667,-84.4873333,12.21,1.2,471.5943163469754,251.599
seismic,2005-06-21 00:31:40.840,36.1646667,-89.4201667,8.31,2.0,619.3030179475008,0.0
seismic,2005-06-21 11:12:31.480,36.231,-89.429,7.07,1.5,626.7287553059392,0.0
seismic,2005-06-23 18:16:23.710,46.0166667,-74.9923333,10.71,2.53,69.48660290674707,474.781
seismic,2005-06-23 18:32:08.970,46.0756667,-75.0901667,10.0,2.74,79.4637565928562,484.754
seismic,2005-06-27 14:01:39.640,35.3741667,-84.107,15.53,2.4,435.0952948163529,269.491
seismic,2005-06-27 15:46:52.350,37.6341667,-89.4193333,9.64,3.0,780.9046664564952,0.0
seismic,2005-06-29 17:33:43.010,36.4883333,-89.5518333,8.17,1.7,657.2368731306502,0.0
seismic,2005-06-30 05:03:36.160,36.6156667,-89.5996667,2.33,1.5,672.0871342926563,0.0
seismic,2005-07-01 11:06:26.480,44.5085,-73.6936667,7.39,2.17,85.3144219014001,285.649
seismic,2005-07-01 13:05:11.270,46.0093333,-74.9971667,7.38,1.95,69.15968290303985,474.451
seismic,2005-07-01 16:47:48.560,36.2436667,-89.4553333,6.48,1.9,628.6182399036259,0.0
seismic,2005-07-02 06:45:36.490,36.6526667,-89.5476667,7.17,1.8,675.1233638363399,0.0
seismic,2005-07-02 10:00:01.730,36.1463333,-89.4751667,13.67,1.7,618.3724080590167,0.0
seismic,2005-07-04 04:52:13.920,36.2131667,-89.4558333,8.92,1.6,625.2934132105454,0.0
seismic,2005-07-04 11:47:14.340,46.2435,-76.886,13.43,3.25,208.9168122321087,601.353
seismic,2005-07-06 13:18:02.880,36.4981667,-89.5526667,8.67,1.7,658.3275119707242,0.0
seismic,2005-07-06 19:58:00.960,36.4986667,-89.5566667,8.82,1.6,658.4606520503197,0.0
seismic,2005-07-10 01:09:20.820,36.1476667,-89.476,13.81,2.0,618.5345602440874,0.0
seismic,2005-07-11 16:22:05.880,36.4295,-89.6118333,12.73,1.9,652.0240309141209,0.0
seismic,2005-07-12 21:07:20.690,34.131,-87.9271667,10.04,2.4,378.4363352487964,241.091
seismic,2005-07-13 17:45:42.750,36.3673333,-89.5075,7.79,1.6,643.1484359190082,0.0
seismic,2005-07-14 05:20:46.230,36.2765,-89.4861667,6.78,1.5,632.8059983787115,0.0
seismic,2005-07-15 03:45:22.770,36.5705,-89.5938333,7.99,1.6,667.0397096933175,0.0
seismic,2005-07-18 11:44:15.810,36.4896667,-89.5315,8.33,2.0,656.9860420625947,0.0
seismic,2005-07-20 08:11:58.720,36.4898333,-89.561,8.39,1.5,657.5811531775454,0.0
seismic,2005-07-21 05:52:18.560,36.2026667,-89.481,5.45,1.5,624.6390691136463,0.0
seismic,2005-07-21 15:52:32.850,36.4778333,-89.5526667,7.56,1.4,656.1062443538012,0.0
seismic,2005-07-23 02:48:19.950,47.062,-75.1275,10.0,3.0,176.1140071763286,570.277
seismic,2005-07-23 17:28:27.220,35.5391667,-84.2158333,19.98,1.4,455.1907632150012,250.454
seismic,2005-07-23 20:18:28.280,36.4476667,-89.5373333,7.86,1.6,652.5096354509498,0.0
seismic,2005-07-24 07:07:40.830,36.4168333,-89.4666667,4.86,2.0,647.7801686091302,0.0
seismic,2005-07-25 02:30:53.240,36.75,-83.3123333,9.8,2.2,521.1231206285628,140.721
seismic,2005-07-26 14:30:41.720,36.2328333,-89.456,5.64,1.5,627.4466160362106,0.0
seismic,2005-07-27 11:24:33.210,45.3483333,-73.345,10.68,2.53,16.14040259183504,335.477
seismic,2005-07-28 08:39:21.090,34.9695,-84.9688333,10.09,1.3,465.643842126841,318.133
seismic,2005-07-28 23:52:36.500,36.5761667,-89.59,5.8,1.5,667.5824773756941,0.0
seismic,2005-07-29 07:30:16.280,36.4933333,-89.5681667,8.38,1.8,658.1050902352661,0.0
seismic,2005-07-31 08:17:08.190,36.2488333,-89.5793333,4.82,2.1,631.671177853974,0.0
seismic,2005-07-31 12:49:04.180,36.736,-83.5595,13.4,2.4,529.7608585056645,131.679
seismic,2005-07-31 20:23:45.550,35.9175,-89.9388333,7.84,1.6,604.5094339449765,0.0
seismic,2005-08-01 05:58:29.470,36.538,-89.5998333,8.96,1.7,663.6119178081434,0.0
seismic,2005-08-03 23:09:25.530,36.4373333,-89.5173333,8.89,2.2,650.9905695976505,0.0
seismic,2005-08-07 10:16:08.230,36.6878333,-89.5251667,3.75,1.8,678.5495422453839,0.0
seismic,2005-08-07 21:52:12.490,36.4505,-89.5283333,7.92,1.2,652.6434384385108,0.0
seismic,2005-08-14 21:29:16.770,36.5511667,-89.7071667,6.64,1.6,667.2645926980758,0.0
seismic,2005-08-15 09:52:24.350,36.0863333,-89.7788333,5.9,1.6,618.5429076854789,0.0
seismic,2005-08-15 14:35:30.130,36.526,-89.5516667,7.3,1.4,661.3492498666772,0.0
seismic,2005-08-17 05:31:05.210,36.5418333,-89.6073333,7.35,1.7,664.1807871354879,0.0
seismic,2005-08-17 05:33:34.180,36.1266667,-89.7315,11.74,2.0,621.7755885307448,0.0
seismic,2005-08-18 04:02:23.700,36.5098333,-89.5848333,10.97,1.3,660.2378548994934,0.0
seismic,2005-08-18 17:33:28.390,36.567,-89.5998333,7.24,1.6,666.7769986041088,0.0
seismic,2005-08-19 06:50:52.830,36.1811667,-89.4693333,7.39,1.6,622.0606779965264,0.0
seismic,2005-08-20 10:40:56.540,36.5588333,-89.6131667,7.0,1.5,666.1529025392061,0.0
seismic,2005-08-21 06:14:30.360,36.248,-89.4298333,6.17,1.8,628.6049172169847,0.0
seismic,2005-08-23 04:51:58.930,36.6748333,-89.53,12.26,2.0,677.2162123945235,0.0
seismic,2005-08-23 19:26:06.860,36.1343333,-89.4525,11.64,1.7,616.6136851302847,0.0
seismic,2005-08-23 23:40:03.820,35.5478333,-84.4728333,13.83,1.6,472.1148208822549,249.453
seismic,2005-08-24 06:58:25.740,36.1975,-89.4311667,6.4,1.5,623.1049706351523,0.0
seismic,2005-08-25 03:09:41.820,35.8795,-82.7951667,7.87,3.7,413.3213431388861,220.245
seismic,2005-08-25 12:56:31.500,35.876,-82.81,8.1,2.5,413.5534438568048,221.516
seismic,2005-08-28 21:31:33.300,36.074,-83.601,7.9,2.1,467.9428181891228,200.078
seismic,2005-08-30 16:03:49.220,45.6283333,-74.7846667,4.19,1.8,32.481602554100824,432.761
seismic,2005-09-02 08:34:46.600,36.2503333,-89.4438333,6.03,1.5,629.1265739834428,0.0
seismic,2005-09-03 08:14:48.320,36.2123333,-89.4743333,5.88,1.7,625.5635281323498,0.0
seismic,2005-09-05 20:02:35.810,38.192,-83.9298333,12.64,2.5,569.6639170119809,34.657
seismic,2005-09-06 02:58:46.750,45.5918333,-75.4375,0.52,2.5,82.666748530057,468.159
seismic,2005-09-06 14:10:52.460,46.2906667,-75.298,10.38,3.1,107.8820432226908,513.119
seismic,2005-09-07 23:57:29.350,35.6408333,-84.0468333,10.85,2.4,453.3749608407429,240.263
seismic,2005-09-10 13:12:46.580,36.1465,-89.471,14.39,1.8,618.3077950901763,0.0
seismic,2005-09-11 12:07:00.260,36.5321667,-89.5981667,8.55,1.2,662.9419526911063,0.0
seismic,2005-09-12 13:20:15.600,34.574,-85.508,16.4,1.7,458.3886830282477,348.325
seismic,2005-09-12 19:51:41.110,36.262,-89.473,5.99,1.5,630.9645909438516,0.0
seismic,2005-09-13 08:44:13.180,36.225,-89.4573333,7.17,1.7,626.6160516184312,0.0
seismic,2005-09-14 05:46:16.590,36.2481667,-89.5131667,6.33,1.2,630.2462400282157,0.0
seismic,2005-09-17 12:16:59.690,36.2468333,-89.4446667,5.09,1.5,628.7596502929407,0.0
seismic,2005-09-19 16:12:12.600,45.0608333,-74.2066667,11.75,2.09,15.080478822274827,356.531
seismic,2005-09-21 02:10:55.400,33.236,-83.119,8.8,2.2,224.4350404743031,205.364
seismic,2005-09-21 03:36:31.860,46.541,-80.98,0.0,2.9,516.9075080711992,879.021
seismic,2005-09-23 04:30:30.830,36.2478333,-89.5095,7.19,1.5,630.1365500529715,0.0
seismic,2005-09-25 03:08:57.870,45.0396667,-67.283,3.1,3.23,13.386870027156908,371.945
seismic,2005-09-25 20:21:22.430,36.1035,-89.7556667,7.99,2.3,619.8411979037323,0.0
seismic,2005-09-26 14:41:44.940,36.5456667,-89.6736667,8.85,1.5,665.9593234613418,0.0
seismic,2005-09-27 21:04:52.210,36.2546667,-89.4768333,6.61,1.5,630.2378376131211,0.0
seismic,2005-09-28 05:33:06.680,36.0173333,-89.9273333,17.21,2.2,614.8739695520306,0.0
seismic,2005-09-30 01:49:21.520,36.4665,-89.5513333,7.41,1.5,654.8420682328044,0.0
seismic,2005-10-01 07:01:46.840,46.632,-76.5233333,12.88,3.06,204.159508848556,607.148
seismic,2005-10-01 12:23:28.730,36.2841667,-89.4555,4.85,1.6,633.0506911944816,0.0
seismic,2005-10-02 00:55:48.020,35.4796667,-84.1158333,10.22,1.6,444.17204226370274,257.656
seismic,2005-10-02 09:37:03.590,36.3705,-89.5205,8.25,1.6,643.749009653315,0.0
seismic,2005-10-05 13:55:57.650,36.2736667,-89.4756667,6.59,1.5,632.291608012867,0.0
seismic,2005-10-10 06:13:43.810,36.2568333,-89.4853333,8.06,1.9,630.6409391647993,0.0
seismic,2005-10-12 06:27:30.090,35.5093333,-84.5443333,8.12,3.3,473.7676886717766,254.053
seismic,2005-10-13 10:44:52.860,36.445,-89.5368333,8.02,1.6,652.208485363296,0.0
seismic,2005-10-15 07:02:14.490,41.1386667,-74.1545,7.52,1.07,17.61372318699289,318.971
seismic,2005-10-16 03:33:42.600,34.4976667,-85.4985,11.19,2.1,450.0753404100524,341.618
seismic,2005-10-16 16:11:32.970,36.5638333,-89.6053333,7.38,1.4,666.5412475862161,0.0
seismic,2005-10-16 16:23:27.510,36.941,-89.1943333,4.13,2.2,701.0358822190701,0.0
seismic,2005-10-16 22:37:59.770,36.134,-89.4168333,9.22,1.8,615.8847990434823,0.0
seismic,2005-10-17 09:36:33.080,36.4635,-89.5135,10.18,1.7,653.7774985692806,0.0
seismic,2005-10-17 14:48:13.500,36.525,-89.5763333,6.26,1.5,661.7246737271687,0.0
seismic,2005-10-19 08:06:48.150,36.141,-89.716,8.07,2.5,622.9663629824075,0.0
seismic,2005-10-19 20:25:56.140,36.5271667,-89.5765,6.18,1.9,661.964570737848,0.0
seismic,2005-10-20 15:50:40.300,35.3115,-84.3646667,8.38,2.1,446.8278719274796,275.678
seismic,2005-10-20 21:16:28.750,44.677,-80.482,11.0,4.2,456.7061972588915,733.822
seismic,2005-10-21 10:53:36.970,36.4946667,-89.552,8.26,1.6,657.9320579302154,0.0
seismic,2005-10-23 01:46:44.510,36.4915,-89.54,8.31,1.5,657.3515328468933,0.0
seismic,2005-10-23 04:01:18.150,36.1436667,-89.3826667,6.07,1.9,616.2957505546913,0.0
seismic,2005-10-23 04:02:10.250,36.247,-89.4463333,5.8,1.5,628.8097926518041,0.0
seismic,2005-10-24 01:53:26.110,44.6541667,-74.567,4.75,1.9,40.08837643702578,351.032
seismic,2005-10-25 05:18:10.500,34.4286667,-85.3146667,9.06,2.6,445.34556320066775,344.85
seismic,2005-10-26 15:25:02.600,36.2486667,-89.446,5.73,1.9,628.9857154595485,0.0
seismic,2005-10-26 22:09:14.010,36.249,-89.4475,5.62,1.7,629.0509044181755,0.0
seismic,2005-10-29 23:46:20.700,33.034,-83.156,17.1,2.5,221.25280940128545,209.782
seismic,2005-10-31 23:59:29.950,43.2806667,-77.3161667,2.8,2.59,282.48719372505855,514.923
seismic,2005-11-01 02:38:17.450,43.389,-77.2638333,0.08,1.5,271.1646882585876,511.658
seismic,2005-11-07 00:17:04.930,36.2491667,-89.4465,5.65,1.5,629.0499806374107,0.0
seismic,2005-11-07 02:24:18.560,36.2485,-89.4461667,5.42,1.6,628.9706732716908,0.0
seismic,2005-11-08 02:23:04.980,36.7371667,-89.5058333,7.5,1.8,683.5988385376085,0.0
seismic,2005-11-08 23:44:20.530,36.429,-89.5201667,7.17,1.5,650.1346880122661,0.0
seismic,2005-11-10 03:11:58.770,35.8656667,-83.5826667,24.41,1.5,447.6760138823532,223.012
seismic,2005-11-10 06:16:14.810,36.3903333,-89.5916667,11.71,1.7,647.3414983191574,0.0
seismic,2005-11-13 11:02:15.330,41.816,-81.18,5.0,2.2,475.7421336250783,468.727
seismic,2005-11-13 22:50:18.880,36.437,-89.5436667,8.18,1.5,651.4688781130819,0.0
seismic,2005-11-15 15:46:24.200,35.5378333,-84.3771667,19.17,2.2,465.2114562619456,250.352
seismic,2005-11-16 20:19:30.740,35.5321667,-84.4313333,11.33,1.5,468.22274738774513,251.075
seismic,2005-11-17 03:22:20.050,36.505,-89.635,13.89,1.8,660.7278228011708,0.0
seismic,2005-11-17 06:24:22.790,44.893,-73.9168333,11.29,1.54,39.16989156114041,327.083
seismic,2005-11-17 07:00:12.580,36.2978333,-89.537,9.91,2.0,636.1442444192587,0.0
seismic,2005-11-17 17:39:28.000,41.92,-70.66,5.0,2.5,4.1711669361726855,88.812
seismic,2005-11-17 22:21:25.720,36.5556667,-89.6501667,8.3,1.6,666.5609009562162,0.0
seismic,2005-11-18 03:41:20.200,35.4236667,-84.6375,13.06,1.3,473.45868558435393,264.178
seismic,2005-11-18 04:06:28.250,36.55,-89.647,7.88,1.4,665.8782567876904,0.0
seismic,2005-11-18 07:26:32.340,35.8698333,-83.6811667,19.15,1.3,453.1335238722729,220.456
seismic,2005-11-18 08:33:19.190,35.6026667,-84.8713333,10.35,1.3,502.4863635715058,246.761
seismic,2005-11-19 20:02:20.000,33.0,-80.2,5.0,2.6,29.01874412014104,0.0
seismic,2005-11-22 23:18:21.320,36.4806667,-89.551,7.39,1.4,656.3829843707867,0.0
seismic,2005-11-23 09:12:15.160,36.4078333,-89.6016667,13.04,1.6,649.4538991429097,0.0
seismic,2005-11-24 07:45:24.900,36.5421667,-89.6048333,8.16,1.6,664.1669060129525,0.0
seismic,2005-11-24 08:34:20.460,36.235,-89.4388333,6.41,1.3,627.3536756632917,0.0
seismic,2005-11-25 14:21:08.980,36.1921667,-89.4371667,6.74,2.1,622.6367754687748,0.0
seismic,2005-11-26 06:41:56.700,36.48,-89.517,4.9,1.6,655.6492189682776,0.0
seismic,2005-11-27 04:02:23.600,35.7606667,-83.9558333,14.08,1.3,458.3685614807599,227.985
seismic,2005-11-28 13:50:31.500,36.4358333,-89.551,8.78,1.5,651.4863591427552,0.0
seismic,2005-11-28 14:54:01.760,36.2491667,-89.4455,5.99,1.6,629.0308365161081,0.0
seismic,2005-11-29 23:24:33.310,45.0596667,-74.1811667,11.39,1.38,15.63138168751342,354.963
seismic,2005-12-01 18:34:07.030,36.3958333,-89.589,10.93,2.1,647.8864973276056,0.0
seismic,2005-12-01 18:36:11.510,36.3955,-89.5925,10.9,1.5,647.9217296853785,0.0
seismic,2005-12-02 03:53:05.360,36.1941667,-89.467,5.95,1.5,623.4349272095568,0.0
seismic,2005-12-03 13:50:06.450,36.297,-89.515,5.9,1.5,635.6133970276568,0.0
seismic,2005-12-03 22:29:25.070,34.9615,-87.3793333,5.0,2.3,475.0611632914491,213.255
seismic,2005-12-04 05:25:23.650,36.5825,-89.837,8.13,1.6,673.5219694573484,0.0
seismic,2005-12-06 10:53:53.430,36.5036667,-89.5481667,7.59,1.6,658.8404015430108,0.0
seismic,2005-12-06 16:24:14.000,38.4188333,-89.1998333,4.41,2.7,865.0236797781745,0.0
seismic,2005-12-07 09:05:51.670,36.1908333,-89.4661667,6.79,1.5,623.0544043582115,0.0
seismic,2005-12-07 10:55:43.830,36.6215,-89.5693333,8.47,1.6,672.1307423899797,0.0
seismic,2005-12-07 19:29:47.380,35.9156667,-82.3643333,11.63,2.8,399.30622138849424,189.046
seismic,2005-12-07 23:52:21.510,36.2156667,-89.4646667,5.98,1.5,625.73850540362,0.0
seismic,2005-12-08 12:27:43.820,36.2165,-89.4651667,6.06,1.6,625.8393239901591,0.0
seismic,2005-12-09 03:35:46.650,40.9695,-74.3793333,4.71,2.12,35.94615129882179,345.29
seismic,2005-12-09 04:31:28.430,40.9671667,-74.3771667,4.59,1.34,35.62907356759947,345.302
seismic,2005-12-09 15:19:15.380,36.435,-89.5181667,6.88,2.0,650.7516685833804,0.0
seismic,2005-12-09 20:30:57.040,35.4981667,-84.5231667,14.26,1.5,471.5257330429304,255.209
seismic,2005-12-10 01:12:05.840,36.4403333,-89.624,12.45,1.6,653.4554183310568,0.0
seismic,2005-12-10 01:20:56.790,36.5691667,-89.6053333,7.1,1.7,667.1233110771007,0.0
seismic,2005-12-10 12:30:21.290,36.1426667,-89.4461667,10.83,1.5,617.4000897572857,0.0
seismic,2005-12-10 21:37:50.700,36.0163333,-89.1433333,16.44,1.6,598.1661981045643,18.786
seismic,2005-12-11 05:20:02.830,41.954,-80.802,9.97,2.0,462.5287917131119,482.218
seismic,2005-12-11 23:32:44.270,36.1941667,-89.4701667,5.87,1.5,623.497113704297,0.0
seismic,2005-12-12 00:50:22.720,43.6215,-73.9541667,9.53,1.92,164.36061621863934,255.353
seismic,2005-12-13 17:42:43.840,35.6338333,-84.306,9.12,1.5,468.4524180299034,239.618
seismic,2005-12-14 05:40:04.490,36.7305,-89.4956667,15.49,1.9,682.682945492955,0.0
seismic,2005-12-16 07:51:54.700,36.575,-89.6036667,5.12,1.6,667.726688040915,0.0
seismic,2005-12-17 07:06:37.790,36.5911667,-89.5911667,9.39,2.1,669.2436115145815,0.0
seismic,2005-12-18 03:50:41.130,36.2185,-89.607,8.47,1.8,628.9541419046171,0.0
seismic,2005-12-18 10:30:59.510,36.0431667,-89.8303333,8.33,1.8,615.1579605493836,0.0
seismic,2005-12-18 20:29:56.290,36.5475,-89.6975,5.09,2.0,666.6604738728016,0.0
seismic,2005-12-19 07:59:11.030,36.315,-89.5323333,8.96,1.6,637.9237905181302,0.0
seismic,2005-12-19 11:05:00.900,36.7243333,-89.5028333,9.85,1.4,682.1372225547799,0.0
seismic,2005-12-20 10:29:31.050,36.361,-89.5326667,9.01,1.6,642.9518321314584,0.0
seismic,2005-12-23 05:50:09.900,36.2183333,-89.6096667,8.52,1.8,628.9929492180158,0.0
seismic,2005-12-24 04:39:09.840,36.1815,-89.4196667,8.03,1.5,621.1350626712544,0.0
seismic,2005-12-24 15:35:03.500,34.955,-85.076,23.4,2.1,472.7868032479253,321.309
seismic,2005-12-25 05:15:16.490,36.5058333,-89.5525,5.9,1.5,659.1618724707322,0.0
seismic,2005-12-25 14:33:45.300,36.5256667,-89.6635,12.35,2.8,663.5695317786405,0.0
seismic,2005-12-25 22:04:27.080,36.2818333,-89.5145,0.44,1.6,633.9476353766343,0.0
seismic,2005-12-28 12:12:56.470,36.316,-89.543,9.45,1.5,638.2470624988346,0.0
seismic,2005-12-28 18:25:30.410,41.014,-74.3148333,3.95,1.23,33.84071281214334,337.998
seismic,2005-12-29 07:21:21.540,36.5168333,-89.5611667,9.52,1.6,660.5335910869311,0.0
seismic,2005-12-30 03:15:20.170,35.1708333,-84.847,9.25,1.5,469.9566519496128,294.304
seismic,2005-12-30 23:24:38.600,37.366,-80.343,14.0,2.2,268.9803814059327,0.0
seismic,2006-01-02 21:48:57.060,37.8415,-88.4171667,7.31,3.6,794.5409457260623,0.0
seismic,2006-01-03 11:05:10.260,49.327,-81.084,15.0,3.7,656.976672584462,1061.112
seismic,2006-01-06 03:02:03.270,41.77,-81.45,5.0,2.6,489.2159818002048,464.367
seismic,2006-01-06 10:18:14.360,44.9113333,-74.807,7.99,1.08,12.27377750203532,382.9
seismic,2006-01-06 17:10:46.610,36.3521667,-89.5151667,8.7,1.7,641.6414646102055,0.0
seismic,2006-01-09 15:35:40.590,45.0255,-73.8815,12.69,3.72,26.27585558412747,335.304
seismic,2006-01-09 18:46:12.580,36.4826667,-89.5416667,8.59,1.8,656.4187021066323,0.0
seismic,2006-01-11 15:46:48.400,36.2001667,-89.47,8.18,1.6,624.149293030882,0.0
seismic,2006-01-11 23:13:26.970,36.2158333,-89.4553333,8.29,1.4,625.5752120930013,0.0
seismic,2006-01-13 15:32:17.550,41.8,-81.45,7.0,2.3,491.36752465730297,466.044
seismic,2006-01-14 20:52:12.800,36.7766667,-89.2471667,0.02,2.5,683.6406738728635,0.0
seismic,2006-01-16 07:23:14.370,35.6848333,-84.3595,17.57,1.1,475.8992107623967,233.886
seismic,2006-01-18 10:00:33.640,36.4901667,-89.4848333,6.58,2.0,656.1500736336097,1.123
seismic,2006-01-18 10:01:37.990,36.4933333,-89.4828333,5.13,1.6,656.4592074034779,1.339
seismic,2006-01-21 02:28:06.060,36.5348333,-89.6101667,8.73,1.5,663.4742154282438,0.0
seismic,2006-01-21 11:25:00.670,36.4475,-89.5323333,8.31,1.8,652.3936029013806,0.0
seismic,2006-01-26 17:15:06.620,36.5603333,-89.602,8.32,1.8,666.0925945509485,0.0
seismic,2006-01-26 19:52:24.010,36.7331667,-89.505,5.43,1.6,683.1451287153296,0.0
seismic,2006-01-31 09:59:32.360,44.9883333,-74.4338333,8.0,1.56,9.26832566314669,364.76
seismic,2006-02-01 07:29:45.700,44.1716667,-74.8275,5.0,1.12,92.62322429113748,343.109
seismic,2006-02-02 04:31:54.870,36.298,-89.519,6.09,1.8,635.8020939392992,0.0
seismic,2006-02-03 01:02:24.380,44.626,-74.7851667,7.24,1.6,41.94219244750172,363.884
seismic,2006-02-06 02:05:12.420,36.17,-89.4971667,17.32,1.8,621.3954436326092,0.0
seismic,2006-02-07 04:07:22.640,46.2231667,-75.2556667,6.69,2.78,100.1462496904302,505.436
seismic,2006-02-07 07:06:23.980,36.9403333,-83.8091667,4.32,2.2,560.4766660426534,102.063
seismic,2006-02-07 09:10:45.230,36.2586667,-89.5156667,7.42,1.6,631.4422113286743,0.0
seismic,2006-02-08 02:16:31.480,35.7741667,-84.089,20.6,1.1,467.1591613006678,225.028
seismic,2006-02-10 08:59:47.810,36.6625,-89.7546667,3.46,2.1,680.3839015238171,0.0
seismic,2006-02-10 13:30:42.000,41.75,-81.41,5.0,2.6,485.2463207266669,463.613
seismic,2006-02-12 17:35:16.410,36.2661667,-89.774,17.57,1.6,637.8461410216555,0.0
seismic,2006-02-13 13:18:59.700,36.5388333,-89.6591667,7.78,1.5,664.9131634173276,0.0
seismic,2006-02-13 13:19:06.880,36.5403333,-89.6578333,7.79,1.2,665.0488722016543,0.0
seismic,2006-02-16 11:47:18.670,35.1741667,-84.7838333,11.17,1.2,465.67505549612713,293.258
seismic,2006-02-16 23:43:22.570,41.1648333,-74.5503333,2.83,2.39,48.4714090261621,344.6
seismic,2006-02-17 23:17:03.590,36.2583333,-89.5143333,7.2,1.7,631.3791568600674,0.0
seismic,2006-02-18 03:01:43.930,44.8008333,-74.6778333,7.91,1.24,22.2580515003068,367.477
seismic,2006-02-21 00:31:18.840,41.163,-74.554,5.2,1.32,48.81764972664823,344.968
seismic,2006-02-25 01:39:22.790,45.6275,-75.2003333,10.56,3.96,64.48319351030409,456.565
seismic,2006-02-26 04:09:22.490,45.5268333,-74.7168333,13.54,3.19,26.63284131495,421.125
seismic,2006-02-26 11:47:23.090,36.4928333,-89.5578333,7.98,1.5,657.8463944991992,0.0
seismic,2006-02-27 10:09:15.970,35.3498333,-84.5153333,10.0,1.9,459.74957395333433,271.768
seismic,2006-02-27 12:45:51.080,36.5403333,-89.6073333,7.51,1.5,664.0171336870004,0.0
seismic,2006-03-01 17:42:42.090,37.4976667,-88.982,6.16,3.0,760.2217629603994,0.0
seismic,2006-03-03 05:22:22.850,36.284,-89.508,8.1,1.9,634.0551026034182,0.0
seismic,2006-03-04 02:13:10.740,49.518,-81.576,18.0,3.4,698.5094179190113,1102.43
seismic,2006-03-04 05:33:10.920,36.5336667,-89.5673333,7.75,2.4,662.4936397659526,0.0
seismic,2006-03-06 10:28:01.950,35.913,-82.3361667,3.6,2.8,397.2783318223,187.49
seismic,2006-03-06 12:04:02.000,36.069,-82.186,15.6,1.5,400.1778447342637,165.638
seismic,2006-03-07 01:26:23.700,36.155,-82.202,22.5,1.6,407.90002255878494,160.024
seismic,2006-03-08 06:36:19.800,36.5991667,-89.5845,10.65,2.6,669.9861169374179,0.0
seismic,2006-03-08 06:41:01.980,36.5983333,-89.5835,10.44,1.8,669.8754380005446,0.0
seismic,2006-03-10 16:34:39.320,36.5608333,-89.582,6.3,1.5,665.7498581375592,0.0
seismic,2006-03-11 02:37:19.830,35.1961667,-88.0123333,1.62,2.7,497.44969485947286,151.07
seismic,2006-03-11 08:08:54.200,32.712,-88.159,30.7,2.6,220.1915136715384,85.72
seismic,2006-03-11 12:27:15.600,41.78,-81.39,5.0,3.1,486.1396317860923,466.714
seismic,2006-03-11 17:43:29.460,36.504,-89.5663333,8.23,1.7,659.2336397595047,0.0
seismic,2006-03-12 03:10:31.820,36.2113333,-89.4755,6.24,2.0,625.4772193623676,0.0
seismic,2006-03-12 17:24:06.000,36.1993333,-89.5661667,6.05,1.8,626.0066871502825,0.0
seismic,2006-03-16 02:10:27.970,36.305,-89.5095,7.89,1.5,636.3780271242509,0.0
seismic,2006-03-16 03:56:27.490,36.4561667,-89.5333333,8.13,1.6,653.3601906124612,0.0
seismic,2006-03-16 09:06:53.050,36.4216667,-89.5298333,7.91,1.5,649.5220160151891,0.0
seismic,2006-03-17 15:20:49.760,35.7005,-84.1633333,13.04,1.0,465.2961193978123,232.688
seismic,2006-03-18 03:39:26.440,36.6876667,-89.5188333,9.47,1.6,678.4135361085295,0.0
seismic,2006-03-18 12:18:00.550,36.2175,-89.4313333,7.23,1.3,625.296047460403,0.0
seismic,2006-03-19 06:38:29.490,41.046,-73.9873333,0.08,1.08,6.290686768342505,314.102
seismic,2006-03-21 11:36:09.060,41.0728333,-73.9783333,4.74,1.32,5.173876467611121,311.658
seismic,2006-03-21 14:22:12.410,36.5173333,-89.5351667,4.6,1.4,660.0816464798755,0.0
seismic,2006-03-22 13:46:36.000,34.6971667,-85.0166667,16.63,2.1,452.8548548425844,348.904
seismic,2006-03-22 21:32:56.690,35.379,-85.8018333,19.96,2.0,544.4604170539677,294.775
seismic,2006-03-24 09:53:28.990,36.4845,-89.5118333,6.5,1.8,656.0422384813764,0.0
seismic,2006-03-25 05:45:51.150,36.4018333,-89.5316667,8.35,1.5,647.3913574755419,0.0
seismic,2006-03-27 17:24:31.120,41.7901667,-81.447,7.84,2.0,490.4709857489328,465.706
seismic,2006-03-30 14:22:35.370,36.452,-89.5145,11.29,1.5,652.5392659240591,0.0
seismic,2006-04-01 12:42:37.440,35.7208333,-84.2955,20.31,1.0,474.93071870405566,229.895
seismic,2006-04-02 08:35:44.550,36.1346667,-89.442,11.03,1.7,616.4445277482888,0.0
seismic,2006-04-04 02:50:08.150,36.4776667,-89.5825,10.8,1.8,656.6805860756219,0.0
seismic,2006-04-06 12:03:51.410,43.1415,-77.7233333,7.09,1.85,317.24678956622944,547.064
seismic,2006-04-07 08:31:40.000,47.29,-70.47,0.0,3.7,7.280248341121922,490.885
seismic,2006-04-07 12:44:26.760,46.831,-76.616,18.0,3.1,223.0399949072721,627.272
seismic,2006-04-09 05:43:22.650,36.2096667,-83.6225,18.62,1.4,481.74834102159423,184.958
seismic,2006-04-09 11:56:03.890,36.2313333,-89.4776667,6.19,1.3,627.7046508627018,0.0
seismic,2006-04-10 05:55:53.070,41.9685,-80.8226667,10.0,1.96,464.8730477241277,483.889
seismic,2006-04-10 07:43:06.740,35.6023333,-83.9528333,20.28,1.6,444.5941019793691,245.571
seismic,2006-04-11 03:29:20.800,35.3623333,-84.4801667,19.55,3.3,458.3408570105682,270.226
seismic,2006-04-12 00:19:37.920,36.4783333,-89.553,8.59,1.7,656.1674190829737,0.0
seismic,2006-04-12 00:58:45.470,36.4333333,-89.5236667,7.11,1.8,650.6764057055946,0.0
seismic,2006-04-13 06:26:35.850,35.6038333,-84.3515,11.54,2.2,468.8567065532786,242.951
seismic,2006-04-14 10:19:00.640,36.4888333,-89.5491667,8.51,1.5,657.2391992784097,0.0
seismic,2006-04-15 02:34:13.500,36.2185,-89.5228333,6.65,1.6,627.2041412283575,0.0
seismic,2006-04-16 17:29:12.350,40.228,-75.9546667,2.0,1.03,64.50766735579602,315.226
seismic,2006-04-17 01:27:04.500,40.2373333,-76.0495,2.0,1.2,70.9637712513205,311.346
seismic,2006-04-17 01:55:11.820,36.2856667,-89.419,5.03,1.5,632.5248613361217,0.0
seismic,2006-04-17 08:46:27.330,36.5691667,-89.6185,10.23,1.6,667.3876591707794,0.0
seismic,2006-04-25 06:36:02.500,36.6615,-89.5388333,6.87,1.5,675.9226655825586,0.0
seismic,2006-04-26 00:34:06.360,36.29,-89.5016667,7.83,1.5,634.5851850512465,0.0
seismic,2006-04-26 16:44:17.560,36.4916667,-89.5665,9.32,1.4,657.8900954618182,0.0
seismic,2006-04-28 05:35:45.810,38.871,-87.5383333,5.0,2.4,878.6035111243441,0.0
seismic,2006-04-29 23:27:57.870,36.2766667,-89.5198333,9.22,1.3,633.4900738571017,0.0
seismic,2006-05-01 04:48:47.270,36.2328333,-89.4885,5.26,1.6,628.08175997717,0.0
seismic,2006-05-02 06:57:14.460,44.9571667,-73.7968333,1.26,2.34,35.958460006204724,325.213
seismic,2006-05-03 19:31:17.890,36.1118333,-89.4446667,12.16,1.5,614.0018491727155,0.0
seismic,2006-05-04 08:29:57.460,45.514,-73.9593333,7.72,1.76,0.0446982425353787,379.533
seismic,2006-05-04 14:50:16.600,43.5441667,-79.6173333,0.1,2.48,422.6596025203545,630.672
seismic,2006-05-05 02:02:56.190,36.461,-89.5361667,7.49,1.5,653.9436736154453,0.0
seismic,2006-05-05 03:59:44.610,36.2216667,-89.4553333,8.03,1.6,626.2129129136454,0.0
seismic,2006-05-05 23:47:28.100,36.2613333,-89.4645,5.96,1.7,630.7268723118503,0.0
seismic,2006-05-07 03:48:05.470,43.4586667,-79.4648333,6.8,2.24,415.54943018273,619.15
seismic,2006-05-08 00:59:01.900,36.2475,-89.4445,5.88,1.7,628.8293886993846,0.0
seismic,2006-05-09 03:15:03.560,49.988,-66.293,18.0,3.0,46.46256187563867,861.97
seismic,2006-05-09 11:12:22.100,36.5656667,-89.6246667,7.27,1.9,667.1304514949688,0.0
seismic,2006-05-10 11:06:43.650,36.814,-84.0323333,8.39,2.1,558.4065824831342,110.479
seismic,2006-05-10 12:17:29.240,35.533,-84.396,24.69,3.2,466.0286390039672,250.914
seismic,2006-05-11 06:35:39.470,46.2323333,-72.7113333,5.0,3.0,3.2234117286374,398.817
seismic,2006-05-11 06:51:40.850,46.2595,-72.6731667,6.69,1.9,1.1424477134476094,400.574
seismic,2006-05-11 16:28:45.410,36.1601667,-89.4395,10.0,2.1,619.1830326698874,0.0
seismic,2006-05-12 01:51:11.140,40.74,-84.08,5.0,2.8,627.0042468791979,217.798
seismic,2006-05-15 08:25:26.350,40.8615,-74.1516667,8.41,1.98,15.090136955882716,337.765
seismic,2006-05-15 12:35:06.030,36.5505,-89.7855,8.0,1.7,668.8968292768454,0.0
seismic,2006-05-16 05:23:19.900,32.85,-88.087,20.5,2.5,235.3124719143223,102.509
seismic,2006-05-16 19:50:52.550,36.5685,-89.5281667,5.11,1.7,665.5433297023898,0.385
seismic,2006-05-17 06:03:46.610,36.351,-89.5183333,8.23,1.5,641.5763426788375,0.0
seismic,2006-05-19 17:28:08.390,36.5416667,-89.6028333,7.88,1.6,664.0721961516778,0.0
seismic,2006-05-21 03:25:37.300,36.0571667,-89.8171667,8.33,1.6,616.3368141005276,0.0
seismic,2006-05-21 07:16:17.960,46.394,-75.313,18.0,2.8,117.4046181323744,522.289
seismic,2006-05-22 17:26:28.720,36.1036667,-83.747,8.87,1.7,477.9552703487976,193.62
seismic,2006-05-23 00:19:02.100,36.5608333,-89.6065,6.34,1.6,666.2372274123001,0.0
seismic,2006-05-23 04:05:24.440,46.1488333,-74.9868333,10.0,2.79,80.50278401052755,485.218
seismic,2006-05-23 21:04:32.840,36.4233333,-89.543,8.57,2.5,649.9630860071522,0.0
seismic,2006-05-25 04:31:34.000,44.5973333,-73.6771667,4.71,1.58,76.51542520355177,291.007
seismic,2006-05-28 11:20:47.810,49.556,-66.277,18.0,3.6,38.37675797201789,820.018
seismic,2006-05-28 11:32:53.650,49.552,-66.296,20.0,3.3,38.15533532532884,818.997
seismic,2006-05-29 09:11:20.480,36.4468333,-89.5361667,7.55,1.8,652.3957279736474,0.0
seismic,2006-05-30 08:49:21.670,36.5233333,-89.4991667,6.51,1.6,660.0506978404197,0.468
seismic,2006-06-01 03:43:54.890,36.5488333,-89.5875,6.97,1.5,664.5483940970379,0.0
seismic,2006-06-01 06:20:22.460,43.8231667,-77.8486667,7.34,2.37,281.4292003345971,564.424
seismic,2006-06-01 09:34:25.710,46.582,-67.452,5.0,3.6,151.11649120884982,491.795
seismic,2006-06-03 10:15:29.250,36.2781667,-89.4551667,5.31,1.5,632.3880186578367,0.0
seismic,2006-06-05 07:56:10.790,36.2851667,-89.499,8.38,1.9,634.0047196340103,0.0
seismic,2006-06-05 11:18:49.670,45.4638333,-76.0013333,10.47,2.54,113.5379308381307,494.974
seismic,2006-06-05 21:32:13.270,36.5473333,-89.6941667,9.86,1.9,666.5717785325982,0.0
seismic,2006-06-07 11:28:44.100,36.6045,-89.6151667,6.67,2.1,671.1761603418785,0.0
seismic,2006-06-08 01:49:45.200,45.8566667,-74.5826667,16.79,2.56,36.39649203847779,440.135
seismic,2006-06-08 02:13:32.170,45.8505,-74.5856667,17.76,2.06,35.88553917828709,439.783
seismic,2006-06-13 21:27:04.240,45.9831667,-74.8741667,11.95,2.26,60.6183126742992,465.788
seismic,2006-06-16 00:57:26.770,35.5121667,-83.2033333,1.37,3.4,395.81845271208016,270.835
seismic,2006-06-16 23:07:19.400,34.566,-86.033,1.7,1.6,451.128906957044,324.531
seismic,2006-06-17 10:10:44.410,36.5096667,-89.5523333,7.93,1.7,659.5774585220778,0.0
seismic,2006-06-18 08:01:29.460,45.8248333,-74.9828333,9.53,2.11,55.370431103457385,459.062
seismic,2006-06-20 20:11:18.540,41.84,-81.23,5.0,3.5,480.6030863774236,471.81
seismic,2006-06-22 13:42:35.800,34.5495,-85.247,9.61,2.1,459.8041323682762,359.401
seismic,2006-06-22 13:44:12.970,34.549,-85.2516667,9.6,1.8,459.6645449726717,359.106
seismic,2006-06-24 05:54:01.540,36.112,-89.422,10.2,1.7,613.578529750767,0.0
seismic,2006-06-24 21:51:30.710,36.3223333,-82.3715,10.97,2.5,431.6202803285172,159.998
seismic,2006-06-25 21:34:38.350,36.542,-89.6683333,7.58,1.7,665.448740998329,0.0
seismic,2006-06-25 22:17:10.260,36.543,-89.6671667,8.43,1.5,665.5333040289296,0.0
seismic,2006-06-26 08:35:12.980,36.2525,-89.4876667,7.77,1.5,630.2134045987634,0.0
seismic,2006-06-28 08:08:03.310,36.2621667,-89.4696667,6.16,1.6,630.9180640605366,0.0
seismic,2006-06-28 22:35:14.440,37.836,-82.659,0.0,3.2,464.9130521674237,127.776
seismic,2006-06-29 01:30:43.910,36.4618333,-89.5436667,7.75,1.6,654.1815537965773,0.0
seismic,2006-06-29 03:16:56.910,35.7298333,-84.0593333,19.41,1.0,461.65460850624936,230.236
seismic,2006-06-29 10:44:15.550,36.462,-89.5416667,7.37,1.4,654.1605459499841,0.0
seismic,2006-06-29 14:53:29.860,36.2958333,-89.5053333,7.16,1.6,635.2946200760317,0.0
seismic,2006-07-01 07:37:48.290,45.8143333,-74.7948333,14.62,2.15,42.84903815863945,447.95
seismic,2006-07-02 12:47:58.790,36.677,-89.5306667,12.01,2.4,677.465944419256,0.0
seismic,2006-07-02 15:38:38.300,37.188,-80.97,5.2,1.7,324.7336712178042,3.754
seismic,2006-07-03 08:47:20.790,36.0806667,-89.428,11.2,1.5,610.2702408665294,0.16
seismic,2006-07-04 03:10:38.300,36.2663333,-89.4616667,6.77,1.5,631.2188383861577,0.0
seismic,2006-07-05 00:28:18.800,36.2715,-89.4598333,6.02,1.5,631.7484993135776,0.0
seismic,2006-07-05 00:51:54.390,36.2725,-89.4611667,5.34,1.5,631.8835204822313,0.0
seismic,2006-07-05 03:59:17.010,36.262,-89.466,6.52,1.8,630.8287819329265,0.0
seismic,2006-07-08 05:15:31.060,35.5566667,-84.1023333,14.4,1.2,449.6661521635132,249.164
seismic,2006-07-08 19:38:45.690,44.2538333,-75.4613333,6.22,1.89,101.99664104554942,393.142
seismic,2006-07-10 10:56:55.070,36.4875,-89.5435,9.25,1.5,656.9826600113516,0.0
seismic,2006-07-11 12:01:43.100,37.8821667,-80.6413333,5.0,2.6,291.15637981678344,25.886
seismic,2006-07-11 13:45:40.670,33.606,-87.146,1.0,2.8,330.1623936539196,189.975
seismic,2006-07-12 16:31:53.240,36.0783333,-89.8131667,9.28,2.3,618.516465058875,0.0
seismic,2006-07-13 09:39:19.720,36.2391667,-89.4646667,4.79,1.4,628.3069082626088,0.0
seismic,2006-07-14 09:34:48.830,46.8763333,-68.6856667,13.81,3.86,118.33009939127037,476.529
seismic,2006-07-15 05:59:39.880,36.4876667,-89.5628333,8.64,1.5,657.3807503725785,0.0
seismic,2006-07-15 07:05:28.030,37.2433333,-87.2255,14.53,2.3,730.4481180583545,85.86
seismic,2006-07-15 08:00:30.230,45.1895,-75.6386667,7.16,1.69,75.80511299187015,454.37
seismic,2006-07-15 14:52:37.580,45.9145,-76.86,8.97,2.2,196.3237858283456,578.47
seismic,2006-07-17 05:07:45.060,36.5273333,-89.5778333,5.62,1.5,662.0091664081972,0.0
seismic,2006-07-17 18:05:03.860,36.4626667,-89.5595,8.59,1.6,654.5847971518094,0.0
seismic,2006-07-21 08:44:10.340,36.4915,-89.5566667,8.02,1.6,657.6777954100779,0.0
seismic,2006-07-21 16:45:33.360,44.6798333,-75.3635,7.33,1.5,62.45731818233347,406.487
seismic,2006-07-23 10:38:00.410,45.7075,-75.2538333,9.18,1.83,70.10016040465109,465.565
seismic,2006-07-25 19:35:39.270,36.7666667,-89.488,15.13,2.2,686.5114297550878,0.0
seismic,2006-07-27 18:27:08.050,36.1698333,-89.4751667,12.15,2.2,620.9381797946423,0.0
seismic,2006-07-30 05:46:54.120,36.5508333,-89.591,6.46,1.7,664.8362926650169,0.0
seismic,2006-07-30 10:05:19.750,36.578,-89.5926667,8.53,1.8,667.8354668310243,0.0
seismic,2006-07-30 16:39:51.290,36.2241667,-89.3931667,5.38,2.3,625.3081022049666,0.0
seismic,2006-07-30 16:49:05.250,34.417,-87.8318333,4.54,1.9,410.70474353573,222.488
seismic,2006-08-01 13:58:00.020,36.262,-89.4995,6.97,1.3,631.4844375085643,0.0
seismic,2006-08-03 06:48:05.100,36.5496667,-89.7161667,10.3,1.7,667.2936260416318,0.0
seismic,2006-08-04 09:46:03.150,36.3721667,-89.5765,10.19,1.6,645.0513655760446,0.0
seismic,2006-08-07 08:44:27.650,34.9366667,-85.4613333,14.21,2.9,499.14190815251175,331.124
seismic,2006-08-08 03:09:44.420,47.69,-70.006,19.4,2.8,2.0513378838339684,538.434
seismic,2006-08-09 03:52:16.850,34.8788333,-84.0138333,5.0,1.7,390.87786227711416,325.427
seismic,2006-08-11 09:02:02.560,44.797,-65.359,5.0,3.2,5.907196834766388,485.796
seismic,2006-08-12 10:34:17.850,36.4041667,-89.5521667,8.96,1.7,648.0522758767942,0.0
seismic,2006-08-13 00:01:58.290,36.1905,-89.45,8.27,2.2,622.7025110336234,0.0
seismic,2006-08-13 20:54:29.070,45.2055,-73.8951667,10.49,1.93,8.802027437817927,350.479
seismic,2006-08-14 12:16:49.230,36.4278333,-89.5233333,8.1,1.7,650.0688262216894,0.0
seismic,2006-08-14 16:50:02.250,36.5003333,-89.5523333,8.26,1.5,658.5576873924897,0.0
seismic,2006-08-15 06:08:54.940,40.71,-84.11,5.0,2.5,628.2455137950599,213.826
seismic,2006-08-18 02:16:12.890,45.6495,-73.6838333,5.49,1.62,3.281650802494675,378.118
seismic,2006-08-20 21:18:58.740,35.046,-85.1728333,11.17,2.1,485.7286369135819,312.991
seismic,2006-08-21 03:22:03.120,36.4005,-89.5306667,7.78,1.5,647.2260365184839,0.0
seismic,2006-08-21 06:45:56.190,35.6541667,-84.1073333,7.26,1.4,458.0815128679996,238.251
seismic,2006-08-23 17:53:52.240,36.4355,-89.4941667,7.73,1.5,650.3443394701887,0.0
seismic,2006-08-24 01:34:25.250,45.4246667,-73.8821667,10.9,1.86,1.6913845729397274,368.05
seismic,2006-08-26 06:52:46.470,35.5528333,-84.4468333,7.85,1.7,470.8382846361506,248.805
seismic,2006-08-26 13:08:44.000,45.623,-74.5208333,10.72,2.81,12.970831269803249,417.836
seismic,2006-08-26 18:32:41.890,36.63,-89.602,6.68,1.8,673.6985383694692,0.0
seismic,2006-08-27 01:27:58.000,44.4583333,-73.6316667,10.0,1.33,92.24523678245932,278.307
seismic,2006-08-27 11:01:31.530,36.563,-89.5803333,6.82,1.4,665.953612130302,0.0
seismic,2006-08-28 04:07:39.180,36.5445,-89.6616667,9.15,2.1,665.5822332424922,0.0
seismic,2006-08-28 05:58:05.930,36.5446667,-89.666,9.16,2.0,665.6904900318053,0.0
seismic,2006-08-29 07:55:07.570,36.8685,-89.1793333,3.39,2.5,692.8055013035038,0.0
seismic,2006-08-29 19:05:14.620,35.7675,-83.7103333,11.77,2.0,445.4299457924071,231.08
seismic,2006-08-31 14:44:52.820,46.1811667,-75.271,9.8,1.95,97.63845807342145,502.898
seismic,2006-08-31 15:19:12.480,36.5461667,-89.5853333,7.2,1.5,664.2142492735078,0.0
seismic,2006-08-31 15:36:09.690,44.5136667,-74.5276667,8.59,1.96,56.01282676115347,339.947
seismic,2006-09-02 11:20:45.990,36.6205,-89.5648333,10.86,1.6,671.9343182957404,0.0
seismic,2006-09-03 01:21:31.870,36.5325,-89.5625,7.32,1.7,662.2712912336419,0.0
seismic,2006-09-04 14:48:57.060,35.4048333,-85.033,23.32,1.1,499.3102708906546,271.118
seismic,2006-09-05 04:32:42.570,33.705,-82.9923333,10.23,2.5,237.0635134974877,200.79
seismic,2006-09-06 03:42:47.900,36.2703333,-89.5006667,7.14,1.8,632.4175457880687,0.0
seismic,2006-09-07 13:51:12.640,36.2715,-89.4996667,7.56,3.3,632.5251968934211,0.0
seismic,2006-09-08 04:07:07.840,36.2665,-89.503,7.17,1.6,632.045133008842,0.0
seismic,2006-09-10 05:20:36.270,36.542,-89.6608333,9.18,1.5,665.2926531260846,0.0
seismic,2006-09-10 14:56:08.160,26.319,-86.606,14.0,5.9,387.250817083046,343.193
seismic,2006-09-11 05:53:35.080,45.8501667,-73.521,11.47,1.92,11.887468136029383,389.38
seismic,2006-09-12 23:59:19.370,45.0083333,-75.2216667,5.74,1.6,40.0675362469525,415.908
seismic,2006-09-13 12:08:00.270,36.2721667,-89.5051667,8.81,1.6,632.706837967048,0.0
seismic,2006-09-15 03:32:58.480,36.6821667,-89.523,10.45,1.8,677.8885550742618,0.0
seismic,2006-09-15 08:40:57.520,36.5516667,-89.5815,6.24,1.4,664.7389109866427,0.0
seismic,2006-09-15 09:47:05.430,36.5521667,-89.5806667,6.22,1.5,664.7770446321709,0.0
seismic,2006-09-15 15:50:06.590,45.803,-74.8215,6.92,1.87,43.65832407259033,448.493
seismic,2006-09-18 17:38:19.440,35.497,-85.093,17.45,1.3,509.9874078873564,262.145
seismic,2006-09-18 23:13:39.990,36.27,-89.5013333,6.81,1.4,632.3943306796731,0.0
seismic,2006-09-19 08:00:53.870,44.7431667,-75.3023333,5.0,1.28,54.53991444420707,405.722
seismic,2006-09-22 08:24:18.000,44.44,-68.17,0.0,2.4,2.0906432850230847,275.341
seismic,2006-09-22 09:21:05.000,44.44,-68.17,0.0,2.4,2.0906432850230847,275.341
seismic,2006-09-22 10:39:22.480,44.4265,-68.181,11.29,3.19,3.6269905950648975,273.712
seismic,2006-09-22 11:22:02.630,34.4923333,-79.692,5.0,3.4,115.98908624887596,81.998
seismic,2006-09-22 14:27:53.390,36.5958333,-89.5823333,8.82,2.0,669.579425353332,0.0
seismic,2006-09-23 03:53:00.530,44.1531667,-75.1391667,7.18,2.12,100.1085107303498,365.137
seismic,2006-09-24 22:42:32.880,36.2745,-89.4583333,5.0,1.5,632.0477383191094,0.0
seismic,2006-09-25 05:44:20.270,34.5401667,-79.3748333,5.0,3.7,101.87560337680712,73.18
seismic,2006-09-25 08:25:39.080,36.3025,-89.5173333,7.99,1.9,636.2602326034215,0.0
seismic,2006-09-25 13:24:51.070,36.5381667,-89.6098333,7.48,1.5,663.8311245778176,0.0
seismic,2006-09-25 23:52:47.090,36.398,-89.5378333,9.35,1.6,647.0943781789789,0.0
seismic,2006-09-26 01:55:56.090,36.4776667,-89.5501667,6.42,1.8,656.0388901232527,0.0
seismic,2006-09-26 10:46:25.860,36.4793333,-89.5491667,6.39,2.0,656.2013172336746,0.0
seismic,2006-09-26 17:24:00.750,36.4811667,-89.5458333,7.04,1.6,656.3362698497364,0.0
seismic,2006-09-28 00:07:04.950,36.5318333,-89.6381667,7.61,1.1,663.7170205834375,0.0
seismic,2006-09-28 13:52:47.580,44.452,-68.195,6.9,2.6,1.2737373339852789,274.666
seismic,2006-10-01 23:16:16.550,36.2708333,-89.5043333,7.33,1.8,632.5447228192565,0.0
seismic,2006-10-02 04:23:23.170,36.5478333,-89.6621667,10.15,1.7,665.9556448997247,0.0
seismic,2006-10-02 19:56:19.210,35.4681667,-84.9835,8.74,2.5,500.3246048316631,263.315
seismic,2006-10-03 00:07:38.150,44.3666667,-68.1468333,10.0,3.66,3.2413157127596364,271.681
seismic,2006-10-04 10:43:39.440,36.5353333,-89.5156667,7.73,1.6,661.6765055446662,0.0
seismic,2006-10-07 05:26:14.600,36.3153333,-89.467,3.95,1.6,636.6799996992098,0.0
seismic,2006-10-08 07:16:56.370,43.8663333,-73.3168333,6.94,1.43,162.24715871921418,220.058
seismic,2006-10-10 06:20:28.720,43.8861667,-73.3103333,8.21,2.85,160.7159927503626,220.729
seismic,2006-10-10 09:10:59.020,36.395,-89.5268333,8.23,1.7,646.5498527346591,0.0
seismic,2006-10-11 06:39:04.250,36.2135,-89.4746667,5.94,1.5,625.6975312243065,0.0
seismic,2006-10-11 11:33:09.530,46.1303333,-75.364,7.34,2.37,99.23531410286306,503.941
seismic,2006-10-11 21:33:02.880,36.2276667,-89.5143333,7.93,2.1,628.0326137101403,0.0
seismic,2006-10-12 15:50:19.320,35.5563333,-84.6206667,13.94,1.2,482.3700703454867,249.255
seismic,2006-10-13 01:05:45.410,36.5663333,-89.6205,7.15,1.7,667.1189209445469,0.0
seismic,2006-10-13 01:13:22.440,36.5671667,-89.6186667,7.27,1.8,667.1728396617417,0.0
seismic,2006-10-13 13:02:10.670,36.568,-89.6196667,7.13,1.6,667.2839125557504,0.0
seismic,2006-10-13 13:03:13.110,36.5668333,-89.6166667,7.98,1.4,667.096159844542,0.0
seismic,2006-10-13 23:59:15.840,36.5663333,-89.628,7.34,1.2,667.2706920769522,0.0
seismic,2006-10-14 19:59:15.080,36.5163333,-89.6401667,12.68,1.7,662.0691362754133,0.0
seismic,2006-10-15 18:49:33.510,34.6235,-85.5075,7.99,2.2,463.87253157340285,353.037
seismic,2006-10-17 08:56:29.600,36.0331667,-80.2345,10.0,2.6,283.12095342849466,116.418
seismic,2006-10-17 14:28:29.060,36.2728333,-89.4571667,6.04,1.5,631.8430506694476,0.0
seismic,2006-10-17 20:18:55.520,36.4831667,-89.5648333,9.14,1.5,656.9289254107415,0.0
seismic,2006-10-17 23:54:50.290,36.0856667,-80.2973333,10.0,1.5,291.08492772954764,109.355
seismic,2006-10-18 01:11:00.080,36.0541667,-80.2721667,10.35,2.4,286.90282375561986,113.309
seismic,2006-10-18 15:47:29.000,36.104,-80.306,2.8,1.3,293.2333200108014,107.18
seismic,2006-10-18 20:59:20.580,36.537,-89.6405,7.83,3.4,664.3279982992638,0.0
seismic,2006-10-18 22:08:22.010,36.0645,-89.806,7.36,1.7,616.8510821022678,0.0
seismic,2006-10-19 00:57:08.090,36.534,-89.6371667,7.08,1.6,663.9326376241889,0.0
seismic,2006-10-19 01:02:26.320,36.5345,-89.6388333,7.6,1.6,664.021325738243,0.0
seismic,2006-10-19 03:45:31.120,36.536,-89.6405,7.94,1.5,664.2190205028902,0.0
seismic,2006-10-19 04:10:18.080,36.5366667,-89.6451667,6.85,1.5,664.3876611397511,0.0
seismic,2006-10-19 10:13:40.670,36.1456667,-89.4721667,14.02,1.8,618.2399800010951,0.0
seismic,2006-10-20 09:56:12.390,36.5341667,-89.6445,7.49,1.6,664.1015271208013,0.0
seismic,2006-10-20 15:32:33.520,36.448,-89.5386667,8.43,2.0,652.5721871458813,0.0
seismic,2006-10-20 15:52:51.290,36.5353333,-89.6383333,7.98,1.7,664.1018798382058,0.0
seismic,2006-10-20 16:22:30.950,36.4826667,-89.5493333,8.7,1.9,656.5687517745822,0.0
seismic,2006-10-21 20:28:20.200,36.6583333,-89.5396667,6.99,1.0,675.5918085425732,0.0
seismic,2006-10-21 21:02:16.760,36.535,-89.6388333,7.76,1.8,664.075816730413,0.0
seismic,2006-10-21 21:04:40.070,36.5376667,-89.6405,7.3,1.6,664.4006543938982,0.0
seismic,2006-10-22 21:36:25.300,44.38,-68.18,9.9,2.8,1.9719250578588143,270.524
seismic,2006-10-23 07:53:07.460,36.5376667,-89.6385,8.36,1.7,664.3596062117742,0.0
seismic,2006-10-23 09:14:39.250,36.534,-89.6411667,6.21,1.8,664.0147712313063,0.0
seismic,2006-10-23 19:39:23.160,36.538,-89.6403333,7.55,1.7,664.4335541562434,0.0
seismic,2006-10-26 13:03:03.830,43.517,-71.6048333,4.25,1.85,83.11489928516193,89.177
seismic,2006-10-30 03:08:17.700,36.2693333,-89.5006667,6.88,1.4,632.3083398366247,0.0
seismic,2006-10-31 00:25:47.670,37.242,-81.922,1.0,2.9,407.9351747831968,84.538
seismic,2006-11-02 05:32:35.570,45.4075,-74.5376667,7.0,1.69,19.83190369436488,401.832
seismic,2006-11-02 17:53:02.110,37.2,-81.92,1.0,4.3,408.014508907485,84.891
seismic,2006-11-03 15:48:36.180,36.042,-80.258,2.1,2.5,285.0751442060261,114.936
seismic,2006-11-03 18:45:53.550,36.5443333,-89.6873333,5.8,1.4,666.1010953012125,0.0
seismic,2006-11-04 04:22:41.430,44.36,-68.14,5.0,1.9,3.5893005890524163,271.656
seismic,2006-11-04 11:42:08.160,43.7808333,-77.9828333,6.58,2.42,293.130438681375,574.315
seismic,2006-11-04 22:15:55.790,36.1053333,-89.766,4.65,1.6,620.2848571661327,0.0
seismic,2006-11-08 14:23:51.980,43.6756667,-77.7901667,8.31,1.69,285.6966261008104,557.35
seismic,2006-11-08 20:29:54.630,45.9313333,-74.8168333,13.27,2.04,53.34849116389461,458.546
seismic,2006-11-10 12:18:16.250,36.5343333,-89.6435,7.97,1.5,664.0990892095979,0.0
seismic,2006-11-10 23:51:37.610,46.17,-76.837,18.0,2.9,202.61020166055687,593.438
seismic,2006-11-13 13:41:16.670,36.5416667,-89.6078333,7.54,1.6,664.1726718089081,0.0
seismic,2006-11-13 17:08:18.470,36.5405,-89.609,7.59,1.5,664.0688777934591,0.0
seismic,2006-11-14 19:50:42.460,36.5401667,-89.6083333,7.41,1.6,664.0190882483619,0.0
seismic,2006-11-17 20:14:22.340,36.0898333,-89.4115,2.5,1.6,610.9521861951448,0.088
seismic,2006-11-18 20:27:47.350,37.25,-83.291,0.0,2.9,528.047427670025,99.044
seismic,2006-11-19 18:55:11.400,45.903,-74.9678333,7.19,1.74,59.47856928020785,464.387
seismic,2006-11-23 10:42:57.420,37.157,-81.975,0.0,4.3,413.1577463479638,90.381
seismic,2006-11-24 23:47:10.350,36.5126667,-89.527,4.81,1.5,659.4139128109205,0.0
seismic,2006-11-24 23:52:45.800,34.6918333,-86.1108333,2.82,2.1,463.4977311509944,328.325
seismic,2006-11-25 23:10:10.750,46.158,-76.0165,9.44,2.16,143.45374112552722,543.066
seismic,2006-11-29 07:22:55.110,46.482,-81.168,1.0,4.1,528.8693406890887,865.762
seismic,2006-11-29 07:38:17.160,46.475,-81.207,1.0,3.1,531.5402666349945,863.503
seismic,2006-11-30 00:49:23.310,36.6163333,-89.5718333,11.24,2.1,671.6144928410455,0.0
seismic,2006-12-02 15:15:34.380,36.2783333,-89.488,7.5,1.6,633.0421913825181,0.0
seismic,2006-12-03 01:51:28.730,45.4491667,-74.3675,10.0,1.34,7.34547243677375,395.623
seismic,2006-12-05 11:43:17.680,36.4931667,-89.5678333,7.5,1.4,658.0802935011499,0.0
seismic,2006-12-07 04:44:59.290,49.516,-81.537,16.0,4.2,696.0774299850813,1100.057
seismic,2006-12-09 12:01:48.840,36.564,-89.5998333,8.74,1.5,666.4495366976787,0.0
seismic,2006-12-10 05:26:01.490,35.1706667,-85.43,10.97,1.1,512.8066824237732,305.182
seismic,2006-12-10 14:59:22.240,36.5458333,-89.6353333,8.32,1.3,665.184889092482,0.0
seismic,2006-12-13 19:07:52.870,40.2928333,-76.0373333,5.88,2.43,74.55369034698832,317.012
seismic,2006-12-14 12:46:17.480,45.8525,-75.2841667,9.0,1.76,77.54237425916763,478.123
seismic,2006-12-15 19:43:53.660,36.0983333,-89.4136667,12.35,2.3,611.9233937147858,0.0
seismic,2006-12-16 20:09:06.690,38.01,-81.425,0.0,2.8,355.72674527885124,69.65
seismic,2006-12-17 05:55:26.760,45.7636667,-75.2811667,8.72,2.44,73.79938915210286,471.306
seismic,2006-12-17 13:11:31.100,36.1345,-89.3903333,6.3,2.3,615.4359278756045,0.0
seismic,2006-12-18 08:34:26.520,35.356,-84.3508333,17.69,3.3,449.32121453845934,270.693
seismic,2006-12-18 19:53:23.540,44.366,-68.16,5.0,2.7,2.246712552425449,270.809
seismic,2006-12-20 02:29:24.300,33.883,-85.876,5.2,1.9,377.74874375043873,265.348
seismic,2006-12-20 20:50:04.760,44.6105,-74.9471667,9.3,1.66,47.06560776157029,374.0
seismic,2006-12-21 19:47:43.860,36.4981667,-89.5493333,6.99,2.0,658.2622269319095,0.0
seismic,2006-12-22 15:16:48.240,36.2885,-89.4415,4.85,1.7,633.2581864575533,0.0
seismic,2006-12-23 06:06:49.260,36.4866667,-89.5515,9.39,1.5,657.0482618781592,0.0
seismic,2006-12-26 11:25:03.940,35.7671667,-84.3218333,14.59,1.1,480.350874575374,224.675
seismic,2006-12-26 17:06:12.080,36.5358333,-89.5723333,5.37,1.4,662.8287315327153,0.0
seismic,2006-12-27 19:48:59.010,36.4903333,-89.5546667,8.36,1.6,657.511015274275,0.0
seismic,2006-12-28 04:25:58.880,36.14,-89.3963333,6.61,1.4,616.1511051692904,0.0
seismic,2006-12-29 06:34:45.050,36.3103333,-89.5123333,7.62,1.7,637.0164682711669,0.0
seismic,2006-12-29 21:21:10.780,44.354,-68.168,8.4,3.2,1.2721802448380652,269.486
seismic,2007-01-01 00:02:22.190,36.2756667,-89.5028333,9.22,1.4,633.0428271117946,0.0
seismic,2007-01-02 03:24:52.900,34.6105,-85.0446667,9.22,2.4,450.1675032950215,358.869
seismic,2007-01-03 09:08:30.600,41.746,-80.1448333,1.14,2.14,406.3052290049948,448.057
seismic,2007-01-03 23:05:44.730,35.9161667,-83.9548333,15.28,2.7,471.93781841400966,210.751
seismic,2007-01-05 15:07:43.180,34.4118333,-85.5611667,4.89,2.2,439.74713505352895,330.46
seismic,2007-01-06 04:08:44.970,47.025,-76.234,18.0,3.3,216.44156245080012,621.615
seismic,2007-01-06 13:24:03.690,36.4896667,-89.5563333,8.25,1.5,657.4709803838984,0.0
seismic,2007-01-06 21:17:36.270,36.4898333,-89.5571667,7.47,1.7,657.505583923083,0.0
seismic,2007-01-07 05:31:10.080,36.4885,-89.5561667,7.99,1.6,657.3402618871243,0.0
seismic,2007-01-08 14:33:15.120,36.1295,-89.419,9.88,1.6,615.4342538214746,0.0
seismic,2007-01-09 08:42:15.310,34.8883333,-84.0416667,5.0,1.7,393.48050532821657,324.153
seismic,2007-01-10 04:39:16.060,38.3181667,-88.2415,17.29,1.8,847.400281929748,0.0
seismic,2007-01-10 21:53:38.240,36.4491667,-89.5236667,6.83,1.7,652.4069643367753,0.0
seismic,2007-01-11 05:37:48.710,36.484,-83.1721667,13.59,1.8,488.9018124821303,172.629
seismic,2007-01-13 19:04:31.820,36.4963333,-89.5535,8.77,1.8,658.1435571781043,0.0
seismic,2007-01-14 10:02:38.090,43.9848333,-76.1278333,3.39,2.28,159.2832669689714,433.721
seismic,2007-01-15 10:19:27.290,45.5121667,-74.1773333,9.92,1.78,0.6245865181878035,390.556
seismic,2007-01-19 03:56:54.010,44.4173333,-78.1888333,6.3,2.08,282.4058192547522,604.837
seismic,2007-01-20 10:39:05.840,34.7686667,-88.0985,3.76,1.5,449.6618885562653,176.956
seismic,2007-01-20 17:20:00.870,42.6366667,-78.7958333,8.27,2.42,412.1630412842748,521.271
seismic,2007-01-21 22:06:41.940,35.9486667,-89.9233333,7.28,2.4,607.4237584573077,0.0
seismic,2007-01-24 11:18:55.300,36.5358333,-89.5906667,8.46,1.8,663.1922065970878,0.0
seismic,2007-01-26 01:46:08.700,36.6686667,-83.4246667,20.98,2.3,517.4905860228521,143.679
seismic,2007-01-26 08:58:11.810,46.0995,-75.1501667,7.05,2.65,84.61626471936316,489.882
seismic,2007-01-26 15:01:56.150,46.094,-74.674,16.45,1.48,63.39985014827786,464.619
seismic,2007-01-26 17:25:03.890,46.1483333,-75.7428333,7.36,2.2,124.41043729644858,526.539
seismic,2007-01-27 07:52:43.400,45.7805,-73.4886667,10.8,2.19,4.466664059011455,381.511
seismic,2007-01-27 16:29:56.100,35.5451667,-83.996,19.2,1.5,442.3174547569277,251.42
seismic,2007-01-27 17:49:45.760,45.0308333,-74.044,7.03,2.3,22.440107476202265,344.883
seismic,2007-01-28 09:30:41.150,45.6931667,-72.8545,6.71,1.97,36.144692158615946,348.563
seismic,2007-01-29 05:06:50.570,44.5785,-74.9336667,1.0,2.21,49.98226535454855,371.287
seismic,2007-01-30 02:47:52.660,45.5586667,-74.5548333,9.74,2.91,13.698073479641028,414.567
seismic,2007-01-30 10:40:16.640,45.9216667,-74.8965,7.53,2.26,56.74823109293214,462.018
seismic,2007-01-30 16:31:54.460,36.4781667,-89.563,9.76,1.2,656.3466398225162,0.0
seismic,2007-01-30 21:20:29.390,33.664,-87.107,1.0,2.6,337.34240261117594,197.047
seismic,2007-01-31 23:47:42.530,36.9055,-89.0111667,15.99,2.9,694.7285822279989,8.38
seismic,2007-02-01 01:04:41.560,43.8701667,-73.3158333,5.33,2.23,161.93832512987538,220.204
seismic,2007-02-01 16:48:45.580,44.27,-69.868,8.5,2.1,24.56727342940408,174.141
seismic,2007-02-02 22:24:53.460,33.708,-87.215,0.0,2.9,339.71316602039144,200.079
seismic,2007-02-03 02:21:14.780,45.9583333,-74.6191667,6.71,1.75,47.84902762418965,450.455
seismic,2007-02-03 06:10:16.030,45.5586667,-74.5503333,8.98,1.99,13.34678322957003,414.32
seismic,2007-02-03 07:46:41.570,36.4053333,-89.518,8.2,2.0,647.5059520020146,0.0
seismic,2007-02-03 14:36:48.780,36.0611667,-83.8583333,4.55,1.3,479.77329674804594,196.196
seismic,2007-02-04 07:00:35.430,36.0516667,-89.8216667,9.65,2.3,615.856496305611,0.0
seismic,2007-02-04 07:11:37.850,36.275,-89.4665,6.37,1.3,632.2597380081938,0.0
seismic,2007-02-04 15:39:25.040,36.4835,-89.5678333,8.86,1.6,657.0247966290829,0.0
seismic,2007-02-06 19:14:02.660,36.1521667,-89.4,7.25,1.5,617.5520445434904,0.0
seismic,2007-02-07 00:34:53.610,34.6073333,-85.3083333,10.73,2.6,465.0759844595404,361.458
seismic,2007-02-07 23:23:11.340,45.9158333,-75.3678333,7.03,1.7,86.44389774498354,487.671
seismic,2007-02-08 09:40:11.930,36.4235,-89.5223333,6.98,1.6,649.5757677718851,0.0
seismic,2007-02-10 03:28:35.120,36.481,-89.5653333,8.87,1.5,656.7022458863979,0.0
seismic,2007-02-10 09:39:08.120,36.6278333,-89.559,10.82,1.5,672.6236770818642,0.0
seismic,2007-02-10 18:43:19.560,35.673,-84.2766667,12.07,1.4,469.849989911938,235.287
seismic,2007-02-10 21:52:22.280,36.2771667,-89.4556667,5.36,1.6,632.2882226396644,0.0
seismic,2007-02-11 16:47:00.830,36.28,-89.509,8.73,1.4,633.6381717722464,0.0
seismic,2007-02-13 21:37:38.000,36.5523333,-89.616,7.11,1.2,665.5009209903051,0.0
seismic,2007-02-14 07:47:30.900,45.963,-75.3216667,6.79,1.0,85.83459046083615,488.641
seismic,2007-02-17 05:03:35.090,45.5433333,-75.3351667,6.91,2.08,74.6645192986512,458.562
seismic,2007-02-17 11:15:53.480,36.2833333,-89.508,8.76,1.7,633.9823032723932,0.0
seismic,2007-02-18 23:55:48.960,36.0958333,-89.6105,4.4,1.8,615.701041949304,0.0
seismic,2007-02-18 23:56:57.600,36.0933333,-89.6126667,4.05,1.5,615.4770648130323,0.0
seismic,2007-02-19 14:19:38.050,36.5191667,-89.5815,8.43,1.6,661.1902938326039,0.0
seismic,2007-02-19 20:08:31.570,36.5135,-89.5816667,13.05,1.3,660.5749847808574,0.0
seismic,2007-02-20 04:08:55.530,36.2591667,-89.5098333,7.27,1.6,631.3803005208836,0.0
seismic,2007-02-21 06:38:16.990,35.6721667,-84.2771667,11.83,1.4,469.8121187030262,235.379
seismic,2007-02-21 08:21:41.370,36.5551667,-89.6075,6.15,1.4,665.6389399552074,0.0
seismic,2007-02-21 21:31:06.090,36.4825,-89.5371667,7.58,2.0,656.3127474788237,0.0
seismic,2007-02-23 04:51:51.530,36.2141667,-89.4648333,5.79,1.7,625.5778351669003,0.0
seismic,2007-02-23 22:22:19.260,37.191,-80.885,0.0,2.8,317.25345280512056,0.0
seismic,2007-02-23 22:43:53.100,36.5583333,-89.6093333,6.64,1.3,666.0212727325882,0.0
seismic,2007-02-27 16:46:58.970,45.0681667,-75.2565,15.45,2.0,43.46025491726446,421.914
seismic,2007-02-28 07:58:09.200,35.8233333,-84.0113333,14.59,1.2,466.9487093919334,220.348
seismic,2007-03-01 00:22:06.970,36.493,-89.5598333,7.19,1.2,657.9040022223996,0.0
seismic,2007-03-01 12:01:27.120,34.8696667,-85.1678333,10.23,1.3,474.6247477822231,332.229
seismic,2007-03-04 06:38:38.020,36.5598333,-89.622,7.57,1.5,666.4402481856102,0.0
seismic,2007-03-05 00:33:05.210,45.6281667,-75.2333333,13.32,2.67,67.05052506920534,458.556
seismic,2007-03-06 07:59:26.200,36.557,-89.6203333,7.03,1.5,666.0975051047958,0.0
seismic,2007-03-06 11:22:17.130,36.4728333,-89.5568333,9.39,1.7,655.6422645785813,0.0
seismic,2007-03-07 06:53:49.340,36.5003333,-89.534,7.27,1.7,658.2005327171283,0.0
seismic,2007-03-08 11:56:05.840,36.3685,-89.5393333,8.78,1.6,643.9031530662862,0.0
seismic,2007-03-08 17:32:37.150,36.379,-83.487,8.63,1.7,491.7192263959821,171.02
seismic,2007-03-10 16:48:11.330,36.3551667,-89.5083333,8.1,1.5,641.8352220917516,0.0
seismic,2007-03-11 02:33:13.270,44.9543333,-73.8396667,7.44,2.52,34.85291223326112,327.39
seismic,2007-03-11 19:00:37.090,36.4501667,-89.5366667,8.24,2.2,652.769725946142,0.0
seismic,2007-03-12 03:22:40.660,36.5326667,-89.5955,8.24,1.4,662.9431181287955,0.0
seismic,2007-03-12 03:39:01.200,36.1365,-89.7105,0.51,2.4,622.3528448757032,0.0
seismic,2007-03-12 23:18:16.410,41.28,-81.38,5.0,3.7,451.3436112893297,411.197
seismic,2007-03-14 03:20:18.170,33.6516667,-82.2506667,5.8,2.0,179.35641576597652,133.92
seismic,2007-03-14 06:49:00.100,36.5375,-89.6001667,9.08,2.0,663.5640380574727,0.0
seismic,2007-03-14 06:51:00.680,36.5361667,-89.5991667,8.19,1.7,663.3984978551091,0.0
seismic,2007-03-14 08:22:21.310,36.5373333,-89.6023333,8.84,1.4,663.5893111463789,0.0
seismic,2007-03-14 09:51:52.620,36.388,-89.5888333,11.92,1.6,647.0291767565564,0.0
seismic,2007-03-14 19:29:21.880,36.4896667,-89.54,7.59,1.6,657.1511726622457,0.0
seismic,2007-03-14 23:50:39.060,35.8776667,-83.9816667,18.56,1.9,470.028397748205,214.688
seismic,2007-03-16 02:05:12.760,45.7533333,-76.8123333,7.6,2.06,184.524968181918,565.476
seismic,2007-03-17 08:01:13.080,36.4888333,-89.5408333,8.03,1.6,657.0763309920488,0.0
seismic,2007-03-17 12:44:46.600,35.0381667,-85.6943333,9.52,1.5,507.887879340712,326.701
seismic,2007-03-18 21:02:44.250,36.4505,-89.5415,8.58,1.7,652.9009045402639,0.0
seismic,2007-03-20 10:30:20.780,36.4728333,-89.5598333,8.34,1.6,655.7015593438414,0.0
seismic,2007-03-21 15:55:38.190,43.7623333,-71.5653333,6.47,2.64,95.32925100540872,110.723
seismic,2007-03-21 22:58:25.360,36.0903333,-89.7713333,4.73,1.9,618.7940068677552,0.0
seismic,2007-03-23 14:15:33.280,33.652,-87.067,5.0,2.6,337.0186872058922,196.542
seismic,2007-03-24 16:51:16.710,46.3088333,-72.666,5.49,2.82,2.7054206450162943,405.504
seismic,2007-03-26 00:05:36.970,36.5556667,-89.6458333,7.42,1.6,666.4718000415776,0.0
seismic,2007-03-26 02:28:08.260,35.2151667,-84.2786667,9.15,1.5,433.8166742119891,286.515
seismic,2007-03-26 06:49:26.140,36.5703333,-89.616,7.5,1.6,667.464582725369,0.0
seismic,2007-03-26 16:49:15.600,42.546,-73.938,0.0,1.8,138.14907211451455,241.881
seismic,2007-03-27 00:51:09.400,46.0675,-74.8248333,7.21,1.44,66.00034578544022,470.107
seismic,2007-03-27 02:10:29.580,36.237,-89.4386667,10.15,2.0,627.5692863323296,0.0
seismic,2007-03-29 14:33:14.970,36.4498333,-89.5388333,7.39,1.5,652.7757461065512,0.0
seismic,2007-03-29 18:09:42.560,36.4678333,-89.5503333,9.05,1.8,654.9680093341457,0.0
seismic,2007-03-30 05:07:58.430,36.4198333,-89.5445,8.72,1.7,649.6105126299389,0.0
seismic,2007-04-01 03:14:44.230,36.191,-89.4825,5.45,1.3,623.3947793331913,0.0
seismic,2007-04-01 05:48:47.180,45.2071667,-73.7035,7.06,2.0,18.98254229349039,340.57
seismic,2007-04-01 13:28:19.840,36.5391667,-89.5825,7.16,1.6,663.3937523716179,0.0
seismic,2007-04-03 00:01:07.440,36.4931667,-89.5428333,7.86,2.3,657.5888943632867,0.0
seismic,2007-04-03 01:14:37.270,35.8651667,-83.1215,17.74,2.2,425.58235268564727,236.656
seismic,2007-04-03 08:40:30.190,36.5803333,-89.5871667,8.34,1.5,667.9815021225603,0.0
seismic,2007-04-03 11:48:15.100,36.5585,-89.6453333,7.66,1.7,666.7703135282429,0.0
seismic,2007-04-05 08:08:58.990,36.6156667,-89.6026667,3.79,1.5,672.1464866544453,0.0
seismic,2007-04-05 22:51:05.360,43.6566667,-77.7495,8.0,1.85,284.07205774207574,553.831
seismic,2007-04-06 01:34:37.460,36.0903333,-89.4093333,10.62,2.7,610.9651403808823,0.169
seismic,2007-04-06 04:00:56.410,43.6743333,-77.7735,7.08,2.38,284.64177781081486,556.004
seismic,2007-04-06 22:29:50.100,36.1298333,-89.4178333,8.4,1.5,615.4482847652557,0.0
seismic,2007-04-07 02:43:07.470,36.4953333,-89.5485,7.76,1.3,657.9363346175464,0.0
seismic,2007-04-08 07:27:10.530,36.4505,-89.6163333,12.28,1.5,654.4049747053131,0.0
seismic,2007-04-08 11:44:52.440,36.6098333,-83.8405,18.23,1.8,530.0153279028691,136.567
seismic,2007-04-08 16:28:33.350,36.3633333,-89.544,9.67,1.3,643.432237581768,0.0
seismic,2007-04-09 05:12:17.940,45.6631667,-75.7795,7.16,1.57,109.8199901648406,493.988
seismic,2007-04-09 21:06:23.670,36.4133333,-89.5623333,9.14,1.5,649.2559081580016,0.0
seismic,2007-04-10 04:46:51.800,36.3016667,-89.5046667,8.06,1.6,635.9185985455972,0.0
seismic,2007-04-10 10:05:10.550,46.1126667,-74.9961667,9.32,2.67,77.74208306215209,482.753
seismic,2007-04-11 02:32:17.480,43.325,-76.966,7.31,2.59,259.02321806687195,487.101
seismic,2007-04-11 11:09:10.280,35.7043333,-83.9218333,15.45,1.3,451.55648817519295,234.649
seismic,2007-04-12 00:22:58.450,45.6423333,-75.7845,5.01,1.62,110.01229176322032,492.886
seismic,2007-04-12 00:58:14.850,45.593,-74.927,17.69,1.48,42.88659130203303,438.127
seismic,2007-04-12 01:37:48.920,35.472,-84.3801667,11.32,2.1,460.2227577866429,257.724
seismic,2007-04-12 22:03:20.450,41.722,-82.924,5.0,2.8,585.6888923639244,360.965
seismic,2007-04-13 01:27:51.030,46.1116667,-74.8901667,11.82,1.9,72.85348676856155,477.135
seismic,2007-04-13 01:39:44.780,36.2583333,-89.4463333,6.89,1.5,630.0494916744882,0.0
seismic,2007-04-14 02:58:27.420,35.8101667,-83.9673333,16.2,1.4,463.3231891936149,222.352
seismic,2007-04-15 03:56:25.090,46.1006667,-75.291,7.04,2.04,92.78054646287522,497.615
seismic,2007-04-15 12:59:08.180,43.6028333,-74.0751667,8.13,2.2,163.4510375011898,263.897
seismic,2007-04-18 15:34:00.670,36.3415,-89.5331667,9.44,1.5,640.8328968064341,0.0
seismic,2007-04-20 01:42:11.950,40.2305,-75.8921667,7.36,1.62,60.91097232836715,318.639
seismic,2007-04-21 17:34:26.670,46.972,-75.148,17.5,2.9,167.30710867087652,563.261
seismic,2007-04-21 22:32:48.480,36.5355,-89.5966667,8.73,1.6,663.2756761802306,0.0
seismic,2007-04-22 00:43:48.700,35.5808333,-84.0553333,20.91,1.3,448.8439173505487,246.865
seismic,2007-04-22 01:44:53.150,35.7111667,-85.2996667,10.14,1.1,539.5491693329006,243.924
seismic,2007-04-23 19:59:08.770,36.4908333,-89.5471667,7.9,1.7,657.4185601869248,0.0
seismic,2007-04-24 03:46:14.410,35.3846667,-84.4981667,18.37,1.7,461.22406516255,267.801
seismic,2007-04-24 17:04:38.670,36.5525,-89.7306667,11.3,1.7,667.9131147093849,0.0
seismic,2007-04-25 01:22:52.090,35.5315,-84.2168333,9.49,1.8,454.6316555775843,251.307
seismic,2007-04-27 05:27:15.620,36.362,-89.5841667,10.42,1.6,644.0996172214366,0.0
seismic,2007-04-28 01:54:03.510,36.5636667,-89.601,8.55,1.5,666.4364405069089,0.0
seismic,2007-04-28 09:27:45.840,36.4945,-89.5448333,7.72,2.0,657.773620546629,0.0
seismic,2007-04-28 12:55:43.020,46.3243333,-74.9236667,8.39,1.53,94.62395010810056,496.587
seismic,2007-04-29 10:30:38.190,36.4813333,-89.521,7.11,1.4,655.8720256171473,0.0
seismic,2007-04-29 12:36:29.140,36.3055,-89.4858333,6.26,1.7,635.9686536341073,0.0
seismic,2007-04-29 14:23:25.670,44.317,-68.155,5.0,1.9,2.1275193477852943,267.804
seismic,2007-04-29 23:52:19.060,35.591,-84.5478333,9.79,2.0,480.31445569787365,244.941
seismic,2007-04-29 23:57:17.260,35.5896667,-84.5438333,10.0,1.0,479.9526224547708,245.071
seismic,2007-04-30 01:51:42.730,35.5901667,-84.5478333,11.04,1.3,480.24952913346567,245.035
seismic,2007-05-02 10:50:48.320,44.6626667,-74.6136667,9.77,2.4,38.280452713138224,354.633
seismic,2007-05-02 16:44:51.840,35.5908333,-84.5466667,7.9,1.7,480.2262351726409,244.954
seismic,2007-05-03 03:35:57.640,35.592,-84.5468333,10.43,1.0,480.3279078465681,244.825
seismic,2007-05-04 09:22:20.230,44.1556667,-75.5361667,6.25,1.71,114.38279483344633,394.722
seismic,2007-05-04 13:21:55.600,34.5011667,-85.0536667,8.16,1.7,444.9685138721407,365.773
seismic,2007-05-04 16:16:28.180,33.797,-87.299,5.0,3.0,347.80196538045385,208.916
seismic,2007-05-05 23:51:15.090,36.499,-89.5535,7.51,1.5,658.4348915714611,0.0
seismic,2007-05-06 06:46:46.030,36.4786667,-89.5668333,9.49,1.6,656.477234260158,0.0
seismic,2007-05-07 00:59:57.050,45.3006667,-74.6203333,10.67,1.86,19.040604041187077,398.521
seismic,2007-05-07 01:09:01.300,36.5095,-89.5553333,7.63,1.5,659.6179845611823,0.0
seismic,2007-05-09 06:58:58.590,36.474,-89.5215,5.68,1.6,655.079832136314,0.0
seismic,2007-05-09 10:08:17.240,36.4911667,-89.531,7.59,1.5,657.1403371264715,0.0
seismic,2007-05-10 05:50:04.610,35.0026667,-85.0265,7.76,1.7,472.0480653970744,315.291
seismic,2007-05-10 13:39:23.940,36.5438333,-89.612,8.4,1.8,664.4929827679861,0.0
seismic,2007-05-11 05:55:22.580,46.708,-76.092,18.0,3.2,183.71745100491572,588.896
seismic,2007-05-14 08:10:30.470,43.6971667,-73.2476667,7.79,2.83,181.08362598704727,206.233
seismic,2007-05-15 00:01:08.310,36.521,-89.5733333,7.85,2.4,661.2285073255001,0.0
seismic,2007-05-15 04:19:54.260,40.3106667,-76.0295,7.35,2.09,75.4491546859326,319.027
seismic,2007-05-16 09:16:19.920,45.6488333,-74.4996667,15.0,2.06,13.485582194920228,418.779
seismic,2007-05-18 08:02:33.960,36.2288333,-89.4453333,6.6,1.4,626.8036706166207,0.0
seismic,2007-05-18 22:44:28.150,36.493,-89.5621667,7.98,1.5,657.9500314804449,0.0
seismic,2007-05-20 02:18:56.010,36.274,-89.4386667,5.29,2.2,631.6176657768115,0.0
seismic,2007-05-20 05:03:42.700,36.268,-89.4416667,3.43,1.2,631.0180855394777,0.0
seismic,2007-05-21 10:21:45.250,45.9868333,-74.7271667,7.37,1.28,54.42898466154312,458.385
seismic,2007-05-21 10:22:25.060,45.9828333,-74.7236667,7.33,1.92,53.90871239346911,457.873
seismic,2007-05-21 10:24:10.240,45.9846667,-74.7418333,7.0,1.27,54.79946273758581,458.967
seismic,2007-05-21 11:10:50.700,35.2195,-84.8475,5.0,1.2,473.3281793614452,288.908
seismic,2007-05-23 02:14:00.960,45.5376667,-76.7336667,7.0,1.54,169.41119189202885,547.536
seismic,2007-05-24 00:36:30.680,36.2705,-89.4396667,4.58,1.2,631.2536333981474,0.0
seismic,2007-05-24 15:21:50.050,33.864,-80.904,10.0,2.4,143.74533237661774,66.967
seismic,2007-05-25 14:14:01.800,34.6738333,-85.0568333,8.29,1.9,454.6672699943461,352.04
seismic,2007-05-25 18:40:11.410,36.6651667,-89.5686667,6.21,1.7,676.8922493456856,0.0
seismic,2007-05-26 07:55:23.620,36.8086667,-89.1525,3.94,2.4,685.8121776419202,0.0
seismic,2007-05-27 05:28:21.010,44.2315,-73.6756667,6.77,2.17,112.46565638766874,266.029
seismic,2007-05-29 21:07:26.410,35.99,-89.8918333,6.74,2.5,611.018511148318,0.0
seismic,2007-05-31 01:57:44.690,46.988,-72.887,18.0,3.0,69.78668795047155,482.05
seismic,2007-05-31 21:39:46.190,36.2713333,-89.4406667,4.77,2.2,631.3638089151264,0.0
seismic,2007-06-01 02:44:03.400,35.8973333,-89.944,8.01,2.2,602.4968521878475,0.0
seismic,2007-06-02 02:19:54.530,46.091,-74.957,14.64,3.0,73.9811346963081,478.928
seismic,2007-06-02 23:56:02.550,43.002,-70.882,16.9,1.9,10.021635916295814,12.947
seismic,2007-06-03 02:35:06.540,42.995,-70.932,16.8,1.4,13.21580552756744,12.305
seismic,2007-06-04 04:43:25.410,36.5503333,-89.5738333,6.19,1.5,664.442048324684,0.0
seismic,2007-06-04 12:33:30.300,42.6081667,-78.9803333,6.15,2.18,418.210037622142,519.586
seismic,2007-06-04 22:56:48.650,43.3336667,-79.2493333,8.19,1.3,406.4671025716215,602.739
seismic,2007-06-08 04:32:56.430,44.751,-73.283,8.53,2.3,76.79420778407452,280.612
seismic,2007-06-08 07:58:41.540,35.538,-84.342,24.6,1.2,462.995578642003,250.321
seismic,2007-06-08 09:11:21.670,35.6961667,-84.1516667,19.93,1.6,464.23876954714535,233.246
seismic,2007-06-09 11:10:10.790,44.35,-68.167,2.5,2.1,1.2551555854576455,269.276
seismic,2007-06-10 10:28:29.620,36.5113333,-89.5666667,8.87,2.1,660.0411151323291,0.0
seismic,2007-06-10 12:59:17.590,35.8181667,-85.3591667,6.58,1.9,551.3347389202983,234.337
seismic,2007-06-12 05:20:36.680,36.088,-82.5698333,3.5,2.3,425.9097385608473,189.892
seismic,2007-06-12 07:23:15.640,36.511,-89.5671667,7.4,1.6,660.0145810304638,0.0
seismic,2007-06-13 12:38:21.380,36.4815,-89.5471667,8.33,1.7,656.3988051684744,0.0
seismic,2007-06-13 22:31:49.020,35.2685,-85.265,19.8,1.4,506.7700950114675,290.653
seismic,2007-06-14 17:06:32.950,35.5373333,-84.1328333,7.38,2.4,449.9310393607367,251.104
seismic,2007-06-15 03:11:40.250,36.242,-89.4408333,7.83,1.8,628.1576437755978,0.0
seismic,2007-06-15 03:18:05.330,36.4331667,-89.4955,8.31,1.6,650.1145771766377,0.0
seismic,2007-06-16 01:12:01.660,36.2538333,-89.4746667,6.14,1.5,630.1044926059866,0.0
seismic,2007-06-17 07:00:11.860,36.21,-89.4673333,5.95,1.2,625.1713761589834,0.0
seismic,2007-06-17 12:20:02.660,35.5375,-84.1308333,7.81,1.4,449.8224291004436,251.098
seismic,2007-06-19 18:16:26.810,35.7925,-85.3616667,1.17,3.5,549.652372810589,237.115
seismic,2007-06-21 11:31:50.030,36.2726667,-89.4833333,6.79,1.4,632.3317392952243,0.0
seismic,2007-06-22 17:37:08.000,36.5251667,-89.5613333,6.68,1.7,661.4472441004195,0.0
seismic,2007-06-25 11:17:30.340,46.3308333,-74.946,17.61,1.84,96.0500011891801,498.255
seismic,2007-06-25 19:00:09.570,36.0021667,-83.8425,13.37,2.2,473.5938900113159,202.952
seismic,2007-06-25 19:40:58.020,36.3661667,-89.5063333,7.74,2.0,642.9981938596173,0.0
seismic,2007-06-26 06:37:30.400,45.587,-75.3395,10.0,1.12,75.00371626082033,461.911
seismic,2007-06-28 00:02:08.610,36.4293333,-89.5185,8.16,1.8,650.1387244823759,0.0
seismic,2007-06-28 06:18:09.310,40.876,-74.1938333,1.75,2.05,18.94946232015633,339.459
seismic,2007-06-29 06:16:11.320,36.2513333,-89.4236667,5.62,2.1,628.8532483806982,0.0
seismic,2007-06-30 00:33:49.540,36.563,-89.644,7.47,1.4,667.2334261749155,0.0
seismic,2007-06-30 02:20:03.370,42.5825,-74.1415,18.16,2.08,143.1224025424416,257.827
seismic,2007-06-30 06:46:28.250,36.2571667,-89.4678333,6.26,1.3,630.3359365632435,0.0
seismic,2007-07-01 03:12:55.150,42.5618333,-74.1368333,14.82,1.42,140.78412139269668,257.73
seismic,2007-07-02 06:02:44.640,43.0911667,-72.0211667,6.86,2.25,98.46314940120573,88.617
seismic,2007-07-02 07:06:21.910,45.2348333,-74.1116667,8.26,1.27,0.1522104826517026,364.576
seismic,2007-07-04 23:49:33.880,36.5026667,-89.5561667,8.44,1.7,658.8877976525514,0.0
seismic,2007-07-07 03:57:44.850,36.236,-89.4758333,5.62,1.3,628.1785846091158,0.0
seismic,2007-07-07 05:39:01.360,36.3023333,-89.4706667,5.67,1.3,635.3287986354567,0.0
seismic,2007-07-07 12:20:45.780,36.4771667,-89.5545,8.37,1.5,656.0695298775296,0.0
seismic,2007-07-08 05:53:43.490,36.4595,-89.5478333,8.83,2.3,654.0085502130371,0.0
seismic,2007-07-08 11:43:40.540,42.7918333,-78.882,7.45,2.29,414.62189827901983,539.169
seismic,2007-07-08 20:08:36.890,35.602,-83.3623333,8.73,1.6,412.1605421530785,256.831
seismic,2007-07-08 22:40:10.730,36.1093333,-83.9718333,4.38,1.7,490.1002729843317,189.132
seismic,2007-07-09 06:51:03.850,36.2791667,-89.4866667,7.54,2.4,633.1071596573106,0.0
seismic,2007-07-10 02:32:41.870,37.108,-81.885,0.0,3.3,405.6916678412099,83.628
seismic,2007-07-12 03:11:30.090,36.3016667,-89.471,5.3,1.6,635.2623321356127,0.0
seismic,2007-07-14 12:55:04.830,36.4875,-89.5646667,8.44,1.5,657.3988095899363,0.0
seismic,2007-07-16 07:06:03.790,36.4105,-89.5186667,7.95,1.5,648.0835875778525,0.0
seismic,2007-07-17 02:49:20.600,36.9696667,-83.7101667,2.63,2.3,559.1193231104505,102.345
seismic,2007-07-18 03:27:08.030,36.277,-89.4825,6.59,1.3,632.7889929061434,0.0
seismic,2007-07-19 15:11:07.890,33.8095,-82.5013333,5.0,2.4,208.2561147632848,161.923
seismic,2007-07-19 17:07:58.290,43.7141667,-78.194,5.08,2.95,311.565323115784,590.051
seismic,2007-07-20 00:35:09.180,47.07,-65.875,5.0,3.2,38.7768508403515,608.517
seismic,2007-07-21 03:56:28.470,44.5376667,-73.7938333,7.0,2.23,79.42762433900837,293.872
seismic,2007-07-21 06:39:33.480,36.4508333,-89.537,8.01,1.8,652.8490845376575,0.0
seismic,2007-07-23 04:38:29.990,36.5388333,-89.647,8.84,1.6,664.6615036984717,0.0
seismic,2007-07-24 00:48:57.260,42.5998333,-74.1198333,13.92,2.58,144.8620225277757,255.85
seismic,2007-07-24 01:56:48.790,42.6041667,-74.1186667,15.15,3.05,145.33467539281517,255.703
seismic,2007-07-25 11:33:22.670,43.3686667,-79.157,5.35,1.28,398.0560913511391,605.643
seismic,2007-07-25 11:50:32.520,49.425,-66.525,16.7,2.7,30.04397880334601,799.046
seismic,2007-07-27 17:16:39.830,33.834,-87.329,1.0,2.6,351.3180312582024,212.738
seismic,2007-07-28 08:07:17.630,45.1746667,-75.3063333,7.03,1.56,50.580026548708645,431.904
seismic,2007-07-28 15:15:51.520,35.2248333,-85.6768333,10.25,1.9,528.8310429654683,306.541
seismic,2007-07-30 09:51:14.640,36.0906667,-83.8261667,14.31,1.4,480.7947019605167,193.532
seismic,2007-07-30 21:22:26.220,36.2396667,-89.5025,6.56,1.5,629.1055273359437,0.0
seismic,2007-07-31 03:04:44.070,44.5418333,-73.7896667,7.05,2.19,79.28190790427837,293.904
seismic,2007-08-03 12:01:31.500,36.293,-89.5238333,6.77,1.8,635.3527067947963,0.0
seismic,2007-08-04 04:27:53.510,36.4908333,-89.5396667,7.81,1.8,657.2721787693425,0.0
seismic,2007-08-04 10:04:45.530,35.4865,-82.0873333,8.94,3.0,348.1602765703001,211.1
seismic,2007-08-05 07:20:46.000,37.715,-77.68,8.2,2.1,55.56523900082209,11.084
seismic,2007-08-07 00:20:21.540,36.6118333,-89.5753333,7.37,2.0,671.1907756170452,0.0
seismic,2007-08-09 07:21:00.280,45.6461667,-74.3933333,9.59,1.2,9.454934526911591,412.916
seismic,2007-08-10 00:30:29.500,36.1546667,-84.2791667,20.63,1.6,510.8486058064721,181.368
seismic,2007-08-10 13:04:52.270,45.0715,-74.3175,8.0,1.5,8.527974282520121,363.811
seismic,2007-08-10 21:45:47.260,36.2488333,-89.4398333,5.45,1.5,628.8861212775075,0.0
seismic,2007-08-11 07:31:19.920,44.271,-76.478,3.53,2.64,161.56747137109477,469.772
seismic,2007-08-11 21:24:01.850,35.7208333,-84.0968333,10.16,2.0,463.0787464976622,230.904
seismic,2007-08-13 08:05:49.200,36.55,-89.7486667,6.45,1.8,668.0317971327223,0.0
seismic,2007-08-15 00:23:18.830,36.6965,-89.5235,5.0,1.7,679.4677884701878,0.0
seismic,2007-08-15 01:44:23.000,36.4875,-89.5325,8.18,1.6,656.7685732232146,0.0
seismic,2007-08-16 06:53:06.400,46.2118333,-75.5771667,8.0,1.4,117.78311155067144,522.045
seismic,2007-08-16 10:08:51.530,34.6083333,-85.3893333,5.04,2.1,463.8815939410029,357.422
seismic,2007-08-18 10:23:56.580,36.5485,-89.5288333,3.16,1.6,663.36817668589,0.0
seismic,2007-08-18 10:28:04.340,44.2723333,-75.441,3.54,2.04,99.37851132315242,392.426
seismic,2007-08-21 05:31:11.620,36.4621667,-89.5448333,8.71,1.6,654.2408760011551,0.0
seismic,2007-08-21 21:38:17.160,36.6395,-89.5558333,8.61,1.4,673.8388366620003,0.0
seismic,2007-08-22 21:31:23.970,46.0791667,-75.2353333,9.72,2.59,87.94715017675838,492.882
seismic,2007-08-27 06:00:59.030,36.2145,-89.4495,8.05,1.3,625.3165730020058,0.0
seismic,2007-08-28 06:33:42.160,36.2566667,-89.4675,7.43,1.3,630.2748153524071,0.0
seismic,2007-08-28 21:20:20.330,36.1416667,-83.9286667,14.8,1.3,490.7559856138689,186.182
seismic,2007-08-30 03:47:45.740,44.3238333,-74.361,2.23,3.23,79.85823620275727,317.73
seismic,2007-08-30 12:52:09.340,37.753,-81.636,1.0,2.6,379.03917267176143,68.738
seismic,2007-08-31 10:51:05.910,36.6838333,-89.2198333,0.71,2.2,672.9807491946652,0.043
seismic,2007-09-01 00:21:47.450,43.3368333,-79.2101667,1.47,2.04,403.52318364427526,602.664
seismic,2007-09-01 23:24:22.270,36.272,-89.4616667,5.32,1.4,631.8384751219064,0.0
seismic,2007-09-03 00:40:18.990,36.2868333,-89.3173333,2.2,2.0,630.8220535241747,1.937
seismic,2007-09-03 07:03:05.500,36.4155,-89.5,6.51,1.8,648.268655956794,0.0
seismic,2007-09-03 11:19:44.880,35.4361667,-84.9845,11.85,1.3,498.11889955437294,266.853
seismic,2007-09-03 15:42:47.410,36.0828333,-89.4316667,11.32,1.9,610.5786552365814,0.0
seismic,2007-09-03 15:58:30.100,36.3838333,-89.4576667,0.47,2.6,643.9981952635284,0.0
seismic,2007-09-04 22:21:54.260,36.2086667,-89.466,6.3,1.5,624.9996145157335,0.0
seismic,2007-09-04 22:23:45.120,36.2106667,-89.4686667,6.27,1.3,625.2703175283924,0.0
seismic,2007-09-05 02:43:21.780,36.21,-89.4661667,6.46,1.6,625.1485628665297,0.0
seismic,2007-09-06 11:20:30.630,36.4865,-89.543,8.89,1.6,656.8636211151322,0.0
seismic,2007-09-09 07:17:46.470,44.784,-74.6781667,8.74,2.1,24.11571517054313,366.428
seismic,2007-09-10 18:01:15.580,35.6668333,-84.5436667,14.53,1.6,485.9967471731068,236.444
seismic,2007-09-11 02:23:13.360,36.4816667,-89.5296667,8.62,1.7,656.0759782744327,0.0
seismic,2007-09-12 00:17:03.730,36.5421667,-89.6525,9.81,1.9,665.1381804601393,0.0
seismic,2007-09-12 01:28:44.300,36.5406667,-89.6546667,9.93,1.8,665.0195867614019,0.0
seismic,2007-09-12 11:01:28.680,45.6326667,-75.1321667,8.97,2.72,59.27191836249092,452.952
seismic,2007-09-14 09:24:33.450,36.9775,-88.9811667,7.7,2.6,702.37553829478,13.204
seismic,2007-09-15 05:56:44.310,44.321,-74.3543333,5.0,1.66,80.306560207385,317.113
seismic,2007-09-15 13:12:52.070,37.421,-83.038,0.0,2.8,505.28879465223525,106.87
seismic,2007-09-16 00:27:38.290,36.2718333,-83.4856667,8.32,1.5,481.3002028557391,182.252
seismic,2007-09-16 13:10:10.670,35.7936667,-84.1706667,14.86,1.4,473.5754531515701,222.237
seismic,2007-09-16 15:33:16.780,36.4395,-89.5425,8.6,1.8,651.7189605604408,0.0
seismic,2007-09-17 14:34:21.060,36.4471667,-89.5306667,7.78,2.2,652.3246438480105,0.0
seismic,2007-09-18 03:04:39.040,44.8535,-76.6516667,6.95,2.66,153.68282664112058,506.235
seismic,2007-09-18 04:34:03.840,36.5396667,-89.6473333,9.04,1.7,664.7591777067672,0.0
seismic,2007-09-18 06:22:59.660,45.7496667,-75.234,13.88,1.62,69.83086145071688,467.536
seismic,2007-09-19 03:56:32.360,36.5996667,-89.9371667,17.39,2.2,677.7085484117281,0.0
seismic,2007-09-22 04:27:25.890,36.2855,-89.4473333,3.81,1.7,633.0406773101918,0.0
seismic,2007-09-22 05:26:56.520,36.4765,-89.5336667,6.65,1.6,655.5888756135834,0.0
seismic,2007-09-22 14:04:48.740,43.031,-78.3626667,6.04,1.62,364.9308548732641,563.646
seismic,2007-09-24 20:11:39.640,36.6691667,-89.5391667,12.57,1.5,676.7681342149729,0.0
seismic,2007-09-25 02:38:12.700,46.1668333,-75.0613333,9.8,1.83,85.58521948799074,490.59
seismic,2007-09-28 05:16:09.000,36.4945,-89.5491667,7.46,1.4,657.8583332564775,0.0
seismic,2007-09-28 08:46:05.910,41.9688333,-80.5791667,6.72,2.69,449.62181613219633,483.723
seismic,2007-09-28 15:05:18.690,41.9685,-80.5673333,7.66,2.13,448.8652957719239,483.697
seismic,2007-09-30 17:35:35.280,46.878,-76.518,13.0,3.9,220.5793716663416,625.395
seismic,2007-10-01 02:11:54.860,43.4478333,-78.2806667,7.36,1.6,332.6294630652427,593.875
seismic,2007-10-01 05:08:24.730,46.019,-73.0751667,6.91,1.67,5.341910206102516,388.595
seismic,2007-10-01 16:42:08.000,47.08,-76.88,18.0,4.1,256.13561758810295,660.848
seismic,2007-10-01 21:45:01.070,36.2681667,-89.4468333,6.61,2.3,631.1347682876732,0.0
seismic,2007-10-03 11:04:52.960,36.4746667,-89.5421667,7.72,1.6,655.5543060570429,0.0
seismic,2007-10-05 12:48:54.830,40.8951667,-74.033,8.02,1.26,7.562935083572476,327.735
seismic,2007-10-06 23:25:40.160,36.5271667,-89.5666667,6.98,1.5,661.7705065329919,0.0
seismic,2007-10-06 23:26:17.390,36.1068333,-89.3905,8.21,1.1,612.410797512838,0.016
seismic,2007-10-07 03:55:54.840,36.3215,-89.5068333,7.48,1.5,638.1276583422475,0.0
seismic,2007-10-08 11:15:16.000,42.813,-71.016,0.7,1.8,12.465584987534816,1.982
seismic,2007-10-08 12:28:02.110,39.3456667,-76.7131667,8.1,1.52,12.324721617481654,197.578
seismic,2007-10-09 07:42:21.200,46.3511667,-74.1601667,11.29,1.44,80.58498868454618,463.061
seismic,2007-10-09 13:20:45.910,36.4738333,-89.5426667,7.77,1.5,655.4730265577595,0.0
seismic,2007-10-10 15:58:33.400,45.8035,-73.3463333,8.6,2.47,0.6000104706861445,377.81
seismic,2007-10-12 09:27:30.040,44.305,-74.5483333,7.19,1.5,78.4061058521594,329.725
seismic,2007-10-13 03:01:53.070,36.351,-83.5458333,12.82,1.9,491.6577407218563,172.075
seismic,2007-10-13 05:53:31.870,46.525,-75.129,11.0,3.5,121.68178348376188,523.784
seismic,2007-10-14 03:14:21.360,36.4471667,-89.5673333,9.2,1.9,653.0484717076764,0.0
seismic,2007-10-14 03:16:12.980,36.4473333,-89.5685,9.89,1.4,653.0899602255217,0.0
seismic,2007-10-16 04:42:23.100,36.6081667,-89.5708333,8.98,1.8,670.702452651835,0.0
seismic,2007-10-16 05:36:38.680,36.1935,-89.4753333,6.24,1.7,623.526037421846,0.0
seismic,2007-10-16 06:42:35.300,36.4828333,-89.5391667,7.11,1.6,656.3881359849814,0.0
seismic,2007-10-16 23:57:35.000,43.599,-70.867,1.3,1.9,40.27352670701632,79.604
seismic,2007-10-17 16:17:22.640,44.9885,-73.9176667,12.02,1.88,29.02970993566136,334.443
seismic,2007-10-17 19:17:15.700,35.4731667,-84.3415,9.81,1.2,457.8332221970333,257.578
seismic,2007-10-17 20:04:09.740,41.75,-81.42,5.0,3.4,485.8810859756346,463.728
seismic,2007-10-17 22:06:03.110,38.186,-81.899,0.0,3.3,394.1787481195006,113.757
seismic,2007-10-18 07:01:40.760,36.2665,-89.4456667,6.51,2.3,630.9301691433564,0.0
seismic,2007-10-19 04:25:08.200,35.3718333,-84.5456667,6.25,1.4,463.4280637392392,269.43
seismic,2007-10-19 05:23:52.000,42.537,-71.496,0.5,2.5,41.60343679818765,49.726
seismic,2007-10-22 11:29:03.780,35.6896667,-88.2996667,15.45,2.4,553.2482846555268,101.415
seismic,2007-10-22 14:32:04.300,36.486,-89.5623333,8.34,1.5,657.1888528129598,0.0
seismic,2007-10-23 05:16:11.630,35.591,-84.1036667,21.29,2.8,452.5915606066209,245.325
seismic,2007-10-25 07:36:08.190,36.5145,-89.5343333,5.49,1.4,659.7557709003844,0.0
seismic,2007-10-25 12:03:15.340,36.2365,-89.4501667,7.74,2.2,627.7350319162954,0.0
seismic,2007-10-25 12:12:59.390,36.2351667,-89.4483333,7.38,1.6,627.5539607198492,0.0
seismic,2007-10-26 16:33:02.500,33.694,-87.212,0.0,2.7,338.2521199659194,198.577
seismic,2007-10-29 22:04:46.670,45.6256667,-75.3005,2.25,2.07,72.23643425790071,462.349
seismic,2007-11-02 16:40:48.970,35.331,-85.3086667,17.04,2.1,514.0567220882468,284.913
seismic,2007-11-03 12:30:03.900,36.5558333,-89.62,10.3,1.8,665.9635103370287,0.0
seismic,2007-11-03 14:05:46.930,36.139,-89.4603333,13.6,1.9,617.2776806353834,0.0
seismic,2007-11-04 16:36:26.060,46.0458333,-74.962,6.49,2.47,70.32451610793967,475.521
seismic,2007-11-05 04:49:36.960,36.6155,-89.5713333,11.04,1.8,671.5136978089488,0.0
seismic,2007-11-06 07:41:30.010,34.708,-85.3176667,10.22,2.4,475.99244602838553,352.736
seismic,2007-11-06 09:04:52.240,36.4383333,-89.4793333,4.67,2.1,650.3724994286116,0.0
seismic,2007-11-06 22:47:57.820,43.7508333,-74.987,3.6,2.34,140.8053264549858,338.719
seismic,2007-11-09 09:45:20.920,45.7853333,-75.3901667,19.8,2.12,82.61533793773906,479.245
seismic,2007-11-11 06:03:45.690,46.2011667,-75.2233333,8.01,1.66,96.6562231632777,501.944
seismic,2007-11-11 15:22:30.640,46.2051667,-75.1966667,9.5,2.02,95.59233532016276,500.848
seismic,2007-11-12 09:05:42.650,36.4403333,-89.5418333,8.04,1.7,651.7968609729521,0.0
seismic,2007-11-15 08:14:52.300,36.9735,-89.196,10.43,2.4,704.6547494976421,1.004
seismic,2007-11-15 14:00:35.890,45.5433333,-76.2951667,6.99,1.78,138.0485380768735,518.956
seismic,2007-11-17 19:22:55.670,37.393,-83.087,1.0,2.5,509.6264448983293,104.534
seismic,2007-11-18 15:59:46.890,46.176,-74.4763333,15.0,1.5,68.62906244948647,461.909
seismic,2007-11-18 23:46:41.030,35.6245,-84.4106667,18.36,1.1,474.2228643389669,240.697
seismic,2007-11-20 16:41:50.020,42.97,-71.02,0.8,2.4,18.67144864502064,12.008
seismic,2007-11-21 08:30:14.440,35.4808333,-85.1573333,14.49,1.5,513.3625575504972,265.237
seismic,2007-11-21 08:49:26.300,35.4868333,-85.1733333,15.86,2.2,514.9070920619753,264.934
seismic,2007-11-21 08:51:23.740,35.4796667,-85.159,14.69,1.0,513.398625857905,265.4
seismic,2007-11-22 16:41:39.020,36.2846667,-89.5166667,6.72,2.5,634.3000935557004,0.0
seismic,2007-11-23 05:48:06.850,35.5326667,-84.3018333,17.23,2.4,460.0372365469497,250.947
seismic,2007-11-23 17:34:01.830,45.6253333,-74.5708333,12.26,1.45,16.528335842856833,420.73
seismic,2007-11-23 17:45:29.000,45.626,-74.5726667,11.57,1.48,16.689299677471094,420.883
seismic,2007-11-24 04:22:53.280,36.5333333,-89.6341667,8.3,1.5,663.798495921181,0.0
seismic,2007-11-24 04:24:03.380,36.5345,-89.6345,8.16,1.5,663.9324876039045,0.0
seismic,2007-11-24 05:25:51.380,35.4855,-85.1511667,14.38,1.2,513.2542679471726,264.598
seismic,2007-11-24 16:29:30.030,45.6136667,-74.5666667,12.5,1.92,15.714479416936788,419.574
seismic,2007-11-24 18:19:36.570,44.7001667,-74.6305,7.0,2.13,33.92345687856667,358.056
seismic,2007-11-24 19:32:29.290,45.6336667,-74.5775,14.81,1.3,17.40500768299084,421.757
seismic,2007-11-25 19:07:06.500,46.1133333,-75.2913333,9.28,2.3,93.70792652250267,498.628
seismic,2007-11-27 11:42:32.000,44.9675,-74.7851667,8.21,1.36,6.695521008395678,385.175
seismic,2007-11-27 20:55:49.420,35.9605,-89.9675,6.74,2.5,609.8742361607723,0.0
seismic,2007-11-28 04:16:47.500,39.0625,-87.6615,3.16,2.5,889.4797147258317,0.0
seismic,2007-11-28 10:46:51.580,36.0838333,-89.7835,7.78,1.5,618.3859849882444,0.0
seismic,2007-11-28 18:56:39.350,36.101,-83.6695,14.97,1.7,473.8360088768578,195.553
seismic,2007-11-30 03:05:59.660,36.4535,-89.5366667,8.43,1.7,653.1339311412161,0.0
seismic,2007-12-02 10:32:32.110,45.0381667,-74.0391667,10.51,1.47,21.633707233255937,345.169
seismic,2007-12-02 15:31:25.230,36.4685,-89.5325,8.17,2.2,654.6918122166671,0.0
seismic,2007-12-02 18:50:23.500,36.49,-89.5645,8.38,1.8,657.6685136775534,0.0
seismic,2007-12-03 10:37:20.510,36.1,-89.3945,7.31,1.8,611.7388948094784,0.262
seismic,2007-12-06 22:31:04.630,37.874,-81.523,0.0,3.2,366.7577831911698,66.743
seismic,2007-12-07 05:25:42.520,36.538,-89.6505,8.04,1.6,664.6429327286041,0.0
seismic,2007-12-07 08:48:58.210,45.9825,-73.6018333,7.46,1.74,24.697037027122462,405.149
seismic,2007-12-07 11:07:03.060,35.3226667,-82.1888333,7.49,2.9,334.20668840399,231.483
seismic,2007-12-07 11:25:08.630,45.6855,-74.8455,7.34,2.37,38.87464024335301,440.59
seismic,2007-12-08 04:37:23.850,35.457,-84.6286667,5.24,1.4,475.36168574165214,260.396
seismic,2007-12-08 10:11:20.740,36.1961667,-89.5035,4.33,1.7,624.3778507440375,0.0
seismic,2007-12-09 06:58:50.010,36.2468333,-84.371,21.22,2.4,524.0206329925644,170.961
seismic,2007-12-09 07:18:18.930,36.1276667,-89.3983333,8.53,1.9,614.8391462244159,0.0
seismic,2007-12-09 19:26:41.100,35.6186667,-84.2306667,5.99,1.4,462.583710941314,241.505
seismic,2007-12-10 08:08:39.910,36.5375,-89.646,8.94,1.7,664.4956233227579,0.0
seismic,2007-12-10 16:01:55.590,46.1855,-73.1188333,3.64,2.63,9.747913040809172,406.665
seismic,2007-12-11 10:02:10.280,43.97,-70.02,6.2,2.2,10.969060933452052,138.877
seismic,2007-12-12 15:51:20.810,46.2985,-75.1463333,14.97,3.04,101.18243549607422,505.795
seismic,2007-12-13 00:57:59.400,34.9288333,-85.2001667,5.91,2.4,480.6306053673102,326.329
seismic,2007-12-13 03:29:24.000,42.787,-78.205,7.0,2.6,372.7924184296527,536.404
seismic,2007-12-13 21:32:31.800,36.4903333,-89.5513333,8.7,1.5,657.4455563902878,0.0
seismic,2007-12-14 09:47:57.540,36.2543333,-89.436,5.07,2.0,629.414949923009,0.0
seismic,2007-12-15 13:05:24.610,36.1181667,-89.4386667,9.23,1.5,614.5763737302117,0.0
seismic,2007-12-16 21:01:11.550,36.537,-89.6081667,8.73,1.2,663.6702569966949,0.0
seismic,2007-12-17 09:04:56.370,36.21,-89.4171667,8.17,2.2,624.2063518493959,0.0
seismic,2007-12-17 21:21:17.090,36.3075,-89.4965,7.78,1.5,636.3954053465524,0.0
seismic,2007-12-17 22:11:29.500,46.1041667,-74.9023333,8.51,2.53,72.68354358283311,477.149
seismic,2007-12-18 06:47:37.680,36.217,-89.637,4.69,2.0,629.4369400212184,0.0
seismic,2007-12-18 10:58:42.180,36.2468333,-89.5035,7.53,1.9,629.9078007298548,0.0
seismic,2007-12-18 11:00:03.950,36.2458333,-89.5013333,8.25,1.2,629.7555464304567,0.0
seismic,2007-12-18 12:08:17.750,36.6383333,-89.6028333,5.1,1.5,674.6250928770304,0.0
seismic,2007-12-20 12:16:41.490,45.788,-76.956,18.0,3.0,196.26117540605583,576.962
seismic,2007-12-20 16:43:24.180,36.415,-89.5148333,8.4,2.0,648.5008072038795,0.0
seismic,2007-12-20 20:20:41.450,46.3371667,-73.557,6.76,2.14,42.380341694412095,437.227
seismic,2007-12-21 07:49:11.550,36.5378333,-89.6015,7.0,1.6,663.6271473457738,0.0
seismic,2007-12-22 04:25:33.480,36.2015,-89.489,6.32,1.6,624.6702495296694,0.0
seismic,2007-12-22 07:07:08.120,36.6275,-89.5533333,7.55,1.6,672.478413579016,0.0
seismic,2007-12-23 23:48:34.760,46.256,-77.318,18.0,3.6,240.9206216891801,629.196
seismic,2007-12-25 03:44:51.160,36.5485,-89.6093333,6.95,1.4,664.9483819357849,0.0
seismic,2007-12-27 01:11:31.220,36.1245,-89.7268333,6.43,2.8,621.4326831606242,0.0
seismic,2007-12-27 20:51:57.490,27.679,-71.076,10.0,4.6,578.9918749880593,944.307
seismic,2007-12-28 01:04:01.190,33.917,-84.6786667,5.81,2.4,385.9954186893633,342.738
seismic,2007-12-28 06:25:20.930,46.3903333,-74.1023333,14.16,1.57,80.57537632261564,464.169
seismic,2007-12-29 23:05:13.630,45.6171667,-75.2563333,5.73,1.43,68.72002927944988,459.117
seismic,2008-01-01 07:23:31.240,34.1618333,-87.3366667,0.04,2.0,387.22638745575705,249.171
seismic,2008-01-01 10:59:53.040,37.0391667,-88.894,3.97,2.5,708.288475759785,12.824
seismic,2008-01-03 09:37:55.550,47.382,-70.312,13.5,3.4,3.6726737554806816,502.004
seismic,2008-01-03 21:53:01.190,36.413,-89.5485,8.85,1.6,648.9436527259032,0.0
seismic,2008-01-04 14:55:27.790,33.25,-86.1175,0.04,2.5,305.5788270512031,195.721
seismic,2008-01-07 02:16:47.880,36.6586667,-89.587,5.4,1.4,676.5363169669555,0.0
seismic,2008-01-07 22:48:46.870,36.0936667,-89.4395,11.2,2.3,611.9157842530828,0.0
seismic,2008-01-08 00:00:07.150,43.4626667,-78.1536667,7.36,2.03,323.12684939623693,583.814
seismic,2008-01-08 03:03:21.370,36.1608333,-89.4466667,10.17,1.2,619.3951312561333,0.0
seismic,2008-01-09 01:34:46.700,41.72,-81.43,5.0,3.1,484.3814955482523,460.521
seismic,2008-01-10 06:12:43.440,46.1061667,-74.8171667,16.69,3.13,69.38935053285795,472.914
seismic,2008-01-10 06:32:34.810,36.2111667,-89.4578333,8.19,1.7,625.1136368137306,0.0
seismic,2008-01-10 11:36:52.840,44.6668333,-74.5703333,7.56,2.3,38.65739074671807,352.035
seismic,2008-01-10 21:37:08.610,37.897,-81.677,0.0,3.5,379.4635099504075,79.448
seismic,2008-01-12 03:08:22.450,36.5335,-89.6145,5.7,1.6,663.416345978894,0.0
seismic,2008-01-13 13:01:12.260,45.4351667,-73.5046667,8.93,2.0,0.520222616482268,350.635
seismic,2008-01-13 15:16:10.610,36.5785,-89.8705,4.5,2.2,673.856982618155,0.0
seismic,2008-01-15 05:53:59.010,36.5041667,-89.5976667,9.4,1.7,659.8767659554583,0.0
seismic,2008-01-16 07:13:31.610,34.6135,-85.1935,5.39,1.8,462.1500468077722,360.806
seismic,2008-01-18 11:46:27.910,43.7836667,-78.9688333,7.0,1.72,364.23659899192967,650.09
seismic,2008-01-19 09:19:20.130,43.6961667,-74.1031667,4.25,1.8,152.8167352124362,269.421
seismic,2008-01-20 02:34:04.520,36.268,-89.4831667,7.4,1.5,631.8185515060017,0.0
seismic,2008-01-20 09:13:53.840,36.6271667,-89.563,9.64,2.5,672.62782796789,0.0
seismic,2008-01-20 11:52:52.030,33.9175,-89.8841667,4.27,1.7,394.6830754602582,106.019
seismic,2008-01-20 11:56:01.040,43.2018333,-79.8048333,6.82,1.92,452.9758498438482,596.249
seismic,2008-01-20 19:52:45.480,45.6001667,-74.5188333,9.35,1.4,11.691870154115191,415.899
seismic,2008-01-21 07:02:54.600,36.4723333,-89.5033333,5.69,1.7,654.5488176759075,0.0
seismic,2008-01-21 18:06:03.570,36.4803333,-89.5446667,8.57,1.8,656.2223747432284,0.0
seismic,2008-01-23 22:22:13.820,33.739,-87.18,1.0,2.8,343.8213232602753,204.016
seismic,2008-01-25 09:21:14.000,43.953,-70.029,11.5,1.7,10.47528556883031,136.867
seismic,2008-01-25 16:25:52.940,36.4911667,-89.5456667,7.96,1.5,657.4256590733179,0.0
seismic,2008-01-25 22:02:26.770,36.4846667,-89.5393333,8.86,1.5,656.5917467647763,0.0
seismic,2008-01-26 06:39:01.030,41.7996667,-81.0025,8.5,1.83,463.73343246864977,465.73
seismic,2008-01-27 11:38:08.700,36.3171667,-89.5091667,6.96,2.5,637.7002644407083,0.0
seismic,2008-01-27 13:28:21.590,45.9175,-75.4065,6.81,1.92,89.21669414434824,490.004
seismic,2008-01-29 01:04:20.700,37.5448333,-80.5098333,23.14,2.4,284.2733821912646,0.0
seismic,2008-01-29 08:20:53.340,36.16,-89.4383333,7.84,1.5,619.1422043596884,0.0
seismic,2008-01-29 13:57:37.010,45.773,-73.4596667,11.94,2.4,2.483571361048216,379.59
seismic,2008-01-30 07:28:06.160,44.4598333,-73.7093333,6.65,1.72,90.08166285997392,283.234
seismic,2008-01-31 03:53:45.100,35.684,-89.6295,4.39,2.4,571.5589919065691,17.601
seismic,2008-02-01 05:51:03.880,36.1838333,-89.4728333,7.62,1.8,622.4209299270885,0.0
seismic,2008-02-03 04:17:27.970,36.2925,-89.5131667,8.32,1.4,635.0856769913353,0.0
seismic,2008-02-03 22:59:31.310,36.5185,-89.5938333,8.79,1.4,661.363712910277,0.0
seismic,2008-02-05 07:37:17.360,35.7556667,-84.044,21.95,2.1,462.9753795324938,227.512
seismic,2008-02-05 08:06:18.650,35.7553333,-84.0413333,21.03,1.2,462.7930762439941,227.577
seismic,2008-02-08 13:47:15.040,36.4546667,-89.5331667,8.1,1.6,653.1930217717244,0.0
seismic,2008-02-09 22:05:55.600,36.4826667,-89.5518333,8.56,1.5,656.6178381163637,0.0
seismic,2008-02-11 09:00:04.050,36.212,-89.463,6.45,1.7,625.305291906797,0.0
seismic,2008-02-14 12:01:12.770,36.305,-89.5003333,7.3,1.4,636.1974523944399,0.0
seismic,2008-02-15 00:52:44.050,36.5555,-89.7461667,8.26,1.8,668.5746617134702,0.0
seismic,2008-02-15 16:01:49.100,37.864,-81.485,0.0,2.9,363.7257918115107,63.373
seismic,2008-02-15 22:43:52.980,36.2948333,-89.5218333,8.48,1.5,635.5128748961382,0.0
seismic,2008-02-16 20:04:18.550,36.2083333,-89.4645,6.64,1.5,624.9338711430499,0.0
seismic,2008-02-20 02:40:33.590,35.0581667,-84.6355,15.52,1.1,447.12151686215947,304.956
seismic,2008-02-20 11:56:36.110,36.4916667,-89.5615,8.69,1.3,657.7912561653216,0.0
seismic,2008-02-20 18:06:20.140,36.4878333,-89.5303333,7.76,1.7,656.7630163093704,0.0
seismic,2008-02-22 06:19:16.710,36.241,-89.4586667,7.25,2.0,628.3910428472036,0.0
seismic,2008-02-23 01:21:06.530,36.4295,-89.5241667,7.94,1.5,650.2672170178915,0.0
seismic,2008-02-23 17:03:18.470,33.864,-87.165,1.0,2.6,357.73076883127777,218.018
seismic,2008-02-26 02:56:36.960,36.4811667,-89.551,8.51,1.6,656.4376049271418,0.0
seismic,2008-02-26 10:33:54.640,35.9986667,-89.8758333,9.34,2.5,611.5333636178138,0.0
seismic,2008-02-27 07:56:18.590,42.698,-74.3645,6.4,2.66,158.88613836452197,274.756
seismic,2008-02-27 18:01:54.050,36.56,-89.9996667,4.46,2.2,674.9514057483062,0.0
seismic,2008-02-28 02:33:00.550,35.599,-84.9726667,21.07,1.1,509.0490695674286,248.745
seismic,2008-02-28 15:06:12.570,36.4945,-89.5518333,8.51,1.5,657.9105768827819,0.0
seismic,2008-02-29 06:11:57.810,36.2406667,-89.4571667,5.24,1.6,628.3256100118368,0.0
seismic,2008-02-29 06:39:58.410,36.3001667,-89.5136667,8.07,1.3,635.932700223657,0.0
seismic,2008-03-02 00:55:30.770,36.4975,-89.5533333,8.3,1.5,658.2677469696529,0.0
seismic,2008-03-02 06:03:11.830,36.6358333,-89.5438333,15.25,2.3,673.2086082140879,0.0
seismic,2008-03-02 08:29:00.160,36.502,-89.5571667,7.47,1.5,658.8346057504967,0.0
seismic,2008-03-04 22:26:13.320,36.294,-89.5221667,8.46,1.5,635.4285706094432,0.0
seismic,2008-03-05 18:24:57.780,36.2955,-89.5188333,8.25,1.5,635.5258573773446,0.0
seismic,2008-03-06 03:31:35.020,43.528,-73.3121667,10.0,1.98,194.83355169604124,203.321
seismic,2008-03-07 00:26:29.050,36.2651667,-89.5233333,7.1,1.2,632.3052126525139,0.0
seismic,2008-03-07 22:56:20.640,46.738,-65.44,5.0,2.7,38.57250647800081,604.782
seismic,2008-03-07 23:34:47.400,45.2886667,-75.1726667,6.86,2.94,48.38596274104967,430.997
seismic,2008-03-08 11:48:44.190,43.0303333,-78.5713333,5.51,2.71,378.4242013608885,564.024
seismic,2008-03-08 18:32:12.060,36.2946667,-89.5225,7.67,1.7,635.5079949716556,0.0
seismic,2008-03-09 06:24:24.410,36.4878333,-89.5568333,8.85,1.8,657.2805629580264,0.0
seismic,2008-03-09 08:05:22.010,34.8475,-84.8263333,6.7,2.0,447.29083039242096,330.008
seismic,2008-03-09 11:11:18.000,43.022,-70.365,0.3,2.8,25.1943966017335,39.275
seismic,2008-03-09 23:27:07.170,46.3615,-75.378,10.06,2.08,117.85640879713353,523.07
seismic,2008-03-10 11:47:29.060,36.432,-89.5615,10.9,1.9,651.2765817718886,0.0
seismic,2008-03-11 03:10:30.880,41.392,-72.5051667,10.61,2.42,9.837021916976074,197.992
seismic,2008-03-11 10:41:27.920,36.1245,-89.7266667,8.57,2.3,621.4288082028498,0.0
seismic,2008-03-11 12:20:10.870,36.2281667,-89.443,7.55,1.5,626.6859783197441,0.0
seismic,2008-03-13 13:42:51.450,35.3538333,-84.5685,9.35,2.0,463.6204078256939,271.551
seismic,2008-03-14 21:36:46.090,36.1981667,-89.6313333,4.75,1.5,627.2681851966768,0.0
seismic,2008-03-14 22:42:32.320,41.3068333,-74.4616667,0.21,2.24,39.83381872338141,329.974
seismic,2008-03-14 22:45:37.500,41.3213333,-74.4388333,5.0,1.2,38.15568382285614,327.514
seismic,2008-03-15 00:01:14.200,41.3125,-74.4326667,5.0,1.2,37.512320004251386,327.581
seismic,2008-03-15 01:18:44.080,41.3366667,-74.4633333,7.36,1.86,40.42075825667967,328.394
seismic,2008-03-15 01:38:09.160,41.3168333,-74.4408333,5.0,1.4,38.248368715728525,327.914
seismic,2008-03-15 03:18:27.420,34.9308333,-85.2038333,9.79,1.5,481.0309820851792,326.179
seismic,2008-03-15 05:30:03.550,34.9228333,-85.2018333,9.08,1.6,480.3986909194641,327.017
seismic,2008-03-15 21:22:22.790,41.289,-74.407,5.0,1.13,35.14371447177623,327.121
seismic,2008-03-20 09:00:58.460,36.075,-83.6141667,11.02,1.0,468.681533141302,199.651
seismic,2008-03-20 17:25:45.650,45.0343333,-75.6181667,6.02,2.79,71.36753029365711,443.717
seismic,2008-03-22 11:42:33.910,36.4851667,-89.5621667,8.81,1.7,657.0945581224713,0.0
seismic,2008-03-23 08:38:57.860,45.7696667,-74.6981667,8.82,2.14,33.93411238581085,439.162
seismic,2008-03-23 10:16:13.350,45.5131667,-75.3996667,7.85,1.65,78.45954243810932,460.375
seismic,2008-03-23 12:16:38.160,36.2316667,-89.509,8.13,1.5,628.3620951041016,0.0
seismic,2008-03-25 04:43:02.840,44.2835,-76.5001667,3.2,2.3,162.38787561060613,471.885
seismic,2008-03-25 21:54:15.450,37.84,-81.562,0.0,3.1,370.8360493993951,67.568
seismic,2008-03-28 07:05:51.390,36.539,-89.6048333,8.27,1.3,663.8213851305075,0.0
seismic,2008-03-29 21:44:56.130,43.8673333,-73.295,5.11,2.17,163.14204428449722,218.604
seismic,2008-03-31 15:47:12.000,45.6405,-74.8215,6.99,2.55,35.591998554255575,435.765
seismic,2008-03-31 15:49:06.150,45.6283333,-74.8078333,5.63,1.53,34.24447017084074,434.059
seismic,2008-03-31 20:45:08.220,45.4671667,-75.829,18.05,1.5,101.86962394525092,484.129
seismic,2008-04-01 11:48:05.940,36.4821667,-89.5508333,8.08,1.5,656.5435727344144,0.0
seismic,2008-04-06 01:04:34.360,36.251,-89.4303333,7.23,1.1,628.9427065860117,0.0
seismic,2008-04-06 01:50:05.040,36.2305,-89.4401667,7.24,1.7,626.8869125772993,0.0
seismic,2008-04-06 01:56:09.330,36.2315,-89.4365,7.25,1.8,626.9262350872608,0.0
seismic,2008-04-06 02:04:02.210,36.2373333,-89.4366667,7.43,1.4,627.5675915017395,0.0
seismic,2008-04-06 02:05:50.620,36.2348333,-89.4318333,6.88,1.2,627.2020392705479,0.0
seismic,2008-04-06 02:08:25.780,36.2361667,-89.4358333,6.92,1.1,627.4240721926287,0.0
seismic,2008-04-06 02:26:24.670,36.2365,-89.4351667,7.31,1.5,627.4478365263742,0.0
seismic,2008-04-06 02:31:54.200,36.235,-89.4378333,6.73,1.2,627.3345801339701,0.0
seismic,2008-04-06 02:40:09.970,36.2361667,-89.4346667,6.94,1.3,627.4018469024257,0.0
seismic,2008-04-06 02:49:42.720,36.2321667,-89.4376667,8.4,1.7,627.0214437813388,0.0
seismic,2008-04-06 02:59:20.670,36.2356667,-89.4341667,7.33,1.8,627.3376204129528,0.0
seismic,2008-04-06 03:07:29.930,36.2315,-89.4348333,8.47,1.5,626.8944453802519,0.0
seismic,2008-04-06 03:10:27.380,36.2361667,-89.4368333,6.76,1.2,627.4431375896462,0.0
seismic,2008-04-06 03:12:12.340,36.2346667,-89.436,7.41,1.6,627.2631413774606,0.0
seismic,2008-04-06 03:42:37.460,36.2536667,-89.4331667,6.4,1.3,629.2882310698257,0.0
seismic,2008-04-06 04:26:55.810,36.2375,-89.4361667,6.87,1.3,627.5762984601498,0.0
seismic,2008-04-06 04:37:09.680,36.238,-89.4361667,7.25,1.2,627.6310020205484,0.0
seismic,2008-04-06 05:07:23.630,36.2345,-89.4355,6.99,1.9,627.2353717391287,0.0
seismic,2008-04-08 01:24:03.480,36.2391667,-89.4336667,5.37,1.2,627.7110575289083,0.0
seismic,2008-04-08 01:24:28.360,36.2398333,-89.4331667,6.55,1.5,627.7744881870595,0.0
seismic,2008-04-08 01:36:27.350,36.2393333,-89.4335,7.09,1.4,627.7261161209912,0.0
seismic,2008-04-08 02:12:53.840,36.2446667,-89.4321667,8.73,1.5,628.2843822138374,0.0
seismic,2008-04-08 17:43:44.350,33.649,-87.502,1.0,2.6,328.2141524550456,191.135
seismic,2008-04-09 00:17:18.260,36.2478333,-89.4348333,6.29,1.8,628.6815332930657,0.0
seismic,2008-04-11 06:16:49.140,36.1608333,-89.6646667,9.19,1.6,623.9503885916963,0.0
seismic,2008-04-13 12:25:46.870,36.4795,-89.5331667,8.04,1.4,655.9070560985429,0.0
seismic,2008-04-15 13:29:22.610,35.5135,-84.4025,19.51,1.8,464.9094390712185,253.106
seismic,2008-04-16 06:42:16.860,36.2695,-83.4808333,9.38,2.0,480.85589595690334,182.649
seismic,2008-04-18 09:36:59.110,38.4515,-87.8861667,14.25,5.2,862.2263360808233,0.0
seismic,2008-04-18 09:59:31.120,38.469,-87.795,10.0,2.6,864.3526803499923,0.0
seismic,2008-04-18 10:03:59.620,38.4525,-87.86,13.45,2.2,862.3777609270558,0.0
seismic,2008-04-18 10:06:06.120,38.441,-87.8748333,19.06,1.9,861.0658416172508,0.0
seismic,2008-04-18 10:15:31.350,38.4541667,-87.8443333,16.4,1.6,862.5912345113152,0.0
seismic,2008-04-18 10:36:32.760,38.4566667,-87.8656667,18.28,2.5,862.8356371918301,0.0
seismic,2008-04-18 10:37:26.410,38.4811667,-87.856,14.22,2.1,865.596916789237,0.0
seismic,2008-04-18 10:44:10.580,38.4521667,-87.852,16.15,1.6,862.3537491985885,0.0
seismic,2008-04-18 10:46:24.040,38.4425,-87.8763333,17.8,2.2,861.2317236368461,0.0
seismic,2008-04-18 10:57:47.420,38.4331667,-87.9218333,17.17,1.5,860.1284755777431,0.0
seismic,2008-04-18 11:25:25.520,38.4533333,-87.8745,15.33,1.2,862.4485325618531,0.0
seismic,2008-04-18 11:55:57.560,38.4411667,-87.8833333,14.17,2.7,861.0722086503122,0.0
seismic,2008-04-18 15:14:17.210,38.4585,-87.8691667,15.46,4.7,863.0356429701915,0.0
seismic,2008-04-19 03:05:53.250,38.4383333,-87.888,14.31,2.7,860.7481948944061,0.0
seismic,2008-04-19 09:46:43.530,38.4443333,-87.8541667,14.39,1.3,861.4722222253837,0.0
seismic,2008-04-19 12:45:37.710,38.4475,-87.9053333,15.43,1.7,861.7533626351315,0.0
seismic,2008-04-19 16:55:17.230,38.44,-87.8976667,14.48,2.8,860.9222536609412,0.0
seismic,2008-04-19 23:19:29.060,36.553,-89.6475,7.49,1.7,666.2154486455519,0.0
seismic,2008-04-19 23:52:27.280,35.7386667,-84.454,11.38,1.0,486.10802190645154,228.038
seismic,2008-04-20 05:02:41.700,38.4391667,-87.8465,16.23,2.8,860.9064500520197,0.0
seismic,2008-04-20 05:31:42.430,38.4525,-87.8761667,14.36,1.7,862.3526738677897,0.0
seismic,2008-04-20 06:32:02.280,38.4421667,-87.844,16.54,1.0,861.2470729375437,0.0
seismic,2008-04-20 09:59:44.330,38.4581667,-87.8435,13.78,1.3,863.0409713894078,0.0
seismic,2008-04-20 10:34:26.000,38.4423333,-87.897,17.13,2.3,861.1846065533388,0.0
seismic,2008-04-20 17:44:55.930,45.8911667,-74.2898333,8.0,1.35,37.23988225526467,428.22
seismic,2008-04-21 05:38:30.260,38.4475,-87.8755,18.29,4.0,861.7933074203611,0.0
seismic,2008-04-21 07:58:45.510,38.4491667,-87.8811667,17.25,2.2,861.9718536371711,0.0
seismic,2008-04-21 09:45:11.510,38.44,-87.8986667,17.07,1.2,860.9209876135731,0.0
seismic,2008-04-22 08:01:00.090,38.4631667,-87.8975,13.7,1.6,863.5188657980923,0.0
seismic,2008-04-22 10:49:13.680,36.4801667,-89.5521667,8.63,2.0,656.3512963581693,0.0
seismic,2008-04-22 12:27:25.300,42.6553333,-78.9678333,7.56,1.84,421.88498043192845,524.71
seismic,2008-04-22 23:24:20.810,36.107,-89.7476667,8.15,2.4,620.0298196836063,0.0
seismic,2008-04-23 01:32:33.480,38.4511667,-87.879,16.57,2.1,862.1991105526238,0.0
seismic,2008-04-23 07:11:19.270,36.274,-89.503,7.38,2.4,632.864116544104,0.0
seismic,2008-04-23 07:21:26.480,36.2718333,-89.5026667,7.22,2.0,632.6209143135264,0.0
seismic,2008-04-23 08:23:19.190,36.2713333,-89.4415,4.97,1.6,631.3796429710416,0.0
seismic,2008-04-23 17:05:48.750,35.5255,-84.497,10.83,1.7,471.9351406744004,252.051
seismic,2008-04-23 22:54:59.600,36.5238333,-89.5765,7.08,1.8,661.6005771667571,0.0
seismic,2008-04-24 05:12:34.210,36.491,-89.5506667,8.35,1.5,657.5053209191966,0.0
seismic,2008-04-24 11:44:24.440,38.4543333,-87.8981667,18.29,2.6,862.528020696602,0.0
seismic,2008-04-25 00:45:46.220,35.908,-89.9481667,12.13,2.5,603.7480387467293,0.0
seismic,2008-04-25 17:31:00.500,38.4505,-87.873,12.98,3.7,862.1332512623435,0.0
seismic,2008-04-26 12:17:05.150,36.5028333,-89.5306667,7.02,1.7,658.409371774851,0.0
seismic,2008-04-26 13:09:27.160,36.5028333,-89.5315,7.19,1.8,658.4254743523196,0.0
seismic,2008-04-26 19:19:19.110,35.0831667,-84.8351667,25.44,1.9,463.1894289770777,303.911
seismic,2008-04-27 07:42:59.830,35.677,-84.1956667,14.33,1.0,465.27209685140383,235.135
seismic,2008-04-27 07:46:42.660,35.6775,-84.2006667,14.9,2.4,465.6145338612917,235.054
seismic,2008-04-28 21:46:59.020,38.4455,-87.8493333,14.11,1.7,861.6112332886566,0.0
seismic,2008-04-29 22:56:27.760,36.0896667,-89.7718333,7.33,2.3,618.7340958264376,0.0
seismic,2008-04-30 19:29:18.790,38.4521667,-87.8731667,15.37,2.6,862.3197872545311,0.0
seismic,2008-05-01 05:30:37.680,38.4526667,-87.8591667,14.32,3.3,862.3978033361789,0.0
seismic,2008-05-03 00:34:19.520,38.4465,-87.8558333,16.06,1.4,861.7122370660097,0.0
seismic,2008-05-03 04:27:42.490,36.5438333,-89.5998333,6.42,1.6,664.2484992482166,0.0
seismic,2008-05-03 14:54:00.930,36.1378333,-89.4091667,8.49,1.6,616.157520872249,0.0
seismic,2008-05-04 22:23:53.350,35.333,-84.1548333,12.29,1.6,434.8516810792023,273.79
seismic,2008-05-06 17:30:23.990,38.8058333,-77.22,6.0,2.02,13.846957169454448,123.141
seismic,2008-05-07 16:44:35.100,33.691,-87.211,1.0,2.7,337.9466748061068,198.261
seismic,2008-05-09 03:45:51.640,35.8216667,-84.0806667,8.21,1.8,470.75111531592046,219.811
seismic,2008-05-09 08:40:03.050,35.8756667,-89.9888333,11.19,2.8,601.4205545409664,0.0
seismic,2008-05-09 13:56:53.930,36.54,-89.5981667,8.66,1.5,663.7967994433163,0.0
seismic,2008-05-10 09:29:09.340,37.2916667,-89.4058333,15.05,2.5,742.8973023155758,0.0
seismic,2008-05-10 17:52:49.620,34.3505,-88.8348333,0.0,3.1,409.7996158787424,165.339
seismic,2008-05-12 06:11:26.620,42.8896667,-78.2345,4.0,2.2,366.9494419004228,547.849
seismic,2008-05-12 13:19:52.760,36.5026667,-89.533,6.72,1.6,658.4362680352571,0.0
seismic,2008-05-16 03:30:17.130,36.3288333,-83.9696667,18.67,1.9,509.9773106246767,164.904
seismic,2008-05-16 18:39:14.920,31.773,-88.203,5.0,3.1,116.35309793752351,0.0
seismic,2008-05-17 08:22:31.290,44.7713333,-74.7181667,10.5,1.42,25.37263810569082,368.235
seismic,2008-05-21 07:45:27.550,35.9271667,-84.5888333,12.59,2.2,509.7331779761552,207.641
seismic,2008-05-21 11:44:29.320,36.302,-89.5213333,6.35,2.7,636.2852178154284,0.0
seismic,2008-05-22 02:35:21.640,36.502,-89.5688333,9.51,1.3,659.0646596740866,0.0
seismic,2008-05-22 05:38:02.630,36.303,-89.5211667,6.17,1.4,636.3910644497257,0.0
seismic,2008-05-22 14:41:25.290,36.4201667,-84.0816667,15.24,2.0,524.0660072344398,153.281
seismic,2008-05-24 00:16:31.970,36.2243333,-89.4783333,6.21,1.8,626.9530228166972,0.0
seismic,2008-05-24 00:51:07.790,36.2261667,-89.477,4.97,1.4,627.1271232519247,0.0
seismic,2008-05-26 22:24:26.110,35.7051667,-84.568,25.19,2.4,490.57347975488153,232.294
seismic,2008-05-28 22:39:05.190,43.5065,-73.4846667,4.74,2.26,190.8989904244752,215.474
seismic,2008-05-29 10:49:27.560,38.4425,-87.8631667,13.98,2.0,861.2519742341146,0.0
seismic,2008-05-30 06:59:04.880,44.381,-68.124,5.0,2.4,2.168894749889415,274.093
seismic,2008-05-31 19:03:12.400,41.4503333,-79.5858333,24.98,2.3,349.8993558306933,401.992
seismic,2008-06-01 01:14:42.980,45.103,-73.9506667,21.13,2.2,16.240093840449983,345.255
seismic,2008-06-01 14:56:12.370,38.4531667,-87.8516667,14.19,1.6,862.4663831443867,0.0
seismic,2008-06-01 22:39:29.380,36.502,-89.5733333,9.15,1.3,659.1538415562227,0.0
seismic,2008-06-01 22:51:36.700,35.1278333,-84.8331667,10.07,1.7,466.045136877921,298.927
seismic,2008-06-02 06:21:36.790,45.6393333,-72.6196667,5.0,2.5,54.723934508674326,335.322
seismic,2008-06-02 09:16:44.950,34.6515,-85.9308333,3.29,2.2,462.49729541322137,337.16
seismic,2008-06-03 01:03:15.660,36.5076667,-89.5613333,7.55,1.5,659.5355410410541,0.0
seismic,2008-06-05 05:03:49.800,36.3046667,-89.5193333,6.71,1.9,636.5365356265115,0.0
seismic,2008-06-05 06:34:07.150,36.8968333,-89.4085,3.65,1.9,699.4405182167669,0.0
seismic,2008-06-05 07:13:15.470,38.4538333,-87.8436667,16.24,3.4,862.5550605468645,0.0
seismic,2008-06-06 20:50:09.940,45.0978333,-74.7738333,14.64,2.2,11.092270960520697,393.246
seismic,2008-06-08 05:04:21.420,44.8095,-74.8951667,3.51,1.3,25.54399340541769,382.212
seismic,2008-06-08 10:00:39.080,36.4485,-89.532,7.49,1.8,652.4963685944539,0.0
seismic,2008-06-11 04:36:34.590,45.6386667,-75.385,18.35,3.28,78.93797730607072,468.316
seismic,2008-06-11 20:31:45.400,36.3341667,-89.4451667,3.3,1.5,638.3258248170002,0.0
seismic,2008-06-11 20:31:58.550,36.329,-89.4448333,4.91,2.1,637.7539605229362,0.0
seismic,2008-06-15 03:21:28.760,36.4861667,-89.5601667,8.79,1.5,657.1642594867864,0.0
seismic,2008-06-16 18:57:22.710,36.5331667,-89.5901667,8.79,1.5,662.891162241789,0.0
seismic,2008-06-19 06:44:02.250,36.5988333,-89.5733333,15.02,1.5,669.7311121463445,0.0
seismic,2008-06-21 07:49:51.250,35.2886667,-83.9046667,2.41,1.9,415.5700336272055,280.943
seismic,2008-06-23 04:53:58.220,36.5375,-89.6251667,8.49,1.8,664.0690155275566,0.0
seismic,2008-06-23 23:30:19.990,34.925,-84.841,8.76,3.1,453.28578644835454,321.546
seismic,2008-06-24 22:20:09.520,38.4486667,-87.864,14.64,2.9,861.941731491592,0.0
seismic,2008-06-24 22:40:05.860,36.4615,-89.7611667,2.56,2.3,658.7040996807601,0.0
seismic,2008-06-25 22:17:48.420,45.0941667,-74.9575,9.65,1.75,21.94982211696397,404.465
seismic,2008-06-26 04:27:35.420,36.4476667,-89.5296667,6.36,1.4,652.3597781830549,0.0
seismic,2008-06-26 05:42:38.400,45.09,-74.9723333,9.11,2.28,22.77118057349758,405.124
seismic,2008-06-26 10:02:03.520,36.6043333,-89.559,5.13,1.8,670.0540711326095,0.0
seismic,2008-06-26 11:03:33.860,35.4863333,-85.1198333,17.09,1.2,511.1132086044088,263.85
seismic,2008-06-27 09:27:17.780,36.603,-89.5585,5.06,1.9,669.8986387865548,0.0
seismic,2008-06-28 01:40:36.450,33.276,-87.396,5.0,3.1,289.00049610922304,150.109
seismic,2008-06-28 10:22:07.910,36.4841667,-89.5403333,8.15,1.5,656.5566006724073,0.0
seismic,2008-06-28 15:31:47.500,35.4483333,-84.5241667,14.9,1.3,467.7760606162605,260.786
seismic,2008-06-28 15:33:20.360,35.4433333,-84.5278333,14.2,1.0,467.6372169419751,261.36
seismic,2008-06-29 05:37:44.630,36.4623333,-89.7585,4.1,1.7,658.7350715024272,0.0
seismic,2008-07-05 05:14:57.310,35.5136667,-84.2971667,18.56,2.0,458.2257330336191,253.081
seismic,2008-07-06 18:09:13.760,36.183,-89.4878333,6.35,1.3,622.6274043100756,0.0
seismic,2008-07-08 01:43:52.600,45.9686667,-75.1815,9.86,2.06,77.0842120106027,481.265
seismic,2008-07-09 02:42:08.090,36.4968333,-89.5675,2.47,1.4,658.4740730108936,0.0
seismic,2008-07-10 05:45:16.240,36.4478333,-89.5101667,10.75,1.6,652.0001249574962,0.0
seismic,2008-07-11 06:10:29.060,35.628,-84.2495,9.44,1.5,464.5010731148474,240.396
seismic,2008-07-11 12:46:44.430,36.5756667,-89.5961667,8.83,1.6,667.6501411475915,0.0
seismic,2008-07-12 01:21:15.640,35.4378333,-84.511,15.7,1.1,466.1079917823879,261.91
seismic,2008-07-12 07:38:03.750,35.6635,-84.1611667,7.23,1.4,462.0771088032564,236.834
seismic,2008-07-15 05:03:25.400,43.8136667,-77.8535,5.09,2.11,282.2787287756441,564.636
seismic,2008-07-17 23:55:31.380,36.5533333,-89.6066667,7.21,1.6,665.422159642524,0.0
seismic,2008-07-18 02:58:56.230,38.442,-87.8943333,18.28,3.1,861.1506912351628,0.0
seismic,2008-07-18 19:01:46.640,34.9818333,-86.3001667,4.82,2.3,492.6527238431388,297.64
seismic,2008-07-19 22:08:11.820,36.4505,-89.5608333,9.06,1.4,653.2828495543237,0.0
seismic,2008-07-20 20:11:51.840,36.5658333,-89.6021667,9.56,1.7,666.6962147279412,0.0
seismic,2008-07-21 01:12:30.360,34.4766667,-85.471,11.77,1.6,448.14119625919056,341.046
seismic,2008-07-21 01:41:30.940,41.517,-80.3713333,5.0,1.97,404.2424820675161,431.621
seismic,2008-07-23 09:03:43.320,34.6846667,-85.0381667,11.64,2.1,453.8194429476309,350.58
seismic,2008-07-25 00:49:26.000,45.6881667,-74.9326667,1.4,1.82,45.38847716221464,445.684
seismic,2008-07-26 10:39:26.070,36.4468333,-89.5353333,8.71,1.5,652.3794119573863,0.0
seismic,2008-07-26 19:45:31.590,45.4516667,-74.869,16.67,2.6,40.16194896392612,424.226
seismic,2008-07-28 15:20:09.530,40.5821667,-75.0861667,0.85,2.1,63.61167652666682,392.181
seismic,2008-07-28 20:03:40.650,35.776,-84.7186667,16.69,2.1,505.748578720188,225.665
seismic,2008-08-02 01:41:19.070,34.6575,-86.2015,3.14,2.3,458.2270596477644,322.787
seismic,2008-08-02 08:00:29.420,46.105,-75.756,18.0,2.7,122.88267509727206,524.06
seismic,2008-08-03 17:23:42.550,36.194,-89.4596667,8.56,1.2,623.2732038602968,0.0
seismic,2008-08-03 17:35:48.160,36.0941667,-89.4206667,10.13,1.8,611.6031078642641,0.0
seismic,2008-08-05 22:04:32.550,36.3296667,-89.5021667,7.92,2.6,638.9283149630193,0.0
seismic,2008-08-06 18:31:16.250,36.0003333,-89.8845,7.82,2.1,611.9356961345665,0.0
seismic,2008-08-07 10:01:34.600,45.393,-73.2811667,10.19,2.42,18.367382143143047,336.681
seismic,2008-08-11 19:39:02.460,35.5123333,-84.4363333,11.93,1.2,466.9913055872179,253.307
seismic,2008-08-12 05:51:35.840,44.7393333,-75.4266667,10.0,1.62,63.30654309543432,414.064
seismic,2008-08-12 21:54:20.610,36.5515,-89.6176667,6.26,1.4,665.4436890159918,0.0
seismic,2008-08-12 23:49:43.490,36.5511667,-89.6156667,6.57,1.4,665.3669366288673,0.0
seismic,2008-08-13 03:39:58.650,34.4313333,-85.5656667,4.01,2.2,441.8486853605023,332.06
seismic,2008-08-14 02:41:35.900,36.6773333,-89.2493333,5.02,1.9,672.7098555386902,0.0
seismic,2008-08-14 14:57:03.840,35.7315,-83.9523333,9.54,1.3,455.6427358538716,231.262
seismic,2008-08-15 02:01:57.500,36.4948333,-89.5533333,8.24,1.9,657.9764149978228,0.0
seismic,2008-08-16 01:09:19.190,35.9253333,-83.9558333,12.98,1.2,472.803630764468,209.722
seismic,2008-08-16 03:16:28.290,35.0611667,-84.7726667,20.27,1.9,457.1876855078885,305.713
seismic,2008-08-16 09:05:25.610,36.4363333,-83.6736667,20.95,2.1,505.7072280231124,159.359
seismic,2008-08-16 17:57:49.050,36.3275,-89.5053333,7.62,1.6,638.7536517866619,0.0
seismic,2008-08-18 03:00:20.330,35.3576667,-84.7713333,12.95,1.5,477.73310630208096,272.727
seismic,2008-08-19 01:47:57.960,34.276,-87.9881667,0.0,2.6,394.5423384628234,226.11
seismic,2008-08-21 04:35:05.270,36.0031667,-89.8676667,11.13,2.7,611.8061888213965,0.0
seismic,2008-08-21 04:42:50.630,36.5315,-89.5956667,8.51,1.9,662.8191261930107,0.0
seismic,2008-08-25 08:05:53.290,46.2171667,-74.829,5.0,2.32,80.72939151788162,482.8
seismic,2008-08-27 12:05:37.040,36.4448333,-89.5388333,9.22,1.5,652.2294937361713,0.0
seismic,2008-08-30 00:46:00.450,37.2655,-89.4438333,13.68,2.6,740.6121342001129,0.0
seismic,2008-08-30 11:01:11.200,36.081,-89.7828333,6.35,1.9,618.0644299690188,0.0
seismic,2008-08-30 23:11:59.020,36.4975,-89.5696667,2.4,1.7,658.5897842563954,0.0
seismic,2008-08-31 05:53:34.300,36.4588333,-89.5831667,11.29,1.6,654.6389783877295,0.0
seismic,2008-09-01 20:39:26.340,36.566,-89.5701667,5.08,1.6,666.0815627103724,0.0
seismic,2008-09-02 03:16:30.370,35.5535,-85.147,15.39,1.2,517.7464985869201,257.119
seismic,2008-09-03 01:28:58.650,36.889,-89.1981667,9.4,2.7,695.3381610212648,0.0
seismic,2008-09-09 00:44:29.340,36.3568333,-89.5161667,8.22,1.7,642.1708960325869,0.0
seismic,2008-09-09 04:11:39.340,36.4243333,-89.5091667,7.1,1.8,649.4112963868779,0.0
seismic,2008-09-09 08:32:09.670,36.4393333,-89.5651667,9.45,1.5,652.1502052583529,0.0
seismic,2008-09-10 02:39:55.660,36.2423333,-89.4481667,6.54,1.0,628.3345337782387,0.0
seismic,2008-09-11 08:10:03.420,44.7105,-74.6346667,8.32,2.06,32.73117097477813,358.971
seismic,2008-09-11 11:21:49.200,46.476,-81.042,1.0,3.8,519.3702748219179,870.383
seismic,2008-09-12 01:32:06.890,36.1238333,-89.731,4.15,1.9,621.4576429848023,0.0
seismic,2008-09-12 07:26:03.200,36.2996667,-89.4881667,5.54,1.2,635.3765874870893,0.0
seismic,2008-09-16 08:25:28.830,44.2291667,-75.952,5.0,1.98,130.32428335108284,428.655
seismic,2008-09-17 05:26:56.090,35.8641667,-84.3503333,14.1,1.6,490.12357544498616,213.804
seismic,2008-09-18 01:04:16.700,41.78,-81.43,5.0,2.9,488.6651258132033,466.355
seismic,2008-09-19 05:05:51.270,43.9433333,-74.0948333,8.61,2.0,126.74662971269792,279.318
seismic,2008-09-19 06:57:06.880,36.2785,-89.5076667,9.32,1.1,633.4479417112711,0.0
seismic,2008-09-22 10:49:10.000,35.3416667,-85.3433333,22.02,1.3,517.2868142917075,284.618
seismic,2008-09-28 11:46:46.490,35.1046667,-85.073,5.95,2.3,482.0151437587053,304.787
seismic,2008-09-28 12:17:16.850,36.5313333,-89.615,9.58,1.7,663.1901525629304,0.0
seismic,2008-09-28 13:31:55.090,36.2658333,-89.5096667,8.49,1.6,632.1047395197152,0.0
seismic,2008-09-29 13:29:54.250,36.5261667,-89.6373333,10.94,1.9,663.0823625621863,0.0
seismic,2008-09-30 01:06:38.550,40.41,-84.31,5.0,2.8,633.0019035966811,181.933
seismic,2008-09-30 03:02:47.400,36.4063333,-89.5598333,9.44,1.9,648.4419197288253,0.0
seismic,2008-09-30 14:28:44.460,36.082,-83.85,14.79,2.0,481.235369552693,194.056
seismic,2008-09-30 23:46:46.910,35.5401667,-84.6866667,17.09,1.1,485.487226660513,251.588
seismic,2008-10-01 04:37:02.450,36.5503333,-89.6873333,9.19,2.6,666.7539991401765,0.0
seismic,2008-10-02 02:43:00.320,36.199,-89.4841667,6.8,1.1,624.3013511562782,0.0
seismic,2008-10-02 04:10:24.370,45.2151667,-73.8901667,2.02,2.9,8.25514943961187,351.002
seismic,2008-10-03 15:20:44.550,45.7543333,-74.2758333,23.17,1.78,22.610284008665747,415.862
seismic,2008-10-05 20:34:48.060,44.9713333,-74.9193333,8.13,1.96,16.54826683846865,393.985
seismic,2008-10-05 22:36:48.140,40.0538333,-76.9671667,2.16,1.97,88.32260921717918,254.585
seismic,2008-10-06 23:46:58.460,35.521,-84.2066667,9.13,1.0,453.1504206949342,252.524
seismic,2008-10-07 07:37:07.510,45.9121667,-74.6631667,5.79,1.54,44.76719065758185,448.901
seismic,2008-10-11 02:47:14.190,46.335,-72.5468333,5.0,2.97,0.5000895663461601,405.147
seismic,2008-10-11 08:37:21.830,36.4688333,-89.5566667,7.45,1.3,655.2021314519686,0.0
seismic,2008-10-13 10:02:09.230,36.469,-89.553,9.06,1.8,655.1479729980881,0.0
seismic,2008-10-15 02:12:01.670,45.5155,-74.058,10.0,1.56,3.4734664987973822,384.66
seismic,2008-10-15 12:41:07.940,36.5055,-89.6,9.74,1.5,660.0692335098034,0.0
seismic,2008-10-17 08:02:42.550,44.9215,-74.6921667,4.68,1.52,8.806854821265551,376.238
seismic,2008-10-17 15:00:32.770,36.5243333,-89.5546667,7.42,1.4,661.2256690194454,0.0
seismic,2008-10-19 08:21:22.770,40.0798333,-77.0186667,5.0,1.9,93.16504142891132,255.481
seismic,2008-10-19 08:22:07.390,40.0783333,-76.9635,5.0,2.1,90.4690593875561,257.212
seismic,2008-10-19 08:26:20.530,40.1678333,-77.0381667,5.0,1.23,102.3154749076229,263.938
seismic,2008-10-19 08:28:09.030,40.0866667,-76.9975,5.0,1.5,92.80496799639036,256.896
seismic,2008-10-19 08:58:31.770,40.0915,-76.9735,3.85,1.8,92.1680214803662,258.212
seismic,2008-10-19 09:08:44.350,40.0915,-76.987,5.0,1.1,92.77742369373108,257.749
seismic,2008-10-19 09:17:34.810,40.0998333,-77.0088333,5.0,1.73,94.5638220273463,257.868
seismic,2008-10-19 09:49:19.110,40.0953333,-77.0021667,5.0,1.0,93.83353631807812,257.629
seismic,2008-10-19 09:49:51.770,40.0755,-76.9728333,5.0,1.5,90.62206798083946,256.598
seismic,2008-10-19 09:50:11.410,40.0911667,-76.9886667,5.0,1.55,92.82192789828916,257.658
seismic,2008-10-20 00:08:26.620,40.1593333,-77.107,5.0,1.15,104.73751049010632,260.91
seismic,2008-10-20 00:14:03.910,40.0751667,-77.0046667,5.0,1.1,92.06728198174528,255.473
seismic,2008-10-20 02:16:02.430,40.0896667,-76.9838333,5.0,1.5,92.4602847463006,257.669
seismic,2008-10-20 06:28:58.440,36.5813333,-89.5981667,7.51,1.8,668.3085322403203,0.0
seismic,2008-10-20 08:26:17.870,46.4355,-75.7576667,10.53,3.03,144.35245347500384,549.368
seismic,2008-10-23 15:55:32.320,40.0681667,-76.9615,5.0,1.15,89.41476558668845,256.245
seismic,2008-10-24 10:15:55.250,36.396,-89.5891667,10.83,1.6,647.9080749468344,0.0
seismic,2008-10-25 02:29:45.750,36.5581667,-89.6041667,8.04,2.5,665.899485753931,0.0
seismic,2008-10-25 07:14:37.090,36.6338333,-89.9908333,5.27,2.1,682.6836861336892,0.0
seismic,2008-10-25 23:47:17.300,36.0523333,-83.6035,15.83,2.5,466.038103423332,202.352
seismic,2008-10-25 23:52:32.300,35.8981667,-89.9726667,10.12,1.9,603.3690585365355,0.0
seismic,2008-10-26 12:38:53.780,36.4835,-89.534,8.32,1.5,656.3604576851218,0.0
seismic,2008-10-26 13:36:21.710,44.9036667,-73.5785,8.42,1.8,50.59320697848849,308.936
seismic,2008-10-30 07:54:35.380,36.45,-89.5361667,8.13,1.4,652.7417247911101,0.0
seismic,2008-10-31 16:37:33.950,35.7676667,-83.9995,7.61,2.9,461.4560491422706,226.666
seismic,2008-11-01 07:47:48.050,36.4161667,-89.5146667,7.47,1.6,648.6250957175503,0.0
seismic,2008-11-01 13:18:57.080,35.7663333,-83.997,8.48,2.2,461.19832268955815,226.844
seismic,2008-11-02 07:26:27.000,47.43,-71.44,18.0,3.6,58.328664196629866,506.996
seismic,2008-11-07 02:30:32.840,36.4686667,-89.5233333,6.51,1.6,654.5321633556158,0.0
seismic,2008-11-07 04:07:03.070,40.0965,-77.0058333,1.0,1.4,94.1124954962902,257.626
seismic,2008-11-10 02:29:00.750,35.7656667,-84.5913333,25.12,2.5,496.8542701917585,225.686
seismic,2008-11-11 08:12:52.580,45.2738333,-73.0001667,13.88,1.53,43.84917358830613,313.515
seismic,2008-11-14 18:20:56.130,36.3965,-89.5816667,10.76,2.6,647.8097507095168,0.0
seismic,2008-11-15 05:47:02.840,33.7813333,-85.739,0.04,2.3,367.74423082529,263.758
seismic,2008-11-15 10:52:53.420,47.74,-69.713,20.0,3.6,2.18157295152045,547.291
seismic,2008-11-18 11:28:37.450,36.4211667,-89.5268333,7.85,1.6,649.4086587360242,0.0
seismic,2008-11-25 20:00:26.220,35.7266667,-84.2946667,17.94,1.0,475.3613808274072,229.243
seismic,2008-11-25 22:36:30.490,36.6195,-89.5633333,8.65,2.0,671.796001986916,0.0
seismic,2008-11-26 10:09:58.020,36.537,-89.6426667,9.19,2.0,664.3725278049602,0.0
seismic,2008-11-29 11:18:37.630,45.5553333,-75.0806667,6.1,1.72,54.76096080465367,444.255
seismic,2008-12-05 12:57:24.640,36.5365,-89.6685,5.46,1.6,664.8533885281404,0.0
seismic,2008-12-09 10:21:34.360,36.6235,-89.5621667,8.92,1.7,672.2108334427286,0.0
seismic,2008-12-10 15:11:30.420,36.4708333,-89.5678333,9.71,2.0,655.641877157387,0.0
seismic,2008-12-11 09:37:30.170,36.2938333,-89.5166667,8.27,1.6,635.3007886094429,0.0
seismic,2008-12-13 13:20:39.230,35.0021667,-84.904,16.02,1.8,462.9124341299892,313.685
seismic,2008-12-15 11:54:17.850,45.6525,-74.7131667,16.51,1.9,27.928526470574614,430.673
seismic,2008-12-16 01:34:20.370,35.628,-83.9845,20.66,1.8,448.6263314623156,242.345
seismic,2008-12-16 12:42:17.520,33.0881667,-80.1346667,15.39,3.6,31.817139312699872,0.966
seismic,2008-12-18 00:05:07.060,36.0501667,-83.5918333,9.54,3.3,465.2624951929463,202.87
seismic,2008-12-18 04:40:21.520,36.475,-89.4853333,4.81,1.3,654.4991729426956,0.0
seismic,2008-12-18 06:30:59.900,44.663,-75.441,7.36,1.45,68.58703146261287,410.994
seismic,2008-12-18 09:31:49.960,36.544,-89.6946667,6.98,1.7,666.2197310535796,0.0
seismic,2008-12-18 09:43:36.230,35.675,-84.2518333,18.91,1.1,468.50239507355,235.13
seismic,2008-12-18 13:48:40.540,35.9621667,-89.9185,9.2,1.6,608.7389494801492,0.0
seismic,2008-12-22 20:08:27.800,36.6308333,-89.815,5.13,1.5,678.2644933752923,0.0
seismic,2008-12-23 05:02:47.050,43.2148333,-78.874,5.0,1.5,387.00495554317615,586.171
seismic,2008-12-24 10:22:01.000,44.65,-69.51,0.0,2.5,48.70222239874519,224.836
seismic,2008-12-24 12:20:26.200,38.3321667,-87.4658333,19.92,1.6,850.3016016037099,0.0
seismic,2008-12-24 20:59:52.440,45.1545,-75.553,5.0,1.27,68.2918253836383,446.611
seismic,2008-12-25 10:02:41.800,36.3258333,-89.37,7.4,1.2,636.0319462460634,0.0
seismic,2008-12-27 05:04:34.600,40.1141667,-76.4025,3.61,3.37,67.97749737862839,283.286
seismic,2008-12-28 10:49:54.100,36.5461667,-89.6203333,6.53,1.2,664.9159530017943,0.0
seismic,2008-12-31 05:34:08.850,40.1068333,-77.0028333,1.0,2.05,94.94578410861432,258.789
seismic,2008-12-31 06:54:48.740,46.1535,-75.4476667,7.11,3.2,105.89967451096604,510.355
seismic,2009-01-03 00:47:25.980,36.4141667,-89.5125,7.72,2.0,648.3644173328606,0.0
seismic,2009-01-06 01:58:46.330,36.4551667,-89.5406667,8.32,1.5,653.3943807988358,0.0
seismic,2009-01-07 10:41:49.210,36.7266667,-89.412,3.25,1.9,680.7854554132556,0.0
seismic,2009-01-07 20:34:52.600,36.086,-89.4095,7.71,1.2,610.4944886454473,0.534
seismic,2009-01-08 07:09:51.040,36.2231667,-89.4325,7.12,1.0,625.9382561032484,0.0
seismic,2009-01-09 20:53:00.240,45.7476667,-74.3973333,10.0,1.96,20.71478273251157,421.503
seismic,2009-01-12 23:07:39.400,37.2146667,-80.7813333,7.39,2.3,307.9879160968416,0.0
seismic,2009-01-14 07:08:22.550,36.4546667,-89.588,11.34,1.7,654.281867477698,0.0
seismic,2009-01-14 07:49:57.580,36.6663333,-89.5443333,6.28,1.6,676.5556399073026,0.0
seismic,2009-01-16 21:09:44.680,35.6443333,-89.6913333,8.85,2.8,568.8023991785675,16.318
seismic,2009-01-17 09:13:29.070,36.5035,-89.5611667,8.01,1.4,659.0771343110874,0.0
seismic,2009-01-20 10:35:30.570,36.5243333,-89.5575,6.67,1.8,661.2810766350372,0.0
seismic,2009-01-21 00:12:15.320,44.947,-73.7768333,14.89,1.7,37.69141765717568,323.298
seismic,2009-01-23 13:30:37.820,35.713,-84.311,11.68,1.0,475.2281074030502,230.75
seismic,2009-01-23 18:37:06.360,36.2475,-89.5021667,8.27,1.2,629.9540744892722,0.0
seismic,2009-01-25 08:27:52.130,34.7946667,-85.1151667,5.09,2.2,466.1524059726127,339.591
seismic,2009-01-26 06:55:28.760,43.2545,-78.723,6.94,2.12,374.3254157804664,589.677
seismic,2009-01-27 11:20:12.690,36.7733333,-84.1311667,26.08,3.2,559.2813369296903,113.497
seismic,2009-01-29 21:11:27.200,33.0043333,-80.1928333,6.45,2.5,28.75813929901336,0.0
seismic,2009-01-30 11:51:55.290,46.2266667,-74.9808333,5.0,2.52,87.37729961807389,491.319
seismic,2009-01-30 20:32:38.240,33.663,-87.351,1.0,2.9,332.1821153177323,193.528
seismic,2009-02-03 03:34:19.010,40.8703333,-74.5265,0.05,2.95,37.44851978944539,361.788
seismic,2009-02-07 04:08:42.350,44.9556667,-74.7885,7.76,2.32,7.67675524900773,384.607
seismic,2009-02-08 05:28:34.200,36.4816667,-89.5495,8.01,1.5,656.4627747995368,0.0
seismic,2009-02-14 13:16:27.240,41.84,-81.0,5.0,2.6,466.6863332402244,470.22
seismic,2009-02-14 22:22:22.870,40.9483333,-74.3921667,1.56,2.41,34.83387582106794,347.568
seismic,2009-02-16 18:17:55.000,40.9626667,-74.3895,2.0,1.1,35.89317113083499,346.428
seismic,2009-02-16 19:38:31.760,40.9476667,-74.0218333,6.82,1.35,8.750314681319436,323.256
seismic,2009-02-17 08:09:48.650,35.9188333,-89.9248333,12.87,2.6,604.2755347490928,0.0
seismic,2009-02-17 14:33:26.880,42.571,-74.1345,16.07,2.1,141.78140131283394,257.414
seismic,2009-02-18 03:41:50.720,42.5703333,-74.1028333,8.74,2.68,141.44755550425307,254.859
seismic,2009-02-18 06:42:35.630,40.8688333,-74.5486667,5.09,2.32,38.68127836808121,363.37
seismic,2009-02-18 08:14:56.640,32.8051667,-87.0688333,25.62,2.2,244.7657812941536,106.049
seismic,2009-02-18 16:20:23.100,42.5723333,-74.1008333,10.0,2.36,141.65539899270664,254.669
seismic,2009-02-19 14:22:58.700,42.5731667,-74.0945,7.61,1.62,141.70264246676376,254.145
seismic,2009-02-20 07:39:23.550,36.5236667,-89.5565,6.28,1.6,661.1886737639708,0.0
seismic,2009-02-20 18:04:19.710,42.5725,-74.096,8.23,2.66,141.63901500932403,254.276
seismic,2009-02-21 07:30:43.240,42.5691667,-74.1035,10.52,2.12,141.32268070458713,254.929
seismic,2009-02-23 10:51:30.720,35.2963333,-83.6921667,9.78,2.0,403.34082276368486,283.095
seismic,2009-02-23 15:46:20.290,42.5736667,-74.0945,7.06,2.13,141.7583243795276,254.138
seismic,2009-02-23 16:10:02.180,44.8838333,-74.943,10.43,2.27,22.219258187044424,389.954
seismic,2009-02-28 23:31:03.510,36.411,-89.5235,8.28,1.2,648.2325855395366,0.0
seismic,2009-03-01 00:20:00.850,36.6823333,-89.5368333,8.89,1.7,678.1655599819948,0.0
seismic,2009-03-02 17:28:19.840,44.3578333,-74.2883333,7.36,1.86,78.04618091612285,314.677
seismic,2009-03-03 01:31:23.490,36.2866667,-89.476,5.47,1.1,633.7190719128236,0.0
seismic,2009-03-03 06:14:15.860,36.4408333,-89.5496667,7.84,1.3,652.0059765312927,0.0
seismic,2009-03-05 03:14:27.400,36.1871667,-89.4583333,9.07,1.2,622.5004494884915,0.0
seismic,2009-03-05 03:25:15.260,36.1878333,-89.4606667,9.76,1.5,622.6188932099175,0.0
seismic,2009-03-05 06:51:05.270,45.615,-76.239,5.08,2.81,137.82380083033408,519.788
seismic,2009-03-07 20:09:19.210,36.0531667,-89.8231667,9.04,1.5,616.0550776853929,0.0
seismic,2009-03-08 08:16:04.600,46.597,-66.311,5.0,3.6,90.41077645243516,547.147
seismic,2009-03-08 13:30:10.210,46.584,-66.249,5.0,3.3,87.57803715836981,549.267
seismic,2009-03-10 08:37:33.820,36.2763333,-89.4726667,6.24,1.4,632.5248454033783,0.0
seismic,2009-03-10 13:08:25.850,46.045,-74.3178333,11.86,2.43,53.89296443974833,442.894
seismic,2009-03-10 20:04:27.560,36.2771667,-89.4711667,5.79,1.3,632.586882176502,0.0
seismic,2009-03-14 10:58:19.750,36.3356667,-89.5188333,9.06,1.3,639.9115505263378,0.0
seismic,2009-03-14 22:16:18.640,35.4436667,-84.1273333,21.31,2.6,441.9622728307358,261.596
seismic,2009-03-15 16:38:31.780,45.8478333,-75.3568333,5.78,2.22,82.52436628045218,481.938
seismic,2009-03-16 00:38:50.390,36.4708333,-89.5746667,9.87,1.8,655.7780759615075,0.0
seismic,2009-03-16 10:31:19.200,36.2995,-89.5201667,7.58,1.1,635.9890717993914,0.0
seismic,2009-03-16 23:16:29.880,33.689,-87.284,1.0,2.9,336.26524001402817,197.095
seismic,2009-03-17 23:27:55.210,33.7451667,-86.2111667,7.5,2.5,358.0163306907544,235.703
seismic,2009-03-18 22:00:48.940,34.3123333,-81.2756667,0.73,2.3,201.747014324857,123.903
seismic,2009-03-19 01:49:55.880,36.1593333,-89.4326667,9.25,1.5,618.9597686916807,0.0
seismic,2009-03-19 03:21:03.390,36.6815,-89.5316667,7.65,1.8,677.9774054294402,0.0
seismic,2009-03-19 11:07:49.930,36.4883333,-89.5935,9.65,2.0,658.065463416991,0.0
seismic,2009-03-20 01:03:43.510,34.305,-81.25,1.29,2.1,200.4979533950583,122.36
seismic,2009-03-21 14:06:39.650,36.4506667,-89.5325,8.42,1.9,652.7428991586839,0.0
seismic,2009-03-22 08:59:10.800,42.6271667,-74.1108333,15.35,1.3,147.8332586925492,254.801
seismic,2009-03-22 09:21:01.270,42.6335,-74.1145,15.67,2.76,148.5657995195636,255.03
seismic,2009-03-22 21:43:27.610,42.6256667,-74.1113333,14.9,2.05,147.67006574592477,254.858
seismic,2009-03-24 09:38:20.630,46.0946667,-74.8195,10.0,2.13,68.37236514426405,472.08
seismic,2009-03-24 11:35:34.500,36.272,-89.4723333,5.95,1.3,632.0446925921937,0.0
seismic,2009-03-25 11:52:26.950,35.4616667,-84.4406667,16.7,1.0,463.33268167761634,258.988
seismic,2009-03-27 16:06:25.040,33.3916667,-81.3915,1.64,2.6,107.37081860380754,49.525
seismic,2009-03-29 18:53:55.990,35.2641667,-84.8655,16.25,1.3,477.6959111087812,284.166
seismic,2009-03-29 23:02:46.140,36.5481667,-89.6016667,8.66,1.8,664.7581188322497,0.0
seismic,2009-03-31 10:21:40.340,36.376,-89.5005,6.92,1.6,643.9595606787274,0.0
seismic,2009-04-02 15:02:20.250,35.2561667,-84.142,12.08,1.0,427.9970586173091,282.444
seismic,2009-04-02 15:32:00.730,42.6268333,-74.1165,14.32,2.18,147.83934014875155,255.264
seismic,2009-04-02 17:08:53.270,34.4113333,-81.3331667,4.28,1.6,213.64796540392325,136.095
seismic,2009-04-03 06:51:48.760,44.9021667,-74.531,13.06,1.78,14.741282245734071,364.79
seismic,2009-04-03 22:42:35.650,36.5066667,-89.5176667,7.19,2.0,658.5785676940355,0.0
seismic,2009-04-03 23:00:01.090,36.5593333,-89.627,7.44,1.5,666.4870348680022,0.0
seismic,2009-04-04 05:19:03.710,36.5598333,-89.6275,7.07,1.7,666.5517082872539,0.0
seismic,2009-04-04 09:37:45.850,36.5593333,-89.6228333,7.85,1.9,666.4025788521329,0.0
seismic,2009-04-04 20:45:33.670,33.2146667,-83.2023333,0.0,3.1,230.9605830894502,213.084
seismic,2009-04-04 20:55:31.610,33.136,-83.2166667,10.0,2.4,229.62747385070867,214.645
seismic,2009-04-05 04:38:47.890,36.2908333,-89.4968333,7.55,1.4,634.5810881665882,0.0
seismic,2009-04-08 05:02:43.610,42.5706667,-74.1098333,10.86,2.28,141.5379816228446,255.421
seismic,2009-04-10 09:45:33.420,45.9115,-74.0138333,5.0,2.33,32.955879265572506,416.783
seismic,2009-04-10 15:29:55.000,42.366,-70.949,2.7,2.3,0.6215297694444275,38.637
seismic,2009-04-11 18:11:09.070,37.5133333,-80.8956667,2.77,2.4,317.7935367465842,0.0
seismic,2009-04-12 09:39:14.470,36.558,-89.622,7.05,1.6,666.2402931429292,0.0
seismic,2009-04-13 10:08:17.250,42.6125,-74.1338333,15.86,1.82,146.38731260534513,256.833
seismic,2009-04-16 11:10:44.350,36.4891667,-89.5493333,7.02,1.6,657.2788896726057,0.0
seismic,2009-04-16 21:28:25.380,36.4861667,-89.5491667,7.61,1.5,656.9478621639082,0.0
seismic,2009-04-17 02:41:00.320,36.5515,-89.737,10.77,1.7,667.9413136799934,0.0
seismic,2009-04-17 20:13:27.140,36.5931667,-89.5913333,8.84,2.0,669.4653229560116,0.0
seismic,2009-04-18 00:43:29.570,44.3766667,-73.7953333,10.0,2.23,93.73525226456586,283.119
seismic,2009-04-21 10:25:42.520,32.834,-87.0965,12.66,3.4,248.0350627407008,108.106
seismic,2009-04-21 20:38:55.750,36.4885,-89.5553333,8.73,2.3,657.3238625870124,0.0
seismic,2009-04-22 05:28:29.520,32.8115,-87.0955,8.45,2.9,245.52314067182712,105.79
seismic,2009-04-22 13:21:14.160,40.0726667,-77.002,1.0,1.13,91.7090128561325,255.307
seismic,2009-04-23 22:26:04.430,40.0853333,-76.9978333,1.0,2.37,92.69550749093816,256.748
seismic,2009-04-24 05:36:48.810,40.064,-77.0265,1.48,2.93,92.08920665574794,253.59
seismic,2009-04-24 13:42:48.160,38.9,-82.2993333,8.38,3.4,429.0747387123794,193.292
seismic,2009-04-26 15:00:02.950,36.5056667,-89.516,7.21,1.7,658.437287445232,0.0
seismic,2009-04-29 09:48:21.780,35.7558333,-84.0813333,17.31,1.1,465.1496646316718,227.138
seismic,2009-04-29 19:37:07.970,46.853,-71.058,18.0,3.4,0.0777998829778143,441.595
seismic,2009-04-30 22:36:11.380,40.0728333,-77.0131667,1.0,2.0,92.25528262745884,254.946
seismic,2009-05-02 08:41:46.940,38.2196667,-87.7543333,13.47,1.1,836.5184665002679,0.0
seismic,2009-05-02 12:16:07.910,36.5805,-89.5866667,8.27,1.4,667.9898405532765,0.0
seismic,2009-05-03 05:23:42.890,34.661,-86.2598333,8.5,2.2,457.7278532112694,317.932
seismic,2009-05-05 06:06:03.930,45.198,-73.9173333,10.0,1.6,8.366651724911101,351.055
seismic,2009-05-06 13:32:05.640,36.5273333,-89.5581667,6.93,1.7,661.6219106240378,0.0
seismic,2009-05-06 17:07:17.090,33.0448333,-80.173,2.02,2.5,30.322750531123127,0.0
seismic,2009-05-07 16:23:33.940,34.4295,-81.3536667,6.01,1.8,216.0299778296151,138.649
seismic,2009-05-08 08:05:15.460,36.9378333,-83.668,14.58,2.3,554.2128004144702,107.128
seismic,2009-05-08 19:47:01.530,45.4938333,-75.9605,21.18,3.1,112.27034400051625,494.243
seismic,2009-05-10 14:30:34.210,42.9183333,-77.9768333,5.08,1.97,349.2096986693067,551.655
seismic,2009-05-10 17:03:16.030,36.5966667,-83.9475,25.35,1.1,533.8280384095077,135.849
seismic,2009-05-11 04:07:36.090,36.533,-89.587,8.54,1.6,662.8098784870973,0.0
seismic,2009-05-11 05:18:23.180,40.0878333,-77.0011667,1.0,1.25,93.0843401809368,256.892
seismic,2009-05-11 05:34:02.640,40.099,-76.97,1.0,1.2,92.7267595843292,259.1
seismic,2009-05-12 22:38:01.720,37.318,-83.343,0.0,2.8,532.2953369799842,90.629
seismic,2009-05-13 16:13:11.920,36.5543333,-89.6661667,7.33,1.3,666.7466341046753,0.0
seismic,2009-05-14 07:13:26.510,36.3046667,-89.5145,7.93,1.8,636.4405797059526,0.0
seismic,2009-05-15 04:10:25.450,45.3638333,-74.7443333,10.99,2.03,30.736740216598456,410.448
seismic,2009-05-16 08:08:17.650,37.2485,-80.002,12.89,3.0,239.38962399819053,28.617
seismic,2009-05-18 00:53:29.930,42.5711667,-74.1115,8.61,3.05,141.6066491290658,255.549
seismic,2009-05-18 01:04:24.950,42.5706667,-74.108,10.0,1.1,141.52379376471018,255.272
seismic,2009-05-18 02:49:30.590,36.5321667,-89.5981667,8.66,1.6,662.9419526911063,0.0
seismic,2009-05-18 06:58:14.410,44.5566667,-73.8573333,10.0,1.6,74.63288229451739,299.131
seismic,2009-05-18 07:21:57.400,42.5673333,-74.1095,6.22,2.11,141.16447527674646,255.44
seismic,2009-05-19 14:52:32.590,42.5745,-74.1128333,14.44,1.9,141.98801160186673,255.611
seismic,2009-05-20 09:27:28.960,36.5111667,-89.5776667,10.22,1.6,660.2407086734016,0.0
seismic,2009-05-20 13:44:04.170,36.1258333,-89.7265,8.31,2.2,621.5690876127138,0.0
seismic,2009-05-20 15:01:06.960,43.112,-78.7391667,1.63,1.87,384.1922971202477,573.882
seismic,2009-05-22 11:20:58.150,35.773,-84.0003333,9.74,2.4,461.964281229543,226.064
seismic,2009-05-23 01:03:31.270,35.5923333,-84.1563333,7.81,2.7,455.8871820361341,244.813
seismic,2009-05-23 13:02:12.730,45.775,-75.0041667,10.28,1.57,54.16443880107802,456.381
seismic,2009-05-23 21:13:13.180,35.2406667,-84.2426667,8.3,2.0,433.3729291525671,283.747
seismic,2009-05-24 05:24:00.990,46.2333333,-74.977,5.0,1.9,87.8440447627087,491.675
seismic,2009-05-24 06:24:14.630,35.6006667,-84.4031667,17.98,1.1,471.8484316677704,243.351
seismic,2009-05-28 09:19:24.740,45.8255,-75.8258333,3.87,3.02,116.46565393593568,508.01
seismic,2009-05-28 10:27:37.860,34.8603333,-85.193,6.69,1.4,476.0134198393738,333.701
seismic,2009-05-31 12:27:44.720,36.0895,-89.7733333,8.71,2.2,618.7521183166599,0.0
seismic,2009-06-05 15:07:52.700,42.8283333,-78.2481667,5.0,2.91,372.3049884663663,540.987
seismic,2009-06-07 10:03:02.070,36.4831667,-89.5655,9.27,1.7,656.9421343291862,0.0
seismic,2009-06-08 18:29:57.420,36.5035,-89.563,7.31,1.7,659.1132548760463,0.0
seismic,2009-06-08 23:59:57.550,35.6438333,-84.3813333,18.76,1.7,473.9369082838925,238.49
seismic,2009-06-12 00:52:25.330,45.9335,-74.9378333,7.09,1.9,59.969873092754746,465.189
seismic,2009-06-12 08:25:49.000,39.734,-70.865,5.2,2.5,168.9403318846942,332.562
seismic,2009-06-13 09:52:08.150,37.6508333,-88.3391667,4.83,2.3,772.9022003362132,0.0
seismic,2009-06-13 14:11:10.650,36.3461667,-89.5008333,5.47,1.8,640.7052734938836,0.0
seismic,2009-06-18 02:47:52.000,47.54,-69.89,15.8,2.9,1.0199801375396005,523.304
seismic,2009-06-18 11:35:09.800,35.4038333,-85.2591667,20.38,1.5,515.3259635222626,275.873
seismic,2009-06-18 14:27:34.260,46.3065,-75.0976667,5.63,2.06,99.7377782712932,503.936
seismic,2009-06-20 04:57:27.050,36.1841667,-89.3563333,0.47,1.5,620.2476558588488,0.0
seismic,2009-06-21 07:09:59.200,35.728,-84.758,19.49,1.4,504.5385007321691,231.427
seismic,2009-06-21 20:50:51.320,36.4616667,-89.612,12.06,1.4,655.5331113876894,0.0
seismic,2009-06-24 18:42:16.290,46.0471667,-75.2595,13.41,2.24,87.15047357921712,491.694
seismic,2009-06-27 16:04:59.150,35.158,-82.9228333,0.07,1.6,348.81360943211,284.139
seismic,2009-06-29 04:06:15.500,36.4898333,-89.3295,12.82,1.9,653.3437354980466,0.0
seismic,2009-06-29 07:45:15.620,36.5741667,-89.6096667,9.44,1.5,667.7557088332702,0.0
seismic,2009-06-30 10:37:59.720,36.3878333,-89.5116667,7.83,1.5,645.4700019495225,0.0
seismic,2009-07-01 13:44:43.380,39.6441667,-75.4825,5.0,2.78,2.543736422285788,293.167
seismic,2009-07-03 07:40:15.660,36.2455,-89.5115,6.66,1.1,629.9218530233908,0.0
seismic,2009-07-03 18:06:59.630,34.6383333,-85.3511667,1.69,2.4,467.7842014618929,361.008
seismic,2009-07-04 00:43:07.780,36.8213333,-89.426,13.43,2.4,691.4308248758078,0.0
seismic,2009-07-04 07:16:33.720,36.217,-89.4788333,5.49,1.6,626.1617997624726,0.0
seismic,2009-07-04 12:24:43.760,37.331,-80.7771667,0.0,2.8,307.1139729500359,0.0
seismic,2009-07-05 07:24:07.440,35.631,-84.3153333,15.83,2.0,468.7994389793293,239.924
seismic,2009-07-06 11:33:00.810,45.785,-74.4476667,5.75,2.34,25.37743976006848,427.205
seismic,2009-07-06 14:22:16.130,36.7196667,-89.511,12.91,1.6,681.7751873565205,0.0
seismic,2009-07-07 03:59:52.580,37.6938333,-77.6076667,5.53,2.3,49.632331318269294,16.65
seismic,2009-07-08 06:54:37.130,36.5291667,-89.5928333,8.97,1.6,662.5078048138394,0.0
seismic,2009-07-08 10:22:11.430,45.2976667,-73.4465,12.62,2.08,15.166342971748168,335.666
seismic,2009-07-10 20:05:50.790,32.9248333,-80.1638333,4.02,1.7,22.04374138768329,0.0
seismic,2009-07-11 03:06:14.690,44.8625,-75.042,5.76,2.08,30.072236419050203,395.138
seismic,2009-07-12 16:27:13.020,35.3085,-82.4993333,3.09,2.1,344.23882179810846,248.601
seismic,2009-07-12 20:28:59.220,36.0711667,-89.7898333,8.26,1.9,617.1742811008955,0.0
seismic,2009-07-13 03:34:43.580,36.4583333,-89.5673333,9.32,1.7,654.2673534814653,0.0
seismic,2009-07-13 14:23:44.880,35.3016667,-82.5036667,0.07,1.7,343.72942046792,249.448
seismic,2009-07-13 16:00:38.560,35.3103333,-82.5006667,0.05,1.9,344.47608275142096,248.508
seismic,2009-07-14 01:14:38.080,35.299,-82.505,5.99,1.5,343.5165418023558,249.759
seismic,2009-07-15 01:14:20.500,36.4965,-89.5615,8.22,1.5,658.3191358165926,0.0
seismic,2009-07-15 06:23:15.050,34.3928333,-87.3623333,0.07,1.8,412.3252812477413,254.071
seismic,2009-07-17 07:57:49.730,32.4505,-88.1936667,32.14,2.1,191.3161877300917,57.507
seismic,2009-07-18 01:18:23.240,45.6975,-73.2641667,5.0,2.38,12.336067894883218,364.425
seismic,2009-07-18 21:18:18.890,36.2266667,-89.4548333,5.8,2.6,626.749863519027,0.0
seismic,2009-07-19 00:06:41.370,36.2275,-89.457,5.71,2.2,626.8828947891492,0.0
seismic,2009-07-20 11:27:43.000,36.5645,-89.6078333,5.45,1.6,666.6640793538108,0.0
seismic,2009-07-20 17:11:10.480,36.173,-89.4245,7.6,1.7,620.2974574968173,0.0
seismic,2009-07-21 10:15:12.410,36.544,-89.6786667,10.09,1.5,665.8825987122324,0.0
seismic,2009-07-21 14:20:56.350,49.725,-65.706,13.8,3.5,51.29348648085063,856.021
seismic,2009-07-24 10:03:47.310,33.1318333,-83.3465,4.97,2.3,241.09344612925685,226.691
seismic,2009-07-24 10:14:35.660,33.2293333,-83.3123333,4.06,2.2,241.15215740510683,223.264
seismic,2009-07-26 07:09:29.620,36.6591667,-89.5386667,5.03,1.9,675.6641311361078,0.0
seismic,2009-07-26 17:01:53.460,36.5425,-89.6331667,8.2,1.7,664.7772518066504,0.0
seismic,2009-07-28 01:14:48.200,44.0171667,-73.5635,5.0,1.96,137.4176576686558,245.602
seismic,2009-07-31 01:36:59.070,43.4065,-79.5793333,6.48,2.03,426.3940089601306,615.005
seismic,2009-07-31 10:14:10.310,37.7768333,-77.5263333,15.01,2.1,53.591391737175215,25.895
seismic,2009-08-01 13:38:26.110,35.0635,-84.2923333,5.4,3.2,423.4676303468743,303.462
seismic,2009-08-02 21:57:07.840,37.931,-77.5845,8.8,2.3,47.08223472315341,29.957
seismic,2009-08-04 04:52:12.400,36.5056667,-89.5478333,6.73,1.8,659.0524422628378,0.0
seismic,2009-08-06 00:40:52.080,36.4318333,-89.5668333,9.53,1.5,651.3649668181542,0.0
seismic,2009-08-07 02:25:54.800,35.5771667,-84.2666667,7.04,2.1,461.4215974589641,246.035
seismic,2009-08-07 09:44:38.750,36.2561667,-89.4503333,6.09,1.1,629.8890840209285,0.0
seismic,2009-08-07 23:38:18.570,35.6646667,-84.2073333,7.56,1.8,464.9529207936058,236.457
seismic,2009-08-10 09:56:39.650,36.4918333,-89.6025,12.55,1.5,658.6289704628209,0.0
seismic,2009-08-12 15:35:42.400,35.3643333,-84.6053333,22.75,1.2,466.8847486118586,270.587
seismic,2009-08-14 13:48:18.960,36.7641667,-82.363,15.94,2.9,452.418509225165,135.446
seismic,2009-08-16 05:55:34.390,35.4701667,-85.1878333,15.44,1.6,514.7735969918042,267.063
seismic,2009-08-16 09:22:23.290,36.2828333,-89.5085,7.45,1.5,633.9376181492913,0.0
seismic,2009-08-17 23:50:31.540,35.0658333,-85.0821667,11.23,1.9,480.2047423369744,309.211
seismic,2009-08-22 07:37:17.390,42.572,-74.0916667,10.0,1.76,141.55294140214838,253.932
seismic,2009-08-23 17:29:00.890,36.2861667,-89.4631667,1.25,1.3,633.4165369437883,0.0
seismic,2009-08-25 06:32:04.320,36.2518333,-89.434,7.54,2.8,629.1034084080746,0.0
seismic,2009-08-27 01:44:50.330,38.7315,-71.9745,10.0,2.4,213.42448802324347,454.646
seismic,2009-08-27 06:09:53.750,46.3071667,-74.3163333,10.0,2.15,82.43535643607625,466.023
seismic,2009-08-28 03:19:27.000,43.018,-70.916,8.1,2.0,13.306432434616069,14.765
seismic,2009-08-29 01:34:40.130,45.6045,-74.6233333,18.14,1.7,19.623488424266363,421.948
seismic,2009-08-29 10:37:13.700,33.033,-80.1586667,4.93,3.2,28.44816214750053,0.0
seismic,2009-08-29 14:21:03.160,35.6071667,-84.3593333,8.97,1.6,469.61449466613686,242.581
seismic,2009-08-29 20:39:49.180,36.1,-89.758,8.99,1.5,619.5187717156675,0.0
seismic,2009-08-30 11:34:06.390,35.554,-84.0446667,13.06,2.1,445.9665331140036,249.951
seismic,2009-08-31 14:07:10.230,35.778,-84.1238333,14.25,3.3,469.50960737451686,224.311
seismic,2009-09-01 00:46:57.560,45.722,-75.3781667,15.17,2.54,79.90235948646007,473.915
seismic,2009-09-02 21:10:47.260,36.2396667,-89.5173333,6.31,1.1,629.4022528177705,0.0
seismic,2009-09-05 17:23:47.970,33.9688333,-87.867,4.04,2.0,360.5127960465509,226.571
seismic,2009-09-06 19:46:20.010,38.4486667,-87.8615,13.61,2.4,861.945740767689,0.0
seismic,2009-09-08 05:01:39.590,36.6206667,-89.9275,7.34,1.8,679.7459417864213,0.0
seismic,2009-09-09 03:31:27.270,36.3306667,-89.5155,9.1,1.6,639.2996518476035,0.0
seismic,2009-09-09 03:53:33.400,36.1856667,-89.4395,8.36,1.4,621.9709418903972,0.0
seismic,2009-09-09 10:21:17.090,36.144,-89.4136667,8.46,2.0,616.9180280300819,0.0
seismic,2009-09-11 16:23:58.500,32.8423333,-87.953,0.63,2.3,234.5087961235706,106.475
seismic,2009-09-13 06:01:56.820,34.2425,-81.1981667,0.8,1.5,192.7888257698765,114.242
seismic,2009-09-13 16:26:36.020,36.2943333,-89.5371667,9.64,1.8,635.7657547797105,0.0
seismic,2009-09-14 16:48:34.620,34.2276667,-81.0843333,0.06,1.9,186.2559947832505,109.907
seismic,2009-09-15 04:08:28.310,36.1643333,-89.4108333,6.77,1.3,619.088731522615,0.0
seismic,2009-09-16 07:40:22.170,36.4831667,-89.5473333,8.7,1.4,656.5841661897779,0.0
seismic,2009-09-17 11:31:46.960,36.4208333,-89.4775,3.94,1.3,648.4225340048536,0.0
seismic,2009-09-20 15:09:25.830,43.3863333,-79.4396667,3.98,2.58,417.3208842690801,610.853
seismic,2009-09-21 04:27:52.500,34.8788333,-85.2431667,21.21,1.2,480.9717447576947,332.615
seismic,2009-09-21 16:37:08.600,34.9515,-85.102,7.02,1.7,474.5367932730197,322.115
seismic,2009-09-22 01:52:54.290,36.5321667,-89.6148333,8.51,1.6,663.2776724526768,0.0
seismic,2009-09-22 06:36:06.150,36.5326667,-89.6055,6.72,1.4,663.1438029083068,0.0
seismic,2009-09-22 18:39:39.870,34.9763333,-85.4825,17.45,1.9,503.26640305051615,327.384
seismic,2009-09-23 03:45:59.950,42.8248333,-78.2388333,5.0,2.4,371.9983781175829,540.602
seismic,2009-09-23 05:11:30.480,36.6048333,-89.5743333,5.82,1.5,670.4062987454638,0.0
seismic,2009-09-23 08:59:18.660,36.2431667,-89.4346667,5.76,1.6,628.1677474798443,0.0
seismic,2009-09-23 17:02:05.310,36.174,-89.3081667,0.36,1.3,618.2699998573303,0.0
seismic,2009-09-26 21:12:20.120,44.93,-73.1213333,10.0,2.03,63.3073740643161,287.659
seismic,2009-09-27 03:35:37.820,37.5206667,-83.0818333,7.21,2.5,508.0713162899149,98.765
seismic,2009-09-28 06:00:56.630,36.4838333,-89.54,6.97,1.6,656.5136661369504,0.0
seismic,2009-09-29 13:58:51.580,39.6071667,-76.342,5.0,1.6,17.54920843274781,240.202
seismic,2009-10-01 01:31:16.160,36.1311667,-89.3995,3.07,1.1,615.2442831317195,0.0
seismic,2009-10-02 00:31:33.430,36.5616667,-89.6061667,9.79,1.6,666.3214950203768,0.0
seismic,2009-10-02 00:45:03.970,35.6108333,-84.7595,19.6,1.8,495.65788840432384,244.462
seismic,2009-10-02 15:28:47.140,36.0481667,-83.5668333,14.5,2.5,463.8525779983822,203.709
seismic,2009-10-03 06:04:32.620,45.967,-77.018,18.0,3.1,209.85506413551613,591.896
seismic,2009-10-03 19:18:45.630,36.3441667,-89.5011667,4.97,1.7,640.4932113695611,0.0
seismic,2009-10-03 20:13:35.770,36.5348333,-89.6006667,7.87,1.4,663.2830701606025,0.0
seismic,2009-10-03 21:44:19.630,35.3008333,-82.4968333,5.65,2.5,343.3703979500247,249.156
seismic,2009-10-04 00:58:17.910,36.3471667,-89.4988333,4.95,2.2,640.7755937511624,0.0
seismic,2009-10-05 00:17:54.720,36.5026667,-89.5548333,13.14,1.7,658.8616302047734,0.0
seismic,2009-10-05 15:39:07.260,36.3458333,-89.5006667,4.99,1.5,640.6655898132564,0.0
seismic,2009-10-05 18:11:36.550,36.346,-89.501,4.97,2.5,640.6903065190347,0.0
seismic,2009-10-06 00:12:08.560,36.3468333,-89.5008333,5.19,1.9,640.778122431935,0.0
seismic,2009-10-06 07:07:52.700,37.7176667,-78.0051667,6.41,1.7,77.11722021464789,0.0
seismic,2009-10-06 13:17:33.380,36.4818333,-89.5418333,6.73,1.8,656.3308855309987,0.0
seismic,2009-10-08 03:59:48.520,36.489,-89.5611667,9.46,1.8,657.4934357999879,0.0
seismic,2009-10-09 17:23:08.470,40.1428333,-73.6738333,7.46,2.14,28.31314316957913,368.345
seismic,2009-10-10 04:01:56.230,34.4916667,-85.334,6.04,1.9,451.9317472247122,349.524
seismic,2009-10-10 07:00:41.670,35.6275,-84.3836667,22.04,1.2,472.769638133598,240.321
seismic,2009-10-10 21:49:52.100,44.0906667,-75.1886667,7.75,2.38,108.00572023956032,366.238
seismic,2009-10-12 02:38:47.360,45.5071667,-75.3026667,5.96,1.5,72.37178826169713,454.053
seismic,2009-10-13 01:18:56.480,34.6798333,-85.3176667,4.79,1.4,472.8932300262137,355.81
seismic,2009-10-13 12:46:44.670,44.9535,-74.7808333,10.0,1.75,7.383016636322165,383.977
seismic,2009-10-16 08:29:53.830,36.7716667,-89.4828333,8.24,1.9,686.9675347563353,0.0
seismic,2009-10-16 11:40:59.880,36.4488333,-89.5416667,8.48,1.3,652.7221031053266,0.0
seismic,2009-10-16 11:41:32.970,36.3256667,-89.5255,8.92,1.0,638.9518065019381,0.0
seismic,2009-10-17 18:33:50.280,33.3208333,-83.778,0.42,2.3,285.3318737208707,266.529
seismic,2009-10-18 17:13:42.560,44.6625,-73.958,5.0,2.18,60.43687388277925,312.719
seismic,2009-10-18 17:53:21.910,36.2711667,-89.5476667,4.85,1.7,633.4518189654058,0.0
seismic,2009-10-20 04:19:48.150,36.509,-89.5673333,8.57,1.9,659.7994443316944,0.0
seismic,2009-10-20 19:04:08.730,42.5796667,-74.139,10.0,1.83,142.7848290184998,257.662
seismic,2009-10-21 01:32:22.170,42.572,-74.1031667,10.33,1.0,141.63556686714745,254.863
seismic,2009-10-21 01:32:43.220,42.5718333,-74.1038333,6.81,2.9,141.62199369112847,254.919
seismic,2009-10-21 13:32:04.020,36.1216667,-89.7385,5.53,1.8,621.3987460380617,0.0
seismic,2009-10-24 18:30:56.320,36.3955,-89.5588333,11.9,2.4,647.2396552393942,0.0
seismic,2009-10-25 11:16:13.490,40.0981667,-76.9726667,0.5,2.45,92.7654212389465,258.923
seismic,2009-10-25 11:18:42.280,40.0745,-76.9866667,0.5,1.8,91.16288597451926,256.019
seismic,2009-10-25 11:21:58.250,40.0963333,-76.9763333,0.5,2.76,92.75421699860156,258.609
seismic,2009-10-25 18:47:01.470,35.7718333,-84.0823333,19.25,2.0,466.57372653474897,225.347
seismic,2009-10-26 05:46:06.360,35.5528333,-84.1075,22.91,1.1,449.6629275177047,249.553
seismic,2009-10-26 21:32:22.330,36.2485,-89.5001667,7.76,1.6,630.0235348307714,0.0
seismic,2009-10-26 21:33:52.110,36.2476667,-89.5031667,7.38,1.4,629.992155169187,0.0
seismic,2009-10-27 19:13:20.960,33.796,-87.29,1.0,2.9,347.85655001930775,208.899
seismic,2009-10-28 03:14:15.110,36.1358333,-89.4141667,9.7,2.0,616.0342352061274,0.0
seismic,2009-10-28 04:21:11.100,36.2298333,-89.447,7.06,1.0,626.9450633761551,0.0
seismic,2009-10-28 22:53:23.220,36.533,-89.5865,7.63,1.7,662.7999285637751,0.0
seismic,2009-11-01 17:01:26.310,35.1368333,-84.8543333,24.51,3.0,468.1780224456491,298.162
seismic,2009-11-02 01:32:56.480,35.135,-84.8545,25.39,2.0,468.0663568469053,298.367
seismic,2009-11-02 03:10:53.070,35.137,-84.855,22.46,1.5,468.2373262437928,298.151
seismic,2009-11-02 03:16:45.290,46.1083333,-74.7528333,3.92,3.59,67.29355122790324,469.81
seismic,2009-11-06 06:12:39.770,36.0885,-89.4018333,9.32,3.4,610.620681330143,0.765
seismic,2009-11-06 18:30:10.420,33.748,-87.158,1.0,2.5,345.273938629607,205.354
seismic,2009-11-07 10:47:07.330,36.536,-89.5976667,8.27,1.8,663.3502596351457,0.0
seismic,2009-11-09 00:48:48.650,36.4771667,-89.5386667,7.78,1.7,655.7591245268881,0.0
seismic,2009-11-09 13:07:14.450,45.575,-72.406,18.0,2.9,71.41506799543251,322.226
seismic,2009-11-11 05:51:44.410,36.53,-89.6158333,10.88,1.8,663.0616198587817,0.0
seismic,2009-11-14 05:31:38.590,36.4823333,-89.537,7.82,1.2,656.2912831126989,0.0
seismic,2009-11-16 04:28:52.990,36.1411667,-89.3845,6.96,1.3,616.0562952210096,0.0
seismic,2009-11-16 09:59:33.810,34.4696667,-85.6181667,12.46,1.4,445.4612509201276,333.107
seismic,2009-11-16 17:18:54.320,36.4971667,-89.5531667,8.22,1.8,658.2280661078504,0.0
seismic,2009-11-17 01:34:08.430,35.598,-84.3363333,9.33,1.3,467.4397816064236,243.605
seismic,2009-11-17 08:01:36.760,36.2295,-89.4448333,7.12,1.2,626.8669832519339,0.0
seismic,2009-11-18 06:39:42.690,36.2291667,-89.4443333,7.28,1.3,626.8209322091068,0.0
seismic,2009-11-19 07:00:35.000,44.593,-70.713,5.2,2.5,94.4348375878446,190.947
seismic,2009-11-19 13:49:11.840,36.4303333,-89.5475,9.11,1.8,650.8164851173559,0.0
seismic,2009-11-21 05:15:44.450,36.5335,-89.6606667,7.57,1.4,664.3634984326353,0.0
seismic,2009-11-22 10:00:16.990,36.2308333,-89.4435,7.21,1.7,626.987223265848,0.0
seismic,2009-11-25 11:44:36.250,36.2296667,-89.4441667,7.43,1.3,626.872419667606,0.0
seismic,2009-11-25 22:24:46.130,37.5601667,-78.8701667,0.0,2.7,141.91229689886376,52.012
seismic,2009-11-27 02:43:21.550,35.544,-84.1863333,19.82,1.4,453.76049891961975,250.047
seismic,2009-11-27 04:44:03.490,44.8901667,-73.772,5.13,2.28,43.52428674576513,318.583
seismic,2009-11-27 05:34:12.900,36.1916667,-89.4731667,6.14,1.3,623.2830809403181,0.0
seismic,2009-11-27 12:10:02.480,36.24,-89.4363333,7.84,2.5,627.8529925637174,0.0
seismic,2009-11-29 02:31:59.610,36.2301667,-89.4448333,7.39,1.2,626.9398989893862,0.0
seismic,2009-11-29 03:05:11.470,36.4068333,-89.5251667,7.79,1.5,647.8099351993521,0.0
seismic,2009-11-29 23:29:05.630,36.39,-89.54,8.49,1.7,646.2637244337451,0.0
seismic,2009-12-03 11:18:33.900,35.122,-85.1183333,10.34,1.0,486.482135774698,303.666
seismic,2009-12-04 08:42:52.260,36.2843333,-89.4645,5.94,1.9,633.2417039197312,0.0
seismic,2009-12-04 09:15:11.280,36.7573333,-89.4526667,12.3,1.7,684.8600900509933,0.0
seismic,2009-12-04 12:15:27.270,36.239,-89.4356667,7.51,1.5,627.7308849502019,0.0
seismic,2009-12-05 11:26:12.860,35.9886667,-89.8196667,8.28,2.1,609.0322467124979,0.0
seismic,2009-12-06 00:29:59.500,36.3023333,-89.4785,5.13,1.2,635.4801485940121,0.0
seismic,2009-12-06 08:09:46.070,36.2876667,-89.4901667,5.04,1.4,634.1043940926753,0.0
seismic,2009-12-07 00:27:26.830,33.0293333,-83.0108333,6.87,3.2,208.0585080028267,196.396
seismic,2009-12-07 11:33:28.910,36.2951667,-89.472,5.63,1.3,634.5709112449001,0.0
seismic,2009-12-07 12:50:43.560,36.6868333,-89.529,4.5,2.2,678.5115373247233,0.0
seismic,2009-12-08 01:16:06.730,35.4691667,-84.6048333,16.61,1.0,474.6926024389675,258.878
seismic,2009-12-13 21:10:48.810,42.5685,-74.1076667,10.0,2.56,141.2801123915548,255.275
seismic,2009-12-13 22:00:50.540,42.5731667,-74.1076667,10.18,3.15,141.7994452535239,255.211
seismic,2009-12-15 21:25:39.250,36.4528333,-89.5401667,8.04,1.7,653.1296481313863,0.0
seismic,2009-12-16 13:17:43.410,45.012,-74.4666667,10.0,1.77,5.791281959111382,368.43
seismic,2009-12-16 13:20:50.910,37.5311667,-78.5121667,9.8,2.2,110.52217408472616,29.659
seismic,2009-12-16 19:10:31.290,36.5468333,-89.6588333,7.29,1.3,665.7775844291227,0.0
seismic,2009-12-18 11:38:08.660,36.4506667,-89.541,9.06,3.1,652.9092994044142,0.0
seismic,2009-12-18 16:27:57.340,37.696,-77.64,0.02,2.0,51.643928847908654,13.912
seismic,2009-12-18 21:09:55.200,36.4505,-89.5411667,8.16,1.4,652.8943605475772,0.0
seismic,2009-12-20 05:36:12.230,40.5796667,-75.191,2.99,2.26,64.67025775910663,386.203
seismic,2009-12-21 23:26:31.290,43.4253333,-78.664,8.02,2.7,360.3184328591876,608.442
seismic,2009-12-23 15:27:43.220,35.3865,-84.6406667,14.89,1.3,470.9129449909849,268.348
seismic,2009-12-23 20:23:58.810,35.7903333,-83.97,17.86,1.1,461.7464822532211,224.515
seismic,2009-12-25 20:36:38.000,43.666,-71.547,2.6,2.1,88.68477737330431,100.576
seismic,2009-12-26 23:53:13.970,40.8778333,-74.5495,5.53,2.03,39.42156821980455,362.822
seismic,2009-12-27 16:23:17.150,35.4251667,-85.5695,12.8,1.4,539.2911607082888,282.15
seismic,2009-12-30 05:11:33.750,35.4583333,-85.1861667,23.98,1.5,513.8376627001503,268.31
seismic,2009-12-30 05:12:34.190,35.4715,-85.1908333,24.22,1.8,515.0779950568567,266.985
seismic,2009-12-30 10:37:49.010,36.6811667,-89.527,13.58,1.9,677.8536324590141,0.0
seismic,2009-12-31 08:48:41.930,36.198,-89.4271667,5.79,1.3,623.0832266772624,0.0
seismic,2010-01-02 11:50:43.230,35.5263333,-84.5255,11.17,1.5,473.8496084699893,252.069
seismic,2010-01-02 15:14:59.000,42.839,-71.695,14.6,2.3,67.58366536654943,57.197
seismic,2010-01-05 12:20:21.210,34.7071667,-85.2851667,5.15,2.6,474.52282763647264,352.19
seismic,2010-01-05 20:24:24.960,33.703,-87.37,1.0,2.9,336.2331550701327,197.819
seismic,2010-01-06 15:28:59.830,44.9836667,-74.186,10.0,1.1,22.65901982075392,349.582
seismic,2010-01-13 21:36:48.400,45.6215,-74.9086667,11.75,1.77,41.83691331498324,439.236
seismic,2010-01-16 19:35:19.250,36.5388333,-89.6565,6.52,1.5,664.857851330545,0.0
seismic,2010-01-17 00:17:38.430,45.1393333,-75.0475,11.82,1.31,30.584370649300794,413.14
seismic,2010-01-17 22:46:21.060,35.9741667,-89.9005,8.65,1.9,609.5489550161492,0.0
seismic,2010-01-18 07:32:32.680,35.5246667,-89.9408333,5.57,2.3,562.7906771911901,4.767
seismic,2010-01-18 20:01:37.320,35.0601667,-86.4856667,9.65,1.9,499.2876889047321,278.705
seismic,2010-01-20 15:17:01.940,36.5358333,-89.6391667,6.29,1.6,664.1734749517619,0.0
seismic,2010-01-21 05:08:44.640,36.3355,-84.136,18.03,1.1,519.172217271056,162.068
seismic,2010-01-30 09:58:18.990,36.4525,-89.5375,7.89,1.2,653.040978468303,0.0
seismic,2010-01-30 20:29:47.690,36.3291667,-89.4651667,5.0,2.2,638.1580584670825,0.0
seismic,2010-01-31 04:52:08.810,36.3288333,-89.465,4.91,2.1,638.1184016258918,0.0
seismic,2010-02-01 17:18:07.050,45.1975,-73.2011667,17.22,2.18,35.600290695349564,315.272
seismic,2010-02-01 18:15:16.480,43.3315,-73.6356667,5.84,1.51,203.7673807712226,221.507
seismic,2010-02-02 21:18:27.820,46.359,-68.197,5.0,2.5,147.536408062025,440.703
seismic,2010-02-03 12:18:14.620,36.461,-89.526,7.79,1.5,653.7457297853701,0.0
seismic,2010-02-04 11:18:14.530,36.6108333,-89.9068333,9.77,1.4,678.1977100276129,0.0
seismic,2010-02-05 10:50:28.240,40.731,-74.6565,2.0,1.14,38.80470586616025,379.899
seismic,2010-02-05 11:21:34.210,35.1343333,-84.8636667,22.17,1.2,468.6826673881701,298.547
seismic,2010-02-07 12:22:14.870,36.5348333,-89.642,7.25,1.6,664.1227109009014,0.0
seismic,2010-02-08 02:45:32.160,36.5343333,-89.6421667,6.52,1.6,664.0716543793468,0.0
seismic,2010-02-08 02:54:44.840,36.5381667,-89.635,7.13,1.3,664.3423882008207,0.0
seismic,2010-02-08 03:15:35.510,36.5363333,-89.6391667,6.77,1.9,664.2279660536021,0.0
seismic,2010-02-10 01:17:30.920,41.0283333,-74.3041667,5.66,1.39,32.7538469418043,336.329
seismic,2010-02-10 09:59:35.140,41.969,-88.498,10.0,3.8,1018.5571830825362,215.286
seismic,2010-02-14 02:51:20.300,42.5795,-74.137,17.87,1.3,142.74820695547598,257.502
seismic,2010-02-14 03:23:32.840,42.5816667,-74.158,22.39,1.29,143.1880244138464,259.174
seismic,2010-02-14 10:41:35.390,42.582,-74.1335,18.6,1.21,142.9947812529219,257.185
seismic,2010-02-14 11:36:58.910,42.584,-74.1385,18.64,1.21,143.2616630869209,257.564
seismic,2010-02-14 20:36:43.070,36.662,-89.7611667,3.98,1.9,680.4691714127343,0.0
seismic,2010-02-15 08:46:25.790,42.5891667,-74.1568333,19.87,1.34,144.00858119795834,258.983
seismic,2010-02-15 09:08:04.110,42.584,-74.1563333,20.36,1.26,143.43036218982058,259.009
seismic,2010-02-15 19:16:09.790,36.4953333,-89.5606667,7.42,1.6,658.17527804451,0.0
seismic,2010-02-16 12:11:21.150,36.2078333,-89.4608333,8.57,1.3,624.8076958079481,0.0
seismic,2010-02-16 12:22:20.160,36.2448333,-89.4386667,6.61,1.2,628.4262596322643,0.0
seismic,2010-02-18 06:43:09.850,36.2336667,-89.442,6.13,1.2,627.268390960915,0.0
seismic,2010-02-18 07:32:55.920,42.5903333,-74.1538333,18.86,2.03,144.10868594822233,258.725
seismic,2010-02-18 08:01:46.010,42.584,-74.1656667,21.88,1.18,143.52456179616402,259.765
seismic,2010-02-18 11:30:12.200,42.5838333,-74.1453333,20.29,1.06,143.30604049654096,258.12
seismic,2010-02-18 14:20:42.930,42.585,-74.1543333,18.01,1.62,143.52167710473526,258.834
seismic,2010-02-21 13:59:25.340,40.7078333,-74.6461667,3.0,2.37,36.768497513578126,380.805
seismic,2010-02-21 17:31:57.410,40.7141667,-74.6798333,5.0,1.4,39.595381526243074,382.599
seismic,2010-02-24 21:57:31.210,33.691,-87.232,0.0,3.0,337.5122684323072,197.966
seismic,2010-02-25 03:01:49.850,34.5955,-85.558,8.44,1.5,460.1294069031472,347.96
seismic,2010-02-25 22:13:12.590,41.22,-83.29,5.0,2.4,586.5174006193503,302.646
seismic,2010-02-28 03:51:24.840,45.7261667,-74.4561667,7.37,3.41,19.233695408499266,422.782
seismic,2010-02-28 13:19:37.960,45.699,-74.469,18.0,2.6,16.78428538050759,421.229
seismic,2010-03-02 19:37:35.160,36.788,-89.3561667,8.2,3.7,686.5987467599117,0.0
seismic,2010-03-02 23:59:47.860,36.7888333,-89.3375,7.87,1.6,686.3881843015799,0.0
seismic,2010-03-03 04:18:49.020,36.2046667,-89.4795,6.25,1.2,624.8278608596532,0.0
seismic,2010-03-03 05:32:44.230,43.3765,-78.1296667,5.0,1.07,326.8759011286325,581.147
seismic,2010-03-03 07:42:32.670,36.7835,-89.3565,8.22,1.7,686.1086776486268,0.0
seismic,2010-03-06 04:06:43.800,36.4856667,-89.5336667,8.34,1.7,656.5908157665723,0.0
seismic,2010-03-06 04:08:18.960,36.4856667,-89.534,7.96,1.6,656.5972876043611,0.0
seismic,2010-03-06 13:18:02.490,47.047,-70.915,18.0,3.2,0.8559825189738982,462.886
seismic,2010-03-06 15:09:24.950,45.9893333,-75.3766667,4.79,2.48,90.99896851608791,493.749
seismic,2010-03-08 10:10:38.560,42.163,-83.07,18.0,2.5,622.3381509417915,385.879
seismic,2010-03-09 21:56:54.710,38.324,-81.037,0.0,3.1,318.50668639728843,81.227
seismic,2010-03-10 00:28:03.810,36.2358333,-89.433,7.35,1.2,627.3336451562684,0.0
seismic,2010-03-10 00:31:36.760,36.236,-89.4313333,7.55,1.3,627.3201977617193,0.0
seismic,2010-03-10 00:33:47.460,36.237,-89.431,7.38,1.2,627.4232897519004,0.0
seismic,2010-03-10 03:50:18.230,36.1241667,-89.7326667,8.31,2.3,621.5325600894394,0.0
seismic,2010-03-10 06:41:18.920,47.685,-70.103,10.4,3.1,1.7014521469398751,536.964
seismic,2010-03-10 13:09:04.840,45.7238333,-74.4535,6.87,2.46,18.923073949278905,422.451
seismic,2010-03-12 22:38:38.230,36.1306667,-89.4178333,9.68,1.5,615.5394299837257,0.0
seismic,2010-03-14 01:15:23.660,36.6,-89.5645,13.58,1.5,669.6868023024809,0.0
seismic,2010-03-19 10:30:22.430,36.5531667,-89.7818333,12.02,2.0,669.1046336635299,0.0
seismic,2010-03-22 17:04:44.740,36.2593333,-89.4615,6.3,1.1,630.4502350232207,0.0
seismic,2010-03-24 02:25:40.060,42.5935,-74.1865,13.5,2.16,144.80119418895586,261.333
seismic,2010-03-25 22:43:14.210,33.7586667,-82.3883333,15.8,2.5,196.77589466985145,150.134
seismic,2010-03-26 01:35:42.420,44.2986667,-73.8558333,10.0,1.12,98.5444740200991,282.104
seismic,2010-03-27 11:36:55.650,38.079,-82.001,0.0,2.8,404.270174056264,114.145
seismic,2010-03-27 16:47:54.390,36.2101667,-89.4618333,7.07,1.2,625.0821945867858,0.0
seismic,2010-03-27 21:08:14.260,35.4753333,-84.2178333,16.88,1.0,450.1681619311327,257.584
seismic,2010-03-28 14:58:23.220,35.594,-84.336,22.21,1.1,467.0973165841182,244.053
seismic,2010-03-28 20:40:34.420,35.6258333,-84.9973333,13.1,2.1,512.6912383368448,246.233
seismic,2010-03-30 20:42:19.000,44.672,-68.752,4.4,3.0,12.471258836975991,260.867
seismic,2010-03-31 05:16:15.390,35.6661667,-84.1541667,19.39,2.0,461.8799889959772,236.58
seismic,2010-04-04 00:11:24.450,36.1686667,-89.3861667,5.7,1.3,619.0988966351789,0.0
seismic,2010-04-04 06:15:31.470,36.4246667,-89.527,7.48,1.8,649.7943569630469,0.0
seismic,2010-04-04 09:19:14.010,38.599,-80.9161667,0.02,3.4,307.84483152651427,108.408
seismic,2010-04-05 05:54:11.570,46.176,-72.739,18.0,2.8,0.0628099623881476,393.793
seismic,2010-04-10 02:58:34.550,36.6588333,-89.5393333,4.77,1.8,675.6402326691933,0.0
seismic,2010-04-12 18:55:28.620,35.5635,-84.3976667,4.39,2.0,468.5463660040843,247.502
seismic,2010-04-13 07:45:05.630,36.2438333,-89.445,5.67,1.3,628.4378797243171,0.0
seismic,2010-04-15 07:57:20.860,45.516,-72.431,18.0,2.7,74.5605262025866,316.895
seismic,2010-04-15 17:06:29.600,45.528,-72.406,18.0,3.0,75.44269380509678,317.384
seismic,2010-04-16 10:57:00.550,36.2463333,-89.4433333,5.56,1.1,628.6794517741314,0.0
seismic,2010-04-16 22:30:38.490,36.5385,-89.6438333,8.62,1.6,664.5599775384532,0.0
seismic,2010-04-16 22:32:05.540,36.537,-89.6431667,8.2,1.2,664.3828117641177,0.0
seismic,2010-04-17 08:52:49.090,36.2405,-89.5115,8.23,1.4,629.37616676176,0.0
seismic,2010-04-18 20:58:27.750,35.7386667,-84.0098333,10.22,1.5,459.5495546082086,229.768
seismic,2010-04-20 07:49:11.870,35.736,-84.0106667,4.02,1.5,459.3684026775056,230.054
seismic,2010-04-20 07:56:54.720,35.7353333,-84.011,3.49,1.5,459.3303223986766,230.125
seismic,2010-04-20 08:16:48.110,35.7358333,-84.0186667,9.99,1.4,459.81459208680906,229.985
seismic,2010-04-20 09:28:20.040,35.7251667,-84.001,2.24,3.3,457.8820054318754,231.367
seismic,2010-04-20 09:33:38.000,35.7301667,-84.0141667,6.25,1.6,459.0692419985578,230.664
seismic,2010-04-21 13:25:45.810,45.539,-72.399,18.0,2.7,75.23929289343438,318.311
seismic,2010-04-22 02:14:55.610,35.7351667,-84.002,1.67,2.6,458.798688882025,230.245
seismic,2010-04-22 13:03:36.490,36.5068333,-89.5798333,10.0,2.0,659.8107140347514,0.0
seismic,2010-04-24 07:08:54.280,47.058,-71.085,18.0,3.3,9.848280395645144,464.336
seismic,2010-04-24 09:05:33.280,38.4195,-87.7426667,7.88,2.4,858.9378084410707,0.0
seismic,2010-04-25 02:00:39.260,41.78,-81.08,5.0,3.0,466.9270184018032,463.993
seismic,2010-04-27 08:42:33.490,36.498,-89.5433333,8.12,2.0,658.1268426980953,0.0
seismic,2010-04-29 01:36:21.260,38.6856667,-80.8148333,0.05,2.6,299.7094181199461,116.755
seismic,2010-04-29 04:12:52.410,37.847,-77.7145,3.98,2.3,61.71917979896726,15.242
seismic,2010-04-29 04:44:30.020,36.275,-89.501,9.15,1.9,632.9337759197732,0.0
seismic,2010-04-29 04:59:27.010,36.2756667,-89.5008333,8.6,1.6,633.003293379772,0.0
seismic,2010-04-29 12:38:53.430,38.6648333,-80.8561667,0.0,2.7,303.0911231080196,114.871
seismic,2010-04-29 23:26:39.470,38.722,-80.803,5.0,2.5,299.0386334989907,120.7
seismic,2010-05-04 06:49:34.070,35.901,-89.9566667,9.0,2.0,603.2326951185331,0.0
seismic,2010-05-04 09:22:14.990,36.242,-89.502,6.67,1.5,629.3503018079383,0.0
seismic,2010-05-05 22:19:18.100,47.576,-70.088,19.1,3.1,7.508751083436094,525.154
seismic,2010-05-06 01:47:03.280,36.4456667,-89.5391667,7.91,1.4,652.3270833560014,0.0
seismic,2010-05-06 14:04:54.490,34.187,-85.948,5.0,3.2,411.1619632740576,290.513
seismic,2010-05-07 10:26:03.540,38.6023333,-80.9121667,0.01,2.6,307.5164164745792,108.712
seismic,2010-05-08 03:03:00.620,38.623,-80.9113333,0.01,2.4,307.55619579830585,110.979
seismic,2010-05-10 10:29:52.580,35.875,-89.9781667,11.4,2.6,601.0533878017421,0.0
seismic,2010-05-11 14:26:55.750,45.4675,-75.214,14.39,1.96,64.5721680772559,445.896
seismic,2010-05-12 09:03:36.760,32.9291667,-80.1335,1.26,2.8,19.66067369365795,0.0
seismic,2010-05-14 02:27:02.150,41.39,-83.3,5.0,2.7,595.3745967389787,313.391
seismic,2010-05-15 08:32:01.370,36.2913333,-89.475,5.64,1.9,634.2098307666826,0.0
seismic,2010-05-16 00:34:43.270,49.705,-66.943,18.0,3.1,15.4226109833216,814.286
seismic,2010-05-16 10:34:34.570,36.0786667,-89.7986667,8.43,2.8,618.1974084843303,0.0
seismic,2010-05-17 03:18:45.750,45.011,-79.572,5.0,2.5,382.5475666166872,728.144
seismic,2010-05-17 21:29:05.650,41.24,-81.51,5.0,2.7,457.7641153159781,408.535
seismic,2010-05-18 12:55:58.220,44.9221667,-74.402,14.45,1.59,17.004050123081267,358.166
seismic,2010-05-18 23:05:01.250,45.987,-74.795,18.0,2.6,57.253217477525375,461.932
seismic,2010-05-21 01:54:19.410,38.606,-89.8528333,20.02,2.3,894.8729072192303,1.221
seismic,2010-05-21 12:03:01.870,36.5136667,-89.5485,7.49,1.5,659.9396864127204,0.0
seismic,2010-05-23 21:29:44.670,34.6978333,-84.9423333,11.59,1.5,447.1117355617781,347.892
seismic,2010-05-24 03:35:15.980,36.5655,-89.5785,5.69,1.4,666.190555733918,0.0
seismic,2010-05-26 18:16:06.100,35.8736667,-83.8401667,19.6,2.3,461.9188504825211,217.122
seismic,2010-05-28 21:11:36.860,37.812,-81.564,0.0,2.8,371.61047159608336,66.14
seismic,2010-05-30 02:34:01.980,36.5485,-89.716,9.2,3.1,667.1632238914934,0.0
seismic,2010-05-30 02:37:49.980,36.5483333,-89.714,9.08,2.0,667.1023108583993,0.0
seismic,2010-06-01 04:06:48.500,36.5485,-89.7161667,9.79,2.4,667.1667925759324,0.0
seismic,2010-06-01 19:37:53.150,35.3928333,-84.5958333,24.99,2.2,468.361768335093,267.346
seismic,2010-06-03 09:35:39.440,44.7943333,-74.629,7.54,1.59,23.74498634923084,363.906
seismic,2010-06-03 12:25:02.930,40.0863333,-76.9736667,1.5,3.05,91.68501159192252,257.677
seismic,2010-06-04 08:17:01.000,36.549,-89.5886667,6.67,1.5,664.589764626545,0.0
seismic,2010-06-04 22:21:59.610,35.7225,-84.1398333,19.47,1.4,465.7498246219986,230.386
seismic,2010-06-06 04:40:15.380,34.9965,-82.9023333,0.02,1.9,332.8460505064687,269.669
seismic,2010-06-06 08:13:45.420,40.4168333,-74.3133333,5.0,1.35,6.81118042961182,381.147
seismic,2010-06-07 01:55:16.020,35.6253333,-83.8203333,16.43,1.7,438.9449387338953,244.804
seismic,2010-06-07 14:34:44.240,43.02,-70.31,9.9,2.9,29.014601344636542,42.913
seismic,2010-06-07 16:22:32.160,41.77,-81.1,5.0,2.4,467.3942298508379,463.011
seismic,2010-06-08 05:23:31.910,36.1205,-89.4093333,8.55,1.5,614.2645122155383,0.0
seismic,2010-06-09 04:30:06.000,44.447,-71.183,5.5,2.4,110.85719529389472,175.549
seismic,2010-06-09 18:40:16.020,36.2486667,-89.4028333,5.21,2.5,628.1713201004413,0.0
seismic,2010-06-10 16:32:22.310,41.76,-81.43,5.0,2.6,487.2311859513786,464.952
seismic,2010-06-11 17:40:37.900,33.764,-87.167,1.0,2.9,346.8161503593942,206.971
seismic,2010-06-12 00:19:39.580,36.2416667,-89.4928333,9.09,1.2,629.1320889665076,0.0
seismic,2010-06-14 10:46:48.900,35.566,-85.0645,19.78,1.1,512.928898337345,254.047
seismic,2010-06-15 14:59:48.000,45.972,-73.818,14.5,2.78,31.2711586682131,413.392
seismic,2010-06-18 02:03:26.130,36.5345,-89.6443333,7.62,1.3,664.1344105551015,0.0
seismic,2010-06-23 07:10:50.730,36.5523333,-89.858,6.0,1.7,670.7381205924863,0.0
seismic,2010-06-23 17:41:42.700,45.8835,-75.475,18.89,5.35,92.5255557363358,491.414
seismic,2010-06-23 17:53:34.490,45.878,-75.477,18.0,3.1,92.43865846421176,491.124
seismic,2010-06-23 18:03:32.410,45.895,-75.503,18.0,2.7,95.02423249767256,493.888
seismic,2010-06-23 18:04:32.670,45.881,-75.508,18.0,2.9,94.79898851201212,493.146
seismic,2010-06-23 18:07:01.540,45.9703333,-75.1935,0.0,2.34,77.94972782162375,482.058
seismic,2010-06-23 18:07:13.950,45.89,-75.51,18.0,3.0,95.31584348943798,493.925
seismic,2010-06-23 18:15:47.870,45.882,-75.516,18.0,2.6,95.41791259201575,493.685
seismic,2010-06-23 18:22:47.120,45.901,-75.475,18.0,2.9,93.28326179059452,492.711
seismic,2010-06-23 18:25:09.630,45.877,-75.464,18.0,2.7,91.4608086483828,490.296
seismic,2010-06-23 18:29:02.990,45.897,-75.465,18.0,3.0,92.39373956137456,491.836
seismic,2010-06-23 19:02:06.400,45.864,-75.488,18.0,2.7,92.66553120950564,490.731
seismic,2010-06-23 19:18:21.250,45.865,-75.496,18.0,2.9,93.28612810045551,491.27
seismic,2010-06-23 21:06:55.310,45.909,-75.497,18.0,2.6,95.20482106118068,494.576
seismic,2010-06-23 22:24:25.710,45.882,-75.494,18.0,2.5,93.82999092825476,492.406
seismic,2010-06-23 23:34:03.160,45.871,-75.474,22.9,3.3,91.9333580631681,490.433
seismic,2010-06-24 04:40:14.310,45.875,-75.521,15.7,2.6,95.49772955646516,493.462
seismic,2010-06-24 04:41:58.260,45.877,-75.531,15.6,2.6,96.302865285359,494.192
seismic,2010-06-24 05:49:36.000,45.854,-75.559,14.7,2.7,97.47231803282496,494.15
seismic,2010-06-24 08:55:23.410,45.875,-75.504,17.0,2.7,94.26574959050087,492.471
seismic,2010-06-24 23:49:08.170,45.871,-75.518,16.7,3.2,95.12127494381464,492.993
seismic,2010-06-25 06:26:36.220,45.873,-75.464,19.6,2.5,91.29397701776118,490.0
seismic,2010-06-26 05:22:29.550,45.886,-75.483,18.8,2.6,93.20609053401564,492.063
seismic,2010-06-26 09:46:30.570,45.869,-75.54,13.5,2.5,96.64398036526096,494.131
seismic,2010-07-02 16:31:22.450,45.887,-75.512,20.8,2.6,95.33486250597454,493.82
seismic,2010-07-03 00:10:52.280,36.209,-89.4713333,5.89,1.7,625.1404812309255,0.0
seismic,2010-07-03 08:28:05.990,46.991,-66.592,5.0,2.8,94.11220041126178,567.034
seismic,2010-07-05 03:08:15.100,36.5315,-89.641,7.25,1.6,663.7389146064896,0.0
seismic,2010-07-05 06:27:03.080,36.5368333,-89.6368333,7.4,1.5,664.2346018535791,0.0
seismic,2010-07-05 06:27:05.280,36.5573333,-89.6531667,14.54,1.6,666.8042994675316,0.0
seismic,2010-07-05 08:39:13.180,36.2108333,-89.4703333,6.07,1.4,625.3211659833804,0.0
seismic,2010-07-05 21:20:30.700,36.6431667,-89.5993333,5.32,1.3,675.0840823542501,0.0
seismic,2010-07-08 01:16:23.530,36.2483333,-89.4373333,6.94,1.6,628.7837911498092,0.0
seismic,2010-07-11 07:23:03.380,36.529,-89.5805,5.92,1.7,662.244017892934,0.0
seismic,2010-07-16 09:04:47.800,39.2606667,-77.4103333,7.03,3.6,49.75660625989957,158.092
seismic,2010-07-16 09:16:07.710,39.2041667,-77.2993333,5.6,1.99,39.23934199063613,156.778
seismic,2010-07-16 13:50:53.470,35.0666667,-82.8833333,1.61,1.3,338.3365519278434,274.183
seismic,2010-07-16 17:26:19.980,36.493,-89.5605,9.11,2.5,657.9171468906568,0.0
seismic,2010-07-16 23:10:35.660,36.4816667,-89.5395,8.18,1.5,656.2671443162797,0.0
seismic,2010-07-18 04:28:44.820,36.4618333,-89.5763333,10.7,1.3,654.8291572939197,0.0
seismic,2010-07-18 23:50:44.880,46.96,-66.606,5.0,2.9,95.64330255689592,563.659
seismic,2010-07-22 19:42:56.610,45.825,-75.3823333,17.45,2.44,83.45148853753953,481.714
seismic,2010-07-23 17:24:22.000,46.5,-71.62,18.0,3.51,16.28812260342847,406.237
seismic,2010-07-24 07:33:11.420,36.4695,-89.5501667,8.16,1.3,655.1467867442274,0.0
seismic,2010-07-24 09:15:44.130,38.6753333,-80.8201667,2.26,2.4,300.0799831444515,115.654
seismic,2010-07-25 03:48:35.550,38.6791667,-80.7971667,7.98,2.2,298.13549373075483,115.873
seismic,2010-07-25 18:36:25.640,44.424,-66.846,5.0,3.2,20.220951637226204,361.946
seismic,2010-07-29 18:35:07.010,44.84,-67.64,4.4,2.7,22.841007620994773,336.112
seismic,2010-08-01 04:09:00.280,35.7656667,-83.9966667,5.75,1.6,461.1217404906467,226.921
seismic,2010-08-02 09:27:31.420,47.776,-65.745,5.0,2.8,2.468938443451853,675.027
seismic,2010-08-02 15:12:33.690,36.496,-89.5891667,11.99,1.6,658.8148617061657,0.0
seismic,2010-08-05 09:20:02.500,33.2066667,-83.2818333,2.69,2.2,237.69195037339423,220.456
seismic,2010-08-07 03:22:04.890,36.488,-89.5475,8.72,1.6,657.1155096663433,0.0
seismic,2010-08-07 14:34:22.110,47.014,-70.654,25.4,3.5,3.4263709832584093,459.617
seismic,2010-08-09 23:19:53.340,36.2678333,-89.4996667,6.89,1.4,632.1247585965858,0.0
seismic,2010-08-11 13:03:21.930,47.418,-70.307,12.9,2.5,1.5998450402926472,506.0
seismic,2010-08-14 22:46:18.510,36.5338333,-89.6036667,7.16,1.6,663.2342048316436,0.0
seismic,2010-08-15 00:01:33.320,36.4535,-89.5326667,7.34,1.1,653.0557685316979,0.0
seismic,2010-08-15 00:03:52.060,36.4476667,-89.5373333,7.98,1.6,652.5096354509498,0.0
seismic,2010-08-15 00:04:38.960,36.4475,-89.535,8.09,1.5,652.4457353679276,0.0
seismic,2010-08-15 00:10:13.340,36.4485,-89.5368333,7.88,1.6,652.5908847742891,0.0
seismic,2010-08-15 00:11:27.320,36.4468333,-89.5383333,7.9,1.0,652.4381852601962,0.0
seismic,2010-08-15 00:12:37.010,36.4526667,-89.5346667,6.84,1.0,653.0037695388233,0.0
seismic,2010-08-15 04:38:47.380,38.8183333,-80.4298333,16.94,2.5,268.4239791085966,131.915
seismic,2010-08-17 21:05:49.910,36.535,-89.6123333,6.43,1.5,663.5361455877728,0.0
seismic,2010-08-18 10:58:42.980,36.5653333,-89.5916667,6.27,1.6,666.4325963311503,0.0
seismic,2010-08-21 03:16:21.990,38.7925,-80.3976667,10.62,2.5,265.2733339349062,129.405
seismic,2010-08-22 04:22:56.930,36.3658333,-89.5075,7.85,1.3,642.9845147989047,0.0
seismic,2010-08-22 20:41:47.530,42.638,-78.601,2.0,1.45,403.618158649878,520.347
seismic,2010-08-23 01:34:05.170,36.2663333,-89.4728333,6.47,1.0,631.4349863601593,0.0
seismic,2010-08-26 04:08:34.640,36.5298333,-89.6353333,5.39,1.2,663.4409208964807,0.0
seismic,2010-08-26 04:22:15.190,37.7483333,-81.2046667,0.08,2.4,342.3186497794932,35.955
seismic,2010-08-26 04:24:55.390,37.7273333,-81.2043333,4.21,2.2,342.80732066441664,34.534
seismic,2010-08-28 05:49:37.950,36.4561667,-89.5248333,7.77,1.9,653.1947635243912,0.0
seismic,2010-08-29 08:59:59.000,43.69,-70.62,6.0,2.6,27.11303337034434,92.3
seismic,2010-08-29 10:40:26.720,36.216,-89.4578333,7.25,1.3,625.6419381739348,0.0
seismic,2010-08-30 16:31:03.250,36.4888333,-81.7251667,10.57,2.7,403.643430369604,103.488
seismic,2010-08-31 03:49:54.000,36.5361667,-89.6443333,8.59,1.5,664.3160184495472,0.0
seismic,2010-09-02 14:21:10.000,45.7623333,-75.1701667,10.0,1.54,65.55789475137547,464.814
seismic,2010-09-04 13:07:16.150,36.3038333,-89.5205,8.7,1.5,636.4687610996984,0.0
seismic,2010-09-06 01:42:29.750,36.2065,-89.4593333,8.77,1.5,624.6327613439902,0.0
seismic,2010-09-06 09:25:08.240,36.359,-89.5661667,10.86,1.0,643.4056418241715,0.0
seismic,2010-09-06 09:44:31.720,43.965,-74.2648333,6.6,1.31,120.48708302285344,292.691
seismic,2010-09-12 04:48:06.010,36.5348333,-89.6345,10.63,1.8,663.9688165229338,0.0
seismic,2010-09-12 04:49:43.140,36.5305,-89.6301667,9.74,1.5,663.4078329373253,0.0
seismic,2010-09-12 10:47:24.080,36.5275,-89.7395,1.53,1.9,665.3887969907292,0.0
seismic,2010-09-13 15:08:46.470,38.0998333,-82.034,14.42,2.4,406.8407713897738,117.814
seismic,2010-09-14 10:59:05.770,36.3878333,-89.5333333,8.54,1.7,645.8951491900403,0.0
seismic,2010-09-15 09:37:18.380,36.5381667,-89.6001667,8.62,1.8,663.6367913710717,0.0
seismic,2010-09-16 14:32:37.790,36.5165,-89.5645,7.8,1.8,660.5627334538,0.0
seismic,2010-09-17 11:19:00.580,36.2555,-89.4918333,8.97,1.7,630.6231385029483,0.0
seismic,2010-09-19 00:49:16.950,43.772,-74.1461667,2.78,1.28,143.73769278151758,275.63
seismic,2010-09-19 16:47:29.000,46.29,-74.56,12.0,2.75,82.06614146065431,475.845
seismic,2010-09-19 16:57:07.900,46.3,-74.52,12.0,2.67,82.69193019354427,474.823
seismic,2010-09-22 03:11:37.500,36.2238333,-89.4461667,7.44,1.0,626.2728844766488,0.0
seismic,2010-09-22 06:34:51.770,36.4678333,-89.552,8.44,1.5,655.0008336496558,0.0
seismic,2010-09-23 06:01:39.260,36.4916667,-89.5671667,9.17,2.0,657.9032979119156,0.0
seismic,2010-09-24 04:07:08.700,36.3663333,-89.5463333,9.51,2.1,643.8063091061745,0.0
seismic,2010-09-24 11:20:55.880,36.344,-89.5265,9.58,1.8,640.973317877531,0.0
seismic,2010-09-26 03:28:11.120,43.3233333,-71.5896667,5.0,3.15,72.82656502294076,71.95
seismic,2010-09-27 07:00:33.000,36.4405,-89.487,7.69,1.1,650.754891570676,0.0
seismic,2010-09-28 23:48:08.940,35.5891667,-84.4616667,9.63,2.2,474.64590037687503,244.789
seismic,2010-10-01 03:39:25.700,36.2585,-89.4615,5.49,1.0,630.359124242663,0.0
seismic,2010-10-02 07:12:23.600,36.5183333,-89.6543333,0.62,2.3,662.5801432475353,0.0
seismic,2010-10-02 20:17:00.050,37.8531667,-77.5186667,19.2,3.0,48.0651093289458,29.798
seismic,2010-10-02 20:37:32.520,36.6701667,-89.5328333,8.16,1.6,676.7584120525091,0.0
seismic,2010-10-03 01:29:36.900,36.2396667,-89.4156667,7.64,2.1,627.4255398566257,0.0
seismic,2010-10-05 02:24:01.760,45.469,-73.3191667,7.03,1.09,14.35684504703008,345.34
seismic,2010-10-06 10:20:01.130,36.1786667,-89.4548333,9.22,1.3,621.5032630845387,0.0
seismic,2010-10-07 01:15:56.130,36.1585,-89.4743333,11.84,1.5,619.6841715142073,0.0
seismic,2010-10-07 23:10:53.420,47.406,-70.327,12.7,3.0,1.0681728851631536,504.541
seismic,2010-10-08 11:08:33.890,47.107,-70.679,27.8,3.1,2.9412186409107623,469.822
seismic,2010-10-09 11:47:32.230,36.5416667,-89.6683333,6.55,1.7,665.4124507723307,0.0
seismic,2010-10-13 17:30:44.010,44.2478333,-73.5558333,0.01,1.8,116.3481818744574,259.268
seismic,2010-10-14 07:58:31.650,35.9476667,-83.9468333,6.26,2.4,474.2925933738202,207.366
seismic,2010-10-16 13:21:06.330,37.0531667,-83.8311667,1.89,2.0,572.4538081930091,89.584
seismic,2010-10-18 01:58:21.700,47.694,-69.952,23.2,2.8,4.961896580911956,539.43
seismic,2010-10-18 04:29:57.220,44.2213333,-72.33,14.65,1.6,163.68510629500776,186.865
seismic,2010-10-18 17:19:44.720,36.2526667,-89.4536667,6.55,1.5,629.5703104893503,0.0
seismic,2010-10-21 16:24:08.140,35.6998333,-82.8608333,8.3,1.7,398.0761015987947,237.9
seismic,2010-10-23 07:37:13.320,36.5285,-89.5701667,7.39,2.3,661.9850688424227,0.0
seismic,2010-10-24 01:08:01.090,36.1056667,-89.4401667,12.42,1.8,613.2398827036852,0.0
seismic,2010-10-24 08:12:44.510,39.433,-81.362,5.0,2.8,361.7204890551454,208.23
seismic,2010-10-26 12:51:25.880,36.197,-89.46,7.21,1.6,623.6075448268962,0.0
seismic,2010-10-28 18:59:23.810,34.9128333,-81.7843333,2.98,2.5,278.5760507429777,203.642
seismic,2010-10-28 23:06:09.850,47.425,-70.476,7.9,3.0,1.2699571666160043,505.74
seismic,2010-10-29 00:18:21.460,36.5603333,-89.5998333,11.58,2.1,666.0493142538157,0.0
seismic,2010-10-29 03:00:08.020,36.5143333,-89.5438333,6.27,1.9,659.921677183218,0.0
seismic,2010-10-29 06:04:10.690,36.167,-89.4456667,10.54,1.6,620.049670663363,0.0
seismic,2010-10-29 12:34:03.090,36.2036667,-89.4221667,6.23,1.2,623.6080296881406,0.0
seismic,2010-10-29 17:23:47.470,33.77,-87.289,1.0,2.9,345.028948097786,206.024
seismic,2010-10-30 06:10:13.600,37.7348333,-77.4596667,4.0,2.4,46.8661717226567,30.23
seismic,2010-10-31 12:19:29.390,36.516,-89.5418333,6.68,1.6,660.0650025515869,0.0
seismic,2010-10-31 16:53:29.030,36.5088333,-81.7176667,3.73,2.9,402.4316073284925,101.488
seismic,2010-11-01 23:02:31.310,35.9743333,-89.9006667,10.21,2.1,609.5711581378927,0.0
seismic,2010-11-08 01:11:37.630,37.1668333,-89.735,10.05,2.8,734.9524386940897,3.85
seismic,2010-11-08 15:26:07.360,36.204,-89.4225,6.27,1.4,623.6508327364165,0.0
seismic,2010-11-09 11:13:13.340,36.2051667,-89.4241667,6.86,1.5,623.8101760764074,0.0
seismic,2010-11-12 00:25:12.900,36.3433333,-89.5301667,9.72,2.2,640.9733295987684,0.0
seismic,2010-11-14 02:23:58.620,36.2281667,-89.8443333,13.85,1.8,635.4162164546116,0.0
seismic,2010-11-14 10:53:22.020,36.3713333,-89.511,7.87,1.9,643.6538712242509,0.0
seismic,2010-11-14 19:12:01.330,36.2258333,-89.4975,6.75,1.3,627.495837734124,0.0
seismic,2010-11-14 21:50:30.110,36.4286667,-89.6078333,13.4,2.1,651.8509834424815,0.0
seismic,2010-11-17 01:24:31.740,35.5523333,-84.4876667,21.21,2.0,473.421050755921,249.01
seismic,2010-11-18 00:55:53.550,36.7335,-89.5036667,8.03,2.3,683.1573534907964,0.0
seismic,2010-11-19 12:49:16.150,36.1585,-89.6766667,8.18,2.1,623.9661091851142,0.0
seismic,2010-11-20 13:35:43.910,36.5091667,-89.4615,2.47,1.7,657.7966152342113,1.072
seismic,2010-11-24 17:05:43.360,36.44,-89.5183333,7.22,1.1,651.301466112459,0.0
seismic,2010-11-26 23:44:45.990,36.2911667,-89.4755,5.73,1.3,634.2013028149102,0.0
seismic,2010-11-27 20:20:11.130,36.2711667,-89.4753333,5.89,1.5,632.0118753939746,0.0
seismic,2010-11-30 15:45:57.040,39.9546667,-71.571,19.92,3.68,122.45904952160988,313.503
seismic,2010-12-01 04:17:49.930,35.5701667,-84.3041667,16.54,1.0,463.1913245051037,246.747
seismic,2010-12-03 03:24:40.210,36.2785,-89.5366667,6.5,1.7,634.0284226760817,0.0
seismic,2010-12-07 05:14:50.810,35.8763333,-84.0086667,20.19,1.3,471.41688313326256,214.498
seismic,2010-12-07 18:55:45.560,36.5625,-89.5978333,6.34,2.0,666.2459245449098,0.0
seismic,2010-12-08 06:40:23.830,36.8275,-89.3063333,3.52,1.9,690.1563142465069,0.0
seismic,2010-12-08 21:40:33.760,35.4793333,-84.5196667,15.79,2.3,469.8501839786919,257.302
seismic,2010-12-10 21:26:32.790,41.5135,-80.3325,5.0,2.0,401.4579508443538,429.941
seismic,2010-12-15 14:15:32.040,36.5906667,-89.587,9.61,1.7,669.1068157948517,0.0
seismic,2010-12-16 07:01:31.400,48.131,-80.108,2.0,2.5,522.7485138086328,922.936
seismic,2010-12-25 05:17:00.710,36.7381667,-89.2118333,0.0,2.3,678.8631989685224,0.0
seismic,2010-12-25 18:32:31.020,40.8586667,-74.179,1.77,1.67,16.720950763752114,339.729
seismic,2010-12-27 16:08:44.340,45.772,-75.3146667,8.34,2.62,76.56474350527691,473.866
seismic,2010-12-30 12:55:21.960,40.43,-85.914,5.0,3.8,763.0926056972528,90.199
seismic,2010-12-30 15:20:18.610,35.8455,-88.3216667,5.2,1.7,570.7699879834257,91.817
seismic,2011-01-02 12:34:34.180,35.533,-83.3836667,3.8,2.5,406.93783845155474,263.676
seismic,2011-01-02 19:36:32.550,36.541,-89.612,9.28,1.7,664.1839065975704,0.0
seismic,2011-01-03 04:46:16.840,43.78,-71.55,9.4,2.5,95.3835602645662,111.922
seismic,2011-01-07 04:17:34.110,36.3096667,-89.5271667,8.23,1.0,637.2384234311937,0.0
seismic,2011-01-08 08:26:32.870,36.5516667,-89.8136667,11.5,1.4,669.6541221872398,0.0
seismic,2011-01-10 11:27:44.470,35.5598333,-84.4998333,9.97,2.2,474.7901479834216,248.225
seismic,2011-01-12 04:54:11.890,36.4798333,-89.5478333,6.17,1.0,656.2297805907615,0.0
seismic,2011-01-13 04:43:22.740,36.1456667,-89.6853333,9.41,2.1,622.7710474043055,0.0
seismic,2011-01-13 12:32:20.600,45.906,-76.287,18.0,2.8,153.40990050037294,541.745
seismic,2011-01-18 10:08:47.950,36.6155,-85.1421667,7.02,2.4,599.8570623737064,144.312
seismic,2011-01-20 09:15:18.230,36.496,-89.5361667,8.0,2.0,657.7688534498825,0.0
seismic,2011-01-22 04:33:09.840,36.602,-89.6128333,15.9,1.6,670.8566792103862,0.0
seismic,2011-01-26 05:37:45.970,36.553,-89.6528333,7.13,1.6,666.3253002135802,0.0
seismic,2011-01-29 00:04:06.110,36.5463333,-89.5823333,6.42,1.7,664.1729878517006,0.0
seismic,2011-01-30 17:55:57.730,44.7866667,-74.5483333,4.44,1.37,26.210725242950925,358.224
seismic,2011-01-31 08:06:14.000,45.052,-67.105,7.3,2.6,0.413790102347483,383.642
seismic,2011-02-02 08:29:17.770,36.2673333,-89.4663333,6.34,1.9,631.4183007364755,0.0
seismic,2011-02-02 18:21:12.770,46.994,-66.597,5.0,2.6,94.452344921629,567.066
seismic,2011-02-04 04:17:22.510,36.4983333,-89.5388333,8.35,1.5,658.0756858836475,0.0
seismic,2011-02-07 04:10:52.490,36.7195,-89.5176667,5.6,2.5,681.8795804042013,0.0
seismic,2011-02-08 18:36:02.170,36.5095,-89.628,9.58,1.5,661.0744635529046,0.0
seismic,2011-02-08 20:08:50.910,36.7323333,-89.4966667,12.94,1.6,682.9021176941263,0.0
seismic,2011-02-09 03:06:10.850,33.9086667,-85.9668333,0.8,2.2,380.0066443610711,263.071
seismic,2011-02-09 17:35:34.030,36.5263333,-89.5806667,6.25,1.4,661.9561657722396,0.0
seismic,2011-02-10 19:00:48.330,36.5366667,-89.602,6.52,1.4,663.5098836413699,0.0
seismic,2011-02-10 22:41:20.780,36.4448333,-89.5166667,7.76,1.5,651.7975703246777,0.0
seismic,2011-02-10 22:52:13.310,36.7248333,-89.508,8.08,1.7,682.2864632941094,0.0
seismic,2011-02-11 13:53:15.890,35.6546667,-84.696,19.95,1.8,494.8474209933768,238.929
seismic,2011-02-12 17:50:05.060,36.4276667,-89.5415,8.05,1.7,650.4067620335247,0.0
seismic,2011-02-12 19:11:07.230,36.4285,-89.5401667,8.38,1.5,650.471502318364,0.0
seismic,2011-02-13 06:16:54.760,36.0675,-89.3863333,9.68,1.9,608.0275217078141,1.697
seismic,2011-02-13 13:12:50.750,36.2618333,-89.2873333,8.25,1.8,627.5589157843979,1.84
seismic,2011-02-15 10:42:10.980,36.238,-89.5216667,6.0,1.1,629.3076449120518,0.0
seismic,2011-02-18 07:14:20.560,35.0781667,-84.3036667,5.32,2.3,425.31524551658174,301.807
seismic,2011-02-18 08:44:15.960,36.4886667,-89.5508333,8.29,1.6,657.2536730388806,0.0
seismic,2011-02-18 17:45:35.870,36.5381667,-89.6581667,7.56,2.0,664.8198086041274,0.0
seismic,2011-02-18 23:15:31.970,30.08,-88.001,5.0,3.5,15.94422086753736,0.0
seismic,2011-02-19 10:12:40.260,35.4278333,-84.4988333,15.85,1.7,464.5438444603337,262.978
seismic,2011-02-21 06:33:15.980,36.2588333,-89.461,5.05,1.0,630.3859130919585,0.0
seismic,2011-02-23 14:21:32.420,42.157,-82.43,5.0,3.0,579.2926041826142,423.46
seismic,2011-02-24 10:13:51.890,42.1745,-82.4553333,0.3,2.08,582.1329091416817,423.178
seismic,2011-02-25 09:04:02.520,32.9335,-80.1355,0.8,1.5,20.04350249603743,0.0
seismic,2011-02-28 23:47:54.310,36.4013333,-89.5656667,9.96,1.7,648.0133860129448,0.0
seismic,2011-03-01 22:33:46.460,36.5333333,-89.6326667,6.62,1.5,663.7677967925981,0.0
seismic,2011-03-03 12:57:56.720,36.4873333,-89.5503333,13.05,1.5,657.0981916710156,0.0
seismic,2011-03-05 23:04:07.980,36.6266667,-89.5193333,6.23,1.6,671.7424133483006,0.651
seismic,2011-03-06 16:14:08.890,36.2886667,-89.521,10.22,1.7,634.8231431519085,0.0
seismic,2011-03-07 18:24:26.510,36.5276667,-89.5786667,7.36,2.3,662.0620852811805,0.0
seismic,2011-03-08 04:47:59.930,35.8038333,-84.1003333,12.4,1.3,470.3515515460704,221.623
seismic,2011-03-08 18:49:54.690,36.7866667,-89.3335,4.48,2.7,686.085229176402,0.0
seismic,2011-03-13 03:19:33.330,36.5233333,-89.5898333,8.79,1.8,661.8111847434524,0.0
seismic,2011-03-15 08:27:02.770,36.2128333,-89.4701667,11.41,1.1,625.536415878858,0.0
seismic,2011-03-16 02:15:32.950,35.3043333,-82.4813333,4.38,2.1,343.09979184559273,248.011
seismic,2011-03-16 11:25:59.870,35.3006667,-82.4811667,2.99,2.3,342.7252376093103,248.333
seismic,2011-03-16 17:36:56.460,45.6165,-74.537,10.0,3.87,13.724683710534766,418.189
seismic,2011-03-17 10:53:11.670,41.126,-80.6056667,3.54,2.1,389.3946194386,389.38
seismic,2011-03-19 15:00:56.410,34.8353333,-86.378,9.69,2.5,475.4539301308524,299.319
seismic,2011-03-21 22:02:02.280,34.8266667,-79.8303333,8.32,2.9,152.40729445540387,120.884
seismic,2011-03-23 11:58:04.220,34.9311667,-87.0616667,0.08,2.2,476.3921049232636,239.646
seismic,2011-03-24 15:12:06.440,35.771,-84.1141667,14.05,2.3,468.350986974827,225.168
seismic,2011-03-25 03:12:04.590,37.0461667,-88.7331667,0.0,2.4,707.5703925430491,5.653
seismic,2011-03-25 10:35:47.350,45.259,-68.383,9.2,2.7,81.46217541442124,330.129
seismic,2011-03-28 07:26:21.910,37.022,-80.7771667,3.08,2.5,309.6716393747,3.626
seismic,2011-03-29 16:04:35.590,46.569,-76.959,18.0,3.5,229.03112455906523,628.047
seismic,2011-04-02 23:10:13.380,45.0146667,-74.605,5.22,1.74,0.9301925317436688,377.086
seismic,2011-04-06 14:22:31.630,45.7788333,-76.0526667,10.68,1.9,132.6523579600714,518.694
seismic,2011-04-09 21:04:25.840,35.7616667,-84.441,19.44,1.7,487.16999601302894,225.422
seismic,2011-04-10 00:29:04.700,36.4921667,-89.5626667,8.73,1.5,657.868897297905,0.0
seismic,2011-04-11 01:39:21.670,36.2116667,-89.4253333,7.41,1.6,624.5435812444401,0.0
seismic,2011-04-11 03:06:14.900,36.2095,-89.426,6.96,1.7,624.319185023476,0.0
seismic,2011-04-11 08:21:34.790,35.7405,-84.3041667,21.7,2.3,477.0787277345328,227.68
seismic,2011-04-13 00:47:34.250,36.4421667,-89.4816667,6.43,1.2,650.8361846364046,0.0
seismic,2011-04-14 06:32:24.580,36.5353333,-89.6361667,7.62,1.5,664.0574530365631,0.0
seismic,2011-04-18 15:38:03.890,32.461,-65.597,10.0,4.6,962.7425677394016,1145.81
seismic,2011-04-24 10:09:16.770,35.5788333,-85.0003333,18.56,2.5,509.45816467357326,251.443
seismic,2011-04-26 07:09:46.590,40.86,-83.54,5.0,2.4,589.777315813273,263.073
seismic,2011-04-27 16:29:18.290,35.2216667,-84.3865,11.66,2.1,441.5265738904386,285.746
seismic,2011-04-27 20:46:06.790,35.222,-84.3891667,12.18,1.9,441.7311774850437,285.711
seismic,2011-04-27 20:47:37.190,35.2201667,-84.3885,11.19,2.3,441.54987388589535,285.916
seismic,2011-04-28 13:58:20.790,36.6518333,-89.9133333,2.16,2.1,682.7800358593389,0.0
seismic,2011-05-02 23:01:35.000,44.53,-68.896,4.9,2.6,6.633237779356494,241.411
seismic,2011-05-03 03:02:50.000,36.954,-89.121,0.0,3.1,701.4815754247134,1.638
seismic,2011-05-03 05:59:16.880,33.2405,-82.7728333,28.31,2.6,194.7513753148688,173.319
seismic,2011-05-03 17:36:55.770,36.581,-89.483,0.0,2.8,666.0642630028105,4.505
seismic,2011-05-04 06:02:08.370,36.4141667,-89.5265,8.01,1.5,648.6372897389739,0.0
seismic,2011-05-04 06:37:04.480,36.7093333,-89.5176667,7.98,1.8,680.7656131675673,0.0
seismic,2011-05-05 05:06:54.350,36.479,-89.6441667,12.68,1.8,658.0852548951701,0.0
seismic,2011-05-07 06:45:10.860,44.6733333,-73.8411667,10.0,2.23,64.34058294137803,306.374
seismic,2011-05-08 12:32:00.270,40.8535,-74.17,5.67,1.05,15.932902263931709,339.517
seismic,2011-05-08 13:17:40.770,35.639,-83.9638333,13.54,1.8,448.3575816255273,241.369
seismic,2011-05-09 07:57:55.270,34.8091667,-85.0793333,18.83,1.7,464.2335724135143,337.433
seismic,2011-05-09 14:46:42.130,46.2935,-75.1861667,0.23,2.49,102.5950475412332,507.46
seismic,2011-05-10 07:00:13.690,35.1766667,-84.378,11.66,1.4,437.6171228215493,290.774
seismic,2011-05-10 08:19:59.270,40.011,-74.7963333,5.0,1.78,19.23657619556765,363.766
seismic,2011-05-11 05:49:44.420,46.18,-75.19,18.0,2.41,93.18108676566304,498.466
seismic,2011-05-12 04:07:49.160,45.3183333,-75.1788333,3.15,1.91,50.98171498949461,433.398
seismic,2011-05-15 03:54:25.900,36.6038333,-89.5813333,7.83,1.7,670.4338275547234,0.0
seismic,2011-05-15 10:59:47.610,36.2366667,-89.4576667,6.19,1.0,627.8979484912519,0.0
seismic,2011-05-16 00:39:35.000,41.45,-70.88,3.0,2.1,1.3446410655735468,140.406
seismic,2011-05-23 13:39:51.090,45.2113333,-74.2403333,6.68,1.12,1.8420970977799205,369.914
seismic,2011-05-23 19:56:22.400,43.4973333,-74.129,6.86,1.81,173.72400943132854,264.656
seismic,2011-05-24 07:13:33.290,45.5438333,-75.098,14.02,1.72,56.14970776607919,444.436
seismic,2011-05-25 08:26:18.990,35.7813333,-84.2141667,20.09,1.3,475.0953543439248,223.381
seismic,2011-05-26 01:41:39.320,35.8781667,-89.9903333,8.23,2.5,601.7283531211141,0.0
seismic,2011-05-27 02:18:16.770,43.412,-78.3711667,5.0,1.33,340.9306978659226,600.848
seismic,2011-05-27 19:44:30.560,36.6518333,-89.9111667,2.74,2.2,682.7295093409402,0.0
seismic,2011-05-27 21:05:45.280,44.7383333,-75.0653333,12.92,1.59,40.20477556443769,389.32
seismic,2011-05-28 01:33:53.450,40.0838333,-74.9893333,4.18,1.73,8.101946820363239,357.521
seismic,2011-05-28 06:48:51.270,36.5533333,-89.6398333,8.5,1.6,666.0944663934373,0.0
seismic,2011-05-29 14:48:03.840,39.8358333,-74.4688333,5.0,1.74,24.99697546767401,372.372
seismic,2011-05-30 12:31:36.930,35.6515,-84.3073333,14.64,2.1,469.97182032644383,237.639
seismic,2011-06-02 22:29:54.580,36.2948333,-89.5178333,9.93,2.5,635.4331692430909,0.0
seismic,2011-06-03 00:46:50.000,41.759,-72.577,5.0,1.7,46.54795132103328,172.947
seismic,2011-06-03 13:06:35.780,43.5711667,-74.158,7.02,1.65,165.1610427738689,269.186
seismic,2011-06-05 15:35:21.050,41.03,-82.08,5.0,3.0,486.6223126108866,379.718
seismic,2011-06-06 23:45:28.160,36.3948333,-89.6496667,13.22,2.2,649.0396877016997,0.0
seismic,2011-06-09 16:21:51.510,40.5675,-74.4,5.0,1.7,11.844764359246572,374.996
seismic,2011-06-11 23:23:00.380,35.9253333,-83.6428333,16.9,2.0,456.2335467110912,215.21
seismic,2011-06-14 13:38:41.250,36.3961667,-89.559,12.18,1.6,647.3157512927604,0.0
seismic,2011-06-15 01:38:41.300,36.4661667,-89.5498333,8.03,1.6,654.7761241034228,0.0
seismic,2011-06-16 04:03:17.140,44.5195,-74.2771667,8.21,1.99,61.842343064199085,323.606
seismic,2011-06-16 07:20:40.180,48.266,-69.65,23.0,3.8,5.977734106448869,605.256
seismic,2011-06-17 16:29:44.700,43.5355,-73.4261667,5.06,1.16,189.9447653118013,212.174
seismic,2011-06-19 21:29:55.540,36.4955,-89.5513333,8.11,1.6,658.0100282898399,0.0
seismic,2011-06-21 08:56:44.520,35.4073333,-84.3118333,15.4,1.9,450.766027429347,264.964
seismic,2011-06-22 10:07:29.720,45.3433333,-73.089,4.66,2.64,34.396974463133894,323.771
seismic,2011-06-23 22:02:08.940,36.1265,-89.7295,7.5,1.9,621.7109713060036,0.0
seismic,2011-06-24 17:15:38.180,34.3448333,-80.6053333,0.71,2.3,163.59067965911683,121.129
seismic,2011-06-27 03:10:09.530,35.3886667,-84.6878333,16.34,1.7,474.27004113087736,268.476
seismic,2011-06-27 07:32:25.470,36.6496667,-89.5418333,6.23,1.5,674.6843345333648,0.0
seismic,2011-06-29 13:53:40.200,43.44,-71.351,11.9,2.3,61.32840775029522,70.87
seismic,2011-06-29 14:10:50.330,43.4928333,-71.1908333,0.12,1.91,54.51408001058942,71.288
seismic,2011-07-01 11:46:33.060,36.481,-89.5503333,8.07,1.6,656.4062994541243,0.0
seismic,2011-07-03 01:54:59.630,36.5528333,-89.771,8.32,1.6,668.8289100523857,0.0
seismic,2011-07-05 08:39:54.110,35.3905,-84.4253333,19.28,1.7,456.8545492481549,266.913
seismic,2011-07-07 03:06:25.450,44.3865,-74.862,6.48,1.5,69.24447139896964,356.018
seismic,2011-07-07 09:23:25.400,44.394,-68.728,4.7,2.3,1.6261962723894603,239.126
seismic,2011-07-08 21:09:20.350,44.1086667,-72.0223333,0.19,2.51,147.47603102898046,162.52
seismic,2011-07-08 23:57:50.450,44.5398333,-73.8458333,6.92,1.27,76.67566276143087,297.255
seismic,2011-07-11 04:46:56.160,36.1938333,-89.4295,6.33,1.2,622.6719955669043,0.0
seismic,2011-07-12 00:26:58.950,36.5428333,-89.5365,2.62,1.6,662.8955897077617,0.0
seismic,2011-07-17 06:36:26.940,36.5403333,-89.603,8.69,1.8,663.9300436038616,0.0
seismic,2011-07-18 05:51:12.740,36.2531667,-89.4698333,6.69,1.6,629.9375434635517,0.0
seismic,2011-07-20 15:43:09.210,36.5526667,-89.613,10.12,1.2,665.4767881293866,0.0
seismic,2011-07-20 16:04:07.130,35.6665,-84.307,8.14,1.1,471.1745821368316,235.96
seismic,2011-07-21 23:05:53.560,45.8051667,-76.123,15.0,2.94,138.56211231477025,524.822
seismic,2011-07-22 06:55:17.280,36.5465,-89.61,7.98,1.4,664.7435993365796,0.0
seismic,2011-07-22 23:02:40.180,37.135,-81.787,0.0,3.5,396.8471010454088,74.562
seismic,2011-07-24 04:02:27.510,36.536,-89.6301667,14.25,2.0,664.0073982360781,0.0
seismic,2011-07-24 12:31:38.390,36.3516667,-89.5611667,10.8,1.6,642.5045499282362,0.0
seismic,2011-07-25 05:52:28.530,43.9293333,-78.5385,5.0,1.59,326.1687025995614,620.836
seismic,2011-07-26 04:04:35.180,36.0793333,-89.7835,6.07,2.0,617.9008804238797,0.0
seismic,2011-07-26 09:24:37.530,35.8161667,-84.5765,22.41,2.3,499.970974339432,219.949
seismic,2011-07-26 14:06:29.410,35.8165,-84.578,21.73,1.5,500.0911856474097,219.922
seismic,2011-07-28 14:33:36.870,36.2535,-89.4975,7.55,1.5,630.5166471835446,0.0
seismic,2011-07-30 19:44:14.660,36.5076667,-89.5571667,9.34,1.4,659.4536546437689,0.0
seismic,2011-08-01 12:01:28.290,35.7071667,-84.441,4.34,1.6,482.75670837359,231.52
seismic,2011-08-03 11:17:09.980,36.0828333,-84.9026667,5.96,1.5,541.7070359123009,194.416
seismic,2011-08-03 11:24:05.350,36.0711667,-84.8931667,3.77,1.9,540.1795909029446,195.515
seismic,2011-08-08 06:25:40.120,34.6921667,-85.2095,12.31,2.4,467.71134464279214,352.441
seismic,2011-08-08 17:27:32.450,34.612,-82.1163333,0.06,2.3,259.0416265970704,190.379
seismic,2011-08-08 19:44:22.090,36.4686667,-89.5353333,8.34,2.0,654.7652184948142,0.0
seismic,2011-08-13 11:02:29.060,36.6216667,-89.5625,9.15,1.8,672.0168113397722,0.0
seismic,2011-08-13 15:41:02.640,42.0771667,-81.0005,5.0,1.34,483.8896169195184,496.703
seismic,2011-08-14 00:53:50.630,35.8981667,-84.4313333,9.76,2.6,497.800043893669,210.117
seismic,2011-08-17 15:42:26.840,35.7575,-83.9638333,10.15,1.5,458.547429240401,228.233
seismic,2011-08-17 20:49:28.510,36.56,-89.7763333,4.48,2.1,669.7241876283852,0.0
seismic,2011-08-19 07:55:42.480,36.2305,-89.4908333,5.72,1.0,627.8730840590176,0.0
seismic,2011-08-22 05:49:44.000,36.5003333,-89.519,6.27,1.6,657.9113914502402,0.0
seismic,2011-08-22 08:00:32.640,41.1303333,-80.7081667,5.0,1.87,396.3936302947002,389.891
seismic,2011-08-22 19:52:20.150,42.6881667,-74.0493333,17.68,1.35,154.26577913983326,249.222
seismic,2011-08-22 21:57:42.460,42.6818333,-74.093,20.3,1.42,153.79714386585198,252.822
seismic,2011-08-22 23:14:27.660,42.6881667,-74.0961667,19.67,1.6,154.52322087760865,253.027
seismic,2011-08-23 10:35:17.760,42.687,-74.0976667,21.44,2.09,154.40308021192303,253.158
seismic,2011-08-23 17:51:04.250,37.9096667,-77.9363333,6.0,5.8,71.05951476831595,6.686
seismic,2011-08-23 18:46:50.240,37.9305,-77.9346667,0.05,2.8,69.37238782404914,8.522
seismic,2011-08-23 19:20:26.010,37.9101667,-78.0043333,0.06,2.2,75.44449783005197,2.758
seismic,2011-08-24 00:04:36.870,37.9146667,-77.9545,0.0,4.2,71.84320019895301,6.047
seismic,2011-08-24 02:42:15.200,42.6791667,-74.0911667,23.46,1.06,153.48833977843054,252.695
seismic,2011-08-24 04:45:25.960,37.8251667,-77.948,0.05,3.4,78.53481107425338,0.0
seismic,2011-08-24 17:14:32.670,44.703,-74.3821667,5.0,3.19,39.80178549966024,342.122
seismic,2011-08-24 18:44:08.850,44.702,-74.3923333,5.0,1.71,39.56492570444704,342.708
seismic,2011-08-25 04:06:47.480,37.8923333,-77.9638333,13.45,2.5,74.13555224166129,3.641
seismic,2011-08-25 05:07:52.290,37.9468333,-77.9671667,6.81,4.5,70.32884040698441,7.956
seismic,2011-08-25 05:59:13.760,37.916,-80.2153333,12.88,2.7,254.04643625699552,41.381
seismic,2011-08-25 06:37:31.790,37.9531667,-77.9921667,0.06,2.3,71.58896939415729,6.934
seismic,2011-08-25 13:13:32.200,42.6831667,-74.0905,18.49,2.69,153.9298350719024,252.608
seismic,2011-08-25 14:46:03.140,42.6876667,-74.0936667,22.09,1.78,154.45135418912398,252.828
seismic,2011-08-25 15:27:47.430,37.9451667,-77.8983333,4.64,2.4,65.92655705619872,11.857
seismic,2011-08-25 20:55:53.560,42.6876667,-74.0936667,20.34,2.33,154.45135418912398,252.828
seismic,2011-08-25 22:15:20.920,42.6728333,-74.0723333,20.0,1.21,152.67045684062407,251.221
seismic,2011-08-25 23:00:51.300,42.6773333,-74.091,23.39,1.27,153.28299622481427,252.698
seismic,2011-08-25 23:40:56.440,37.9521667,-77.8566667,6.1,2.6,62.75620844165872,14.907
seismic,2011-08-26 02:23:20.160,36.5083333,-89.61,8.86,1.6,660.5804333193622,0.0
seismic,2011-08-26 02:43:57.030,42.6776667,-74.0783333,20.0,1.11,153.24333570798802,251.666
seismic,2011-08-26 03:43:13.400,36.0633333,-83.7955,7.6,1.7,476.7156049854809,197.093
seismic,2011-08-26 04:55:20.200,42.6808333,-74.094,22.87,1.96,153.6921636262298,252.911
seismic,2011-08-26 05:59:37.060,42.6675,-74.0691667,20.0,1.25,152.05836826694798,251.012
seismic,2011-08-26 11:53:21.580,42.68,-74.0846667,21.38,1.5,153.54091670140713,252.16
seismic,2011-08-26 14:09:36.530,42.6778333,-74.0883333,22.79,1.36,153.32195470637853,252.477
seismic,2011-08-26 18:02:13.850,42.6871667,-74.092,23.25,1.53,154.38501695380677,252.697
seismic,2011-08-26 18:47:03.440,42.6751667,-74.082,21.99,1.33,152.98618142649622,251.985
seismic,2011-08-26 18:59:58.580,42.6756667,-74.0753333,20.0,1.17,153.00318753776537,251.44
seismic,2011-08-26 19:22:22.180,42.6806667,-74.064,20.0,1.23,153.49954555944228,250.476
seismic,2011-08-26 22:52:21.880,37.9136667,-77.9926667,3.21,2.1,74.41596687434013,3.746
seismic,2011-08-27 00:45:39.150,42.6816667,-74.0946667,23.48,1.08,153.78932728931045,252.959
seismic,2011-08-27 06:25:41.560,46.778,-70.667,18.0,3.5,17.3968226516982,433.474
seismic,2011-08-27 07:39:33.700,42.6866667,-74.0936667,21.12,1.03,154.33993855397964,252.836
seismic,2011-08-27 09:02:28.970,37.9396667,-77.9888333,4.96,2.0,72.2993449455415,6.06
seismic,2011-08-27 14:38:40.120,42.6831667,-74.0911667,22.17,2.76,153.93404123385025,252.662
seismic,2011-08-27 18:12:13.230,44.9491667,-73.4785,5.0,1.02,52.10430763652291,307.328
seismic,2011-08-27 18:43:44.850,37.9468333,-77.9855,0.03,1.8,71.57085932750812,6.836
seismic,2011-08-28 08:39:20.340,42.6755,-74.0955,22.96,1.49,153.10775123949622,253.079
seismic,2011-08-28 09:20:20.330,42.675,-74.0935,23.67,1.55,153.03903318577352,252.921
seismic,2011-08-28 20:18:05.370,37.9365,-77.9648333,6.65,2.2,70.91253274264695,7.27
seismic,2011-08-29 01:06:36.080,37.9363333,-77.985,4.61,2.3,72.27557804983131,6.028
seismic,2011-08-29 03:15:21.620,37.9385,-77.988,4.18,2.0,72.32503795983504,6.018
seismic,2011-08-29 03:16:51.570,37.9346667,-77.9876667,3.72,2.7,72.5735441181855,5.732
seismic,2011-08-29 04:19:26.350,37.939,-77.9855,4.42,2.2,72.12064818093027,6.211
seismic,2011-08-29 08:26:44.630,36.0515,-89.8238333,8.46,2.1,615.8923402732188,0.0
seismic,2011-08-29 23:39:50.330,37.9655,-77.9336667,6.27,2.1,66.74779586696476,11.493
seismic,2011-08-30 03:48:28.740,37.9061667,-77.98,7.25,2.6,74.13403172388345,3.856
seismic,2011-08-30 08:58:08.970,36.5415,-89.6621667,6.87,1.6,665.2659016999664,0.0
seismic,2011-08-30 13:26:50.800,37.9196667,-77.982,5.8,2.1,73.27287714290902,4.867
seismic,2011-08-30 19:01:12.040,36.403,-83.582,16.32,1.7,498.3073042072612,165.503
seismic,2011-08-31 06:34:25.410,35.6958333,-84.8028333,9.94,1.0,504.9826935143845,235.531
seismic,2011-08-31 09:35:12.410,39.4,-81.27,5.0,2.8,353.1371383077872,202.632
seismic,2011-08-31 12:18:47.530,33.704,-87.8566667,0.0,2.1,330.9981016350596,199.085
seismic,2011-08-31 13:44:10.480,37.9235,-77.883,2.07,2.1,66.64545732595063,11.013
seismic,2011-08-31 15:01:54.880,37.9523333,-77.9766667,3.56,1.8,70.58539699338186,7.815
seismic,2011-08-31 17:36:02.670,39.51,-81.47,5.0,3.1,373.0775755148303,219.131
seismic,2011-09-01 09:09:37.960,37.9501667,-77.932,3.42,3.4,67.74312434259329,10.318
seismic,2011-09-03 15:36:58.030,43.4885,-79.4516667,5.0,1.7,413.1519436791076,622.264
seismic,2011-09-03 21:10:53.320,37.9481667,-77.9706667,5.42,2.0,70.47062809321912,7.849
seismic,2011-09-04 13:21:59.290,39.422,-81.205,5.0,2.6,348.5620789324323,203.753
seismic,2011-09-04 13:35:47.500,36.3666667,-89.5426667,8.66,1.6,643.7694556888938,0.0
seismic,2011-09-04 18:14:12.120,36.3163333,-89.5346667,9.81,1.9,638.1160208536526,0.0
seismic,2011-09-05 11:35:08.150,36.574,-89.5941667,7.61,1.4,667.4284621431956,0.0
seismic,2011-09-05 16:54:24.510,37.9468333,-77.9696667,5.2,2.5,70.4973797958994,7.803
seismic,2011-09-06 09:03:16.810,37.9235,-77.8798333,2.58,2.1,66.45070922729765,11.208
seismic,2011-09-06 10:24:50.380,36.5561667,-89.5388333,5.47,2.0,664.3985584594243,0.0
seismic,2011-09-06 21:17:53.630,37.9368333,-77.9645,6.16,2.0,70.8662724763231,7.317
seismic,2011-09-07 05:56:43.650,37.9593333,-77.9456667,6.07,2.1,67.9934367370021,10.268
seismic,2011-09-07 08:31:44.960,36.5028333,-89.5818333,9.75,1.4,659.4139311893495,0.0
seismic,2011-09-09 12:04:59.580,35.659,-84.3725,11.86,1.6,474.6104051851916,236.785
seismic,2011-09-10 02:31:36.610,36.528,-89.6103333,5.52,1.3,662.7321906728861,0.0
seismic,2011-09-11 00:26:10.950,45.7223333,-73.5998333,18.0,1.45,0.6293508282042035,380.936
seismic,2011-09-13 22:59:23.550,33.5601667,-86.5536667,19.17,3.0,332.0430022371428,202.519
seismic,2011-09-14 00:45:22.200,33.6205,-86.6113333,10.53,2.6,338.0479939705545,206.402
seismic,2011-09-14 00:50:55.540,33.5976667,-86.5655,11.12,2.5,336.0466017766436,205.831
seismic,2011-09-14 03:20:38.590,38.5686667,-88.3006667,27.61,2.7,875.604515691315,0.0
seismic,2011-09-14 08:38:17.080,36.4258333,-82.4858333,13.27,1.9,446.9230660040693,162.159
seismic,2011-09-14 09:59:52.640,44.33,-69.03,7.2,1.3,4.636147301757209,217.556
seismic,2011-09-15 09:32:04.020,45.5038333,-74.4636667,18.0,1.11,9.193825309542795,405.226
seismic,2011-09-16 16:17:39.500,37.9365,-77.9868333,4.56,2.1,72.3874436678249,5.93
seismic,2011-09-17 08:33:08.260,37.9275,-77.9881667,5.0,2.0,73.11787969192477,5.13
seismic,2011-09-17 12:42:34.730,37.9418333,-77.978,5.05,1.9,71.41371929343745,6.895
seismic,2011-09-17 15:33:13.330,37.925,-77.9875,4.73,2.6,73.25270125663468,4.971
seismic,2011-09-17 18:37:37.740,37.9745,-77.8273333,3.11,2.1,59.18098833843128,18.482
seismic,2011-09-18 07:12:20.600,36.3311667,-89.477,6.39,1.4,638.6037407276782,0.0
seismic,2011-09-18 08:43:03.000,37.9521667,-77.9415,3.13,2.1,68.22785731236374,9.933
seismic,2011-09-18 19:19:14.040,45.6013333,-75.2345,5.0,3.84,66.89181077202133,456.678
seismic,2011-09-19 04:58:43.560,37.977,-77.8303333,2.08,2.0,59.17301665550429,18.497
seismic,2011-09-19 15:29:41.000,37.915,-78.0021667,3.24,1.8,74.95142399003501,3.276
seismic,2011-09-19 20:33:12.600,37.9762,-77.829,3.0,2.2,59.15197811141592,18.515
seismic,2011-09-20 02:00:52.430,35.3815,-83.6728333,0.08,2.2,409.45340759545655,274.076
seismic,2011-09-20 09:03:40.770,35.378,-83.6775,3.79,2.1,409.4238885870018,274.377
seismic,2011-09-21 14:06:49.720,36.5321667,-89.57,5.64,2.4,662.3822730504631,0.0
seismic,2011-09-22 00:35:38.670,36.5065,-89.4753333,5.48,1.5,657.7608629479555,1.863
seismic,2011-09-22 22:10:45.890,36.0796667,-89.7776667,8.88,2.0,617.7959477025772,0.0
seismic,2011-09-23 02:13:15.470,36.4535,-89.5771667,10.19,1.8,653.9364891537587,0.0
seismic,2011-09-23 02:30:20.550,36.5078333,-89.577,5.33,1.4,659.8635328440873,0.0
seismic,2011-09-26 01:06:10.840,41.115,-80.6823333,5.0,2.12,393.6409980211944,388.151
seismic,2011-09-27 02:09:54.780,35.9793333,-89.8988333,9.73,1.7,610.058539210515,0.0
seismic,2011-09-29 21:12:05.770,45.4051667,-74.5683333,18.0,1.01,21.920608060877857,403.392
seismic,2011-09-30 00:52:38.710,41.1346667,-80.6845,5.0,2.44,395.1405876860956,390.354
seismic,2011-10-02 02:14:39.320,36.5358333,-89.6451667,7.29,1.9,664.2968534545333,0.0
seismic,2011-10-02 17:29:40.840,36.2998333,-89.5118333,8.27,1.5,635.8599624905835,0.0
seismic,2011-10-03 22:18:05.660,31.125,-65.082,10.0,4.4,1070.367853392014,1233.633
seismic,2011-10-03 22:36:32.390,31.157,-65.065,10.0,4.5,1070.086033808575,1234.007
seismic,2011-10-04 00:06:46.100,43.3981667,-78.4036667,5.0,1.72,343.9703493026338,603.355
seismic,2011-10-05 06:18:49.200,37.9351667,-77.9928333,3.71,2.5,72.88714210402046,5.456
seismic,2011-10-05 20:56:08.540,35.4061667,-83.6223333,8.38,2.1,408.680637653134,272.289
seismic,2011-10-06 22:42:39.300,37.9461667,-77.8536667,1.12,2.1,63.04329633731127,14.615
seismic,2011-10-07 20:42:50.950,36.482,-89.4906667,4.84,1.5,655.3660427332882,0.699
seismic,2011-10-08 18:36:54.080,36.3996667,-89.5651667,12.07,1.6,647.8214924021825,0.0
seismic,2011-10-09 15:53:24.120,37.948,-77.9771667,3.48,2.4,70.92261188302429,7.438
seismic,2011-10-10 01:04:53.300,37.919,-77.966,5.0,2.2,72.26843224822073,5.741
seismic,2011-10-10 03:16:02.010,37.9733333,-87.5301667,14.89,2.2,809.8155151782994,6.652
seismic,2011-10-11 00:31:42.440,33.395,-81.4648333,9.98,2.1,111.01782782952654,55.97
seismic,2011-10-11 04:23:36.620,36.5335,-89.6453333,7.75,1.5,664.0460533598083,0.0
seismic,2011-10-12 16:40:00.370,37.9401667,-77.983,4.01,3.0,71.8692583764724,6.456
seismic,2011-10-13 06:27:38.650,36.1541667,-89.4333333,9.92,1.9,618.4077397356307,0.0
seismic,2011-10-13 11:39:46.400,36.5711667,-89.6125,5.39,2.0,667.4851649499867,0.0
seismic,2011-10-13 21:51:16.130,36.5323333,-89.6048333,8.74,1.3,663.0940106709413,0.0
seismic,2011-10-14 00:37:03.940,35.7885,-83.8225,17.72,1.9,453.3828017940086,226.786
seismic,2011-10-15 07:02:32.820,32.999,-80.2196667,8.05,2.5,30.476900812789403,0.0
seismic,2011-10-16 03:44:09.950,45.5845,-75.2713333,18.0,2.21,69.67659179095313,457.655
seismic,2011-10-18 05:10:39.080,46.323,-75.2411667,8.3,1.95,107.79341881482024,512.744
seismic,2011-10-19 00:02:44.910,37.938,-77.9888333,4.6,2.3,72.41668252924538,5.927
seismic,2011-10-20 17:46:47.060,45.5041667,-74.5685,7.03,1.38,16.089071215896084,411.046
seismic,2011-10-20 22:41:10.820,41.1253333,-80.704,6.39,2.04,395.7758202752701,389.327
seismic,2011-10-21 09:06:18.430,36.5375,-89.597,7.57,1.5,663.5006156044259,0.0
seismic,2011-10-21 17:02:13.600,36.5381667,-89.6003333,6.93,1.4,663.6401310060596,0.0
seismic,2011-10-22 01:15:42.910,36.5373333,-89.5988333,7.28,1.5,663.5191261688096,0.0
seismic,2011-10-23 10:38:23.950,36.5373333,-89.5955,7.45,1.6,663.4524225295537,0.0
seismic,2011-10-25 00:15:24.640,36.5473333,-89.6163333,7.33,1.3,664.96225383167,0.0
seismic,2011-10-25 01:26:42.240,36.5503333,-89.6151667,6.6,1.4,665.2659339868475,0.0
seismic,2011-10-25 05:38:28.060,37.9596667,-77.9445,6.27,2.0,67.89124587724402,10.366
seismic,2011-10-26 02:12:28.950,36.5373333,-89.597,6.92,1.3,663.4824227400115,0.0
seismic,2011-10-26 02:34:04.510,36.2066667,-83.2896667,6.8,1.7,466.2619080790361,195.594
seismic,2011-10-27 09:49:22.900,35.6041667,-85.0615,20.66,1.9,515.478799711951,249.819
seismic,2011-10-29 02:31:46.030,36.4258333,-89.612,13.35,1.6,651.6279233177964,0.0
seismic,2011-10-31 18:45:11.660,35.5245,-84.476,15.94,1.9,470.49870736847447,252.075
seismic,2011-11-02 12:07:16.490,36.517,-89.5686667,8.59,1.5,660.6994740698202,0.0
seismic,2011-11-02 13:54:21.780,36.5168333,-89.5648333,9.15,1.5,660.6057013211105,0.0
seismic,2011-11-03 12:50:31.880,37.9471667,-77.9665,6.09,2.3,70.2602644048793,8.023
seismic,2011-11-04 12:55:33.710,36.5471667,-89.6026667,7.54,1.5,664.669026636547,0.0
seismic,2011-11-06 06:01:14.720,35.9018333,-83.5403333,8.41,1.1,448.8844139311955,220.105
seismic,2011-11-06 23:52:18.860,35.6496667,-84.1423333,21.92,1.0,459.7956108754886,238.5
seismic,2011-11-07 21:29:27.520,36.6491667,-89.5436667,8.62,1.6,674.6643948310098,0.0
seismic,2011-11-08 01:36:47.960,35.562,-83.9446667,20.98,2.0,440.69470915165977,250.144
seismic,2011-11-09 12:35:48.900,36.1116667,-89.3888333,7.62,2.5,612.9082833994083,0.0
seismic,2011-11-09 16:44:34.390,34.7726667,-84.982,5.16,2.7,454.5764204661565,340.091
seismic,2011-11-10 06:34:42.620,35.6651667,-84.1653333,12.35,2.4,462.4657958562364,236.623
seismic,2011-11-10 09:09:27.090,35.6685,-84.153,11.57,1.1,462.0048270301352,236.327
seismic,2011-11-11 10:14:25.000,35.6181667,-84.4156667,20.16,1.0,474.0317522479129,241.415
seismic,2011-11-12 03:30:34.830,35.9301667,-89.944,5.62,1.7,606.0011155804433,0.0
seismic,2011-11-12 18:46:51.360,36.4885,-89.5388333,7.65,1.3,657.0009433635947,0.0
seismic,2011-11-13 11:49:09.200,34.6191667,-85.3855,6.42,1.9,465.1347124749935,358.624
seismic,2011-11-14 03:36:29.510,34.746,-85.014,14.4,1.8,455.4766903225729,343.467
seismic,2011-11-16 14:27:18.370,36.3076667,-89.5483333,5.97,1.5,637.4457200998199,0.0
seismic,2011-11-18 10:50:48.990,36.358,-89.5806667,10.34,1.6,643.5919524740758,0.0
seismic,2011-11-19 20:12:24.350,37.9415,-77.9895,3.18,2.4,72.21590173505194,6.166
seismic,2011-11-20 01:06:37.510,37.9425,-77.9911667,3.84,2.3,72.25927454579883,6.144
seismic,2011-11-20 04:34:18.730,36.6653333,-89.5463333,18.07,1.7,676.4840914354263,0.0
seismic,2011-11-21 01:06:23.000,37.9506667,-77.968,5.05,1.8,70.113883961163,8.211
seismic,2011-11-21 01:17:02.570,37.9515,-77.9691667,5.17,1.9,70.1341885993746,8.206
seismic,2011-11-21 05:25:25.000,37.9426667,-78.1293333,5.25,2.1,81.99255671880248,0.0
seismic,2011-11-21 07:16:51.580,44.78,-74.618,5.0,2.07,25.510851716956232,362.276
seismic,2011-11-21 21:37:17.940,36.0873333,-89.7748333,10.15,1.8,618.5544705755009,0.0
seismic,2011-11-22 03:00:01.690,35.684,-84.4361667,11.84,1.1,480.5901125628309,234.098
seismic,2011-11-23 07:09:33.830,37.9446667,-77.986,2.6,2.0,71.75626719019483,6.632
seismic,2011-11-23 07:44:17.740,36.2991667,-89.5455,4.1,1.3,636.4612770399732,0.0
seismic,2011-11-24 12:02:17.200,36.4863333,-89.5318333,7.21,1.2,656.6281086111858,0.0
seismic,2011-11-25 01:18:28.060,34.2345,-87.3098333,0.07,2.1,395.6510590584706,257.471
seismic,2011-11-25 06:47:28.250,41.124,-80.6771667,5.0,1.79,393.9226355241611,389.155
seismic,2011-11-27 00:31:43.020,35.6608333,-84.3845,8.85,1.3,475.5043573748204,236.59
seismic,2011-11-28 09:29:04.500,43.3658333,-79.7616667,5.0,1.69,441.6004482591857,613.4
seismic,2011-11-28 21:10:59.590,43.4341667,-78.3098333,5.0,1.76,335.4310999065699,596.099
seismic,2011-11-29 17:02:25.000,47.55,-70.25,14.0,3.4,3.369798570551204,520.932
seismic,2011-11-30 02:29:24.340,37.9273333,-77.9846667,4.61,2.0,72.89570136447621,5.33
seismic,2011-11-30 19:26:26.450,36.5366667,-89.6466667,6.55,2.0,664.4185693538506,0.0
seismic,2011-12-02 17:56:42.130,37.9456667,-77.9801667,3.69,1.6,71.28998552696054,7.069
seismic,2011-12-03 11:12:48.460,37.13,-81.932,1.0,3.1,409.6122284576376,87.185
seismic,2011-12-04 06:55:21.410,34.6073333,-85.4055,0.7,2.1,463.5253010570983,356.517
seismic,2011-12-04 09:38:58.210,36.5291667,-89.6536667,12.78,1.5,663.7462248143312,0.0
seismic,2011-12-05 05:41:28.600,37.9576667,-78.0001667,1.19,1.9,71.8351730762327,6.812
seismic,2011-12-07 09:48:54.780,32.9421667,-80.1321667,3.19,2.2,20.233398113482032,0.0
seismic,2011-12-07 18:14:36.070,35.924,-89.9286667,12.04,2.4,604.9302224305051,0.0
seismic,2011-12-07 19:06:42.430,36.4946667,-89.5601667,7.75,1.4,658.0926146585068,0.0
seismic,2011-12-08 01:03:33.010,36.442,-89.546,8.25,1.0,652.0609887766562,0.0
seismic,2011-12-08 07:21:13.720,44.9568333,-74.7625,8.82,1.48,6.124702806367782,383.033
seismic,2011-12-09 16:49:41.920,35.8413333,-84.477,5.53,1.3,495.878656295929,216.646
seismic,2011-12-09 22:10:55.070,37.7706667,-77.6428333,16.23,2.2,58.32841273634216,16.03
seismic,2011-12-10 12:03:50.300,36.3196667,-89.4771667,4.96,1.0,637.3494508682131,0.0
seismic,2011-12-10 18:01:26.180,36.1458333,-89.703,6.15,2.2,623.1909923766176,0.0
seismic,2011-12-11 20:04:26.040,36.3126667,-89.504,7.13,1.4,637.1070215554902,0.0
seismic,2011-12-12 06:47:48.060,37.969,-77.8845,2.76,2.1,63.24115407571656,14.649
seismic,2011-12-12 21:57:00.430,37.9588333,-77.9986667,1.31,2.0,71.6521779441437,6.996
seismic,2011-12-13 04:41:03.200,44.332,-68.652,10.4,2.3,3.850700205353279,238.618
seismic,2011-12-13 17:36:55.640,34.4285,-81.3895,3.87,1.8,216.64984992133648,139.724
seismic,2011-12-14 14:17:31.980,37.9725,-77.879,0.9,2.0,62.62283459589626,15.261
seismic,2011-12-15 06:34:07.400,36.403,-89.514,7.4,1.0,647.1730196231143,0.0
seismic,2011-12-16 15:31:02.210,35.6885,-84.7898333,11.84,1.6,503.5703437501235,236.184
seismic,2011-12-17 03:42:55.790,37.9496667,-77.965,5.62,1.8,69.9818796870743,8.315
seismic,2011-12-17 05:34:34.780,36.417,-89.5281667,8.48,1.5,648.9794945774916,0.0
seismic,2011-12-17 18:02:39.200,36.5758333,-89.6421667,8.69,1.3,668.5948069621544,0.0
seismic,2011-12-19 04:50:05.890,45.4125,-74.1423333,7.03,1.07,6.013111154668528,380.531
seismic,2011-12-19 20:05:16.700,35.5276667,-84.4756667,12.87,1.5,470.7237245495679,251.719
seismic,2011-12-21 21:38:57.670,32.9406667,-80.2198333,12.33,2.6,27.534635336668533,0.0
seismic,2011-12-24 06:24:58.810,41.1225,-80.7046667,5.0,2.37,395.6248694421555,389.011
seismic,2011-12-24 07:30:05.000,37.9168333,-78.0041667,4.18,2.0,74.95346995172653,3.3
seismic,2011-12-25 03:55:53.400,36.4468333,-89.5333333,7.8,1.2,652.3402918287144,0.0
seismic,2011-12-25 09:33:20.450,36.552,-89.6043333,11.98,1.4,665.2298656378256,0.0
seismic,2011-12-26 11:17:31.750,36.4528333,-89.5955,10.2,1.3,654.233748196012,0.0
seismic,2011-12-27 17:21:04.290,45.0618333,-75.0663333,5.0,1.32,28.67140150502936,409.256
seismic,2011-12-29 15:06:31.300,36.5556667,-89.6416667,8.15,2.8,666.3863426141335,0.0
seismic,2011-12-31 20:05:01.060,41.1215,-80.6843333,5.0,4.0,394.2201546517936,388.88
seismic,2011-12-31 23:05:50.460,33.5903333,-86.5718333,8.16,2.0,335.15786958778494,204.841
seismic,2012-01-02 00:20:16.360,32.9361667,-80.1715,6.45,1.4,23.191881402826297,0.0
seismic,2012-01-03 06:07:25.680,36.6725,-89.3276667,15.36,1.8,673.4157106044128,0.805
seismic,2012-01-04 04:06:10.170,36.4473333,-89.5345,7.87,1.5,652.4177393025022,0.0
seismic,2012-01-04 07:56:03.800,32.9658333,-80.1811667,4.94,2.6,25.4971303439316,0.0
seismic,2012-01-05 06:00:29.400,36.2116667,-89.4271667,7.05,1.3,624.5784560341602,0.0
seismic,2012-01-05 16:00:49.430,33.7823333,-87.4825,7.5,2.9,343.2088667351169,206.074
seismic,2012-01-07 02:33:23.860,44.9423333,-74.6276667,10.0,1.9,7.855345910113214,373.56
seismic,2012-01-07 10:16:44.650,36.4258333,-89.6153333,12.48,1.4,651.6966539152885,0.0
seismic,2012-01-07 12:56:57.090,44.936,-74.6328333,9.78,1.8,8.431314753009337,373.458
seismic,2012-01-07 21:46:35.270,47.848,-69.658,18.0,2.6,6.418208894863245,559.755
seismic,2012-01-08 01:11:16.680,35.7533333,-84.048,19.33,2.2,463.00621226343947,227.732
seismic,2012-01-08 07:44:07.300,45.2083333,-73.7543333,12.01,1.27,16.736983373651256,343.294
seismic,2012-01-08 14:25:55.840,37.9251667,-77.9876667,4.55,1.9,73.25185039430364,4.974
seismic,2012-01-09 09:05:35.500,46.9491667,-75.6586667,5.0,1.92,182.90031052217572,585.895
seismic,2012-01-09 21:57:13.390,32.9486667,-80.1651667,6.13,1.5,23.27034752478241,0.0
seismic,2012-01-10 19:38:58.660,38.5668333,-80.8938333,0.08,2.8,305.78382995606665,104.517
seismic,2012-01-13 12:46:25.200,36.195,-89.4505,6.54,1.2,623.2041114696766,0.0
seismic,2012-01-13 22:29:35.120,41.1245,-80.6923333,5.79,1.74,394.9520764056094,389.222
seismic,2012-01-13 23:18:05.350,37.8831667,-77.9838333,5.47,2.3,76.11097867514005,1.713
seismic,2012-01-14 13:00:32.770,35.7696667,-84.1566667,16.68,1.4,470.7227900000241,225.006
seismic,2012-01-14 23:45:16.020,36.352,-89.4871667,6.46,1.5,641.0777680296635,0.0
seismic,2012-01-17 11:10:31.290,38.7571667,-89.8455,12.17,2.3,911.3784787246444,18.152
seismic,2012-01-18 09:54:31.790,36.0631667,-89.8111667,7.83,1.9,616.8345485707368,0.0
seismic,2012-01-18 11:29:11.050,36.4103333,-89.5291667,8.15,1.6,648.2707467608449,0.0
seismic,2012-01-18 13:08:29.110,37.9511667,-77.956,1.19,2.5,69.26944536370121,8.984
seismic,2012-01-18 14:19:55.180,37.9098333,-77.9956667,5.45,2.0,74.89367502959007,3.252
seismic,2012-01-18 20:21:35.440,36.3068333,-89.5315,9.53,1.6,637.0158400988294,0.0
seismic,2012-01-18 21:03:21.650,37.9336667,-77.9796667,4.89,2.5,72.1070085927311,6.141
seismic,2012-01-22 04:44:33.860,36.4813333,-89.6423333,12.66,1.5,658.3012653809228,0.0
seismic,2012-01-22 05:59:46.490,46.3716667,-75.125,10.0,3.1,106.92429885828668,510.736
seismic,2012-01-23 15:44:06.780,43.5553333,-74.0496667,5.0,2.15,169.10952605554405,260.338
seismic,2012-01-23 18:35:58.890,36.8751667,-89.4415,2.87,1.5,697.6132488253542,0.0
seismic,2012-01-25 05:09:57.490,36.2591667,-89.464,6.07,1.3,630.4803306898555,0.0
seismic,2012-01-25 22:14:09.790,36.483,-89.5338333,7.63,2.2,656.3025675078574,0.0
seismic,2012-01-26 12:11:14.620,36.2628333,-89.4401667,5.54,1.1,630.4242278588652,0.0
seismic,2012-01-26 17:28:34.970,34.1031667,-81.123,0.05,2.0,176.3387587258745,97.333
seismic,2012-01-26 22:35:55.790,41.576,-85.49,4.7,3.0,770.3656324917529,219.335
seismic,2012-01-28 01:57:53.760,37.9446667,-77.9906667,2.82,1.7,72.0740541062576,6.347
seismic,2012-01-29 09:35:28.430,36.6876667,-89.5315,15.72,1.4,678.6495328455441,0.0
seismic,2012-01-30 23:39:47.250,37.9453333,-77.983,3.18,3.1,71.50569520257245,6.869
seismic,2012-01-31 01:08:23.540,36.2045,-89.4961667,4.11,1.5,625.1404828346806,0.0
seismic,2012-01-31 03:54:43.130,42.319,-88.213,5.0,2.3,1009.3898649589923,253.803
seismic,2012-02-06 03:30:18.300,32.9695,-80.1505,4.61,1.6,23.30133376018318,0.0
seismic,2012-02-08 22:24:28.510,45.5523333,-75.3048333,13.86,1.65,72.2704332102528,457.368
seismic,2012-02-15 05:37:03.910,36.5883333,-89.6216667,6.91,1.4,669.5424366305011,0.0
seismic,2012-02-17 05:52:24.780,44.88,-67.55,0.0,2.6,23.56396812418955,344.407
seismic,2012-02-17 06:03:17.470,44.87,-67.48,12.0,2.5,20.184931132115068,347.938
seismic,2012-02-17 20:21:53.770,36.4921667,-89.5456667,7.91,2.0,657.5349296567397,0.0
seismic,2012-02-18 04:09:18.210,36.4928333,-89.5435,7.73,1.4,657.5654654124011,0.0
seismic,2012-02-18 13:30:02.410,36.2798333,-89.4558333,5.78,1.2,632.5830815892555,0.0
seismic,2012-02-19 07:12:30.260,37.9133333,-77.9836667,2.82,2.7,73.84565708520118,4.241
seismic,2012-02-20 09:58:56.270,36.5526667,-89.6116667,8.02,1.4,665.449934390355,0.0
seismic,2012-02-20 10:30:08.120,36.5336667,-89.6345,7.35,1.4,663.8416603767021,0.0
seismic,2012-02-21 09:58:43.650,36.8733333,-89.4226667,7.81,3.9,697.0922864494611,0.0
seismic,2012-02-21 12:18:18.080,36.8675,-89.4135,10.18,1.8,696.2966064002463,0.0
seismic,2012-02-21 17:05:47.820,36.8715,-89.4168333,10.14,2.5,696.7925285523453,0.0
seismic,2012-02-21 18:38:04.040,36.872,-89.4083333,10.8,2.0,696.7052720152839,0.0
seismic,2012-02-22 04:50:19.520,35.5021667,-84.5146667,11.02,1.6,471.2788993860073,254.729
seismic,2012-02-22 12:49:56.950,37.908,-81.556,0.0,3.2,368.87495724782747,71.265
seismic,2012-02-24 11:37:26.710,37.8648333,-78.008,1.24,1.7,79.05208644773835,0.0
seismic,2012-02-24 22:47:22.370,47.616,-70.226,1.4,4.0,2.9912244621082715,528.367
seismic,2012-02-25 22:56:24.290,35.7023333,-84.1653333,17.43,2.2,465.5687017971969,232.472
seismic,2012-02-27 01:59:04.120,37.782,-77.5608333,12.7,1.9,55.52031995599968,23.194
seismic,2012-02-27 04:47:59.290,45.0103333,-74.184,11.67,1.17,20.94966433139114,351.44
seismic,2012-02-28 00:52:02.780,38.637,-89.913,0.07,2.2,899.3029762081894,4.782
seismic,2012-02-28 02:42:33.670,37.668,-89.6808333,3.6,2.0,788.8578077983138,0.0
seismic,2012-02-28 05:15:00.280,37.9198333,-77.9945,3.67,1.8,74.09178486194644,4.13
seismic,2012-02-29 00:09:23.900,45.941,-75.4955,12.43,2.31,96.5751299143863,496.868
seismic,2012-02-29 03:27:09.030,34.7881667,-85.0268333,5.19,1.7,458.9469104580063,338.983
seismic,2012-03-01 14:11:56.570,36.8643333,-89.4145,9.19,1.9,695.9650279834785,0.0
seismic,2012-03-01 20:03:54.440,36.0806667,-83.5668333,6.86,1.5,466.90593820606966,200.223
seismic,2012-03-01 23:45:40.320,36.2688333,-89.3728333,13.53,2.7,629.8308100269855,0.0
seismic,2012-03-04 18:06:02.950,36.5478333,-89.6935,8.64,1.8,666.6120786824197,0.0
seismic,2012-03-04 18:21:06.610,36.2515,-89.4298333,6.25,1.3,628.9879622637893,0.0
seismic,2012-03-07 08:00:57.630,37.9601667,-77.987,2.04,1.6,70.75383472585196,7.809
seismic,2012-03-07 08:52:33.370,37.951,-77.9655,5.56,1.7,69.92132554738181,8.391
seismic,2012-03-08 08:03:36.970,36.2445,-83.6208333,14.66,1.4,484.9660355129959,181.268
seismic,2012-03-09 04:32:32.480,34.2923333,-87.823,6.96,1.8,396.8209034071925,233.781
seismic,2012-03-10 05:40:04.660,45.588,-67.323,5.0,2.4,40.78838176659928,411.618
seismic,2012-03-10 05:43:04.640,45.58,-67.334,5.0,1.4,40.16209191640845,410.383
seismic,2012-03-11 13:31:48.460,35.4845,-84.573,10.06,1.9,473.7502119381284,256.975
seismic,2012-03-12 18:48:28.920,36.4761667,-89.54,7.87,1.4,655.6758683920306,0.0
seismic,2012-03-13 22:27:41.970,45.605,-67.334,5.0,1.6,42.835326491464464,412.412
seismic,2012-03-16 15:05:53.570,38.234,-81.748,5.0,2.6,380.6644546307164,107.28
seismic,2012-03-16 18:30:48.110,37.5033333,-78.1718333,7.78,2.2,80.75631676187847,13.843
seismic,2012-03-18 20:49:58.930,36.2908333,-89.518,8.06,1.6,634.9998212595651,0.0
seismic,2012-03-19 04:01:15.880,35.417,-84.0753333,16.46,1.5,436.57188485620367,264.95
seismic,2012-03-19 12:57:26.420,36.51,-89.5558333,8.47,1.4,659.6824118058479,0.0
seismic,2012-03-20 02:11:50.310,35.5238333,-84.485,17.57,2.2,471.0287654703352,252.185
seismic,2012-03-20 02:11:58.240,35.5273333,-84.481,17.61,2.1,471.0422961962551,251.778
seismic,2012-03-20 05:15:57.140,44.626,-88.751,5.1,1.5,1108.2486062989854,500.471
seismic,2012-03-20 08:55:21.270,36.5478333,-89.6863333,10.11,2.1,666.4608924223575,0.0
seismic,2012-03-22 12:04:21.940,32.9513333,-80.1605,4.53,2.3,23.029529374739525,0.0
seismic,2012-03-23 02:37:22.190,42.7535,-77.8553333,2.0,2.02,354.9795920005649,533.816
seismic,2012-03-25 11:30:49.910,47.253,-70.268,24.8,2.9,1.0452955106649833,488.14
seismic,2012-03-26 03:21:50.950,37.9063333,-77.9878333,8.65,3.0,74.63418453609172,3.415
seismic,2012-03-27 18:25:56.350,33.956,-83.341,0.0,2.0,279.2316585292501,239.732
seismic,2012-03-28 08:55:38.270,36.2018333,-89.4691667,5.6,1.2,624.3150123446488,0.0
seismic,2012-03-28 14:23:36.860,45.571,-67.325,1.0,2.1,39.00696782389116,410.137
seismic,2012-03-28 14:52:29.670,45.621,-67.346,1.0,2.3,44.79899119431633,413.078
seismic,2012-03-29 18:38:22.580,37.927,-77.9856667,4.72,1.7,72.98647462572976,5.242
seismic,2012-03-30 22:33:39.450,36.5661667,-89.8455,6.58,1.4,671.9475524793934,0.0
seismic,2012-03-30 23:29:59.320,47.354,-66.094,5.0,3.4,45.54602585835287,622.014
seismic,2012-03-31 00:04:40.860,35.5621667,-84.3863333,8.15,1.6,467.7220491139626,247.637
seismic,2012-03-31 16:49:30.600,35.0831667,-80.3416667,10.08,2.2,204.5615721100172,169.288
seismic,2012-04-03 19:00:54.120,37.9108333,-77.9946667,6.09,2.4,74.75463582020132,3.394
seismic,2012-04-07 06:37:13.890,36.206,-89.4248333,6.64,1.0,623.9140326594019,0.0
seismic,2012-04-07 21:47:28.820,45.6815,-75.7721667,6.5,2.52,109.4650859991452,494.785
seismic,2012-04-08 03:25:14.820,36.5458333,-89.6498333,7.28,1.7,665.4825988414744,0.0
seismic,2012-04-10 03:25:42.160,43.5825,-71.5891667,4.53,1.56,86.18622521803313,94.41
seismic,2012-04-11 04:39:12.730,35.7975,-83.838,19.4,2.3,455.0293914761712,225.545
seismic,2012-04-11 08:02:54.740,38.6535,-87.22,11.99,2.2,851.4388151172644,0.0
seismic,2012-04-12 02:29:39.270,41.927,-65.762,18.0,4.5,167.44151285096356,418.445
seismic,2012-04-12 04:29:55.000,41.709,-65.634,10.0,4.2,191.48111518138123,435.249
seismic,2012-04-12 04:32:03.150,41.941,-65.766,18.0,3.8,165.90020032363498,417.74
seismic,2012-04-12 15:33:44.590,41.974,-65.842,18.0,3.8,162.7604192504205,410.776
seismic,2012-04-12 15:43:53.780,42.021,-65.729,18.0,3.4,156.78649666710362,418.604
seismic,2012-04-13 03:16:04.120,36.5411667,-89.603,7.29,1.4,664.0209820620557,0.0
seismic,2012-04-14 17:49:04.960,36.537,-89.602,8.86,1.3,663.5462523200779,0.0
seismic,2012-04-14 19:53:28.340,36.3941667,-89.612,11.73,1.8,648.1780174705532,0.0
seismic,2012-04-15 14:25:31.840,36.544,-89.6125,8.35,1.5,664.5212532172429,0.0
seismic,2012-04-17 11:41:21.420,35.3796667,-84.1665,9.18,1.6,439.2913961066391,268.514
seismic,2012-04-18 06:16:35.760,37.765,-87.271,15.13,2.5,788.2345268045688,39.092
seismic,2012-04-19 15:36:04.630,35.545,-84.0625,23.14,1.7,446.2913921978581,250.794
seismic,2012-04-22 06:31:50.950,36.1508333,-89.4001667,5.84,1.6,617.4092518444243,0.0
seismic,2012-04-22 18:43:20.890,49.067,-68.251,18.0,2.8,4.422323170052008,715.378
seismic,2012-04-24 01:21:13.450,36.3131667,-89.5235,8.37,1.3,637.5473832558167,0.0
seismic,2012-04-24 01:26:29.850,33.5771667,-82.2565,0.07,2.3,174.15035388180522,131.709
seismic,2012-04-26 05:04:37.340,37.9098333,-78.0023333,4.56,1.7,75.33565440282884,2.853
seismic,2012-04-26 15:35:29.310,36.2415,-89.5935,2.38,1.6,631.1699147615753,0.0
seismic,2012-04-28 02:36:08.620,36.1318333,-89.7225,5.05,2.1,622.1250459173737,0.0
seismic,2012-04-28 07:37:53.970,36.4923333,-89.5468333,8.17,1.7,657.5759379432318,0.0
seismic,2012-04-28 12:02:10.360,36.3945,-89.6243333,11.28,1.3,648.4707629697751,0.0
seismic,2012-04-30 04:35:12.080,36.5543333,-89.81,3.9,2.0,669.8604123318609,0.0
seismic,2012-04-30 09:38:01.890,36.1988333,-89.4785,7.27,1.4,624.17102579336,0.0
seismic,2012-05-01 14:58:15.070,37.996,-77.5428333,9.35,2.1,40.314142135146966,37.451
seismic,2012-05-02 08:36:35.940,37.923,-77.9883333,4.44,1.7,73.45228623496946,4.76
seismic,2012-05-02 20:43:35.080,36.5375,-89.6018333,6.27,1.6,663.5974655946598,0.0
seismic,2012-05-02 22:01:48.770,36.5386667,-89.6033333,6.94,1.3,663.7548831589289,0.0
seismic,2012-05-02 22:50:32.190,36.5363333,-89.6041667,6.45,1.4,663.5170262834395,0.0
seismic,2012-05-03 17:33:40.730,36.5525,-89.5825,4.66,1.2,664.8496847857903,0.0
seismic,2012-05-05 18:06:12.150,36.5276667,-89.6015,5.45,1.3,662.5178237204342,0.0
seismic,2012-05-06 10:02:56.570,36.1038333,-89.7511667,5.47,2.3,619.7705655863022,0.0
seismic,2012-05-10 01:09:39.880,37.3733333,-89.5235,3.73,1.5,753.7852306804959,5.562
seismic,2012-05-10 22:07:19.870,38.8166667,-87.4646667,8.89,2.7,872.2712901371129,0.0
seismic,2012-05-10 22:54:05.570,38.8066667,-87.4606667,10.7,3.1,871.9317497768614,0.0
seismic,2012-05-12 08:09:59.210,36.4946667,-89.5208333,5.87,1.5,657.3268671440377,0.0
seismic,2012-05-15 04:41:26.290,47.403,-70.38,8.4,2.5,1.74209734762645,503.861
seismic,2012-05-16 05:43:51.420,36.7298333,-89.5011667,11.94,1.4,682.7098133450554,0.0
seismic,2012-05-20 01:05:45.810,36.0923333,-89.7826667,10.08,2.0,619.2822770313409,0.0
seismic,2012-05-21 15:47:24.750,32.9381667,-80.1606667,4.26,1.9,22.37105945996498,0.0
seismic,2012-05-21 16:24:13.980,36.553,-89.6588333,6.35,1.2,666.4492944791693,0.0
seismic,2012-05-25 09:13:23.710,36.5346667,-89.6336667,13.65,1.9,663.9336004062195,0.0
seismic,2012-05-26 04:22:15.610,35.3048333,-84.3063333,7.93,1.8,442.4743795832123,276.441
seismic,2012-05-26 06:25:58.280,36.4885,-89.5573333,8.81,1.6,657.3632321167171,0.0
seismic,2012-05-29 08:32:22.700,35.5011667,-85.0301667,22.13,2.3,505.913398633704,260.497
seismic,2012-05-29 09:12:10.930,35.5015,-85.0328333,22.89,2.4,506.12199046264055,260.509
seismic,2012-05-30 04:42:57.140,35.4518333,-84.9313333,20.29,1.4,495.5455340555137,264.296
seismic,2012-05-31 09:13:13.550,35.2766667,-83.321,1.98,1.7,380.4853695226696,292.81
seismic,2012-05-31 17:17:53.260,35.2418333,-84.305,6.23,1.8,437.5855168027756,283.492
seismic,2012-06-02 05:05:27.710,34.9666667,-84.8893333,13.51,1.6,459.5428459325481,317.45
seismic,2012-06-04 12:05:01.690,37.6956667,-78.0145,9.4,2.0,76.4490972607211,0.0
seismic,2012-06-05 00:05:00.290,36.4815,-89.5633333,9.35,1.5,656.717225097535,0.0
seismic,2012-06-06 22:40:07.130,35.6768333,-84.039,8.62,2.1,455.9606248448726,236.333
seismic,2012-06-07 16:54:25.540,34.29,-82.1418333,0.07,1.9,228.7807312798501,164.863
seismic,2012-06-08 07:57:48.120,34.869,-85.135,10.0,2.0,472.0619202223318,331.738
seismic,2012-06-08 08:26:43.940,34.8598333,-85.1281667,12.55,2.0,470.9918752299109,332.631
seismic,2012-06-08 21:59:37.750,37.947,-78.0105,3.93,1.8,73.27494336953256,5.323
seismic,2012-06-09 04:01:23.930,35.5741667,-84.5781667,7.4,1.5,480.9707453321301,246.988
seismic,2012-06-10 10:45:55.990,36.2733333,-89.4793333,5.84,1.6,632.3265307627901,0.0
seismic,2012-06-10 10:48:40.860,36.2725,-89.4768333,6.87,2.0,632.186777645198,0.0
seismic,2012-06-10 10:55:49.000,36.2721667,-89.479,5.66,1.4,632.1925410704902,0.0
seismic,2012-06-11 10:46:45.090,36.5221667,-89.5618333,7.16,1.9,661.1293173078466,0.0
seismic,2012-06-11 14:52:51.450,36.2811667,-89.4655,5.39,2.0,632.914709148672,0.0
seismic,2012-06-12 15:22:09.160,36.5806667,-89.5988333,10.18,1.4,668.2490040682787,0.0
seismic,2012-06-13 03:54:34.040,46.1816667,-75.0223333,5.62,1.68,85.06452580659376,489.76
seismic,2012-06-15 05:49:35.280,36.6231667,-89.3481667,8.41,2.2,668.3236999884114,1.11
seismic,2012-06-15 07:55:42.100,36.1576667,-89.6735,9.01,1.6,623.8046921826557,0.0
seismic,2012-06-16 15:50:24.760,37.937,-77.9921667,4.22,1.8,72.71284891007367,5.644
seismic,2012-06-17 06:38:53.210,36.4818333,-89.5535,8.93,2.2,656.5595704947706,0.0
seismic,2012-06-17 12:10:40.240,36.6348333,-89.5431667,3.85,1.9,673.0865117915243,0.0
seismic,2012-06-17 13:40:31.700,36.411,-89.5295,8.44,3.3,648.350123361777,0.0
seismic,2012-06-17 18:39:38.230,35.1708333,-85.3726667,18.13,2.5,508.5124629850457,303.73
seismic,2012-06-18 07:26:26.250,36.4765,-89.533,7.28,1.9,655.5759127525101,0.0
seismic,2012-06-19 02:28:23.470,36.617,-89.3563333,6.29,1.9,667.782105242013,0.466
seismic,2012-06-20 00:27:59.440,36.565,-89.6041667,11.58,1.3,666.6452355706158,0.0
seismic,2012-06-20 02:41:00.100,35.2745,-83.333,0.84,2.3,380.9489295387921,292.752
seismic,2012-06-20 10:43:08.680,36.4298333,-89.5193333,7.33,1.5,650.2095663653884,0.0
seismic,2012-06-20 12:37:22.980,36.4971667,-89.6028333,10.76,1.3,659.2174299145428,0.0
seismic,2012-06-21 06:56:21.810,36.1601667,-89.6718333,9.38,2.5,624.0383213422735,0.0
seismic,2012-06-22 20:29:00.210,36.4783333,-89.5453333,8.32,1.4,656.0169036925992,0.0
seismic,2012-06-23 19:33:15.100,36.57,-89.5961667,7.11,1.4,667.0314831441165,0.0
seismic,2012-06-24 13:32:28.970,35.2863333,-85.756,14.76,1.3,535.0554311425645,302.736
seismic,2012-06-24 21:32:46.460,36.2625,-89.5313333,8.22,1.3,632.1753731768711,0.0
seismic,2012-06-24 21:36:38.880,36.2611667,-89.5245,7.57,1.2,631.8922080741592,0.0
seismic,2012-06-24 21:40:19.090,36.2631667,-89.5306667,7.96,1.3,632.2346432984124,0.0
seismic,2012-06-24 22:19:42.570,36.2618333,-89.5305,8.27,1.1,632.0858220108643,0.0
seismic,2012-06-24 22:31:18.060,36.2616667,-89.5323333,8.04,1.3,632.1046768449769,0.0
seismic,2012-06-26 20:34:07.000,36.4381667,-89.5161667,6.97,1.3,651.0590749006979,0.0
seismic,2012-06-29 06:11:26.530,36.4346667,-89.5216667,7.15,2.0,650.7832181585824,0.0
seismic,2012-06-29 12:54:29.770,36.3756667,-89.5546667,10.54,1.1,644.991817912926,0.0
seismic,2012-06-29 21:30:54.480,36.231,-89.505,6.14,1.4,628.2093402632047,0.0
seismic,2012-06-30 00:16:09.330,35.145,-84.871,23.65,1.8,469.9304055574037,297.449
seismic,2012-06-30 01:56:25.210,44.3006667,-76.0106667,7.95,2.07,128.85316974267744,435.782
seismic,2012-06-30 02:05:55.320,36.2828333,-89.4713333,5.77,1.5,633.2095996145431,0.0
seismic,2012-06-30 05:31:07.890,35.1726667,-85.4803333,15.73,1.9,516.7232193959355,306.292
seismic,2012-06-30 13:42:25.760,35.3076667,-85.4535,13.37,1.6,523.1822158991611,291.157
seismic,2012-06-30 20:32:33.690,34.2965,-82.2956667,2.73,2.4,237.0740349167512,175.64
seismic,2012-07-01 01:50:27.690,37.3126667,-89.2446667,9.58,1.9,742.8611555093441,0.0
seismic,2012-07-01 05:53:37.900,36.5265,-89.5343333,4.79,2.2,661.0678290151048,0.0
seismic,2012-07-01 09:04:11.390,37.9748333,-77.824,1.35,2.0,58.94772953167628,18.714
seismic,2012-07-02 15:11:51.990,35.8105,-83.9433333,18.18,1.9,462.0070572943248,222.609
seismic,2012-07-03 08:11:11.360,37.1293333,-83.5806667,9.47,1.9,554.2986287067491,92.193
seismic,2012-07-03 19:57:42.130,36.5498333,-89.5911667,6.82,1.4,664.7304390491024,0.0
seismic,2012-07-03 23:27:10.900,36.2855,-89.4471667,4.76,2.5,633.0375067735848,0.0
seismic,2012-07-04 01:51:48.900,33.1176667,-82.9285,10.41,2.7,203.47501616442463,188.072
seismic,2012-07-05 12:25:07.730,36.4768333,-89.5468333,7.71,1.7,655.8824164503698,0.0
seismic,2012-07-09 00:55:29.520,36.6448333,-89.9853333,6.02,1.2,683.7355748694247,0.0
seismic,2012-07-12 18:43:35.600,36.2906667,-89.4451667,3.61,1.9,633.5648365317988,0.0
seismic,2012-07-13 07:14:12.100,36.3993333,-89.6065,12.01,1.4,648.6271650801222,0.0
seismic,2012-07-15 15:25:08.880,36.3191667,-89.5291667,8.95,1.4,638.3152865692919,0.0
seismic,2012-07-15 18:52:37.600,38.0116667,-88.9286667,17.53,2.2,816.9433508454438,0.0
seismic,2012-07-15 22:02:24.690,36.2033333,-83.736,4.32,2.6,486.6623736421811,182.993
seismic,2012-07-16 02:45:32.050,36.5463333,-89.6826667,6.08,2.0,666.2205307277046,0.0
seismic,2012-07-16 04:16:26.390,36.4701667,-89.5618333,9.42,2.0,655.4499763301759,0.0
seismic,2012-07-17 02:25:44.040,40.8925,-74.5696667,2.0,1.02,41.774759247262935,363.197
seismic,2012-07-17 03:15:03.050,36.5378333,-89.59,7.3,1.4,663.3972361981902,0.0
seismic,2012-07-17 06:28:05.900,37.7466667,-77.7526667,9.83,1.9,62.511564439451966,6.176
seismic,2012-07-17 13:59:55.440,43.9226667,-74.1408333,13.38,1.66,127.75296709374877,281.71
seismic,2012-07-18 08:04:09.890,40.8986667,-74.5876667,2.0,1.11,43.34307206116281,364.001
seismic,2012-07-19 22:16:40.550,36.5536667,-89.6568333,6.43,1.5,666.480542678333,0.0
seismic,2012-07-19 22:26:02.590,36.5561667,-89.6548333,6.3,1.3,666.711579679442,0.0
seismic,2012-07-20 10:42:58.620,36.555,-89.5673333,3.66,1.7,664.8242358977509,0.0
seismic,2012-07-20 23:54:52.000,36.2113333,-89.6178333,5.53,1.7,628.4070182778031,0.0
seismic,2012-07-22 08:54:43.620,36.5413333,-89.5705,6.46,1.7,663.3933756748222,0.0
seismic,2012-07-23 11:21:58.850,45.7516667,-75.0658333,10.0,1.41,57.53296664937202,458.065
seismic,2012-07-24 10:16:30.020,36.5365,-89.6545,7.38,1.5,664.562262802666,0.0
seismic,2012-07-24 16:04:27.680,34.9183333,-81.781,2.56,2.0,279.0670228432881,204.074
seismic,2012-07-26 03:07:42.310,36.568,-89.4415,9.53,1.9,663.882190808404,0.928
seismic,2012-07-27 08:05:14.250,32.5581667,-88.6348333,6.08,2.1,210.58957478396133,54.738
seismic,2012-07-28 18:28:31.330,36.5361667,-89.5176667,7.16,1.6,661.805758145467,0.0
seismic,2012-07-29 11:10:30.890,45.19,-80.089,5.0,2.5,423.2064527724068,772.836
seismic,2012-07-29 17:45:43.920,34.7865,-79.8575,14.19,2.5,150.62703489503605,118.048
seismic,2012-07-30 03:49:03.890,32.5426667,-88.6398333,9.28,1.6,209.05740980611063,52.949
seismic,2012-07-31 04:48:35.710,37.6006667,-89.5335,10.51,2.1,778.9776607940412,0.0
seismic,2012-07-31 04:53:09.290,32.947,-80.1621667,8.21,2.8,22.93706843428153,0.0
seismic,2012-07-31 23:20:33.310,36.4331667,-89.55,8.88,1.5,651.1753726527926,0.0
seismic,2012-08-02 23:49:27.670,36.5366667,-89.6103333,6.99,1.4,663.6775756171896,0.0
seismic,2012-08-04 18:27:49.630,47.234,-70.597,18.0,3.8,0.9447853678996296,484.126
seismic,2012-08-05 07:38:07.420,36.4868333,-89.56,8.42,1.4,657.2337716182268,0.0
seismic,2012-08-06 09:55:14.440,35.9936667,-89.8908333,9.29,1.9,611.3853771990106,0.0
seismic,2012-08-10 04:51:49.770,36.369,-83.5466667,0.0,1.6,493.4294375358554,170.157
seismic,2012-08-10 08:17:34.340,36.7048333,-89.5451667,8.15,1.8,680.7854500539137,0.0
seismic,2012-08-11 03:45:11.510,36.0515,-89.8191667,7.75,2.0,615.7765856922621,0.0
seismic,2012-08-11 09:01:14.050,36.5311667,-89.5678333,7.11,2.2,662.2303883818723,0.0
seismic,2012-08-12 01:58:18.550,36.4423333,-89.4998333,6.03,2.1,651.200189941926,0.0
seismic,2012-08-12 17:10:50.050,36.4723333,-89.5603333,9.02,1.1,655.6568527868166,0.0
seismic,2012-08-17 01:18:48.220,36.405,-89.5833333,10.88,1.2,648.77049954166,0.0
seismic,2012-08-18 05:50:01.170,47.229,-70.772,18.0,2.7,9.874764487303972,483.107
seismic,2012-08-19 12:09:14.380,36.5095,-89.483,5.77,1.3,658.2325135468183,1.628
seismic,2012-08-19 18:07:00.140,36.669,-89.5376667,9.13,1.4,676.7216107693422,0.0
seismic,2012-08-20 00:47:49.940,47.716,-70.135,10.4,2.6,5.377629076463823,540.083
seismic,2012-08-21 02:37:44.310,36.304,-89.4716667,5.59,1.6,635.5303219373799,0.0
seismic,2012-08-21 17:52:29.980,35.7091667,-82.8511667,4.02,2.2,398.5920846462994,236.555
seismic,2012-08-22 04:08:24.770,36.1826667,-89.6393333,7.58,1.8,625.7594702134628,0.0
seismic,2012-08-23 02:24:52.740,36.4743333,-89.5723333,8.63,1.7,656.1135521750809,0.0
seismic,2012-08-24 04:58:47.330,35.8715,-89.9693333,5.3,2.2,600.4363899230384,0.0
seismic,2012-08-25 02:44:05.300,35.3566667,-85.1565,18.02,1.8,504.7677281734412,278.734
seismic,2012-08-26 09:03:59.070,37.176,-83.5511667,14.27,2.0,551.3494672746807,89.465
seismic,2012-08-26 18:06:18.330,36.5536667,-89.65,7.05,1.3,666.3395436387977,0.0
seismic,2012-08-27 10:27:20.130,36.4213333,-89.5553333,14.84,1.5,649.989301562349,0.0
seismic,2012-08-28 14:28:55.590,36.8,-83.155,18.84,2.4,518.8676615196707,144.16
seismic,2012-08-30 02:47:48.720,36.2418333,-89.5088333,6.86,1.1,629.4683450839957,0.0
seismic,2012-09-02 01:04:51.250,35.6703333,-84.3685,18.0,1.6,475.2791331691031,235.514
seismic,2012-09-03 12:12:32.890,36.49,-89.5455,8.34,2.6,657.2949158282817,0.0
seismic,2012-09-04 09:48:32.720,36.4373333,-89.5235,6.21,1.6,651.1103302116013,0.0
seismic,2012-09-05 12:28:05.060,38.075,-89.55,0.0,2.5,831.5362096516169,0.0
seismic,2012-09-07 18:37:10.190,36.4895,-89.5425,7.88,2.4,657.1816930443155,0.0
seismic,2012-09-07 21:56:35.100,41.864,-83.076,5.1,2.5,604.6414893778456,362.01
seismic,2012-09-08 00:58:27.170,41.0348333,-73.5425,4.28,1.54,0.5203403076210209,286.669
seismic,2012-09-10 00:12:14.490,36.6588333,-89.5455,5.12,2.3,675.756983763936,0.0
seismic,2012-09-10 14:17:18.500,36.5475,-89.8656667,5.02,2.1,670.3928389578599,0.0
seismic,2012-09-11 05:08:17.750,36.4888333,-89.5461667,7.79,1.1,657.1804686128161,0.0
seismic,2012-09-11 14:44:31.730,36.3691667,-89.523,8.54,1.9,643.6525630310101,0.0
seismic,2012-09-11 15:51:41.600,36.4866667,-89.5611667,8.46,1.3,657.2386111801052,0.0
seismic,2012-09-11 21:51:54.850,36.277,-89.4721667,5.9,1.4,632.5880333861517,0.0
seismic,2012-09-12 17:32:39.960,36.4858333,-89.5478333,8.51,1.2,656.8853057480774,0.0
seismic,2012-09-13 08:40:12.200,36.2633333,-89.4801667,7.84,1.6,631.2499822153493,0.0
seismic,2012-09-13 15:56:02.620,36.2616667,-89.4835,7.34,1.4,631.13307090979,0.0
seismic,2012-09-13 23:40:02.840,35.6933333,-84.344,20.3,2.2,475.63689536952216,232.931
seismic,2012-09-15 07:50:49.130,36.512,-89.5916667,11.19,2.0,660.6109723805977,0.0
seismic,2012-09-15 09:51:16.660,39.5093333,-77.19,6.03,1.89,55.88227576485848,191.381
seismic,2012-09-16 02:08:16.770,37.3456667,-89.6365,13.83,2.0,752.6938142537585,10.046
seismic,2012-09-16 02:31:37.840,42.7916667,-69.7958333,7.92,2.11,66.8248848992228,77.162
seismic,2012-09-19 04:09:02.450,36.4915,-89.5373333,6.96,1.3,657.2996477269782,0.0
seismic,2012-09-19 09:40:14.070,36.541,-89.6148333,8.6,2.3,664.2411270258511,0.0
seismic,2012-09-20 02:02:00.810,34.602,-85.3765,13.62,2.0,463.3824679774642,357.48
seismic,2012-09-21 10:11:03.490,35.1293333,-85.338,16.74,1.5,503.32516436409753,307.387
seismic,2012-09-21 12:34:24.830,36.5113333,-89.587,10.18,1.4,660.4448434202276,0.0
seismic,2012-09-22 16:10:41.370,48.442,-83.266,18.0,3.9,749.7088735366898,982.205
seismic,2012-09-22 17:36:31.280,45.4741667,-75.3255,10.0,2.53,71.2778565545722,453.14
seismic,2012-09-23 00:49:54.530,36.345,-89.5135,8.83,1.5,640.8258212164736,0.0
seismic,2012-09-25 02:30:48.380,36.207,-84.00367,14.56,1.6,500.60298795107457,177.893
seismic,2012-09-27 07:09:12.080,44.7045,-75.1131667,5.0,1.1,45.54148275292034,390.629
seismic,2012-09-28 06:40:52.270,36.0673333,-89.7998333,8.85,2.2,617.0051122713282,0.0
seismic,2012-09-28 10:05:53.150,36.4403333,-89.488,7.11,1.3,650.7556501808452,0.0
seismic,2012-09-29 09:30:14.320,36.6306667,-89.5565,10.73,1.4,672.8855029083672,0.0
seismic,2012-09-30 08:26:55.270,36.3163333,-89.527,8.0,1.3,637.9627857128725,0.0
seismic,2012-09-30 08:59:04.510,39.6586667,-76.4243333,10.0,1.01,26.31797507115071,240.385
seismic,2012-09-30 19:46:01.990,35.952,-84.6111667,9.85,1.1,513.1276494436887,205.042
seismic,2012-10-01 03:34:06.660,35.65,-83.6043333,9.06,1.8,429.2016057398927,245.992
seismic,2012-10-01 09:29:12.280,36.5261667,-89.6628333,12.11,1.5,663.6100699729345,0.0
seismic,2012-10-02 04:30:28.440,36.4873333,-89.5506667,9.5,1.3,657.1047319994804,0.0
seismic,2012-10-03 02:39:12.210,36.2618333,-89.5486667,5.25,1.4,632.4546372080865,0.0
seismic,2012-10-03 05:01:59.930,44.4245,-74.7911667,5.0,1.35,64.29744897531523,353.039
seismic,2012-10-04 18:27:48.260,45.1346667,-74.1615,15.2,2.22,8.242640045197207,359.541
seismic,2012-10-07 01:04:40.350,36.4841667,-89.5941667,11.5,1.7,657.6243502219226,0.0
seismic,2012-10-07 13:39:13.760,37.722,-77.7553333,15.12,2.2,60.68673850395094,4.988
seismic,2012-10-08 05:28:43.590,37.3088333,-83.5046667,9.71,2.3,546.5158038753585,80.841
seismic,2012-10-08 06:23:32.140,36.5281667,-89.58,6.06,1.6,662.1431152954987,0.0
seismic,2012-10-08 21:18:39.630,36.3771667,-89.5443333,9.46,1.6,644.9488347697846,0.0
seismic,2012-10-09 19:16:37.860,36.271,-89.4771667,6.37,1.3,632.0293249697386,0.0
seismic,2012-10-10 04:19:29.090,45.7553333,-73.2685,8.55,3.93,7.451901932325116,370.108
seismic,2012-10-11 07:19:35.500,36.5381667,-89.6018333,8.54,1.4,663.6702149477317,0.0
seismic,2012-10-13 04:03:08.540,34.9705,-84.353,7.94,2.5,421.0030552029766,313.832
seismic,2012-10-13 07:08:33.880,35.2473333,-84.2395,6.75,1.8,433.6748550159238,283.011
seismic,2012-10-13 13:29:40.240,36.2461667,-89.4586667,6.44,1.5,628.9559287468505,0.0
seismic,2012-10-14 13:00:08.510,36.4613333,-89.5795,10.99,1.1,654.838076850152,0.0
seismic,2012-10-15 13:16:01.900,33.6193333,-85.7891667,0.04,2.3,349.2272171437154,246.8
seismic,2012-10-16 23:12:25.080,43.5973333,-70.656,16.09,4.67,25.32775309398317,81.572
seismic,2012-10-18 13:26:46.830,45.4556667,-73.8831667,18.0,1.68,1.5773052004108008,370.74
seismic,2012-10-20 22:09:19.970,36.5556667,-89.6086667,8.38,1.3,665.7169239221939,0.0
seismic,2012-10-21 02:54:28.810,36.5301667,-89.5695,4.63,1.3,662.1539728958869,0.0
seismic,2012-10-24 08:20:16.180,45.2225,-74.3665,14.22,1.91,1.3438732261564463,377.955
seismic,2012-10-25 05:21:30.350,34.691,-84.9418333,11.24,2.4,446.67531525406406,348.644
seismic,2012-10-26 04:34:58.460,43.3555,-78.6341667,5.0,1.96,362.2636980551211,600.533
seismic,2012-10-26 06:32:17.450,36.5985,-89.5785,9.58,1.2,669.795644438628,0.0
seismic,2012-10-26 08:49:28.890,36.1886667,-89.5228333,5.16,1.9,623.950782113347,0.0
seismic,2012-10-29 11:49:05.100,35.6108333,-82.0008333,7.03,2.5,352.1824560130857,195.189
seismic,2012-10-31 04:54:59.430,36.1423333,-89.4483333,10.98,1.5,617.4060157551279,0.0
seismic,2012-10-31 12:05:59.320,36.0878333,-89.7721667,6.37,2.5,618.5443388240267,0.0
seismic,2012-11-01 23:28:42.390,47.524,-70.281,11.6,2.9,4.4228134085921775,517.845
seismic,2012-11-01 23:52:37.290,36.2146667,-89.6126667,5.63,1.5,628.6584893688974,0.0
seismic,2012-11-02 23:41:06.630,36.5406667,-89.5655,6.64,1.1,663.2223396146569,0.0
seismic,2012-11-04 07:38:34.390,41.2085,-73.3511667,12.62,1.44,9.882975176169516,261.796
seismic,2012-11-04 14:41:19.220,36.3056667,-89.4711667,5.18,1.1,635.7029358762126,0.0
seismic,2012-11-04 17:08:14.750,35.8608333,-89.9396667,7.9,2.6,598.4854690265611,0.0
seismic,2012-11-05 06:19:10.680,41.0751667,-74.2216667,5.0,1.82,25.265767038109047,327.68
seismic,2012-11-06 09:05:28.400,45.6185,-74.601,11.07,3.74,18.40982560936579,421.831
seismic,2012-11-06 09:42:25.110,45.608,-74.593,18.0,2.2,17.44643839593277,420.561
seismic,2012-11-06 12:24:08.210,42.3595,-72.648,5.0,1.94,113.108400581016,143.75
seismic,2012-11-07 03:37:30.580,36.5455,-89.6823333,11.25,1.7,666.1228337435101,0.0
seismic,2012-11-07 04:25:36.730,35.4781667,-85.1765,14.3,2.0,514.5277558842993,265.944
seismic,2012-11-07 07:57:55.270,36.4526667,-89.5491667,8.22,1.2,653.2884550413169,0.0
seismic,2012-11-07 23:15:21.100,36.5568333,-89.6046667,7.0,1.6,665.7639861923658,0.0
seismic,2012-11-10 04:24:13.050,30.111,-88.097,11.0,2.6,14.075298102416124,0.0
seismic,2012-11-10 17:08:14.280,37.1386667,-83.0536667,17.03,4.2,507.96848794270414,123.035
seismic,2012-11-10 17:51:24.520,37.141,-83.0528333,15.5,2.1,507.87648585125,122.926
seismic,2012-11-10 18:37:07.840,37.1436667,-83.0565,13.46,2.5,508.17691413738936,122.488
seismic,2012-11-10 22:06:52.160,37.1543333,-83.0525,14.39,2.3,507.7420418606739,122.01
seismic,2012-11-19 06:30:45.090,36.4888333,-89.5216667,5.54,1.2,656.704987100087,0.0
seismic,2012-11-19 12:29:02.050,36.5441667,-89.6688333,4.69,1.6,665.6950837019053,0.0
seismic,2012-11-19 15:20:10.270,33.69,-87.293,1.0,2.6,336.2033053468506,197.105
seismic,2012-11-20 02:31:24.370,36.4496667,-89.5466667,8.8,1.2,652.9115058408568,0.0
seismic,2012-11-20 23:28:22.610,38.4548333,-87.9018333,18.56,3.6,862.579490227357,0.0
seismic,2012-11-21 22:52:00.940,36.5483333,-89.609,6.71,1.4,664.9234892192943,0.0
seismic,2012-11-23 05:13:19.970,39.7893333,-75.0158333,5.0,1.93,14.315728157325015,333.319
seismic,2012-11-23 05:26:56.050,36.0956667,-89.7626667,6.37,2.2,619.1621813905183,0.0
seismic,2012-11-24 04:25:25.880,44.441,-69.18,5.0,2.1,15.515822335940374,219.569
seismic,2012-11-24 11:03:13.480,35.9186667,-83.5011667,7.02,3.0,448.5085849913351,219.286
seismic,2012-11-24 11:41:05.580,34.628,-85.4133333,9.75,1.7,465.68799270024766,358.061
seismic,2012-11-24 13:46:11.340,36.5585,-89.8583333,9.2,2.4,671.4128345147324,0.0
seismic,2012-11-24 14:56:04.800,35.9128333,-83.4973333,8.8,2.5,447.77458223108255,220.011
seismic,2012-11-24 15:59:41.280,34.6206667,-85.4081667,10.3,1.4,464.95597235595295,357.631
seismic,2012-11-25 05:55:13.970,36.6605,-89.5438333,4.92,1.8,675.9077814767047,0.0
seismic,2012-11-25 13:22:55.360,36.0086667,-89.8623333,8.58,1.8,612.25987572096,0.0
seismic,2012-11-26 17:51:41.140,36.0955,-89.7643333,6.72,2.0,619.1839550195873,0.0
seismic,2012-11-27 00:04:38.930,36.5343333,-89.6335,8.41,1.4,663.8938482096218,0.0
seismic,2012-11-27 07:55:56.000,48.815,-67.352,17.0,4.2,8.397461622172619,712.638
seismic,2012-11-28 00:52:02.360,37.5781667,-83.1083333,19.54,2.0,509.0146439161093,94.335
seismic,2012-11-29 04:46:35.140,36.098,-89.765,6.22,2.7,619.4696412724622,0.0
seismic,2012-12-01 04:37:12.040,36.496,-89.5606667,8.0,1.5,658.2480961995238,0.0
seismic,2012-12-02 10:26:32.300,34.5995,-85.3571667,9.06,1.4,463.41268533869567,358.229
seismic,2012-12-02 17:21:46.480,47.57,-70.265,10.3,2.2,4.417352003419602,523.019
seismic,2012-12-02 18:05:32.170,36.285,-83.5433333,11.26,1.7,485.2035615428953,179.108
seismic,2012-12-04 04:17:36.250,36.535,-89.6371667,8.38,1.5,664.0416254064913,0.0
seismic,2012-12-04 11:11:20.750,43.631,-70.6933333,10.0,2.35,29.47321674612789,84.645
seismic,2012-12-05 23:02:57.130,35.7025,-84.1543333,19.9,2.5,464.92816776726,232.522
seismic,2012-12-06 03:20:58.310,36.3098333,-89.5041667,6.12,2.1,636.8007888380131,0.0
seismic,2012-12-07 01:16:16.950,36.3186667,-89.528,8.86,1.6,638.237434474429,0.0
seismic,2012-12-08 05:06:40.110,34.8195,-82.9271667,7.66,2.0,318.2079636117834,257.502
seismic,2012-12-08 07:18:50.740,36.6573333,-89.5396667,8.04,1.5,675.4823600884362,0.0
seismic,2012-12-09 00:44:24.650,36.3868333,-89.51,9.64,1.2,645.3282490298051,0.0
seismic,2012-12-09 00:44:42.660,36.3048333,-89.5295,8.39,1.1,636.7575286557592,0.0
seismic,2012-12-10 03:54:39.160,43.4391667,-74.0148333,4.31,1.26,182.35153967960596,254.097
seismic,2012-12-11 23:31:52.410,36.5498333,-89.618,5.02,1.3,665.2686317592835,0.0
seismic,2012-12-12 02:25:57.900,36.5501667,-89.6183333,5.69,1.5,665.311736302133,0.0
seismic,2012-12-12 15:23:28.840,36.5541667,-89.614,5.88,1.2,665.660579968546,0.0
seismic,2012-12-12 17:46:06.000,47.785,-70.049,5.3,4.4,6.739140447493522,548.416
seismic,2012-12-13 20:56:01.670,33.2973333,-87.2923333,0.05,1.7,293.4373244582088,153.663
seismic,2012-12-14 04:13:11.050,33.4976667,-86.6518333,10.62,1.6,323.989934422159,192.354
seismic,2012-12-14 19:48:43.550,36.549,-89.6301667,6.37,1.4,665.4246804211259,0.0
seismic,2012-12-17 15:50:20.650,35.733,-84.6936667,19.12,1.5,500.7796129036203,230.19
seismic,2012-12-19 00:31:14.220,36.5121667,-89.5711667,8.2,1.5,660.2210368849904,0.0
seismic,2012-12-21 05:51:09.430,43.7,-71.7,3.4,2.3,101.2770037447328,110.259
seismic,2012-12-23 14:21:33.480,34.8895,-85.194,11.44,1.4,477.8120809872543,330.523
seismic,2012-12-24 04:01:55.100,36.5333333,-89.6405,7.01,1.4,663.9284146773641,0.0
seismic,2012-12-24 22:47:11.270,36.1903333,-89.4568333,9.1,1.5,622.8172234831941,0.0
seismic,2012-12-24 22:47:25.400,36.1895,-89.4566667,9.17,1.4,622.7229085896865,0.0
seismic,2012-12-25 00:00:23.150,36.1903333,-89.4523333,9.46,1.8,622.7296123836783,0.0
seismic,2012-12-25 05:27:23.870,36.4438333,-89.532,8.55,1.0,651.9864220279736,0.0
seismic,2012-12-26 04:10:55.040,36.5555,-89.6098333,5.38,1.2,665.7221757600108,0.0
seismic,2012-12-26 07:35:56.090,36.5525,-89.6106667,6.29,1.3,665.4116203689196,0.0
seismic,2012-12-26 15:27:19.190,36.553,-89.6111667,7.07,1.5,665.4762328283725,0.0
seismic,2012-12-27 03:51:40.380,36.555,-89.614,5.7,1.6,665.7514867252584,0.0
seismic,2012-12-28 03:10:12.980,36.1726667,-89.4346667,8.3,1.3,620.4562654143292,0.0
seismic,2012-12-29 10:06:54.000,45.723,-72.822,18.0,2.6,36.42583589786423,350.416
seismic,2012-12-29 13:36:19.640,36.1806667,-89.4405,8.18,1.0,621.4435543505041,0.0
seismic,2012-12-31 04:12:41.410,45.875,-75.4815,5.59,1.52,92.63910496770156,491.163
seismic,2012-12-31 09:44:20.670,36.4656667,-89.4963333,5.81,1.1,653.6860579169776,0.0
seismic,2012-12-31 17:14:26.190,35.9583333,-89.9201667,0.06,1.3,608.3731658855831,0.0
seismic,2013-01-02 16:36:22.000,47.02,-66.497,5.0,3.0,86.55318585310437,574.003
seismic,2013-01-05 14:50:07.140,36.5075,-89.5841667,6.78,1.5,659.969869741466,0.0
seismic,2013-01-06 04:09:44.780,36.2916667,-89.4771667,5.88,1.5,634.2882666883786,0.0
seismic,2013-01-07 04:54:02.420,36.4695,-89.4935,5.37,1.5,654.051682506666,0.0
seismic,2013-01-07 18:29:13.030,36.2238333,-89.4358333,6.27,2.6,626.0747903413271,0.0
seismic,2013-01-08 12:30:55.590,35.4735,-84.3888333,9.04,2.2,460.8980101653885,257.564
seismic,2013-01-09 23:35:06.600,38.045,-78.004,5.0,1.9,66.67624186328466,14.218
seismic,2013-01-10 05:42:23.510,36.5445,-89.596,7.98,1.2,664.2446110920541,0.0
seismic,2013-01-11 02:28:46.620,37.7136667,-88.8971667,15.97,2.7,783.4402505822927,0.0
seismic,2013-01-12 07:34:38.250,45.5585,-74.7686667,13.85,1.72,30.39388453170432,426.484
seismic,2013-01-13 03:45:26.990,43.7611667,-78.694,4.17,1.15,345.11032572298825,630.503
seismic,2013-01-14 18:19:27.650,44.006,-69.6638333,19.87,2.44,0.2795426046721338,157.648
seismic,2013-01-16 00:39:32.990,34.7765,-85.0306667,6.29,2.1,458.5541891309513,340.326
seismic,2013-01-16 00:53:04.880,46.061,-75.442,18.0,3.5,99.53691303469364,502.902
seismic,2013-01-16 01:01:48.950,46.063,-75.433,18.0,3.0,99.07980156227887,502.551
seismic,2013-01-16 13:46:37.770,44.4931667,-74.0661667,5.0,2.16,71.54752810065462,308.163
seismic,2013-01-16 23:36:32.010,36.4073333,-89.525,8.12,1.6,647.8612996514132,0.0
seismic,2013-01-18 21:22:07.240,36.5428333,-89.6645,7.85,1.6,665.4596218629124,0.0
seismic,2013-01-18 21:22:12.670,36.5401667,-89.6643333,8.43,1.5,665.1657714729495,0.0
seismic,2013-01-19 15:14:03.610,36.012,-83.8288333,17.46,2.1,473.7673280187522,202.115
seismic,2013-01-23 19:09:03.090,36.2338333,-89.6011667,5.93,1.5,630.4977801369831,0.259
seismic,2013-01-27 18:10:24.080,35.2656667,-84.3268333,18.39,1.5,440.8410545798688,280.807
seismic,2013-01-28 00:35:12.450,36.5311667,-89.6146667,9.43,1.3,663.1652336776544,0.0
seismic,2013-01-29 09:17:09.280,32.9318333,-80.1658333,7.57,1.4,22.515255276447892,0.0
seismic,2013-01-29 20:20:14.310,36.1056667,-89.7535,8.01,2.2,620.0237687143959,0.0
seismic,2013-01-31 14:24:09.460,36.2025,-89.5046667,4.76,1.5,625.0923530023176,0.0
seismic,2013-02-02 06:47:03.370,34.9631667,-84.9325,9.77,2.5,462.5309726836494,318.36
seismic,2013-02-02 08:30:09.870,36.3915,-89.4905,4.56,1.4,645.461363573645,0.0
seismic,2013-02-02 23:56:38.990,45.6248333,-74.644,1.95,1.75,21.808321370308494,424.688
seismic,2013-02-03 08:27:00.880,45.6241667,-74.655,2.81,1.45,22.60004001839224,425.24
seismic,2013-02-04 20:24:31.850,36.5346667,-89.619,7.54,1.6,663.6347622683074,0.0
seismic,2013-02-05 04:59:51.180,34.8586667,-87.3573333,11.13,1.91,463.9299536763739,221.285
seismic,2013-02-05 11:47:12.390,34.7883333,-80.98,13.44,2.0,221.97707857534508,170.476
seismic,2013-02-06 21:53:02.730,36.5318333,-89.5663333,7.59,1.3,662.2737065830901,0.0
seismic,2013-02-07 01:02:11.020,48.126,-80.06,5.0,2.2,519.3824881637094,919.713
seismic,2013-02-07 05:30:20.510,45.43,-71.4836667,4.59,2.59,125.94707995334171,287.216
seismic,2013-02-07 19:26:33.100,36.371,-89.5463333,9.72,1.5,644.3156447470053,0.0
seismic,2013-02-08 00:06:23.390,44.393,-69.797,5.0,1.8,37.1647524910609,188.926
seismic,2013-02-08 12:47:27.770,47.782,-70.046,5.1,2.7,6.355412636559676,548.115
seismic,2013-02-09 23:15:13.350,36.3741667,-89.541,9.2,1.6,644.554947927777,0.0
seismic,2013-02-10 01:05:07.770,35.9026667,-89.9866667,4.38,1.8,604.2346107728403,0.0
seismic,2013-02-10 04:07:44.950,36.4756667,-89.517,6.23,1.4,655.1753422489635,0.0
seismic,2013-02-10 09:49:39.510,47.729,-70.051,4.9,2.2,3.4068723344970624,542.264
seismic,2013-02-11 07:14:54.420,36.2845,-89.4663333,5.96,2.2,633.2952565305739,0.0
seismic,2013-02-11 19:23:19.490,36.4215,-89.525,8.32,1.6,649.4092455046399,0.0
seismic,2013-02-11 20:37:27.070,36.2528333,-89.4691667,6.55,1.4,629.8881474119539,0.0
seismic,2013-02-16 07:44:25.590,43.0795,-74.1,6.4,1.33,198.15727265689208,253.852
seismic,2013-02-16 22:19:42.140,36.2753333,-89.4745,5.77,1.3,632.4511076025863,0.0
seismic,2013-02-16 22:23:09.540,36.2738333,-89.4725,5.5,1.0,632.2483282971813,0.0
seismic,2013-02-17 04:12:55.710,42.018,-82.224,5.0,2.5,556.4064697461722,426.704
seismic,2013-02-17 08:46:22.490,36.317,-89.546,10.12,1.5,638.4166356700579,0.0
seismic,2013-02-17 10:16:58.910,36.4905,-89.5665,9.3,1.7,657.7626959209724,0.0
seismic,2013-02-19 04:59:44.000,48.425,-83.298,8.0,4.1,751.2098709801915,979.607
seismic,2013-02-19 09:53:04.290,41.238,-77.0555,10.75,1.88,205.23231623081432,376.972
seismic,2013-02-20 03:56:31.880,42.798,-70.8,3.9,2.3,0.2929415362364296,0.0
seismic,2013-02-20 09:39:04.810,45.0995,-74.207,4.9,1.93,10.870314368024005,359.462
seismic,2013-02-20 13:01:57.500,36.2753333,-89.4711667,6.05,1.2,632.3864549573268,0.0
seismic,2013-02-22 05:26:41.690,36.8338333,-89.439,6.42,1.5,693.0271374201965,0.0
seismic,2013-02-22 08:23:33.790,32.9508333,-80.1651667,6.83,2.2,23.38376774322646,0.0
seismic,2013-02-23 08:17:22.210,36.2738333,-89.4735,5.82,1.4,632.2677318423817,0.0
seismic,2013-02-24 06:15:30.350,36.4515,-89.6078333,11.9,1.7,654.3396578936931,0.0
seismic,2013-02-25 03:50:11.530,36.4795,-89.5443333,8.89,1.3,656.1248014917902,0.0
seismic,2013-02-26 10:31:35.070,44.895,-74.5235,12.53,1.8,15.71396243361497,363.836
seismic,2013-02-26 15:55:05.470,37.2028333,-89.3216667,10.51,2.1,731.8147148583478,0.0
seismic,2013-03-01 16:53:27.150,33.703,-87.294,0.0,2.7,337.6059321546136,198.536
seismic,2013-03-02 15:29:40.870,33.777,-87.417,0.0,2.7,343.5931840406901,205.751
seismic,2013-03-02 18:23:39.030,44.8123333,-75.2676667,18.9,1.41,48.43612511949937,407.262
seismic,2013-03-03 07:16:11.520,32.918,-80.1431667,8.3,1.5,19.97676028912172,0.0
seismic,2013-03-03 11:35:15.790,36.1188333,-89.7355,6.39,2.6,621.0223216824493,0.0
seismic,2013-03-03 23:45:58.670,32.9806667,-80.1828333,10.6,1.4,26.49276918966161,0.0
seismic,2013-03-05 01:44:50.930,36.3041667,-89.5243333,9.12,1.7,636.5815363200765,0.0
seismic,2013-03-06 02:24:29.460,45.5555,-74.3936667,10.03,1.7,1.3016223949293997,405.56
seismic,2013-03-07 23:12:06.110,42.592,-74.1458333,15.35,1.46,144.21756224617533,258.056
seismic,2013-03-08 22:32:20.780,41.71,-81.467,5.0,2.7,486.0444153834313,459.84
seismic,2013-03-09 22:21:23.260,36.2355,-89.6006667,4.92,1.6,630.6684964745924,0.227
seismic,2013-03-10 00:34:29.770,36.5625,-89.6208333,9.69,1.7,666.7075214957621,0.0
seismic,2013-03-10 02:15:33.090,36.627,-89.5953333,3.69,1.4,673.2394774195805,0.0
seismic,2013-03-10 02:49:42.130,36.359,-89.4248333,5.46,1.7,640.6660203810873,0.0
seismic,2013-03-10 03:24:42.840,35.545,-84.5138333,13.98,1.7,474.5391395442487,249.935
seismic,2013-03-11 05:56:02.140,38.038,-88.728,0.0,2.7,818.2546977184634,0.0
seismic,2013-03-13 20:32:22.810,45.5475,-74.5916667,14.35,2.25,16.645974971021555,415.72
seismic,2013-03-14 00:01:53.300,43.8283333,-74.236,5.0,2.16,135.81678932098686,284.639
seismic,2013-03-15 01:15:33.860,36.54,-89.6541667,9.08,1.4,664.9366149259993,0.0
seismic,2013-03-17 21:34:39.890,43.834,-74.1003333,12.83,1.29,138.16071336767635,274.813
seismic,2013-03-17 22:49:26.660,41.6575,-80.8946667,5.0,1.86,446.380170609166,449.35
seismic,2013-03-21 05:22:17.440,46.43,-66.122,5.0,3.2,93.027377063068,543.541
seismic,2013-03-21 07:57:07.590,36.4911667,-89.5325,7.33,1.6,657.1693960142203,0.0
seismic,2013-03-21 17:21:55.910,36.4053333,-89.5311667,7.47,1.2,647.7638330207014,0.0
seismic,2013-03-23 03:03:51.120,36.2821667,-89.524,7.98,1.5,634.1737066099251,0.0
seismic,2013-03-23 15:42:36.560,36.4793333,-89.5416667,8.92,1.6,656.0544479642574,0.0
seismic,2013-03-24 03:07:29.210,44.2876667,-76.4831667,1.0,1.85,160.98396089931592,470.748
seismic,2013-03-25 09:49:00.670,44.2825,-76.4806667,1.0,1.73,161.1009190046659,470.377
seismic,2013-03-25 18:34:36.160,36.0303333,-83.8523333,15.6,2.0,476.6613514182205,199.688
seismic,2013-03-25 21:35:36.980,47.522,-70.212,14.2,2.4,0.1548654116286054,518.151
seismic,2013-03-26 23:47:05.720,36.5705,-89.5973333,7.73,1.6,667.109271363272,0.0
seismic,2013-03-27 06:30:46.640,36.1613333,-89.679,6.37,2.3,624.3256248309921,0.0
seismic,2013-03-27 09:10:49.890,38.6681667,-82.2146667,15.37,2.5,420.04254634465485,170.129
seismic,2013-03-27 13:13:23.450,36.4265,-89.5048333,6.76,1.5,649.5645921801088,0.0
seismic,2013-03-27 14:18:49.620,36.4946667,-89.5545,9.52,1.2,657.9811206521658,0.0
seismic,2013-03-28 03:16:51.550,32.945,-80.1538333,5.59,1.4,22.14802780563349,0.0
seismic,2013-03-28 04:24:55.300,36.6508333,-89.5918333,6.02,1.5,675.7745884160529,0.0
seismic,2013-03-28 09:54:55.340,36.2753333,-83.5095,8.56,1.3,482.7232718154512,181.145
seismic,2013-03-29 06:49:14.550,36.407,-89.5256667,7.94,1.5,647.837943741857,0.0
seismic,2013-03-30 11:28:06.910,43.79,-70.57,16.0,1.7,27.54070467734522,104.089
seismic,2013-03-31 14:01:24.030,38.645,-80.8331667,8.02,3.4,300.96710731822293,112.409
seismic,2013-03-31 16:36:56.090,36.7601667,-89.5156667,4.53,2.1,686.2997249539073,0.0
seismic,2013-04-01 11:28:04.610,44.0688333,-76.0213333,7.52,1.54,146.63928804663607,428.222
seismic,2013-04-03 03:20:33.720,36.3991667,-89.6393333,13.14,2.7,649.2930571050296,0.0
seismic,2013-04-03 03:23:57.000,36.399,-89.6396667,12.82,1.6,649.2819300626032,0.0
seismic,2013-04-04 10:08:56.490,35.293,-84.2918333,12.93,2.0,440.6146916322536,277.784
seismic,2013-04-04 16:31:00.710,41.504,-71.746,5.0,1.8,18.2511201959606,152.401
seismic,2013-04-05 00:27:52.560,36.2368333,-89.6,7.06,2.7,630.7994258154746,0.181
seismic,2013-04-07 19:21:12.360,33.8595,-82.4555,6.12,2.5,209.03142673173883,160.427
seismic,2013-04-10 03:31:45.170,36.3448333,-89.518,5.06,1.5,640.8962251995497,0.0
seismic,2013-04-10 04:22:02.200,36.3451667,-89.5181667,5.02,1.6,640.9359268337208,0.0
seismic,2013-04-10 22:19:39.950,33.683,-87.278,0.0,2.9,335.7251838951417,196.499
seismic,2013-04-11 03:28:36.360,35.5578333,-84.0701667,19.55,2.0,447.8189604847669,249.297
seismic,2013-04-11 05:33:38.650,35.906,-84.3553333,5.38,2.2,493.9234701776626,209.121
seismic,2013-04-11 19:58:03.490,36.2065,-89.4318333,6.79,2.2,624.1022144856779,0.0
seismic,2013-04-12 01:24:15.040,36.5388333,-89.6698333,6.95,1.4,665.1352673565217,0.0
seismic,2013-04-12 06:07:35.060,36.2428333,-89.4683333,6.34,1.5,628.7789454716883,0.0
seismic,2013-04-13 01:14:34.740,36.4981667,-89.5458333,7.65,1.6,658.1938260505868,0.0
seismic,2013-04-13 02:34:58.650,36.4963333,-89.5428333,7.48,1.6,657.9349516628102,0.0
seismic,2013-04-13 05:34:59.620,36.4978333,-89.5483333,8.02,1.4,658.2062386658155,0.0
seismic,2013-04-13 15:04:46.920,34.9431667,-85.0653333,8.52,1.9,471.2505292826889,322.445
seismic,2013-04-14 17:11:05.330,36.2805,-89.4618333,5.97,1.2,632.7711895809913,0.0
seismic,2013-04-15 13:32:26.440,45.8028333,-74.4466667,10.0,2.46,27.30193037394584,428.637
seismic,2013-04-16 03:27:53.520,33.876,-82.4565,0.07,2.2,210.38945859729927,161.32
seismic,2013-04-16 11:38:24.640,36.4898333,-89.4978333,6.05,1.4,656.3589865398257,0.196
seismic,2013-04-17 12:42:38.660,36.3218333,-89.5288333,10.12,1.3,638.5997090500317,0.0
seismic,2013-04-17 21:48:43.330,35.564,-85.0675,21.67,2.3,512.9917611770659,254.324
seismic,2013-04-17 23:09:55.950,35.5708333,-85.0655,20.31,1.9,513.345467186935,253.539
seismic,2013-04-18 04:06:17.800,35.5593333,-85.0778333,21.66,2.5,513.3694341093668,255.039
seismic,2013-04-19 16:48:37.200,38.0611667,-88.6161667,13.78,2.2,820.1163255610762,0.0
seismic,2013-04-20 13:31:55.730,36.3103333,-89.5035,5.73,1.5,636.8422952026829,0.0
seismic,2013-04-21 01:01:00.750,43.407,-78.3345,6.83,1.72,338.7385673780803,597.86
seismic,2013-04-21 02:50:19.230,36.4906667,-89.5291667,7.13,1.3,657.0501953014697,0.0
seismic,2013-04-21 07:39:17.240,47.75,-70.154,7.3,2.4,9.298669402423116,543.653
seismic,2013-04-22 01:06:38.030,36.1781667,-89.4406667,8.23,1.5,621.1734447904691,0.0
seismic,2013-04-23 05:31:24.370,33.8706667,-82.4626667,0.04,1.9,210.37473999903236,161.565
seismic,2013-04-25 02:35:30.920,36.8865,-89.1798333,8.01,2.4,694.8038435529859,0.0
seismic,2013-04-25 08:35:30.320,36.494,-89.5681667,7.57,1.5,658.1778893352364,0.0
seismic,2013-04-26 05:13:40.570,33.7756667,-82.3773333,12.01,2.8,197.35301813907284,149.964
seismic,2013-04-26 05:26:36.360,33.774,-82.4028333,10.2,2.1,198.92150060991327,152.037
seismic,2013-04-26 08:23:00.970,36.5146667,-89.5593333,9.58,1.5,660.2609021951102,0.0
seismic,2013-04-26 15:40:36.440,33.7785,-82.388,10.05,2.2,198.2798031981144,150.989
seismic,2013-04-27 04:44:19.630,33.7758333,-82.3808333,5.32,2.3,197.59794175236144,150.266
seismic,2013-04-27 06:46:12.810,47.783,-70.05,5.0,2.7,6.661799843812744,548.187
seismic,2013-04-27 20:14:02.970,33.2216667,-82.721,15.88,2.2,189.5116412227716,168.504
seismic,2013-04-28 20:46:18.690,36.4731667,-89.4943333,4.24,1.5,654.4687410100535,0.216
seismic,2013-04-29 13:26:57.330,34.5583333,-86.698,13.48,2.3,441.6660474476376,289.713
seismic,2013-04-30 19:07:22.090,36.5538333,-89.6131667,5.38,1.2,665.6074162540177,0.0
seismic,2013-05-03 13:03:17.970,36.1605,-89.442,10.0,2.0,619.2679620263233,0.0
seismic,2013-05-06 04:07:34.470,36.5573333,-89.7723333,13.62,1.7,669.3465854786667,0.0
seismic,2013-05-06 13:33:12.450,36.3456667,-89.489,5.0,1.6,640.4207673712241,0.0
seismic,2013-05-06 22:44:13.890,36.4508333,-89.5365,8.51,1.6,652.8392965807953,0.0
seismic,2013-05-07 00:18:03.390,36.5455,-89.7281667,11.12,1.6,667.0985724995646,0.0
seismic,2013-05-07 04:58:56.780,35.769,-84.4061667,16.13,1.9,485.6292131236035,224.514
seismic,2013-05-07 20:59:52.930,36.4318333,-89.5295,8.03,1.2,650.626318585627,0.0
seismic,2013-05-08 10:39:32.050,33.8673333,-85.938,13.5,2.11,375.5686522667674,260.682
seismic,2013-05-08 12:52:25.210,36.5445,-89.5996667,7.33,1.5,664.3179228225015,0.0
seismic,2013-05-08 21:27:46.780,36.579,-89.5878333,8.32,1.7,667.8490523493143,0.0
seismic,2013-05-10 04:57:23.740,35.759,-83.9155,21.25,2.5,455.9485676826488,228.674
seismic,2013-05-10 15:19:57.100,36.2236667,-89.4531667,7.66,1.8,626.3896500851405,0.0
seismic,2013-05-12 10:29:32.030,36.5011667,-89.5491667,6.84,1.4,658.5867663290403,0.0
seismic,2013-05-13 05:18:32.480,36.3523333,-89.5481667,10.36,1.6,642.3152332209978,0.0
seismic,2013-05-14 11:54:54.270,35.5798333,-85.0191667,16.4,1.7,510.8175826552268,251.673
seismic,2013-05-14 13:11:49.980,35.6813333,-84.3546667,16.75,1.6,475.3165441195808,234.276
seismic,2013-05-15 11:01:48.220,37.9541667,-78.0063333,0.1,2.3,72.49986412877088,6.161
seismic,2013-05-15 19:13:15.340,45.414,-75.9738333,11.11,2.19,109.2004607017454,490.082
seismic,2013-05-16 14:13:33.240,42.8186667,-78.2456667,9.85,1.09,372.8716910555223,539.909
seismic,2013-05-17 13:43:24.440,45.7568333,-76.3533333,13.0,5.06,153.59107250489174,536.119
seismic,2013-05-17 13:53:55.830,45.7576667,-76.3545,10.72,3.63,153.71755040727436,536.246
seismic,2013-05-17 20:15:17.000,45.767,-76.346,18.0,3.1,153.72716086204994,536.307
seismic,2013-05-19 05:14:23.250,45.2081667,-75.5181667,4.98,1.62,67.43796818355744,447.679
seismic,2013-05-19 12:40:16.860,35.4486667,-85.2821667,18.35,1.9,520.0092074740598,271.588
seismic,2013-05-19 14:42:41.050,35.8785,-89.9705,8.03,1.5,601.214194311278,0.0
seismic,2013-05-20 06:52:32.380,36.4125,-89.5225,7.75,1.2,648.3769487318019,0.0
seismic,2013-05-20 12:46:57.270,36.3443333,-89.539,9.37,1.8,641.2585686735541,0.0
seismic,2013-05-21 20:43:01.940,45.4413333,-74.199,12.01,2.73,4.411912867179551,385.896
seismic,2013-05-22 03:49:21.500,35.607,-84.855,19.32,1.7,501.7162741732311,246.054
seismic,2013-05-23 21:09:41.730,38.08,-82.068,0.0,2.8,410.0355378645323,119.169
seismic,2013-05-24 03:34:52.300,36.2738333,-89.4985,9.47,1.0,632.7569939144039,0.0
seismic,2013-05-24 19:48:09.280,45.7635,-76.3565,13.18,2.45,154.199827015265,536.748
seismic,2013-05-25 00:53:39.420,36.4508333,-89.5386667,8.16,1.1,652.8817341109784,0.0
seismic,2013-05-25 04:15:48.930,36.4785,-89.5533333,8.79,1.4,656.1921876921746,0.0
seismic,2013-05-25 09:49:24.330,36.6238333,-89.5965,7.13,1.7,672.9165560510476,0.0
seismic,2013-05-26 09:15:02.150,36.6633333,-89.5423333,10.96,1.9,676.1894647739117,0.0
seismic,2013-05-27 01:20:38.990,47.386,-70.506,18.0,2.3,0.0268533958107463,501.291
seismic,2013-05-29 21:06:11.100,38.3653333,-81.2756667,2.55,2.26,338.917817826268,93.813
seismic,2013-05-30 05:34:59.140,45.7695,-76.3691667,13.25,2.93,155.38971979382293,537.938
seismic,2013-05-30 11:20:45.840,37.942,-81.249,1.0,2.5,341.89517921114646,53.478
seismic,2013-05-30 13:52:05.120,37.8798333,-77.5545,12.5,2.0,48.35670988073417,28.766
seismic,2013-06-02 07:59:42.570,36.5633333,-89.5775,4.19,1.4,665.9342051300523,0.0
seismic,2013-06-03 16:01:21.140,36.559,-89.6443333,7.58,2.1,666.8042944759329,0.0
seismic,2013-06-05 07:35:17.630,38.6,-87.8758333,23.37,1.9,878.883591271544,0.0
seismic,2013-06-06 09:58:14.620,35.2868333,-83.31,6.96,2.5,380.79344911097706,291.987
seismic,2013-06-06 18:21:30.300,35.2895,-83.3133333,4.69,2.5,381.2127317890831,291.617
seismic,2013-06-07 10:28:51.130,35.2931667,-83.3143333,4.75,2.3,381.5946631683176,291.198
seismic,2013-06-07 21:17:00.520,37.764,-82.054,0.0,2.6,414.5817950324535,103.148
seismic,2013-06-10 12:29:39.500,41.99,-88.509,5.0,2.6,1020.1432310783872,217.151
seismic,2013-06-11 16:27:57.040,35.7555,-84.0103333,8.26,1.6,461.0261102048708,227.892
seismic,2013-06-13 01:23:45.640,36.0956667,-89.764,7.76,1.5,619.1939886625772,0.0
seismic,2013-06-13 15:14:24.820,38.666,-77.74,0.01,2.04,41.142114781040775,85.761
seismic,2013-06-14 23:11:14.570,36.0548333,-89.8295,8.19,2.6,616.3917524949044,0.0
seismic,2013-06-15 15:58:31.690,45.744,-76.352,13.3,2.5,152.7367516725953,535.211
seismic,2013-06-16 05:47:23.570,45.244,-75.358,5.0,2.05,57.54857639174626,439.688
seismic,2013-06-16 10:06:21.220,36.567,-89.5973333,8.35,1.6,666.7271900972762,0.0
seismic,2013-06-16 23:32:31.560,36.8448333,-89.4408333,9.51,1.6,694.2675808795227,0.0
seismic,2013-06-20 01:37:20.410,46.52,-66.249,5.0,2.9,92.28120113956967,544.04
seismic,2013-06-20 21:16:46.950,37.75,-82.055,0.0,2.5,414.9901763588725,102.737
seismic,2013-06-21 10:14:27.490,44.4661667,-69.7421667,9.14,2.61,45.34874792052546,198.165
seismic,2013-06-21 22:37:04.580,37.932,-81.305,0.0,2.7,346.8925239051893,56.067
seismic,2013-06-22 01:27:48.530,36.4405,-89.5281667,8.34,1.2,651.5473310317554,0.0
seismic,2013-06-23 02:33:20.500,35.7763333,-83.7426667,13.85,2.2,447.9603711172324,229.513
seismic,2013-06-23 15:54:39.930,40.9035,-74.5105,2.0,1.93,39.09271723829999,358.491
seismic,2013-06-24 11:04:07.870,35.1506667,-77.6413333,5.72,2.1,48.184840895345474,112.74
seismic,2013-06-28 12:49:46.480,34.6081667,-85.361,14.84,2.1,464.3058960255031,358.838
seismic,2013-06-30 08:36:37.770,38.5241667,-88.0206667,9.58,2.3,870.2724727786688,0.0
seismic,2013-06-30 08:40:46.000,45.748,-76.352,14.0,3.1,152.97481847413866,535.467
seismic,2013-06-30 15:57:21.270,35.4006667,-84.4068333,23.21,2.5,456.42104377997725,265.741
seismic,2013-07-01 07:48:43.300,41.793,-81.292,5.0,3.2,480.9495548957545,467.147
seismic,2013-07-01 22:34:32.570,35.3301667,-84.2055,17.35,1.6,437.8786337814011,273.866
seismic,2013-07-03 02:16:42.410,36.296,-89.5185,10.19,2.2,635.5738055091249,0.0
seismic,2013-07-04 01:57:01.090,36.538,-89.5595,8.14,1.6,662.8134876844299,0.0
seismic,2013-07-04 02:43:26.010,36.2913333,-89.521,9.13,1.5,635.1142087565888,0.0
seismic,2013-07-05 02:49:26.020,45.4688333,-73.9761667,15.16,1.65,2.4194802137727045,376.555
seismic,2013-07-06 15:17:11.110,36.2795,-89.4528333,5.56,2.0,632.4891960928815,0.0
seismic,2013-07-10 07:26:39.220,36.8231667,-89.144,11.21,2.3,687.3001122984972,0.243
seismic,2013-07-10 08:19:29.930,36.3981667,-89.5295,9.58,1.4,646.9482067366398,0.0
seismic,2013-07-10 22:46:55.470,38.4506667,-87.8606667,15.51,1.8,862.171224443086,0.0
seismic,2013-07-11 20:16:07.000,47.81,-70.049,14.9,4.4,8.662303912850735,551.153
seismic,2013-07-11 22:20:21.790,34.7545,-85.9783333,6.74,1.81,472.7862563317775,335.334
seismic,2013-07-12 10:22:17.770,36.3143333,-89.5266667,8.68,1.6,637.7378242689758,0.0
seismic,2013-07-16 03:58:10.430,39.8485,-77.5933333,5.0,1.82,105.72275726892028,214.929
seismic,2013-07-18 21:44:38.500,38.7015,-83.9453333,4.06,2.4,569.2241190287372,85.957
seismic,2013-07-19 09:34:44.550,36.4423333,-89.6268333,11.71,1.7,653.7319454379756,0.0
seismic,2013-07-20 05:52:05.310,34.3638333,-88.0303333,12.93,2.3,404.34280082727486,215.919
seismic,2013-07-20 08:07:44.610,36.5486667,-89.6073333,7.6,1.7,664.9263562343762,0.0
seismic,2013-07-20 11:38:46.180,38.8956667,-80.887,21.1,2.7,308.5793993762396,140.867
seismic,2013-07-22 04:53:37.110,36.5648333,-89.6165,6.39,1.3,666.8746118231015,0.0
seismic,2013-07-23 15:00:40.310,38.7088333,-83.9468333,4.14,2.6,569.3694747035088,86.712
seismic,2013-07-25 07:42:56.170,45.952,-73.8,18.0,2.1,28.7072707368807,410.771
seismic,2013-07-25 12:31:24.000,46.291,-66.945,5.0,2.8,117.07651761575478,489.531
seismic,2013-07-26 05:06:34.250,34.3576667,-82.5565,3.78,1.9,256.72510846038915,198.271
seismic,2013-07-27 04:50:44.170,43.3038333,-75.0881667,5.0,1.8,191.3549896258369,336.171
seismic,2013-07-28 03:31:38.330,36.5208333,-89.5813333,7.67,1.6,661.3689272874828,0.0
seismic,2013-07-29 16:13:02.250,32.9565,-80.1553333,2.66,2.1,22.8994009510511,0.0
seismic,2013-07-30 06:09:04.850,38.8393333,-80.9086667,12.65,2.8,309.5361321365112,134.873
seismic,2013-07-30 07:30:59.710,36.5456667,-89.5928333,8.21,1.9,664.3087824225929,0.0
seismic,2013-07-30 08:01:25.950,35.8328333,-84.0926667,7.82,1.7,472.3995076032272,218.459
seismic,2013-07-31 00:15:30.430,45.4923333,-75.2736667,5.0,1.29,69.79251294307366,451.254
seismic,2013-07-31 06:07:56.510,36.268,-89.504,7.98,1.2,632.228741410266,0.0
seismic,2013-07-31 14:25:13.900,36.5461667,-89.6713333,8.58,2.2,665.9650074355184,0.0
seismic,2013-08-02 03:40:30.110,36.049,-89.8215,10.16,2.3,615.5654883286795,0.0
seismic,2013-08-02 07:46:41.100,36.2535,-89.2931667,4.95,2.2,626.742591808908,0.773
seismic,2013-08-04 19:13:48.850,36.552,-89.844,7.24,1.5,670.3800241747116,0.0
seismic,2013-08-09 02:20:11.820,36.6496667,-89.5636667,16.19,1.6,675.1010676107369,0.0
seismic,2013-08-09 03:24:53.960,36.2635,-89.2998333,4.07,2.8,627.9560502860097,1.464
seismic,2013-08-09 09:29:31.680,36.475,-89.5568333,9.28,1.1,655.8788972868252,0.0
seismic,2013-08-09 15:20:52.040,36.4235,-89.5388333,7.63,1.2,649.8991037670937,0.0
seismic,2013-08-10 00:41:04.910,36.0523333,-89.8153333,9.09,2.8,615.771377082202,0.0
seismic,2013-08-11 12:59:27.700,36.213,-89.46,7.12,2.0,625.3561480266716,0.0
seismic,2013-08-11 14:59:10.520,36.4406667,-89.544,8.46,1.6,651.8759383686782,0.0
seismic,2013-08-11 23:54:49.000,37.925,-77.869,5.6,1.9,65.66853633229357,11.992
seismic,2013-08-12 05:34:50.190,36.5585,-89.6255,7.93,1.7,666.3657305431698,0.0
seismic,2013-08-12 16:17:34.660,36.549,-89.6116667,7.01,1.6,665.0499087218408,0.0
seismic,2013-08-12 21:43:24.300,36.261,-89.3013333,4.4,3.3,627.7071343861273,1.153
seismic,2013-08-13 08:08:32.290,34.9586667,-84.9796667,7.96,2.5,465.7709280349206,319.479
seismic,2013-08-13 10:50:48.150,35.6846667,-84.0511667,10.24,1.9,457.3374042379633,235.342
seismic,2013-08-16 11:02:21.040,38.8415,-80.9386667,6.09,2.6,312.12554653634663,135.515
seismic,2013-08-16 17:24:19.570,36.0351667,-89.4928333,10.69,1.6,606.6045560147415,0.0
seismic,2013-08-17 00:49:01.390,43.3443333,-79.2035,5.0,1.48,402.64962669082047,603.424
seismic,2013-08-18 19:04:53.590,45.2361667,-74.025,9.46,1.54,0.3193489603591264,359.947
seismic,2013-08-18 22:21:02.860,43.1745,-79.8631667,5.0,1.58,458.5726417528066,594.328
seismic,2013-08-22 18:56:54.230,46.51,-66.21,7.0,2.3,90.8965696861974,545.273
seismic,2013-08-23 01:34:34.680,32.9323333,-80.1695,4.89,2.0,22.850349558644076,0.0
seismic,2013-08-23 16:48:49.060,36.3055,-89.5,7.51,2.3,636.2455295245842,0.0
seismic,2013-08-24 12:20:40.710,36.3568333,-89.5326667,10.18,1.3,642.4969028202186,0.0
seismic,2013-08-24 21:02:24.820,36.484,-89.549,7.46,1.4,656.7078772049922,0.0
seismic,2013-08-25 04:12:23.650,32.932,-80.1685,4.45,1.1,22.750264956096505,0.0
seismic,2013-08-25 13:33:14.140,43.351,-73.7943333,10.17,2.46,197.11242256334737,234.46
seismic,2013-08-25 19:50:40.320,36.1645,-81.6635,9.39,2.9,373.996041109668,126.991
seismic,2013-08-27 04:40:14.420,44.6673333,-74.0823333,13.85,1.84,54.15794088290132,320.759
seismic,2013-08-28 07:18:22.600,35.2986667,-82.4916667,10.01,2.1,342.9455345665915,249.074
seismic,2013-08-28 09:44:34.630,46.9913,-66.6064,5.0,3.2,95.2007793418142,566.393
seismic,2013-08-28 20:12:37.430,36.4101667,-89.5413333,10.78,1.9,648.4922516723778,0.0
seismic,2013-08-29 02:04:24.960,34.2141667,-82.6166667,7.14,2.0,247.9432581352037,193.13
seismic,2013-08-29 07:34:00.730,35.3545,-84.6828333,18.96,1.7,471.4282673707869,272.241
seismic,2013-08-29 18:00:37.790,36.5625,-89.7933333,9.16,2.0,670.3724228903571,0.0
seismic,2013-08-30 00:45:58.880,36.4903333,-89.5663333,8.8,1.6,657.7411919364514,0.0
seismic,2013-08-30 02:44:23.620,36.5501667,-89.6106667,7.22,1.6,665.1570549950296,0.0
seismic,2013-08-30 04:27:04.680,37.9048333,-78.014,5.6,2.3,76.47343746380044,1.741
seismic,2013-08-30 12:08:36.040,34.994,-88.463,6.36,2.0,476.5282815474,136.175
seismic,2013-08-30 13:05:56.540,35.7301667,-84.5573333,16.75,1.9,491.8847050567476,229.439
seismic,2013-08-31 20:29:45.700,36.5335,-89.6271667,6.9,2.1,663.673641046169,0.0
seismic,2013-09-03 13:10:29.780,36.4885,-89.566,8.55,1.8,657.5344027810638,0.0
seismic,2013-09-03 15:54:04.310,36.1945,-89.4791667,8.2,2.2,623.710963947835,0.0
seismic,2013-09-05 02:47:38.840,44.466,-80.211,5.0,1.9,438.6287246462815,731.17
seismic,2013-09-07 05:04:20.790,35.8763333,-89.956,10.7,2.0,600.5846316796216,0.0
seismic,2013-09-07 11:06:58.220,36.2226667,-89.4713333,5.52,1.8,626.6336682241248,0.0
seismic,2013-09-07 18:57:43.740,32.9371667,-80.1373333,0.85,2.3,20.383675673080663,0.0
seismic,2013-09-09 06:01:57.370,36.5016667,-89.5096667,6.33,1.3,657.8787610417676,0.0
seismic,2013-09-10 03:28:29.400,42.5963333,-76.9065,5.0,1.69,281.940122282954,482.212
seismic,2013-09-11 03:50:39.040,36.5156667,-89.5706667,7.76,1.8,660.5933636443021,0.0
seismic,2013-09-11 09:15:16.290,45.4908333,-75.2721667,5.0,1.29,69.5913733172129,451.058
seismic,2013-09-12 20:59:15.940,36.6805,-89.5201667,4.98,1.5,677.6532784067685,0.0
seismic,2013-09-14 14:00:11.280,36.285,-89.4738333,6.9,1.1,633.494873503582,0.0
seismic,2013-09-15 02:38:42.430,32.9885,-80.1628333,5.67,2.3,25.46763262089685,0.0
seismic,2013-09-16 07:21:27.680,35.6941667,-84.1755,17.89,1.7,465.49247389564414,233.324
seismic,2013-09-16 07:54:30.090,36.126,-89.4228333,7.56,1.7,615.1253388931473,0.0
seismic,2013-09-19 19:14:11.170,32.9983333,-80.265,11.44,2.5,34.06352647780153,0.0
seismic,2013-09-20 02:34:27.810,36.0681667,-89.4835,0.52,1.9,610.0112061122531,0.0
seismic,2013-09-20 04:16:11.470,35.668,-89.987,10.07,1.6,579.3150851255264,0.0
seismic,2013-09-20 08:39:10.830,32.943,-80.1505,3.38,2.2,21.76974343689613,0.0
seismic,2013-09-20 16:47:09.850,36.0711667,-89.4811667,3.5,1.7,610.2910291755076,0.0
seismic,2013-09-21 14:48:26.110,49.7668,-65.9147,18.0,4.2,59.19533240152944,852.741
seismic,2013-09-21 16:59:17.710,36.6191667,-89.5665,8.33,1.5,671.8207930056722,0.0
seismic,2013-09-22 11:20:11.600,36.5548333,-89.6151667,6.53,1.5,665.7568220119266,0.0
seismic,2013-09-25 02:19:46.030,36.304,-89.4963333,7.27,2.1,636.0097344057043,0.0
seismic,2013-09-25 04:26:59.600,35.7193333,-84.5053333,17.31,2.2,487.7515878607536,230.404
seismic,2013-09-26 11:53:53.180,36.3808333,-89.4965,6.69,1.5,644.4105432108622,0.0
seismic,2013-09-26 14:44:55.670,36.6188333,-89.5648333,8.17,1.6,671.7521004680829,0.0
seismic,2013-09-28 20:03:17.810,36.5415,-89.6128333,7.86,1.4,664.2552669389754,0.0
seismic,2013-09-29 02:19:11.510,36.4813333,-89.6371667,11.72,1.3,658.1941409594455,0.0
seismic,2013-09-29 04:01:53.100,43.8981667,-78.6818333,3.94,1.57,338.0944894431058,631.633
seismic,2013-09-29 23:26:50.710,36.3626667,-89.5213333,8.23,1.1,642.909756130105,0.0
seismic,2013-10-01 16:00:29.230,36.383,-89.4906667,5.13,1.6,644.5349976828868,0.0
seismic,2013-10-02 03:19:12.040,40.239,-81.257,2.0,2.08,386.4467389839513,294.453
seismic,2013-10-04 13:13:02.390,47.6555,-69.8918,12.29,2.5,7.503499701860424,535.889
seismic,2013-10-05 14:19:39.790,35.0791667,-84.9961667,10.0,2.3,474.6977948606741,306.398
seismic,2013-10-05 15:21:53.840,36.732,-89.4971667,13.47,1.6,682.8746468514694,0.0
seismic,2013-10-06 13:29:43.970,36.5068333,-89.683,6.21,1.5,661.9295398017339,0.0
seismic,2013-10-06 19:37:03.800,41.8026667,-80.9948333,5.0,1.88,463.50293322888655,466.024
seismic,2013-10-07 16:14:33.560,36.555,-89.7425,11.98,2.2,668.440712113998,0.0
seismic,2013-10-08 01:58:09.190,30.1795,-74.1579,19.04,4.4,491.1008203032072,537.921
seismic,2013-10-11 01:07:41.810,43.2545,-71.7468333,4.0,2.61,83.20088730772778,76.776
seismic,2013-10-11 02:25:40.850,38.506,-82.7978333,5.69,2.2,470.1161105678879,133.541
seismic,2013-10-12 06:53:44.040,36.557,-89.6456667,7.4,1.6,666.6136824785976,0.0
seismic,2013-10-13 07:50:11.140,36.3083333,-89.5235,8.87,1.7,637.0197445389603,0.0
seismic,2013-10-13 09:20:58.550,38.7011667,-80.8241667,2.79,2.2,300.6508294282641,118.57
seismic,2013-10-14 02:13:27.120,35.5493333,-84.5016667,20.86,1.4,474.0897884585817,249.406
seismic,2013-10-14 21:17:39.810,36.5356667,-89.5965,8.24,1.2,663.2905332410006,0.0
seismic,2013-10-15 03:44:21.170,48.605,-67.436,18.0,2.6,27.93335645328759,688.968
seismic,2013-10-16 10:31:23.980,36.5355,-89.6026667,8.46,1.3,663.3959655877393,0.0
seismic,2013-10-17 08:42:23.060,36.5363333,-89.5955,7.86,1.5,663.3432824341373,0.0
seismic,2013-10-17 08:43:20.310,36.5381667,-89.6001667,8.32,1.1,663.6367913710717,0.0
seismic,2013-10-17 16:41:13.050,36.5428333,-89.6171667,6.8,1.3,664.48827906314,0.0
seismic,2013-10-19 07:07:24.830,36.5363333,-89.6335,8.89,1.4,664.1118522127799,0.0
seismic,2013-10-19 08:41:57.430,37.7476667,-80.6433333,8.1,2.2,294.66056126464497,10.812
seismic,2013-10-20 10:40:33.380,45.6106,-77.4528,18.0,3.6,225.2586394026981,600.217
seismic,2013-10-24 06:40:47.610,36.4475,-89.49,5.04,1.2,651.5778521796224,0.0
seismic,2013-10-25 14:25:09.420,40.1088333,-74.9586667,2.14,1.14,11.730891891329335,361.334
seismic,2013-10-25 16:35:41.480,36.4611667,-89.5826667,10.88,1.4,654.8835082571976,0.0
seismic,2013-10-26 11:33:50.280,36.5228333,-89.5868333,5.88,1.4,661.6967459423847,0.0
seismic,2013-10-28 01:09:51.660,43.7435,-78.0165,6.96,1.28,297.5033852182829,576.383
seismic,2013-10-28 12:53:25.080,36.4453333,-89.5323333,7.69,1.4,652.156842054073,0.0
seismic,2013-10-29 07:45:19.520,35.4341667,-84.137,13.08,2.2,441.7978842310607,262.595
seismic,2013-10-30 16:30:19.830,35.4795,-84.3458333,8.5,1.5,458.6088770196639,256.869
seismic,2013-11-02 13:20:27.800,38.5713333,-83.7748333,7.77,2.1,554.4195305715737,77.84
seismic,2013-11-03 00:35:25.150,36.5263333,-89.5881667,7.98,1.4,662.1053783996189,0.0
seismic,2013-11-03 06:07:11.740,32.9361667,-80.1478333,4.48,1.9,21.20104838687586,0.0
seismic,2013-11-04 07:45:10.730,48.732,-68.817,18.0,2.7,13.027388909424802,668.433
seismic,2013-11-04 18:35:33.720,41.7999,-87.8247,1.0,3.2,959.9437232799768,190.114
seismic,2013-11-06 23:19:47.560,36.1183333,-89.4551667,14.18,1.5,614.918565809741,0.0
seismic,2013-11-07 09:20:07.560,35.5268333,-84.53,17.23,1.8,474.1809559110444,252.032
seismic,2013-11-08 01:14:00.110,36.5301667,-89.6293333,6.35,2.7,663.3544713905491,0.0
seismic,2013-11-08 14:42:17.270,46.8177,-67.0358,5.0,2.6,130.76760535440852,531.44
seismic,2013-11-09 10:59:44.090,37.9361667,-77.975,5.42,1.9,71.61542029194877,6.626
seismic,2013-11-10 02:32:22.250,44.9553333,-74.806,5.0,1.62,8.809005526895227,385.699
seismic,2013-11-11 10:55:52.010,35.4825,-84.242,8.47,1.9,452.2607214019517,256.697
seismic,2013-11-11 20:58:50.050,36.8126667,-89.4621667,8.78,1.3,691.1030112360979,0.0
seismic,2013-11-15 00:13:33.000,47.617,-69.821,17.4,2.7,0.6732102903506183,532.53
seismic,2013-11-15 04:30:08.370,37.2706667,-89.2691667,7.59,2.6,738.554186892254,3.509
seismic,2013-11-16 12:50:39.850,45.751,-76.344,18.0,2.9,152.6294394353737,535.151
seismic,2013-11-17 01:35:51.560,42.2035,-81.2035,5.0,1.85,505.73639648884,507.04
seismic,2013-11-18 05:09:42.230,32.9298333,-80.1375,4.14,1.7,20.027512629234263,0.0
seismic,2013-11-18 18:03:57.890,36.3005,-89.5346667,6.5,1.3,636.3882681973128,0.0
seismic,2013-11-19 01:37:04.650,36.5498333,-89.5891667,6.8,1.4,664.690675252884,0.0
seismic,2013-11-19 23:31:41.000,33.4826667,-84.5945,23.31,2.1,362.8134742606092,320.148
seismic,2013-11-20 17:59:39.820,39.445,-82.205,8.0,3.5,431.41669855209005,238.438
seismic,2013-11-20 19:39:14.960,36.1708333,-89.5196667,0.4,2.2,621.9418682204822,0.0
seismic,2013-11-22 19:42:11.470,38.1091667,-83.519,12.24,2.1,534.9832660410534,57.749
seismic,2013-11-27 18:31:53.440,36.5065,-89.5588333,8.47,2.5,659.358932947354,0.0
seismic,2013-11-28 05:34:49.210,46.1784,-65.809,5.0,2.8,80.8165318102726,541.74
seismic,2013-11-28 10:24:48.960,46.513,-65.751,5.0,2.6,70.10384548099196,570.273
seismic,2013-11-29 14:05:01.560,41.3246667,-71.8916667,6.3,1.97,1.8637615934949092,175.768
seismic,2013-11-29 14:42:13.230,41.3973333,-71.9478333,5.0,1.99,5.785180737102835,170.825
seismic,2013-11-29 19:04:42.820,47.0348,-66.5743,5.0,2.5,92.30490237727804,571.71
seismic,2013-11-30 04:07:10.580,47.461,-66.549,5.0,2.7,59.62659584347756,611.01
seismic,2013-12-01 17:31:18.690,36.2048333,-82.8623333,3.88,1.8,448.81642974713793,203.659
seismic,2013-12-01 17:36:36.010,36.2148333,-82.8468333,10.46,1.6,449.2605739300329,201.894
seismic,2013-12-02 04:01:44.570,36.4185,-89.5065,7.44,2.2,648.7219984409027,0.0
seismic,2013-12-04 11:41:52.490,34.8388333,-84.894,9.39,2.2,451.8588208588293,331.691
seismic,2013-12-05 04:10:14.990,44.0091667,-72.4586667,5.24,1.69,170.55979908152457,175.464
seismic,2013-12-05 22:52:26.670,37.9773333,-77.921,9.76,1.6,65.0546800735091,13.211
seismic,2013-12-10 08:33:30.530,36.207,-82.8606667,2.33,1.8,448.9749422262713,203.404
seismic,2013-12-10 08:54:26.240,35.28,-83.2953333,11.75,1.5,379.38692731945406,293.088
seismic,2013-12-10 23:49:31.040,34.9946667,-84.8118333,8.43,2.8,455.6346615509348,313.501
seismic,2013-12-11 04:16:16.430,36.1315,-89.7185,8.3,1.8,621.9964068685395,0.0
seismic,2013-12-11 07:47:21.000,47.223,-70.4,12.5,3.4,7.827370259285189,483.905
seismic,2013-12-12 09:21:02.250,33.2796667,-83.0391667,9.66,2.0,219.22283933230548,198.062
seismic,2013-12-14 10:52:53.660,36.0706667,-89.4025,10.64,2.2,608.6830212376967,1.132
seismic,2013-12-14 20:05:31.930,36.1346667,-89.4111667,8.51,1.3,615.8492621286483,0.0
seismic,2013-12-15 10:49:54.050,36.6585,-89.5361667,6.4,1.5,675.5439748860349,0.0
seismic,2013-12-15 18:13:32.330,37.0981667,-89.5775,12.15,2.2,724.4843880801438,0.0
seismic,2013-12-18 07:34:36.070,36.5678333,-89.6063333,6.14,1.5,666.9977952208042,0.0
seismic,2013-12-18 09:43:16.070,36.5385,-89.6613333,6.88,1.6,664.9218682032366,0.0
seismic,2013-12-18 11:59:43.920,34.1513333,-82.398,5.43,1.6,229.6578025869528,172.733
seismic,2013-12-21 15:21:15.170,45.1141667,-74.012,10.8,2.16,13.473458425912684,349.539
seismic,2013-12-22 10:27:18.340,36.547,-89.6005,8.77,1.7,664.6074351919132,0.0
seismic,2013-12-22 21:03:43.680,35.0705,-85.0078333,9.14,2.4,474.9969584238893,307.526
seismic,2013-12-23 03:51:56.720,35.078,-85.01,7.5,2.2,475.6418718666219,306.731
seismic,2013-12-23 10:58:49.980,38.1453333,-83.8651667,10.29,2.3,564.5215235999032,34.463
seismic,2013-12-23 16:45:49.310,25.7194,-66.6056,2.08,5.2,968.7757553390144,1413.24
seismic,2013-12-24 00:01:17.740,36.529,-89.5711667,7.25,1.5,662.0593973436979,0.0
seismic,2013-12-25 08:19:04.520,36.0918333,-89.7691667,6.53,2.0,618.9038967326742,0.0
seismic,2013-12-28 14:37:16.170,36.3131667,-89.5288333,8.99,1.3,637.6537266288437,0.0
seismic,2013-12-29 14:20:17.510,36.536,-89.715,1.4,1.7,665.7829759447009,0.0
seismic,2013-12-31 14:57:13.490,36.2573333,-89.4436667,0.39,2.1,629.8891636640672,0.0
seismic,2014-01-01 18:33:31.960,45.5563333,-74.2878333,11.45,1.88,3.2459186215795905,399.995
seismic,2014-01-03 02:10:49.080,44.7716667,-75.1153333,5.24,1.92,40.60812526293278,394.626
seismic,2014-01-08 14:34:04.060,36.5563333,-89.6126667,8.02,2.4,665.8700887676322,0.0
seismic,2014-01-08 18:33:34.490,36.4951667,-89.5446667,7.56,1.9,657.8432234536697,0.0
seismic,2014-01-09 02:02:38.770,39.9273333,-76.324,5.0,1.63,46.19090126902324,269.598
seismic,2014-01-09 15:52:53.980,41.6408333,-70.8343333,4.39,2.03,1.0284664779512938,118.996
seismic,2014-01-09 20:32:30.160,32.9808333,-80.2235,2.43,2.2,29.74487309982803,0.0
seismic,2014-01-14 07:23:30.470,36.839,-89.3183333,5.24,2.2,691.6123259143507,0.0
seismic,2014-01-14 19:23:04.730,47.572,-70.002,14.0,2.6,6.415059184148325,525.564
seismic,2014-01-15 06:03:07.460,45.5315,-74.2076667,5.24,1.85,0.0236680005283541,393.739
seismic,2014-01-16 08:28:14.080,43.8066667,-70.4166667,5.0,1.52,18.55364661971433,109.428
seismic,2014-01-18 10:35:31.670,36.4165,-89.5013333,8.12,1.7,648.4036743926835,0.0
seismic,2014-01-20 06:50:18.670,41.4083,-81.9056,13.0,2.1,495.5718426312425,411.804
seismic,2014-01-23 10:52:16.890,36.4938333,-89.4781667,8.6,1.2,656.4265449218549,1.189
seismic,2014-01-25 13:20:52.770,33.8513333,-85.8195,4.73,1.75,374.700162059921,265.486
seismic,2014-01-27 00:35:52.620,37.0926667,-88.8753333,4.25,2.6,714.0549339689891,7.136
seismic,2014-01-27 07:13:31.410,36.2103333,-89.4798333,5.41,1.9,625.4533311891925,0.0
seismic,2014-01-28 01:15:46.180,36.5543333,-89.6108333,8.17,2.3,665.6149904599672,0.0
seismic,2014-01-28 08:15:54.930,41.876,-81.7128333,6.96,1.9,513.4968210222542,451.971
seismic,2014-01-28 11:32:04.780,44.1225,-72.0223333,3.83,2.21,148.41709994494747,163.82
seismic,2014-01-30 05:51:51.930,45.4066667,-74.4158333,12.1,1.76,13.283790511922916,394.936
seismic,2014-01-31 12:12:01.440,36.4918333,-89.565,9.5,2.5,657.8786045397484,0.0
seismic,2014-01-31 22:54:06.160,36.5383333,-89.629,7.71,1.5,664.2379629923153,0.0
seismic,2014-02-01 12:32:59.480,41.007,-73.6993333,11.98,1.38,4.258281765965559,298.464
seismic,2014-02-02 04:55:35.230,43.948,-72.0013333,5.0,1.86,135.91266314253923,146.769
seismic,2014-02-03 11:11:22.540,36.2816667,-89.2893333,3.15,2.0,629.7734026150812,3.702
seismic,2014-02-03 22:24:06.830,36.2613333,-89.492,6.56,1.4,631.2635717860777,0.0
seismic,2014-02-06 03:19:23.650,44.5608333,-75.1253333,7.51,1.7,58.68413079932217,383.585
seismic,2014-02-07 04:15:33.890,44.6536667,-70.7053333,5.0,1.56,98.54275770871534,197.73
seismic,2014-02-07 15:45:06.510,45.0958333,-73.646,12.0,2.42,31.47844246126359,328.283
seismic,2014-02-07 20:41:25.320,36.2706667,-89.5086667,7.59,1.2,632.612527829979,0.0
seismic,2014-02-08 12:34:21.520,42.693,-74.0896667,11.92,1.38,155.02037452118773,252.46
seismic,2014-02-09 22:34:04.980,41.4815,-80.3641667,5.0,1.94,401.0568926815346,427.759
seismic,2014-02-11 01:11:10.040,35.2961667,-76.6283333,3.74,2.9,4.872921150210651,170.25
seismic,2014-02-11 09:52:57.190,44.5281667,-70.7775,5.0,1.58,93.70408958660136,183.413
seismic,2014-02-11 22:46:33.360,41.6298333,-70.8496667,5.0,2.23,0.0355496503486785,120.235
seismic,2014-02-12 12:47:08.820,36.1661667,-89.4025,6.46,2.0,619.1316161651844,0.0
seismic,2014-02-13 04:57:38.020,43.64,-78.3958333,5.0,2.46,329.7569508693766,605.141
seismic,2014-02-14 11:15:05.420,36.665,-89.5353333,9.72,1.6,676.2397933481735,0.0
seismic,2014-02-14 19:03:43.400,37.1683333,-89.1905,14.7,2.3,726.146128089019,9.559
seismic,2014-02-15 03:23:38.150,33.8166667,-82.092,5.18,4.1,182.930805670038,128.69
seismic,2014-02-16 20:23:35.810,33.8301667,-82.0656667,6.99,3.0,182.59388268691623,127.396
seismic,2014-02-17 04:51:36.450,36.4241667,-89.5211667,7.55,1.3,649.6258987785988,0.0
seismic,2014-02-19 07:45:06.740,36.8313333,-89.2895,5.76,2.4,690.318183054239,0.0
seismic,2014-02-19 16:55:12.870,36.5273333,-89.5883333,7.8,1.6,662.2178560361772,0.0
seismic,2014-02-20 15:32:16.960,46.371,-74.926,18.0,2.6,99.35171784861836,500.648
seismic,2014-02-22 12:13:51.110,36.3705,-89.6008333,11.54,1.2,645.3688299274768,0.0
seismic,2014-02-22 14:43:37.950,36.1673333,-89.6615,8.14,2.5,624.5847426299323,0.0
seismic,2014-02-23 02:19:09.070,44.7115,-73.873,9.4,1.25,59.60725223779127,311.049
seismic,2014-02-23 09:49:55.690,34.5433333,-85.4616667,13.42,2.13,455.637325243968,347.728
seismic,2014-02-23 16:39:13.740,35.7526667,-84.1913333,18.86,1.7,471.3341495022292,226.699
seismic,2014-02-25 11:57:27.890,36.1965,-89.484,6.37,1.1,624.0250686650846,0.0
seismic,2014-02-28 09:45:51.760,36.4045,-89.5215,9.21,1.1,647.4832365885288,0.0
seismic,2014-02-28 11:38:43.020,36.5165,-89.5548333,7.4,1.5,660.373003853058,0.0
seismic,2014-02-28 20:28:36.240,47.4897,-70.0284,8.07,2.6,1.11784712879264,516.285
seismic,2014-03-02 16:30:50.350,35.5948333,-85.388,18.4,2.5,537.5437972165587,258.784
seismic,2014-03-04 12:42:09.650,35.6051667,-84.0443333,12.71,2.0,450.2256073121046,244.257
seismic,2014-03-06 03:04:12.150,36.219,-89.4516667,8.48,2.0,625.8504383092288,0.0
seismic,2014-03-06 05:43:38.550,35.6086667,-84.8251667,20.66,2.1,499.8502752466106,245.475
seismic,2014-03-06 08:29:37.040,35.6806667,-84.2606667,20.95,2.6,469.5059086700844,234.47
seismic,2014-03-07 18:38:14.230,42.0318336,-71.4941635,0.02,1.71,25.29273099026825,90.618
seismic,2014-03-09 12:44:17.960,36.4871667,-89.5616667,8.41,1.4,657.3030927922756,0.0
seismic,2014-03-09 20:34:11.000,35.576,-84.4141667,14.68,2.0,470.5840108941055,246.132
seismic,2014-03-10 06:26:45.900,41.0103333,-80.5433333,2.54,2.44,377.30044102063744,376.505
seismic,2014-03-10 06:42:44.280,41.0088333,-80.555,5.0,1.97,377.96853845379934,376.318
seismic,2014-03-10 12:52:49.280,36.4493333,-89.5373333,8.55,1.1,652.6917230970956,0.0
seismic,2014-03-10 15:03:47.610,41.0096667,-80.53,5.0,2.16,376.3752610880408,376.457
seismic,2014-03-10 15:44:06.780,41.009,-80.5316667,5.0,2.42,376.4393854687232,376.379
seismic,2014-03-11 07:01:13.340,41.0025,-80.5336667,5.22,1.86,376.1259153262544,375.647
seismic,2014-03-12 06:54:31.450,36.2128333,-89.4096667,6.43,2.1,624.3750768244721,0.0
seismic,2014-03-13 00:37:19.120,43.2401667,-71.5108333,5.0,1.3,64.2842275004445,60.918
seismic,2014-03-13 02:50:44.920,36.5725,-89.5968333,7.44,1.5,667.317666129524,0.0
seismic,2014-03-13 11:01:27.030,36.6496667,-89.5458333,7.45,1.5,674.7602544444704,0.0
seismic,2014-03-15 01:29:59.010,45.8138333,-75.2856667,5.0,2.11,75.98147104507046,475.304
seismic,2014-03-17 07:15:37.180,35.0775,-87.456,8.18,2.3,487.0995477310663,200.555
seismic,2014-03-19 04:35:48.380,36.1965,-89.4231667,6.99,2.6,622.8428788541255,0.0
seismic,2014-03-19 07:47:05.880,36.6976667,-83.9376667,27.82,2.2,542.9162759192028,124.978
seismic,2014-03-19 13:49:53.730,36.2845,-89.4908333,7.11,1.2,633.771454870072,0.0
seismic,2014-03-19 22:38:03.330,32.9978333,-80.1778333,6.91,3.0,27.207121792264903,0.0
seismic,2014-03-19 23:03:34.500,47.6517,-70.0135,20.06,2.3,5.172695737094381,534.168
seismic,2014-03-19 23:48:15.420,36.2946667,-89.5398333,9.65,1.3,635.855899317348,0.0
seismic,2014-03-20 11:04:38.260,36.5165,-89.5536667,6.34,1.3,660.3501842488714,0.0
seismic,2014-03-21 03:40:24.320,36.5488333,-89.6868333,9.7,1.9,666.5802404727723,0.0
seismic,2014-03-24 01:26:02.960,44.7683333,-73.8276667,5.0,1.64,54.50178623343518,312.532
seismic,2014-03-24 01:41:35.030,36.2283333,-89.4548333,6.83,1.8,626.9320722694821,0.0
seismic,2014-03-25 02:29:31.730,36.5841667,-89.601,8.72,1.2,668.6741871778788,0.0
seismic,2014-03-25 19:51:10.320,45.452,-74.1873333,18.0,2.12,2.9903836008149445,386.145
seismic,2014-03-28 18:00:01.630,42.6692,-71.2577,0.01,2.2,34.28572532868622,25.506
seismic,2014-03-29 01:06:03.070,36.4991667,-89.5595,9.43,2.2,658.5709988046889,0.0
seismic,2014-03-29 11:27:14.700,36.5996667,-89.3706667,4.58,2.0,666.1186084115501,0.0
seismic,2014-03-30 01:42:54.600,36.1358333,-89.386,5.94,1.6,615.5004487561222,0.0
seismic,2014-04-01 21:26:39.780,44.5101667,-75.9473333,4.17,1.89,111.72160371997704,439.803
seismic,2014-04-02 14:25:37.240,36.1346667,-89.425,10.0,1.4,616.11477246015,0.0
seismic,2014-04-04 00:43:18.530,36.5391667,-89.6471667,9.74,1.5,664.7012656564261,0.0
seismic,2014-04-05 12:07:47.520,36.6346667,-89.5513333,6.67,1.8,673.2240296933549,0.0
seismic,2014-04-06 06:05:27.620,36.073,-89.7923333,7.12,2.0,617.432619849076,0.0
seismic,2014-04-07 06:24:12.920,36.2161667,-89.4101667,6.28,3.1,624.7494094926334,0.0
seismic,2014-04-07 08:42:28.940,36.5418333,-89.6005,8.73,2.0,664.0435927452979,0.0
seismic,2014-04-08 06:55:04.990,36.5596667,-89.6108333,5.91,1.7,666.1968978020751,0.0
seismic,2014-04-08 16:02:28.300,41.8105,-81.0038,5.0,2.2,464.642386932073,466.946
seismic,2014-04-10 00:35:01.500,36.5336667,-89.6391667,7.97,1.0,663.9373572153831,0.0
seismic,2014-04-10 04:53:26.110,36.2061667,-89.4741667,7.47,1.3,624.8866161039685,0.0
seismic,2014-04-12 05:04:06.430,36.3823333,-89.5976667,11.48,1.2,646.5928166718878,0.0
seismic,2014-04-13 02:34:00.650,35.4486667,-84.4665,13.88,2.8,464.01491699525104,260.522
seismic,2014-04-14 17:44:27.380,38.453,-80.8895,4.9,2.1,305.2692312847596,91.899
seismic,2014-04-15 15:32:25.400,45.9786667,-73.8086667,0.93,2.0,31.724443640428174,413.595
seismic,2014-04-15 22:49:45.730,35.4515,-84.1246667,10.37,1.7,442.4304327134332,260.74
seismic,2014-04-15 23:19:18.060,36.4876667,-89.5668333,8.14,1.3,657.459919552567,0.0
seismic,2014-04-16 00:12:25.670,36.6848333,-89.515,15.57,1.4,678.0320832434209,0.0
seismic,2014-04-17 15:14:21.440,43.1326667,-73.9198333,0.01,1.93,203.71194614510728,240.023
seismic,2014-04-18 12:38:47.030,36.3268333,-89.4631667,5.56,1.7,637.8645987429229,0.0
seismic,2014-04-20 03:13:06.260,36.202,-89.4606667,9.12,2.5,624.1669563604789,0.0
seismic,2014-04-20 03:15:26.640,36.1938333,-89.4728333,8.18,1.5,623.5131638624852,0.0
seismic,2014-04-21 01:05:06.760,29.6897,-67.5421,6.76,4.1,969.205137251064,1080.72
seismic,2014-04-21 05:05:07.040,35.555,-84.1578333,11.72,2.8,452.90923248952737,248.974
seismic,2014-04-21 06:15:02.030,36.4455,-89.5425,9.33,1.8,652.3743560664426,0.0
seismic,2014-04-21 07:26:05.710,36.3996667,-89.6283333,12.76,1.1,649.1168305739292,0.0
seismic,2014-04-24 08:37:03.410,46.354,-74.099,18.0,2.5,78.57003816047485,460.675
seismic,2014-04-24 22:19:14.050,36.6713333,-89.5236667,11.58,1.7,676.7145217947296,0.0
seismic,2014-04-25 01:46:41.550,36.0783333,-89.7811667,9.64,2.0,617.7366686147177,0.0
seismic,2014-04-27 09:49:58.290,45.8273333,-74.7546667,10.02,1.91,41.54659582354125,446.83
seismic,2014-04-28 14:52:54.000,47.0,-66.57,5.0,3.4,92.32704427476436,568.846
seismic,2014-04-30 06:52:14.840,36.5678333,-89.3078333,23.32,2.1,661.5670961858112,0.0
seismic,2014-05-02 01:58:19.710,36.4646667,-89.5451667,8.54,1.2,654.5205337908852,0.0
seismic,2014-05-03 05:57:46.320,36.1781667,-81.6345,11.56,2.3,373.340290076949,124.232
seismic,2014-05-03 12:11:11.280,41.6311667,-70.8478333,3.94,1.38,0.1980973754607189,120.084
seismic,2014-05-05 03:33:20.800,36.2713333,-89.482,7.51,1.2,632.1599881456826,0.0
seismic,2014-05-07 03:56:47.630,36.1081667,-89.5913333,4.47,2.4,616.6243062988779,0.0
seismic,2014-05-09 02:59:14.550,36.5633333,-89.607,6.72,1.7,666.520062255635,0.0
seismic,2014-05-11 07:40:57.510,36.3005,-89.533,9.33,2.1,636.3547945966696,0.0
seismic,2014-05-11 13:02:23.060,36.3003333,-89.5295,8.55,1.1,636.26642417309,0.0
seismic,2014-05-12 03:44:35.810,41.319,-73.6928333,3.0,1.48,21.14557561982805,276.071
seismic,2014-05-13 17:44:10.530,35.7803333,-84.1845,17.81,1.9,473.2602979036083,223.645
seismic,2014-05-21 00:43:14.780,36.3948333,-89.594,11.23,1.2,647.8797806964511,0.0
seismic,2014-05-22 01:47:15.960,37.5298333,-78.0701667,9.86,3.1,72.98619296006474,6.823
seismic,2014-05-24 08:52:13.590,36.1636667,-89.3976667,5.64,1.5,618.7668649769679,0.0
seismic,2014-05-24 10:15:53.340,34.681,-86.0921667,3.92,2.19,462.6338427282142,330.386
seismic,2014-05-26 21:33:49.000,48.963,-68.016,21.0,3.7,21.533915238983592,709.969
seismic,2014-05-28 08:28:13.730,36.4945,-89.5463333,8.2,1.4,657.8029175752242,0.0
seismic,2014-05-29 02:11:20.670,44.3161,-66.2657,5.0,2.5,0.1869238126560546,398.192
seismic,2014-05-29 04:07:56.950,36.2941667,-89.463,5.27,2.2,634.2882366510186,0.0
seismic,2014-05-31 09:28:36.230,40.9516667,-74.397,8.0,1.64,35.38159805011058,347.667
seismic,2014-05-31 16:14:49.340,36.6003333,-89.5655,4.52,1.8,669.7426371353404,0.0
seismic,2014-06-03 00:34:39.480,37.9806667,-77.8726667,2.79,1.3,61.60359739257254,16.31
seismic,2014-06-03 01:19:04.660,36.0766667,-89.433,3.76,1.8,609.9310143516251,0.381
seismic,2014-06-05 01:25:31.650,37.9391667,-77.9753333,4.67,1.7,71.4235254367182,6.845
seismic,2014-06-05 20:49:43.560,44.8176667,-75.9716667,12.1,2.09,101.2855964044196,456.149
seismic,2014-06-06 17:10:00.710,37.947,-77.9826667,5.7,1.5,71.3663466395684,7.022
seismic,2014-06-06 22:15:40.790,38.6438333,-81.5855,29.56,2.6,365.7375285414009,134.216
seismic,2014-06-08 01:14:41.190,35.8696667,-83.8483333,15.67,2.0,462.00367759814833,217.429
seismic,2014-06-08 12:12:04.930,35.5303333,-85.0898333,13.76,2.8,512.1292846964714,258.443
seismic,2014-06-10 02:18:14.860,36.1095,-89.4016667,8.74,1.9,612.9147435444146,0.0
seismic,2014-06-10 06:33:31.860,36.312,-89.5363333,8.75,1.1,637.676574083494,0.0
seismic,2014-06-11 11:57:34.480,36.2306667,-89.4841667,5.67,1.9,627.7596346541961,0.0
seismic,2014-06-12 17:28:45.280,36.1668333,-81.6475,6.74,2.5,373.2064625667246,125.94
seismic,2014-06-14 10:48:51.600,36.2165,-89.465,7.86,1.6,625.8360716976238,0.0
seismic,2014-06-14 11:54:26.230,36.4636667,-89.5761667,10.43,1.6,655.025905196594,0.0
seismic,2014-06-15 06:50:07.010,36.2836667,-89.5246667,3.28,1.3,634.3507578464778,0.0
seismic,2014-06-15 20:33:56.030,35.2528333,-84.6721667,9.6,2.3,463.3494577739771,283.49
seismic,2014-06-16 07:09:43.430,36.2671667,-89.4703333,6.2,1.1,631.4775570176866,0.0
seismic,2014-06-17 10:32:05.480,44.718,-71.7723333,5.0,1.68,158.3775883933987,215.539
seismic,2014-06-17 14:49:09.200,45.1166667,-74.2521667,4.1,1.13,8.251986782917335,363.366
seismic,2014-06-18 01:26:05.100,36.5571667,-89.6213333,8.83,1.6,666.135915130766,0.0
seismic,2014-06-18 11:52:25.920,36.1756667,-89.4641667,9.16,1.3,621.3582476673289,0.0
seismic,2014-06-19 15:16:06.390,36.5063333,-84.095,9.06,1.5,532.6630002586572,143.559
seismic,2014-06-20 08:41:24.440,44.4506667,-71.147,7.0,1.65,109.09470513442972,175.628
seismic,2014-06-20 10:40:55.230,36.5311667,-89.6381667,7.11,1.5,663.6443739042626,0.0
seismic,2014-06-20 16:49:54.200,39.9938333,-76.0933333,0.01,1.43,45.64354740869735,287.27
seismic,2014-06-20 17:31:30.520,36.2608333,-89.5581667,3.75,1.2,632.5402027936755,0.0
seismic,2014-06-21 05:38:00.150,36.4886667,-89.5543333,8.02,1.5,657.322406096511,0.0
seismic,2014-06-21 22:39:33.920,36.0513333,-89.8241667,9.1,2.5,615.8826897895151,0.0
seismic,2014-06-22 06:01:48.880,35.3641667,-85.1955,14.15,1.9,508.0744572348592,278.739
seismic,2014-06-23 22:13:53.110,33.033,-80.1921667,10.07,1.8,30.71414800159711,0.0
seismic,2014-06-24 04:32:18.580,36.1103333,-89.7456667,6.27,2.0,620.3426719450017,0.0
seismic,2014-06-25 09:47:55.160,36.1068333,-89.4068333,9.52,2.9,612.7217443677982,0.0
seismic,2014-06-26 04:04:21.750,36.0693333,-89.8108333,9.15,2.0,617.4901854783649,0.0
seismic,2014-06-27 18:51:46.820,36.543,-89.6736667,7.82,1.4,665.6690141343021,0.0
seismic,2014-06-28 00:17:00.780,36.3991667,-89.6026667,11.59,1.1,648.5300238310928,0.0
seismic,2014-06-29 20:05:19.230,46.175,-72.74,18.0,2.5,0.0292818132822889,393.719
seismic,2014-06-30 10:24:41.540,46.1136667,-75.0663333,18.0,1.94,81.30491827978037,486.543
seismic,2014-06-30 17:13:06.620,36.5493333,-89.6401667,9.6,1.4,665.6653125403398,0.0
seismic,2014-07-01 01:00:28.490,36.4706667,-89.5623333,8.34,1.4,655.5144818166839,0.0
seismic,2014-07-01 21:38:50.010,35.5266667,-84.4133333,15.9,1.7,466.6376383264808,251.651
seismic,2014-07-02 22:39:43.890,36.5395,-89.6023333,8.03,1.4,663.825735799432,0.0
seismic,2014-07-04 15:31:41.780,36.1318333,-89.4165,3.53,1.8,615.6414285292872,0.0
seismic,2014-07-04 22:55:57.000,45.922,-74.857,18.0,3.0,54.6357678129547,459.929
seismic,2014-07-05 04:49:55.950,36.4451667,-89.5428333,8.16,1.1,652.3445037083726,0.0
seismic,2014-07-05 08:45:21.560,36.309,-89.5113333,8.06,1.3,636.8510928674016,0.0
seismic,2014-07-05 14:46:39.570,41.3643333,-73.9343333,5.0,2.4,6.055686453472124,289.513
seismic,2014-07-07 21:23:19.880,36.0251667,-89.8623333,9.31,1.7,614.0307569994878,0.0
seismic,2014-07-08 09:08:26.520,40.7226667,-74.1138333,11.12,1.37,0.5473272363120083,345.519
seismic,2014-07-10 18:22:39.570,47.2726667,-66.8676667,4.02,2.83,79.24682075612846,580.188
seismic,2014-07-10 18:59:34.550,36.6148333,-89.5793333,4.01,1.4,671.5966371255338,0.0
seismic,2014-07-11 09:33:20.800,36.424,-89.5538333,9.06,1.0,650.2505755238433,0.0
seismic,2014-07-14 01:09:15.160,36.5361667,-89.6151667,7.97,1.4,663.7206907342646,0.0
seismic,2014-07-15 17:15:11.070,36.48,-89.5506667,8.25,1.0,656.3036053549644,0.0
seismic,2014-07-17 04:54:28.490,45.4306667,-66.9135,5.86,2.43,26.889785350448985,422.341
seismic,2014-07-17 17:06:14.410,35.5696667,-84.4433333,9.35,1.7,471.93922948344704,246.912
seismic,2014-07-18 06:06:20.800,36.2195,-89.4393333,6.39,1.7,625.6677554796103,0.0
seismic,2014-07-19 04:15:02.800,37.9545,-77.3958333,4.42,1.73,32.47393627150575,44.889
seismic,2014-07-19 04:46:33.620,35.3381667,-84.5135,11.48,1.8,458.7543530047163,273.066
seismic,2014-07-19 19:50:59.010,43.579,-78.6248333,4.54,1.12,349.19065686813445,622.749
seismic,2014-07-19 21:15:37.470,35.5696667,-85.104,14.79,1.9,515.9165232159623,254.444
seismic,2014-07-20 07:12:33.380,33.4678333,-86.2353333,19.35,2.14,327.3327885725079,208.384
seismic,2014-07-21 03:38:52.530,36.5571667,-89.6085,5.89,1.5,665.8772467601143,0.0
seismic,2014-07-22 07:10:34.800,36.5535,-89.6306667,6.45,1.3,665.9254981918783,0.0
seismic,2014-07-23 05:09:49.840,36.6006667,-89.8978333,2.59,1.7,676.8886470538054,0.0
seismic,2014-07-24 15:25:16.800,43.4063333,-73.9891667,7.0,1.22,186.43945505369044,251.191
seismic,2014-07-25 16:54:22.370,37.9468333,-77.9456667,0.06,2.2,68.89060401008317,9.246
seismic,2014-07-27 03:03:43.620,32.9408333,-80.1316667,5.11,1.9,20.119114767316447,0.0
seismic,2014-07-27 04:05:53.330,37.957,-77.9463333,5.86,1.9,68.20436823264474,10.041
seismic,2014-07-27 15:13:28.000,45.742,-77.257,18.3,2.9,215.6499620943986,594.215
seismic,2014-07-30 14:03:32.160,36.564,-89.6036667,6.29,1.3,666.5260986547823,0.0
seismic,2014-07-31 01:16:34.310,36.3528333,-89.5051667,8.55,1.2,641.5183581876781,0.0
seismic,2014-08-01 06:18:31.190,43.8658333,-72.3263333,5.0,1.5,152.8706464346166,156.636
seismic,2014-08-01 06:30:38.780,36.5398333,-89.6086667,8.17,1.7,663.9894298346743,0.0
seismic,2014-08-01 12:16:07.440,36.5745,-89.5956667,7.24,1.8,667.5128324809716,0.0
seismic,2014-08-01 14:18:47.980,35.495,-84.5315,10.34,2.0,471.8272722449044,255.598
seismic,2014-08-01 15:56:35.860,36.24,-89.4323333,6.85,1.0,627.776889549334,0.0
seismic,2014-08-01 16:39:03.590,35.6361667,-84.1923333,14.59,2.1,461.6888493156703,239.716
seismic,2014-08-01 17:50:42.260,45.1378333,-75.7251667,7.62,2.21,81.10173438376353,456.956
seismic,2014-08-02 18:38:40.200,47.5906,-70.1818,14.81,3.0,1.3747537074670375,525.93
seismic,2014-08-03 12:40:27.680,36.503,-89.5426667,9.38,1.5,658.6603014118618,0.0
seismic,2014-08-04 04:21:59.860,36.5718333,-89.6211667,6.38,2.1,667.7323354450633,0.0
seismic,2014-08-04 08:32:59.270,36.5481667,-89.5938333,7.07,1.6,664.6016082790323,0.0
seismic,2014-08-04 16:31:13.640,36.2406667,-89.4335,7.23,1.5,627.8720152278719,0.0
seismic,2014-08-04 16:50:22.450,36.2396667,-89.4323333,6.85,2.0,627.7404189120283,0.0
seismic,2014-08-04 20:05:40.520,36.2371667,-89.4335,7.01,1.5,627.4890529519661,0.0
seismic,2014-08-05 17:54:53.520,46.4765,-81.1848,12.05,3.3,529.9428846967212,864.556
seismic,2014-08-05 18:15:31.590,46.485,-81.193,5.4,3.8,530.8110249001306,865.016
seismic,2014-08-05 20:00:06.550,35.0201667,-85.1956667,11.29,2.0,485.84504328820697,316.25
seismic,2014-08-09 01:09:15.990,35.0655,-84.4038333,11.0,2.3,431.3092643608881,303.24
seismic,2014-08-09 02:18:00.930,35.0696667,-84.4078333,10.62,1.8,431.8856177953358,302.779
seismic,2014-08-10 09:17:18.700,35.6241667,-84.1103333,20.36,2.0,455.75254225601736,241.574
seismic,2014-08-11 06:09:46.010,36.3075,-89.5056667,5.43,1.1,636.5754488547889,0.0
seismic,2014-08-11 08:31:19.460,36.5061667,-89.5795,10.72,1.7,659.7313092550776,0.0
seismic,2014-08-13 06:55:25.480,36.5546667,-89.6175,7.79,1.3,665.7857388170631,0.0
seismic,2014-08-14 07:09:16.100,41.3495,-72.4968333,4.13,2.66,7.772428402313783,201.219
seismic,2014-08-14 07:34:29.130,41.3475,-72.4923333,4.5,1.66,7.423464382108691,201.154
seismic,2014-08-14 08:54:26.730,36.3191667,-89.538,9.17,1.6,638.4920546106503,0.0
seismic,2014-08-16 14:49:34.920,35.8538333,-83.6558333,17.99,2.3,450.3573550106132,222.722
seismic,2014-08-18 06:08:29.270,35.536,-85.0968333,13.95,2.2,513.018227473125,257.966
seismic,2014-08-18 11:07:47.560,42.4676667,-70.3726667,5.0,2.0,26.134328791588352,43.334
seismic,2014-08-18 11:08:23.240,41.45,-72.4753333,4.98,1.57,11.653663118712387,191.435
seismic,2014-08-18 22:22:42.140,36.6405,-89.5506667,8.35,1.4,673.8494101793224,0.0
seismic,2014-08-19 08:40:26.150,45.7312,-74.7365,14.32,2.5,33.618329122997444,438.166
seismic,2014-08-21 05:04:05.660,36.0806667,-89.4795,1.31,1.6,611.2934703383653,0.0
seismic,2014-08-23 04:55:14.760,42.9395,-74.4311667,5.0,2.08,186.4048978167476,279.684
seismic,2014-08-24 23:16:19.960,36.1668333,-81.6405,12.68,2.4,372.7789965931962,125.575
seismic,2014-08-26 14:06:05.150,36.4818333,-89.548,8.2,2.3,656.451553075621,0.0
seismic,2014-08-28 07:25:53.210,36.1988333,-89.4263333,6.78,1.7,623.1584932764079,0.0
seismic,2014-08-28 20:23:14.770,36.1361667,-89.6973333,9.52,1.6,622.0150597544848,0.0
seismic,2014-08-29 04:16:27.980,36.5088333,-89.5511667,7.26,1.6,659.4635822583998,0.0
seismic,2014-08-29 04:17:23.140,36.5503333,-89.6136667,5.34,1.3,665.2356723940921,0.0
seismic,2014-08-29 19:49:41.150,36.2618333,-89.5021667,6.72,1.1,631.5190473702912,0.0
seismic,2014-08-29 22:05:17.700,36.349,-89.5208333,8.75,1.2,641.4072062323471,0.0
seismic,2014-08-31 21:34:10.940,41.196,-80.7765,2.56,1.98,405.4058446308292,397.362
seismic,2014-09-01 04:19:13.670,36.3911667,-89.5206667,6.8,2.9,646.0100833996171,0.0
seismic,2014-09-02 14:03:22.690,36.1635,-89.6623333,8.13,2.0,624.1875618995914,0.0
seismic,2014-09-03 16:51:29.160,36.0486667,-89.8255,9.12,2.4,615.6290093476792,0.0
seismic,2014-09-04 04:42:41.080,44.9055,-71.4493333,5.24,1.17,161.43525364994278,229.29
seismic,2014-09-05 13:03:45.900,36.1155,-89.7405,7.36,2.3,620.779309463823,0.0
seismic,2014-09-07 11:31:49.890,36.4885,-89.5393333,7.48,1.6,657.0106795128576,0.0
seismic,2014-09-09 01:58:48.770,41.5783333,-71.2053333,10.15,1.53,0.2679528217246907,129.188
seismic,2014-09-09 08:16:07.730,36.9035,-84.4063333,9.47,2.3,584.937314511822,97.508
seismic,2014-09-09 09:43:14.210,36.5021667,-89.5813333,11.15,1.6,659.3311962639949,0.0
seismic,2014-09-10 03:57:43.290,36.5383333,-89.6543333,10.25,1.7,664.7585087210169,0.0
seismic,2014-09-10 03:59:57.410,34.4986667,-87.8571667,5.48,2.1,419.7297201756058,214.075
seismic,2014-09-11 20:37:54.740,36.3086667,-89.5276667,10.4,2.1,637.1392594569701,0.0
seismic,2014-09-12 02:08:20.140,35.772,-84.1571667,14.88,2.3,470.9495505715332,224.743
seismic,2014-09-12 10:48:06.190,36.5008333,-89.5866667,10.33,1.1,659.2922148582599,0.0
seismic,2014-09-13 03:09:21.850,36.464,-89.519,9.66,1.5,653.9381913831628,0.0
seismic,2014-09-14 11:43:51.390,36.5396667,-89.605,8.56,1.4,663.8974785839648,0.0
seismic,2014-09-14 18:11:42.360,36.4783333,-89.5365,7.29,1.4,655.8443844997116,0.0
seismic,2014-09-15 03:22:41.070,35.4886667,-84.4361667,10.48,1.6,465.1355157573141,255.955
seismic,2014-09-15 03:26:08.230,33.6653333,-82.2076667,0.07,2.2,177.56864883800378,130.783
seismic,2014-09-15 04:42:33.560,36.5446667,-89.6591667,10.0,2.3,665.5485094537948,0.0
seismic,2014-09-15 05:10:36.050,36.5408333,-89.6606667,8.83,1.2,665.162129080222,0.0
seismic,2014-09-15 21:01:20.720,36.3053333,-89.5358333,9.69,2.2,636.9390862196125,0.0
seismic,2014-09-16 12:36:18.750,45.0733333,-74.2345,7.37,1.17,13.257837440126789,359.087
seismic,2014-09-17 06:50:56.200,36.4838333,-89.5886667,13.87,1.5,657.4772498119064,0.0
seismic,2014-09-17 07:02:56.890,36.1491667,-89.691,9.12,1.6,623.2785900651526,0.0
seismic,2014-09-17 13:21:54.500,45.0628333,-66.7841667,1.53,2.0,0.3590176210471315,404.383
seismic,2014-09-19 20:38:13.190,33.4475,-81.7176667,5.65,2.6,129.18230731497314,79.946
seismic,2014-09-20 19:54:00.170,35.6365,-84.4243333,13.93,2.5,476.0410680236226,239.383
seismic,2014-09-20 22:49:11.650,36.3086667,-89.5725,11.72,1.0,638.0475679420333,0.0
seismic,2014-09-23 01:15:16.830,36.3573333,-89.5178333,8.38,1.3,642.2582857423699,0.0
seismic,2014-09-23 02:58:02.760,48.4254,-69.1607,18.0,3.3,10.539214222776623,629.592
seismic,2014-09-24 00:23:15.400,36.0953333,-89.7648333,8.33,1.9,619.1779034280463,0.0
seismic,2014-09-24 15:16:51.910,36.4075,-89.5165,7.67,1.8,647.713506671385,0.0
seismic,2014-09-25 09:12:09.530,36.4758333,-89.5511667,8.2,1.3,655.8582694231975,0.0
seismic,2014-09-25 11:31:15.470,35.2373333,-84.3588333,16.61,1.7,440.8376569155961,283.975
seismic,2014-09-26 23:45:26.990,36.5183333,-89.5623333,8.19,1.7,660.7203732518233,0.0
seismic,2014-09-27 00:22:45.750,36.4063333,-89.5045,7.59,1.7,647.3531271249476,0.0
seismic,2014-09-27 14:45:53.120,33.3724,-87.2212,0.0,2.9,303.1665959069109,163.04
seismic,2014-09-28 04:37:56.860,35.5241667,-84.1933333,22.93,1.7,452.5801800070727,252.23
seismic,2014-09-29 01:43:17.720,36.0053333,-83.6351667,11.05,2.3,463.23368754598175,206.693
seismic,2014-09-29 04:28:11.210,36.542,-89.602,8.03,1.5,664.0918508025998,0.0
seismic,2014-09-29 21:59:08.480,36.5658333,-89.8453333,7.17,1.8,671.9076541765886,0.0
seismic,2014-10-01 03:41:51.000,36.2765,-89.4971667,8.21,1.1,633.0219667884212,0.0
seismic,2014-10-02 06:26:24.480,36.2773333,-89.4981667,8.69,1.3,633.1326923489199,0.0
seismic,2014-10-02 09:13:59.650,35.6066667,-84.3595,9.58,2.0,469.5847860435796,242.637
seismic,2014-10-02 17:38:07.460,36.2755,-89.4966667,9.39,1.2,632.9028893089803,0.0
seismic,2014-10-03 01:42:59.180,43.2251667,-71.476,5.23,1.82,61.19567251816935,57.722
seismic,2014-10-03 12:14:25.660,36.5386667,-89.654,6.58,1.3,664.7879271313506,0.0
seismic,2014-10-05 01:23:21.950,36.8095,-84.0031667,9.5,2.2,556.6132089546,111.502
seismic,2014-10-05 22:52:04.050,36.745,-89.4841667,12.92,2.0,684.0656875097536,0.0
seismic,2014-10-06 12:13:04.750,36.4366667,-89.5126667,7.79,1.2,650.82737553599,0.0
seismic,2014-10-07 00:52:51.640,47.585,-70.2106,6.86,2.2,0.4818104200320742,525.082
seismic,2014-10-07 15:30:49.510,36.1203333,-89.3746667,0.33,1.9,613.5910869451645,0.0
seismic,2014-10-07 15:58:00.080,36.0076667,-89.2683333,6.23,2.1,599.3071980268217,10.123
seismic,2014-10-12 19:35:41.490,36.5625,-89.845,6.14,1.8,671.5392667504132,0.0
seismic,2014-10-13 09:16:50.820,41.711,-71.8305,5.0,1.29,31.93080929948212,135.779
seismic,2014-10-13 09:26:19.810,36.4431667,-89.6006667,13.04,1.7,653.2848418095268,0.0
seismic,2014-10-13 20:54:15.380,36.2733333,-89.456,6.34,2.0,631.8753403330655,0.0
seismic,2014-10-14 13:12:04.760,41.7485,-71.8913333,5.25,1.54,37.578970580340886,135.184
seismic,2014-10-16 01:21:17.870,36.6631667,-89.5386667,8.44,1.6,676.1019502623575,0.0
seismic,2014-10-18 08:13:05.370,36.2133333,-89.4803333,6.01,1.0,625.7908545520476,0.0
seismic,2014-10-18 10:07:43.400,36.3086667,-89.5545,10.37,1.0,637.6798307883396,0.0
seismic,2014-10-23 14:09:42.390,36.4693333,-89.5443333,7.88,1.4,655.0140068438066,0.0
seismic,2014-10-25 03:29:37.700,36.6131667,-89.5623333,13.47,2.4,671.0842479737587,0.0
seismic,2014-10-28 11:46:44.480,35.3168333,-84.7793333,23.06,1.6,475.3613185674715,277.35
seismic,2014-10-30 03:09:17.270,45.9456,-74.1888,19.58,2.5,44.89903788987012,428.036
seismic,2014-10-30 12:16:09.360,32.9333333,-80.1708333,6.12,1.8,23.00826985824912,0.0
seismic,2014-10-30 12:26:30.850,32.9403333,-80.177,6.12,2.2,23.84888883277369,0.0
seismic,2014-10-30 13:42:38.310,36.602,-89.5943333,4.52,1.3,670.4892540804972,0.0
seismic,2014-11-02 01:58:10.000,46.938,-67.032,5.0,3.2,117.51373329968337,542.512
seismic,2014-11-02 03:17:25.470,36.7421667,-89.4876667,12.35,1.4,683.8178364367892,0.0
seismic,2014-11-03 02:45:38.570,45.8649,-74.6853,16.66,2.4,41.261824986101296,446.186
seismic,2014-11-04 10:01:20.260,36.4913333,-89.5388333,8.32,1.1,657.310602608309,0.0
seismic,2014-11-05 13:55:17.230,37.2568333,-83.339,9.22,2.5,532.2233824429634,95.384
seismic,2014-11-05 23:39:58.150,36.4566667,-89.5586667,9.0,2.0,653.9131347167996,0.0
seismic,2014-11-06 02:13:53.820,36.4571667,-89.561,8.43,1.6,654.014020556622,0.0
seismic,2014-11-08 00:11:20.290,43.2981667,-78.3395,4.43,1.52,345.7846627739284,593.466
seismic,2014-11-08 10:06:12.810,36.351,-84.9946667,20.6,2.5,569.1335096451695,167.395
seismic,2014-11-08 21:47:51.730,36.4481667,-89.5438333,8.28,1.3,652.6918775588281,0.0
seismic,2014-11-09 01:40:38.210,35.9376667,-82.5215,2.87,2.4,409.23425821491,197.503
seismic,2014-11-09 05:09:32.470,36.468,-89.4866667,6.59,1.1,653.7581370104176,0.0
seismic,2014-11-09 10:42:24.280,41.7491667,-71.901,4.41,1.5,38.37506982136735,135.594
seismic,2014-11-12 23:44:11.330,36.0573333,-89.8225,8.31,2.0,616.4867745858963,0.0
seismic,2014-11-13 03:30:08.320,43.6283333,-73.9718333,6.43,1.22,163.18040416627304,256.945
seismic,2014-11-13 20:55:56.060,36.104,-89.7586667,8.58,1.2,619.9663970397272,0.0
seismic,2014-11-14 01:25:57.320,36.477,-89.5595,9.37,1.9,656.1499905022284,0.0
seismic,2014-11-14 20:55:12.070,33.7571667,-87.2676667,8.5,2.02,344.0267523024525,204.838
seismic,2014-11-15 07:00:59.340,36.4851667,-89.5481667,8.34,1.2,656.8190077349847,0.0
seismic,2014-11-16 04:41:15.970,36.551,-89.6026667,6.9,1.1,665.0873438460774,0.0
seismic,2014-11-16 07:35:47.680,36.5528333,-89.6035,6.89,1.5,665.3041014176026,0.0
seismic,2014-11-17 00:24:58.380,45.9071667,-75.0051667,10.0,2.02,62.03063619595758,466.752
seismic,2014-11-17 12:27:52.110,36.5571667,-89.6138333,7.03,1.5,665.9845027574912,0.0
seismic,2014-11-18 02:50:07.360,36.0643333,-89.81,8.1,1.8,616.9314214397498,0.0
seismic,2014-11-18 07:43:37.500,36.4805,-89.5535,9.31,1.7,656.4139307605363,0.0
seismic,2014-11-20 07:18:32.490,41.0011667,-73.6486667,2.01,1.52,0.3149204084572614,295.75
seismic,2014-11-20 10:25:31.440,32.9493333,-87.987,0.0,3.8,246.3690311819026,116.299
seismic,2014-11-20 19:02:07.860,36.1775,-89.4146667,6.64,1.3,620.6022991856083,0.0
seismic,2014-11-22 01:19:12.840,34.8808333,-84.8988333,8.14,2.5,454.82689808494325,327.084
seismic,2014-11-23 00:53:28.940,36.7133333,-82.1635,7.95,2.4,436.0370026852793,121.632
seismic,2014-11-23 13:13:07.010,34.4068333,-85.4025,14.96,1.33,441.4772475059256,338.175
seismic,2014-11-24 08:43:14.580,36.4918333,-89.5466667,8.2,1.2,657.5180466177618,0.0
seismic,2014-11-24 14:39:51.880,36.5153333,-89.4643333,4.8,2.2,658.5245814423209,1.722
seismic,2014-11-25 04:01:28.570,35.1538333,-87.5716667,10.8,2.1,494.5468410213535,187.226
seismic,2014-11-25 06:30:21.650,35.1611667,-87.5783333,6.74,2.4,495.3113988200216,186.297
seismic,2014-11-26 01:33:38.170,44.0916667,-76.0248333,5.0,1.84,145.0374267548772,429.251
seismic,2014-11-29 04:18:26.590,42.577,-79.0606667,2.92,1.43,419.328828140021,516.922
seismic,2014-11-29 23:27:20.710,43.1398333,-78.777,8.96,1.06,384.984725331999,577.198
seismic,2014-11-30 09:32:24.830,43.5065,-79.1693333,5.0,1.88,391.8364315600269,621.036
seismic,2014-12-04 23:48:22.250,36.1755,-89.6496667,8.2,1.5,625.2086424009697,0.0
seismic,2014-12-05 20:55:31.360,36.3851667,-89.5295,8.93,1.2,645.5282506724961,0.0
seismic,2014-12-07 15:49:35.560,36.9981667,-84.0196667,2.86,2.4,575.4165951282041,90.542
seismic,2014-12-07 21:38:32.500,36.5673333,-89.5948333,6.69,1.5,666.713844716785,0.0
seismic,2014-12-08 15:53:18.060,36.5426667,-89.6636667,8.42,1.3,665.424144344606,0.0
seismic,2014-12-08 21:20:47.170,36.635,-89.5566667,13.17,2.5,673.3626299567271,0.0
seismic,2014-12-10 21:00:54.120,36.4823333,-89.5638333,9.66,1.7,656.8181180821317,0.0
seismic,2014-12-11 05:59:51.210,35.3426667,-87.0573333,9.98,2.1,521.7086841450496,218.453
seismic,2014-12-11 07:53:40.790,42.9713333,-70.9708333,4.17,1.92,15.031027620085103,10.406
seismic,2014-12-11 08:24:28.000,36.1046667,-89.7511667,6.15,2.0,619.8605567606472,0.0
seismic,2014-12-11 09:21:57.390,36.0206667,-89.8666667,6.06,2.4,613.6582570207095,0.0
seismic,2014-12-12 20:50:40.910,36.1753333,-89.4303333,7.76,1.7,620.6645014629622,0.0
seismic,2014-12-13 07:46:16.260,36.3631667,-89.5488333,9.68,1.4,643.5107780253602,0.0
seismic,2014-12-13 12:13:36.690,40.1586667,-74.4285,5.0,1.77,31.589117274939397,397.974
seismic,2014-12-15 02:27:32.290,36.0646667,-81.4986667,3.78,2.1,355.7811539199548,128.395
seismic,2014-12-15 06:44:16.560,36.059,-81.5195,13.16,3.0,356.586643280782,129.869
seismic,2014-12-15 17:56:42.610,36.5433333,-89.6343333,10.14,2.5,664.8919290551286,0.0
seismic,2014-12-15 22:57:14.820,36.494,-89.5428333,6.82,1.4,657.6799593901857,0.0
seismic,2014-12-16 06:21:17.190,35.8706667,-84.2056667,16.91,1.9,482.1581894873499,213.435
seismic,2014-12-17 19:38:16.010,32.9681667,-87.9906667,8.97,2.7,248.4650436128211,118.112
seismic,2014-12-20 16:11:04.420,34.6931667,-85.8233333,13.64,2.3,468.4149473705753,345.685
seismic,2014-12-21 19:27:13.920,36.148,-89.4433333,10.14,1.7,617.9276534896846,0.0
seismic,2014-12-22 13:47:26.630,36.0531667,-89.8251667,8.89,1.9,616.1047404564218,0.0
seismic,2014-12-22 16:15:21.130,35.3455,-84.3216667,15.42,1.1,446.6054282584177,271.876
seismic,2014-12-22 16:31:43.530,36.2978333,-89.534,10.0,2.1,636.083899823616,0.0
seismic,2014-12-22 17:43:18.260,36.4921667,-89.5338333,7.41,1.0,657.3045607236414,0.0
seismic,2014-12-23 03:47:21.720,43.7068333,-71.376,5.0,1.53,79.25517735986905,98.779
seismic,2014-12-24 16:27:41.640,46.1433,-74.9434,18.0,2.6,78.06222507811768,482.502
seismic,2014-12-26 06:05:00.730,35.6681667,-84.3291667,17.34,1.0,472.6735906467895,235.753
seismic,2014-12-26 18:40:57.850,36.29,-89.4758333,5.47,1.8,634.080219715547,0.0
seismic,2014-12-26 21:15:44.620,35.4505,-84.5243333,23.31,1.2,467.9521715287417,260.544
seismic,2014-12-27 20:12:01.220,36.1548333,-89.469,11.46,1.3,619.1780980895011,0.0
seismic,2014-12-28 01:03:19.040,43.2765,-71.6684,5.23,1.4,77.5846836484556,73.18
seismic,2014-12-28 05:27:30.810,36.0983333,-89.769,9.38,2.3,619.6011724246592,0.0
seismic,2014-12-28 10:19:44.350,35.1746667,-85.686,10.17,1.2,523.1635833272112,312.089
seismic,2014-12-28 12:40:32.430,38.4946667,-82.8255,5.61,2.1,472.5210840155507,130.835
seismic,2014-12-28 14:19:18.160,40.8423333,-74.174,4.21,1.09,14.858664679260803,340.572
seismic,2014-12-29 07:47:49.810,43.159,-71.73,5.0,1.4,79.47948376315772,70.001
seismic,2014-12-30 02:44:50.520,45.1545,-74.2278333,9.3,1.92,4.543937673692967,364.839
seismic,2014-12-30 11:04:48.270,35.4911667,-84.014,8.02,1.1,438.8981911393686,257.239
seismic,2014-12-30 14:35:36.860,35.6901667,-84.1295,18.64,1.0,462.418627602878,234.068
seismic,2014-12-31 20:17:10.250,36.4901667,-89.5578333,9.68,1.5,657.5551281955557,0.0
seismic,2014-12-31 20:38:07.590,43.565,-78.6808333,5.0,1.61,353.89937055902016,624.081
seismic,2015-01-01 03:12:33.390,36.4933333,-89.5935,10.37,2.46,658.6109616883018,0.0
seismic,2015-01-01 18:24:28.790,35.2941667,-84.1841667,12.82,1.05,433.6883732223476,277.982
seismic,2015-01-03 00:08:05.890,34.4623333,-85.3373333,12.88,1.76,448.65215515323104,346.681
seismic,2015-01-05 00:58:53.270,36.2306667,-89.442,6.99,1.1,626.9402489566404,0.0
seismic,2015-01-05 05:59:05.770,36.2296667,-89.4426667,6.62,1.61,626.8436486606606,0.0
seismic,2015-01-05 06:56:17.000,36.2011667,-89.4541667,8.07,2.2,623.9493607746274,0.0
seismic,2015-01-07 13:03:25.000,47.007,-66.634,5.0,2.7,97.10848490117094,566.506
seismic,2015-01-07 17:35:33.030,36.2061667,-82.8798333,2.8,1.92,449.6056340071356,204.902
seismic,2015-01-08 01:09:36.130,36.2056667,-82.8735,3.12,2.38,449.31774801425166,204.453
seismic,2015-01-08 02:07:02.650,36.2748333,-89.4638333,6.39,1.49,632.1900464980424,0.0
seismic,2015-01-08 14:27:59.560,41.7479,-71.9187,4.62,2.3,39.77773572768936,136.575
seismic,2015-01-09 01:45:28.300,36.4201667,-89.4868333,10.96,1.74,648.5269397742202,0.0
seismic,2015-01-09 21:31:08.170,36.1945,-89.4091667,7.94,1.63,622.3587322192493,0.0
seismic,2015-01-10 02:13:24.170,36.3938333,-89.5553333,10.44,1.65,646.9876595825596,0.0
seismic,2015-01-10 04:08:47.750,36.381,-89.5476667,9.89,1.51,645.4337545733129,0.0
seismic,2015-01-11 15:54:57.880,44.6778333,-73.658,5.39,1.6,68.78471239305658,295.822
seismic,2015-01-12 11:33:14.950,41.7468,-71.8877,3.91,1.6,37.24594597245294,135.162
seismic,2015-01-12 11:34:27.800,41.7495,-71.8892,2.63,1.5,37.43054377108036,134.989
seismic,2015-01-12 11:36:38.890,41.7482,-71.9019,5.4,3.3,38.42551558132372,135.725
seismic,2015-01-12 11:50:06.020,41.7464,-71.885,4.06,2.1,37.01858459402559,135.067
seismic,2015-01-12 16:49:21.720,41.74,-71.89,4.0,1.03,37.282696839804416,135.89
seismic,2015-01-12 17:03:16.820,41.7463,-71.8761,3.98,1.7,36.29761201258958,134.648
seismic,2015-01-12 17:20:49.340,46.4503,-87.5833,0.0,2.3,1014.6064445447972,705.531
seismic,2015-01-12 18:04:14.270,41.7534,-71.8895,1.69,1.6,37.55038503251809,134.651
seismic,2015-01-13 08:56:02.760,34.9981667,-85.0708333,12.77,2.38,475.0833363980272,316.473
seismic,2015-01-13 09:25:51.280,35.007,-85.0536667,2.29,1.81,474.3521816622139,315.228
seismic,2015-01-13 10:32:06.370,38.3936667,-83.19,16.82,1.63,504.3194704038355,97.954
seismic,2015-01-13 12:27:06.490,41.7443,-71.8807,8.75,2.6,36.62295872503802,135.051
seismic,2015-01-14 11:33:44.090,41.7462,-71.8983,8.81,1.8,38.08915740507653,135.73
seismic,2015-01-14 13:10:21.760,41.7452,-71.9014,4.28,1.5,38.31785384619892,135.972
seismic,2015-01-14 13:37:54.280,36.0478333,-89.8315,9.07,1.43,615.6888455951967,0.0
seismic,2015-01-14 17:39:32.070,36.0485,-89.8328333,9.33,1.49,615.7938066645912,0.0
seismic,2015-01-15 09:39:37.410,41.7557,-71.8988,5.93,2.0,38.35641946930309,134.898
seismic,2015-01-15 22:50:52.990,41.7413,-71.8882,4.69,1.0,37.16412808282789,135.685
seismic,2015-01-16 13:05:28.720,49.4297,-66.7949,18.0,4.1,32.94268337389944,791.035
seismic,2015-01-16 14:20:10.740,36.4813333,-89.5675,9.27,1.25,656.7816140726735,0.0
seismic,2015-01-18 06:07:21.450,36.2831667,-89.5156667,4.45,1.11,634.1164280901608,0.0
seismic,2015-01-18 11:31:47.850,36.6771667,-89.7713333,5.15,1.54,682.3363095027751,0.0
seismic,2015-01-19 06:09:47.790,47.322,-66.361,5.0,2.8,63.60615720829116,606.864
seismic,2015-01-19 13:58:41.020,36.3496667,-83.6956667,19.76,1.96,498.4825285972746,168.076
seismic,2015-01-19 14:07:11.260,36.285,-89.518,3.91,1.89,634.3630512621619,0.0
seismic,2015-01-19 16:35:14.690,45.2058333,-74.1826667,5.0,2.12,0.7765814851137417,366.242
seismic,2015-01-19 19:39:10.990,45.2003333,-74.1798333,8.94,1.27,1.3661133233738183,365.655
seismic,2015-01-20 12:24:29.180,37.0871667,-89.2023333,6.51,2.17,717.3207518352722,13.469
seismic,2015-01-20 12:27:33.600,37.0801667,-89.199,6.95,2.56,716.5001988723656,12.75
seismic,2015-01-20 14:27:21.320,37.0758333,-89.2086667,13.89,1.96,716.1538509872603,12.197
seismic,2015-01-21 05:31:59.000,47.371,-70.217,14.5,3.7,6.067344111600044,501.522
seismic,2015-01-21 05:58:28.510,35.6848333,-84.3598333,14.19,1.21,475.9197743357401,233.886
seismic,2015-01-21 13:55:59.170,35.4301667,-84.5881667,17.4,1.68,470.64400406773615,263.131
seismic,2015-01-21 22:01:32.680,36.0566667,-89.8325,9.38,2.43,616.6636384949934,0.0
seismic,2015-01-22 10:01:22.340,32.9935,-88.0496667,0.0,2.63,251.27111084259624,118.641
seismic,2015-01-22 12:32:59.640,36.475,-89.507,9.9,1.27,654.9105891816181,0.0
seismic,2015-01-22 13:30:13.090,36.2718333,-89.487,7.33,1.18,632.3124188106196,0.0
seismic,2015-01-22 15:12:50.090,36.5363333,-89.6448333,7.48,1.01,664.3444670475017,0.0
seismic,2015-01-22 15:15:25.750,37.077,-89.203,10.96,1.91,716.2047095537862,12.363
seismic,2015-01-23 13:24:26.000,46.242,-66.73,5.0,2.2,102.91495816326562,496.279
seismic,2015-01-24 02:08:38.450,36.5403333,-89.645,8.19,1.28,664.7837536273437,0.0
seismic,2015-01-25 16:38:38.000,47.036,-66.582,5.0,2.7,92.88236628812344,571.46
seismic,2015-01-25 17:02:03.080,36.5658333,-89.5741667,6.69,1.87,666.1417784599987,0.0
seismic,2015-01-25 20:55:13.530,36.228,-89.442,7.63,1.26,626.6485710749292,0.0
seismic,2015-01-25 23:25:10.360,39.999,-75.6573333,2.0,2.64,28.7304885720218,311.375
seismic,2015-01-27 04:46:10.880,38.0516667,-89.014,8.87,2.31,822.2134076915743,0.0
seismic,2015-01-27 14:30:39.190,45.0889,-71.4473,5.0,2.1,156.94006403000557,249.336
seismic,2015-01-28 12:31:27.580,36.5561667,-89.6526667,7.25,1.53,666.6668848551795,0.0
seismic,2015-01-28 15:14:41.720,35.357,-84.6945,23.56,2.15,472.4079961678657,272.061
seismic,2015-01-28 18:09:17.350,36.3628333,-89.5626667,11.55,1.08,643.752868807117,0.0
seismic,2015-01-31 05:30:22.840,36.283,-89.425,2.22,2.13,632.3451112445183,0.0
seismic,2015-01-31 05:32:42.560,36.511,-89.5381667,5.84,1.24,659.447324568273,0.0
seismic,2015-01-31 14:36:59.830,36.2335,-89.4425,8.03,2.09,627.2597328378123,0.0
seismic,2015-01-31 18:18:27.970,36.5083333,-89.5608333,6.79,1.41,659.5985183534831,0.0
seismic,2015-02-01 12:42:00.330,36.3553333,-89.535,9.95,1.2,642.3795251219773,0.0
seismic,2015-02-01 20:34:22.960,36.6773333,-89.621,8.58,1.8,679.2431432396204,0.0
seismic,2015-02-02 23:22:16.760,36.2696667,-89.546,6.88,1.56,633.2543297181662,0.0
seismic,2015-02-03 00:22:45.250,36.2991667,-89.4843333,6.37,1.6,635.2472645437306,0.0
seismic,2015-02-03 04:46:35.130,36.0495,-89.8288333,10.14,1.78,615.8015910804415,0.0
seismic,2015-02-03 05:50:14.640,41.4355,-71.2512,5.98,2.0,5.5260733130756,145.617
seismic,2015-02-05 14:55:12.980,43.6691667,-74.0811667,5.0,1.76,156.20043907421748,266.742
seismic,2015-02-08 09:34:30.170,44.7678333,-74.5895,6.07,1.37,27.39991619117661,359.655
seismic,2015-02-09 19:35:47.830,36.8718333,-89.437,7.04,2.7,697.1700927281271,0.0
seismic,2015-02-09 20:02:09.770,36.2273333,-89.4983333,6.42,1.1,627.6761741211136,0.0
seismic,2015-02-10 08:19:57.090,36.2806667,-89.4443333,5.24,2.11,632.4547673252165,0.0
seismic,2015-02-10 08:23:49.860,36.2805,-89.4438333,5.34,1.99,632.4270230878615,0.0
seismic,2015-02-10 08:24:08.110,36.2801667,-89.443,5.11,1.42,632.3747198142377,0.0
seismic,2015-02-10 08:25:20.480,36.2806667,-89.4453333,5.35,1.51,632.4737841886856,0.0
seismic,2015-02-10 08:42:29.520,36.288,-89.4343333,4.93,1.45,633.0680027712091,0.0
seismic,2015-02-10 09:08:49.850,36.2811667,-89.4453333,5.11,1.4,632.5284926490149,0.0
seismic,2015-02-10 09:10:26.810,36.2813333,-89.4461667,5.41,2.19,632.5625780794655,0.0
seismic,2015-02-11 00:41:10.580,39.1496,-82.7375,20.0,2.6,469.76838911003455,183.001
seismic,2015-02-11 01:39:09.570,36.2833333,-89.4455,5.44,1.46,632.768727959801,0.0
seismic,2015-02-12 12:04:28.790,48.4233,-83.2866,5.0,2.5,750.3502318188957,979.733
seismic,2015-02-14 04:47:19.210,44.4508333,-74.824,5.0,1.7,61.693191822225245,356.733
seismic,2015-02-16 00:28:50.550,36.3903333,-89.5185,8.51,1.29,645.8766108224754,0.0
seismic,2015-02-16 04:06:53.160,36.5456667,-89.6076667,8.92,1.43,664.6057341969059,0.0
seismic,2015-02-16 18:35:02.680,36.2141667,-89.4628333,7.32,1.28,625.5388308354819,0.0
seismic,2015-02-16 20:10:34.440,45.0744,-83.502,0.0,2.5,691.5018637059704,637.489
seismic,2015-02-17 06:56:52.640,45.9844,-73.6041,18.0,2.7,24.966723126464444,405.422
seismic,2015-02-17 10:24:38.700,37.1231667,-80.9838333,8.78,2.27,326.52213679304685,8.072
seismic,2015-02-17 10:49:15.700,45.183,-67.056,5.0,2.5,3.184848389896625,395.865
seismic,2015-02-18 18:40:27.380,36.2948333,-89.5233333,8.89,1.27,635.5428171051082,0.0
seismic,2015-02-19 18:19:09.610,32.9828333,-88.065,0.0,2.77,250.09553236315645,117.008
seismic,2015-02-19 21:22:35.670,32.9716667,-88.0395,0.01,2.29,248.82936557276523,116.745
seismic,2015-02-19 21:29:43.410,33.0056667,-88.0535,0.0,2.68,252.63178765732275,119.77
seismic,2015-02-20 10:55:39.310,36.5483333,-89.6941667,9.57,1.62,666.6805709432118,0.0
seismic,2015-02-21 18:51:16.270,36.2861667,-89.523,8.62,1.15,634.5902413583872,0.0
seismic,2015-02-22 00:08:18.580,32.969,-88.0875,0.0,2.36,248.5889407897097,114.812
seismic,2015-02-22 03:27:43.360,35.6276667,-81.2565,0.06,2.26,305.64811578990805,165.146
seismic,2015-02-23 14:46:27.460,36.5055,-89.556,7.65,1.47,659.1940535242633,0.0
seismic,2015-02-24 14:13:45.920,41.751,-71.8925,3.18,1.4,37.7327204778889,135.014
seismic,2015-02-24 14:18:26.790,41.7485,-71.8999,6.4,1.8,38.27079141955539,135.601
seismic,2015-02-25 09:14:58.240,35.5883333,-83.5276667,7.5,2.08,419.55434245958367,254.316
seismic,2015-02-25 09:37:43.900,36.1785,-89.4563333,9.23,1.7,621.5143349039919,0.0
seismic,2015-02-26 01:11:46.470,44.3275,-74.5303333,5.0,1.82,76.19153364670521,329.665
seismic,2015-02-26 08:48:28.100,37.7175,-77.8656667,9.5,2.54,67.37694021331292,0.0
seismic,2015-02-27 05:58:06.620,33.6835,-86.0931667,12.53,1.55,353.88367618380806,235.676
seismic,2015-02-27 22:40:48.950,32.967,-88.0368333,0.33,3.09,248.30781507012665,116.358
seismic,2015-02-28 23:08:44.450,36.536,-89.6391667,13.44,3.12,664.1916422552544,0.0
seismic,2015-03-02 00:54:24.010,45.15,-73.826,12.89,1.17,17.018312188722316,342.258
seismic,2015-03-02 06:08:18.350,36.5361667,-89.6148333,9.63,1.53,663.7139452987387,0.0
seismic,2015-03-02 13:08:05.150,45.1285,-70.4193,8.78,1.6,129.50271075890555,252.827
seismic,2015-03-05 17:26:54.760,34.906,-83.7483333,0.16,2.29,375.17028800944126,321.86
seismic,2015-03-06 00:54:13.920,36.3881667,-89.5458333,9.42,1.42,646.1795009586673,0.0
seismic,2015-03-07 05:25:15.150,36.4936667,-89.536,8.03,1.4,657.5105707719937,0.0
seismic,2015-03-08 17:35:01.080,36.6703333,-84.118,9.06,2.77,549.0099854339004,125.089
seismic,2015-03-11 22:40:53.190,44.6192,-70.9283,5.21,1.4,109.37154425513587,193.338
seismic,2015-03-11 23:45:53.470,44.6123,-70.9217,1.48,2.4,108.48209287687364,192.564
seismic,2015-03-12 01:19:19.870,32.9691667,-88.0661667,0.0,3.1,248.57197975782563,115.55
seismic,2015-03-12 03:14:02.590,35.4573333,-83.2795,0.03,2.51,394.6141752906796,274.507
seismic,2015-03-12 03:17:00.530,35.4551667,-83.2808333,1.7,1.75,394.48448300173214,274.702
seismic,2015-03-12 03:23:59.260,35.4605,-83.2783333,1.41,1.94,394.8443320585004,274.201
seismic,2015-03-12 06:17:34.030,35.463,-83.2733333,6.79,2.19,394.81611182254056,274.069
seismic,2015-03-13 06:13:11.530,36.4956667,-89.5551667,8.62,1.41,658.1034583531399,0.0
seismic,2015-03-14 01:49:10.810,35.4578333,-83.2725,0.18,2.17,394.29897150619934,274.643
seismic,2015-03-14 04:51:28.730,35.4526667,-83.2831667,0.06,2.67,394.3761486626926,274.907
seismic,2015-03-14 04:56:15.820,35.453,-83.2768333,0.23,2.03,394.0792556504677,275.042
seismic,2015-03-14 05:11:40.310,35.4551667,-83.2665,5.94,1.99,393.7452160829324,275.091
seismic,2015-03-14 10:24:46.020,43.6805,-71.4008,3.63,1.7,79.28906722955023,96.82
seismic,2015-03-15 07:02:35.790,37.9611667,-77.9528333,4.89,2.8,68.34750196551573,9.976
seismic,2015-03-15 07:29:08.300,36.5348333,-89.6393333,13.27,1.59,664.0679140817858,0.0
seismic,2015-03-16 09:10:57.420,36.5648333,-89.5291667,7.55,2.18,665.1612631093228,0.073
seismic,2015-03-17 07:34:38.510,36.4928333,-89.534,7.93,1.68,657.3806615056608,0.0
seismic,2015-03-20 03:11:45.180,35.7738333,-84.2063333,18.57,2.3,474.0012630265294,224.257
seismic,2015-03-20 13:08:41.280,36.3065,-89.5133333,7.96,1.34,636.6176525007849,0.0
seismic,2015-03-20 19:21:13.030,36.391,-89.522,8.53,1.58,646.0179977590485,0.0
seismic,2015-03-21 05:42:45.410,35.6388333,-84.6741667,18.89,2.01,492.2058311689084,240.486
seismic,2015-03-25 21:44:19.870,43.2392,-71.7647,5.0,1.2,84.18059443698243,77.02
seismic,2015-03-25 23:08:51.050,42.1881,-88.366,6.01,2.9,1016.1477631566468,242.064
seismic,2015-03-26 03:21:10.000,35.5616667,-84.6586667,16.29,2.58,485.2722009722539,248.95
seismic,2015-03-27 04:34:11.900,36.2676667,-83.5183333,12.63,2.11,482.3916935240929,181.683
seismic,2015-03-27 04:36:36.630,36.0641667,-83.9006667,23.77,1.85,482.2643486535224,195.164
seismic,2015-03-27 20:19:44.180,40.844,-74.1765,4.66,1.05,15.106853677127551,340.614
seismic,2015-03-28 18:01:37.020,36.4138333,-89.5131667,8.4,1.48,648.3409130464299,0.0
seismic,2015-03-29 10:50:42.310,34.9503333,-84.9905,4.44,2.03,466.0600139447158,320.55
seismic,2015-03-30 01:30:04.800,43.7901,-71.3858,5.0,1.4,85.51149963380047,107.743
seismic,2015-03-30 06:19:10.640,33.3206667,-81.3281667,0.67,2.45,97.638232926752,41.359
seismic,2015-04-02 03:51:43.370,36.0505,-89.826,10.38,3.6,615.838624032571,0.0
seismic,2015-04-03 14:42:13.120,35.5185,-84.0968333,20.9,2.03,446.18530967963926,253.463
seismic,2015-04-03 22:10:06.910,35.6378333,-84.384,19.01,1.52,473.6206223425039,239.164
seismic,2015-04-05 08:39:37.230,35.1888333,-84.5073333,11.69,1.92,447.3496910329761,289.733
seismic,2015-04-06 07:56:39.520,36.2036667,-89.4733333,7.94,1.96,624.5971347585654,0.0
seismic,2015-04-06 21:11:42.170,44.7516,-67.481,0.0,1.3,8.941749005404356,339.659
seismic,2015-04-07 00:03:29.470,36.1973333,-89.3493333,5.92,1.44,621.5645083024982,0.0
seismic,2015-04-07 05:07:25.810,36.2645,-89.3003333,4.49,1.74,628.0745425400241,1.546
seismic,2015-04-07 20:55:07.680,36.2405,-89.4715,6.46,1.37,628.5856297797778,0.0
seismic,2015-04-08 14:27:17.640,44.0746667,-75.2966667,14.42,1.8,112.91179034304768,373.663
seismic,2015-04-09 04:37:03.710,34.5171667,-87.7983333,10.15,1.78,422.042460911405,216.142
seismic,2015-04-09 14:23:45.330,45.5943,-70.2202,5.58,1.9,152.18417137576148,306.471
seismic,2015-04-09 20:02:51.840,35.6575,-83.6118333,3.25,2.56,430.27711012476885,245.02
seismic,2015-04-10 06:41:45.200,44.9989,-67.8893,5.0,1.4,45.03572878978222,333.666
seismic,2015-04-10 22:56:16.790,45.567,-70.1966,7.97,1.5,155.69058638501355,303.82
seismic,2015-04-10 23:28:27.000,47.7,-70.131,7.7,2.7,3.5880125035382884,538.363
seismic,2015-04-11 03:49:47.230,35.4963333,-84.9901667,14.04,2.63,502.8003566250387,260.328
seismic,2015-04-11 20:29:55.840,44.4941,-67.2316,5.0,1.5,12.605220833947255,339.458
seismic,2015-04-12 02:23:05.740,41.7353333,-81.0115,5.0,2.0,459.38128143352,458.596
seismic,2015-04-12 05:43:29.430,36.6348333,-89.607,9.36,2.9,674.3251867883528,0.0
seismic,2015-04-14 02:02:57.640,35.8071667,-84.0725,14.65,1.9,469.0357348221943,221.502
seismic,2015-04-14 12:39:10.320,35.9501667,-89.918,10.14,2.04,607.4423969256629,0.0
seismic,2015-04-17 00:53:48.320,45.1465,-73.8716667,11.42,1.82,15.080682803879268,344.424
seismic,2015-04-17 05:40:23.120,36.5053333,-89.5165,5.76,2.63,658.4103841497979,0.0
seismic,2015-04-17 06:11:09.000,47.099,-66.706,5.0,2.2,98.0067921470613,571.434
seismic,2015-04-18 07:44:13.730,36.2856667,-89.5116667,4.12,1.7,634.3098173548935,0.0
seismic,2015-04-18 21:38:50.950,35.2066667,-84.7573333,11.9,2.21,466.0504960104796,289.377
seismic,2015-04-19 20:46:42.920,36.0506667,-89.8248333,9.1,1.22,615.8275504077935,0.0
seismic,2015-04-20 01:32:48.060,36.2681667,-89.5336667,8.28,1.1,632.8406431428307,0.0
seismic,2015-04-20 10:13:46.290,46.77,-73.28,18.0,2.92,64.90720088102418,470.669
seismic,2015-04-21 07:44:47.330,41.9683,-70.8143,6.03,1.8,9.04265896946001,82.369
seismic,2015-04-21 11:16:46.540,47.478,-70.187,11.57,2.9,4.23903528450384,513.524
seismic,2015-04-22 15:33:51.930,46.1088,-74.6623,18.0,2.5,64.6176110362221,465.282
seismic,2015-04-24 00:38:48.950,35.5386667,-84.539,17.01,2.32,475.6807014863962,250.749
seismic,2015-04-24 06:42:55.290,36.5261667,-89.5066667,7.91,1.45,660.502580031492,0.0
seismic,2015-04-24 09:44:51.830,46.401,-65.755,5.0,2.5,81.66157785817146,561.478
seismic,2015-04-25 22:06:47.000,45.344,-66.59,5.0,2.1,22.343848360398876,435.504
seismic,2015-04-25 23:09:56.000,45.334,-66.58,5.0,2.1,21.03163030157988,435.428
seismic,2015-04-26 08:20:13.890,36.5555,-89.6168333,7.52,1.08,665.8631754212179,0.0
seismic,2015-04-27 02:17:55.310,36.2963333,-89.5296667,9.47,1.76,635.8332465570173,0.0
seismic,2015-04-29 02:10:05.820,36.2376667,-89.4163333,6.15,1.29,627.2191076319853,0.0
seismic,2015-04-29 08:11:22.620,43.4894,-71.5774,6.53,2.2,79.6243662195104,85.387
seismic,2015-04-30 02:05:31.590,36.497,-89.5578333,8.97,1.87,658.3015273967674,0.0
seismic,2015-04-30 04:10:51.720,36.485,-89.5413333,8.78,2.09,656.6671717250238,0.0
seismic,2015-04-30 06:53:04.170,35.5588333,-84.4701667,9.73,2.19,472.8045914216392,248.213
seismic,2015-04-30 09:59:55.750,43.2586,-71.7498,8.2,1.7,83.55119153009692,77.234
seismic,2015-04-30 19:41:53.340,36.234,-89.4895,7.7,1.75,628.2289334010795,0.0
seismic,2015-05-01 23:41:31.240,36.2178333,-89.4131667,7.04,2.94,624.9882968223129,0.0
seismic,2015-05-02 05:27:06.220,36.4468333,-89.567,10.21,2.12,653.0054266266288,0.0
seismic,2015-05-02 05:38:02.050,36.2151667,-89.4098333,7.21,1.6,624.633664390309,0.0
seismic,2015-05-02 05:38:39.430,36.2171667,-89.4096667,7.51,1.39,624.8494939115487,0.0
seismic,2015-05-02 06:11:35.920,36.2143333,-89.4046667,7.75,1.38,624.4454768906779,0.0
seismic,2015-05-02 06:21:28.730,36.213,-89.4101667,6.98,1.18,624.4027286539596,0.0
seismic,2015-05-02 08:34:25.550,46.826,-78.927,18.0,3.3,378.628843613915,767.212
seismic,2015-05-02 09:29:49.120,36.2136667,-89.4108333,7.06,1.56,624.4882543975083,0.0
seismic,2015-05-02 12:02:27.330,36.7243333,-83.6285,19.96,2.29,531.5587852294227,130.445
seismic,2015-05-02 13:28:22.880,36.2145,-89.4118333,7.06,1.46,624.5982963657184,0.0
seismic,2015-05-02 16:23:07.580,42.2357,-85.4285,4.48,4.2,794.6184689375785,285.964
seismic,2015-05-02 18:47:04.370,36.2126667,-89.408,6.81,1.34,624.3255189918846,0.0
seismic,2015-05-05 17:39:29.650,36.1013333,-89.4018333,10.48,1.34,612.024492729571,0.0
seismic,2015-05-06 10:53:53.210,36.4138333,-89.5585,10.36,1.41,649.2337979262967,0.0
seismic,2015-05-08 01:02:02.440,36.4121667,-89.517,9.17,1.46,648.2332718420246,0.0
seismic,2015-05-08 01:47:17.190,44.7425,-75.1593333,5.0,1.52,45.35388179018936,395.926
seismic,2015-05-09 01:19:38.700,35.014,-85.1795,9.9,2.58,484.2441295270377,316.619
seismic,2015-05-09 12:41:57.900,44.8181,-69.6598,5.0,1.3,69.25471728335958,236.402
seismic,2015-05-10 00:02:59.410,36.1256667,-89.7263333,9.75,1.52,621.5471989636633,0.0
seismic,2015-05-10 05:14:26.790,35.7545,-84.107,20.56,2.02,466.5300437145891,227.066
seismic,2015-05-10 22:54:54.270,36.4908333,-89.567,9.37,1.66,657.8089932787589,0.0
seismic,2015-05-11 02:51:12.490,36.4813333,-89.5578333,9.45,1.64,656.5903282399008,0.0
seismic,2015-05-11 07:47:14.890,34.9805,-85.127,8.02,2.18,478.21263190287385,319.349
seismic,2015-05-11 08:41:16.960,38.6231667,-83.684,11.03,2.62,546.5867457641483,86.707
seismic,2015-05-11 17:49:26.300,36.5565,-89.6193333,7.08,1.62,666.0227511279305,0.0
seismic,2015-05-12 03:28:14.830,43.0067,-71.7887,7.27,1.6,77.75341728302419,67.804
seismic,2015-05-12 03:52:55.240,36.5598333,-89.6025,7.25,1.75,666.0480207225502,0.0
seismic,2015-05-12 17:43:59.940,36.6351667,-89.6051667,5.51,1.65,674.3253393880864,0.0
seismic,2015-05-13 09:16:00.930,36.1716667,-89.3848333,6.89,1.86,619.4026130402801,0.0
seismic,2015-05-14 07:56:03.340,36.5423333,-89.5648333,8.4,1.39,663.3913464829097,0.0
seismic,2015-05-14 09:36:36.980,36.3896667,-89.6016667,11.83,1.61,647.4742709530693,0.0
seismic,2015-05-14 22:18:46.750,36.5568333,-89.6186667,6.89,1.49,666.0456362570008,0.0
seismic,2015-05-15 15:29:03.540,35.5673333,-84.4853333,13.15,1.72,474.4439493144381,247.323
seismic,2015-05-16 02:46:34.010,45.0082,-66.9227,10.62,1.6,1.4264066230831896,392.005
seismic,2015-05-17 02:06:48.120,41.733,-72.9338,5.0,1.4,47.929125460872974,197.975
seismic,2015-05-18 09:13:47.700,33.56,-82.8993333,1.16,2.51,221.2925118491625,188.739
seismic,2015-05-18 23:08:25.880,43.2868333,-78.31,5.0,1.64,344.53979458629254,592.19
seismic,2015-05-20 08:30:37.810,36.5306667,-83.764,10.1,1.64,518.9063625185267,146.913
seismic,2015-05-20 15:32:44.170,35.9076667,-89.9518333,3.61,2.13,603.812087780547,0.0
seismic,2015-05-21 22:25:47.620,32.9558333,-88.0175,1.52,2.42,247.06373182054472,115.89
seismic,2015-05-22 04:45:00.500,44.5051,-70.2998,5.59,2.5,64.69074519812159,186.664
seismic,2015-05-22 05:02:48.700,33.0473333,-80.188,5.93,1.6,31.51043996378781,0.0
seismic,2015-05-23 07:12:22.460,32.975,-88.0126667,0.84,2.06,249.20522823127263,118.038
seismic,2015-05-23 20:21:59.300,45.0538333,-74.2146667,10.78,2.09,15.708548708171344,356.473
seismic,2015-05-23 20:22:08.740,45.0808333,-74.2346667,16.07,2.08,12.439555542702069,359.658
seismic,2015-05-24 18:12:27.360,43.2984,-71.6333,5.0,2.3,75.41784733446197,72.601
seismic,2015-05-25 21:56:13.340,35.3551667,-84.7535,9.85,1.51,476.3238455557894,272.822
seismic,2015-05-27 03:56:13.000,43.4086667,-79.1936667,3.32,2.0,398.5581134230251,610.444
seismic,2015-05-27 11:25:40.370,45.2353,-67.9962,5.21,1.4,62.10780485661466,347.196
seismic,2015-05-27 13:36:36.570,35.5623333,-84.1931667,13.28,1.32,455.6764595784689,247.965
seismic,2015-05-28 13:48:17.690,38.1863333,-87.435,16.75,2.33,834.1668703453919,0.0
seismic,2015-05-29 09:50:46.430,36.541,-89.6168333,9.4,1.36,664.2815770636485,0.0
seismic,2015-05-30 00:41:14.690,38.462,-88.3561667,25.85,3.4,863.8121123995437,0.0
seismic,2015-05-30 09:13:43.000,47.261,-66.32,5.0,2.0,65.22764706964641,603.359
seismic,2015-05-30 16:48:17.930,32.9865,-88.1265,0.14,1.91,250.64756792163192,115.37
seismic,2015-05-31 01:33:35.220,32.9771667,-88.0363333,0.22,1.77,249.4422730769246,117.424
seismic,2015-05-31 21:10:00.870,36.3156667,-89.4995,7.55,1.96,637.3464516875688,0.0
seismic,2015-06-01 11:25:03.220,36.4906667,-89.5551667,8.57,1.49,657.5572649885097,0.0
seismic,2015-06-01 14:16:20.620,45.1245,-70.3719,1.36,1.9,127.65586178849443,252.975
seismic,2015-06-02 04:52:51.840,36.4886667,-89.5571667,8.97,1.87,657.3781588996674,0.0
seismic,2015-06-02 06:36:34.950,36.49,-89.5546667,8.4,1.43,657.4746064372638,0.0
seismic,2015-06-02 06:37:34.140,36.4898333,-89.5543333,8.76,1.65,657.4498427893601,0.0
seismic,2015-06-03 10:43:26.200,36.451,-89.5335,8.66,1.31,652.7988497697313,0.0
seismic,2015-06-04 01:19:07.660,44.0208333,-77.4308333,5.0,1.46,241.55083110395103,535.732
seismic,2015-06-05 23:11:30.600,36.305,-89.5068333,8.73,1.67,636.3253853650369,0.0
seismic,2015-06-06 08:37:31.010,36.2606667,-83.6783333,15.73,2.29,489.2382632121497,178.085
seismic,2015-06-06 18:09:35.070,32.983,-88.0163333,0.63,2.67,250.09596157237908,118.734
seismic,2015-06-08 00:45:37.000,45.365,-66.582,5.0,2.2,24.354672357461837,437.449
seismic,2015-06-08 20:01:45.790,37.1638333,-89.3563333,19.71,2.24,728.0312409251344,0.0
seismic,2015-06-08 23:02:22.990,36.2288333,-89.4431667,7.87,1.91,626.7620838285534,0.0
seismic,2015-06-09 07:11:56.700,34.8385,-86.0598333,5.0,2.1,480.4865535657401,324.362
seismic,2015-06-09 23:33:00.250,36.3098333,-89.536,9.71,1.18,637.4334559151862,0.0
seismic,2015-06-11 11:15:35.610,36.2415,-89.4165,6.76,1.28,627.6419067291666,0.0
seismic,2015-06-11 12:51:08.880,36.5515,-89.5601667,5.18,2.42,664.3016996874164,0.0
seismic,2015-06-12 22:00:48.000,40.955,-84.762,5.0,2.6,688.8152640097212,191.719
seismic,2015-06-14 07:22:53.990,36.2006667,-89.4276667,7.51,2.82,623.3845054293384,0.0
seismic,2015-06-14 07:24:54.080,35.521,-84.427,9.94,1.92,467.0692065220727,252.314
seismic,2015-06-14 08:08:20.540,35.303,-83.935,11.11,1.69,418.6138343986479,278.995
seismic,2015-06-14 09:43:34.760,36.5183333,-89.566,7.95,1.19,660.7925184923647,0.0
seismic,2015-06-14 13:11:54.810,36.2695,-89.4531667,7.92,2.73,631.4017451392815,0.0
seismic,2015-06-15 09:05:06.100,36.5708333,-89.6176667,6.98,1.62,667.5526851920405,0.0
seismic,2015-06-15 12:35:52.460,36.1373333,-89.715,7.12,1.93,622.5466200747996,0.0
seismic,2015-06-15 14:28:04.120,36.537,-83.9281667,23.61,2.36,527.2834607310759,142.744
seismic,2015-06-16 06:52:02.440,36.5155,-89.5601667,8.23,1.88,660.368297811397,0.0
seismic,2015-06-17 05:19:54.410,32.9925,-88.064,0.0,2.39,251.17302695546545,118.046
seismic,2015-06-17 08:51:48.660,35.3353333,-84.6546667,23.35,2.6,468.1051580393715,274.158
seismic,2015-06-17 11:12:51.000,47.364,-70.254,7.8,2.4,7.012030461840007,500.455
seismic,2015-06-18 02:25:18.660,36.2073333,-89.474,8.0,1.42,625.0107750010659,0.0
seismic,2015-06-19 21:41:09.000,47.785,-69.968,24.8,2.2,2.841949681418237,549.211
seismic,2015-06-20 14:40:28.000,44.393,-65.412,5.0,2.9,33.73156709124104,464.262
seismic,2015-06-21 10:59:40.030,36.4893333,-89.5638333,9.23,2.46,657.5825224909203,0.0
seismic,2015-06-22 04:19:31.160,35.2883333,-83.074,5.35,2.08,368.5308037162327,283.823
seismic,2015-06-22 10:08:34.930,35.284,-83.0673333,5.32,1.78,367.7917609173726,283.759
seismic,2015-06-23 20:11:59.580,36.252,-89.5188333,7.8,1.46,630.7781386109656,0.0
seismic,2015-06-24 05:56:02.160,36.481,-89.5195,5.26,1.62,655.8066815708756,0.0
seismic,2015-06-24 09:53:28.400,36.5413333,-89.6495,10.15,1.8,664.9854402908406,0.0
seismic,2015-06-25 06:24:34.240,45.2363,-67.9974,5.01,1.5,62.21379653329927,347.218
seismic,2015-06-25 07:09:04.500,36.4478333,-89.5696667,10.05,1.8,653.167851683973,0.0
seismic,2015-06-27 00:47:19.110,36.4156667,-89.528,10.26,1.37,648.8305558599116,0.0
seismic,2015-06-27 02:42:36.590,36.3578333,-89.5166667,8.83,1.93,642.2899630077843,0.0
seismic,2015-06-27 02:51:46.320,36.3098333,-89.5343333,9.7,1.38,637.4000117082792,0.0
seismic,2015-06-27 05:08:29.020,37.9481667,-77.9978333,1.77,2.2,72.3222282344725,6.189
seismic,2015-06-27 05:43:36.950,36.2108333,-89.4516667,8.9,1.29,624.9575867043718,0.0
seismic,2015-06-27 16:44:36.000,44.388,-65.397,5.0,2.5,34.93934658605119,465.179
seismic,2015-06-28 09:15:03.000,47.394,-70.092,7.4,3.3,2.419516334278333,505.168
seismic,2015-06-29 02:48:19.930,36.17,-89.4015,7.03,1.5,619.5323519497625,0.0
seismic,2015-06-29 04:52:26.570,36.3171667,-89.542,10.32,1.35,638.3542167108394,0.0
seismic,2015-06-29 15:46:03.250,36.4853333,-89.5585,8.82,1.28,657.0403520994472,0.0
seismic,2015-06-29 19:18:00.430,35.6715,-89.6191667,3.11,2.29,569.9629421676851,19.181
seismic,2015-06-30 03:02:19.420,32.9891667,-88.0493333,0.33,2.11,250.78729701067772,118.205
seismic,2015-06-30 06:44:07.220,32.9911667,-88.0511667,0.14,3.5,251.01179492025665,118.348
seismic,2015-06-30 15:42:54.710,42.1464,-85.0459,5.0,3.3,762.0084359528892,292.905
seismic,2015-07-01 09:06:46.550,35.1021667,-85.4915,20.22,2.57,513.2855243174271,314.127
seismic,2015-07-01 18:32:53.000,44.085,-66.253,5.0,3.5,3.397588769618042,389.498
seismic,2015-07-01 18:39:56.000,44.111,-66.221,5.0,2.2,0.9870114765451228,392.901
seismic,2015-07-02 10:54:20.530,35.1055,-85.5015,20.15,1.76,514.2483652359372,314.037
seismic,2015-07-02 16:30:37.590,36.1728333,-89.6505,8.15,1.6,624.9376619746113,0.0
seismic,2015-07-03 03:28:13.760,43.7705,-71.3438,5.61,1.5,81.52515585468863,104.561
seismic,2015-07-03 20:06:40.090,36.2546667,-89.454,7.67,1.36,629.7954388574856,0.0
seismic,2015-07-04 00:27:46.880,36.3028333,-89.4505,4.89,1.56,634.9974736509279,0.0
seismic,2015-07-04 10:28:46.780,32.965,-88.1105,9.73,1.68,248.19930036897597,113.643
seismic,2015-07-05 11:03:08.510,36.1351667,-89.7201667,5.32,2.52,622.4315507447833,0.0
seismic,2015-07-05 22:36:14.350,35.4383333,-83.5753333,0.71,1.69,408.8329193696349,269.666
seismic,2015-07-06 00:08:40.310,36.5353333,-89.5628333,8.86,2.01,662.5873710306167,0.0
seismic,2015-07-06 02:14:48.750,46.6749,-72.6068,18.0,2.7,31.81784801982698,442.341
seismic,2015-07-07 09:46:30.620,46.3491667,-75.1293333,7.2,2.44,105.02655659403416,509.093
seismic,2015-07-08 08:54:48.960,35.1515,-84.1338333,4.95,1.92,419.3802154423211,294.18
seismic,2015-07-10 13:41:58.010,36.106,-89.7531667,8.19,1.7,620.051862964591,0.0
seismic,2015-07-10 17:27:35.500,36.5668333,-89.6188333,7.53,1.16,667.1398294702175,0.0
seismic,2015-07-10 19:21:22.340,36.4883333,-89.566,9.75,2.0,657.5161998817588,0.0
seismic,2015-07-11 08:40:24.830,36.3073333,-89.486,6.66,1.48,636.1722710440558,0.0
seismic,2015-07-11 20:34:07.340,36.3901667,-89.545,9.64,1.83,646.3812490928522,0.0
seismic,2015-07-12 03:28:54.350,36.0528333,-89.8203333,9.15,1.97,615.9489392439416,0.0
seismic,2015-07-12 04:05:56.340,41.054,-74.2945,6.23,1.04,31.588692093780367,333.98
seismic,2015-07-12 04:17:38.000,47.484,-70.07,10.9,2.8,3.354256403469529,515.245
seismic,2015-07-12 06:20:39.650,36.205,-89.4923333,6.17,1.98,625.1186556544261,0.0
seismic,2015-07-12 06:22:04.280,36.203,-89.4916667,6.23,1.32,624.8870503208318,0.0
seismic,2015-07-12 06:30:45.560,36.203,-89.4926667,6.46,1.84,624.9069618566575,0.0
seismic,2015-07-13 02:38:59.810,45.1857,-69.3332,5.15,1.2,81.27030748969,284.312
seismic,2015-07-13 02:54:18.580,36.1073333,-89.7535,8.23,2.02,620.2037178436946,0.0
seismic,2015-07-13 09:48:53.780,36.145,-89.431,10.81,1.44,617.3604289374581,0.0
seismic,2015-07-13 14:12:07.550,36.3061667,-89.5426667,9.67,1.54,637.1675891858022,0.0
seismic,2015-07-13 19:27:28.120,45.1875,-73.9578333,17.18,1.94,7.383212221732157,352.391
seismic,2015-07-13 23:36:10.370,36.317,-89.5041667,7.55,1.15,637.5836686235393,0.0
seismic,2015-07-15 03:57:01.710,37.1246667,-89.3505,16.69,2.43,723.6200682691754,0.944
seismic,2015-07-15 12:21:13.280,36.5375,-89.6201667,6.97,2.48,663.967412770964,0.0
seismic,2015-07-15 22:00:19.520,45.4743333,-74.5435,10.23,3.27,16.07515992844825,407.328
seismic,2015-07-16 00:32:36.000,45.167,-67.234,5.0,2.0,1.9149596176797496,384.095
seismic,2015-07-16 12:41:55.740,36.3143333,-89.4911667,6.22,1.21,637.0379103546071,0.0
seismic,2015-07-18 13:30:28.730,36.2641667,-89.3041667,4.16,2.62,628.1039402873201,1.389
seismic,2015-07-19 07:04:05.410,36.2293333,-89.441,7.64,1.28,626.775246676511,0.0
seismic,2015-07-20 02:26:42.620,36.3106667,-89.5063333,5.59,1.24,636.9344698648155,0.0
seismic,2015-07-20 11:12:39.860,32.9386667,-80.1486667,2.57,1.17,21.395601064455438,0.0
seismic,2015-07-21 03:10:45.340,36.4588333,-83.7465,10.46,2.66,511.2453780817963,155.076
seismic,2015-07-21 11:49:19.990,43.7457,-71.6581,4.16,1.4,100.75493064705414,112.75
seismic,2015-07-21 12:03:04.000,45.485,-74.5293333,6.96,1.01,14.478912540766084,407.371
seismic,2015-07-22 07:43:01.900,41.8179,-71.3804,18.66,2.3,0.6945529481380716,107.814
seismic,2015-07-24 09:12:39.140,36.0651667,-89.8106667,8.88,1.45,617.0375389688426,0.0
seismic,2015-07-24 09:12:59.490,36.0628333,-89.812,9.28,1.28,616.8191797978734,0.0
seismic,2015-07-24 13:32:10.600,36.2288333,-89.4413333,7.96,1.31,626.7269402622179,0.0
seismic,2015-07-26 22:36:13.570,46.7415,-75.6208333,10.0,2.29,162.37151024666008,566.708
seismic,2015-07-27 07:37:45.760,36.0545,-83.674,25.49,2.48,469.7372566287125,200.501
seismic,2015-07-27 15:25:08.770,44.5326667,-73.7243333,5.27,1.04,81.98811216236258,289.235
seismic,2015-07-27 20:26:26.120,46.5642,-75.2799,18.0,3.1,131.32991848107525,534.647
seismic,2015-07-28 11:03:47.020,36.228,-89.4441667,10.81,2.46,626.6901334600881,0.0
seismic,2015-07-28 18:49:39.700,36.1743333,-89.4576667,10.81,2.58,621.0851143484585,0.0
seismic,2015-07-31 22:53:01.070,36.207,-89.4736667,8.24,1.32,624.9678136593025,0.0
seismic,2015-08-01 15:39:36.390,36.4938333,-89.4616667,10.99,2.59,656.1196576679848,0.08
seismic,2015-08-01 16:19:06.610,36.4931667,-89.4618333,11.2,1.8,656.0497073100477,0.054
seismic,2015-08-02 02:34:27.830,43.1763,-71.2803,3.1,2.2,44.534123346003874,43.064
seismic,2015-08-02 03:46:48.440,44.3571,-72.419,5.0,1.4,147.25386893631511,203.241
seismic,2015-08-03 08:33:15.960,36.2128333,-89.4565,8.24,1.18,625.2699077592383,0.0
seismic,2015-08-03 20:36:12.410,36.5463333,-89.6498333,7.94,1.82,665.5370758947273,0.0
seismic,2015-08-05 07:22:01.180,36.2188333,-89.482,6.3,1.38,626.4244391971715,0.0
seismic,2015-08-05 07:37:51.110,45.9541667,-75.5656667,3.09,2.72,102.12609071664724,501.893
seismic,2015-08-05 07:56:05.490,45.8894,-75.5673,18.0,2.7,99.43001752664809,497.22
seismic,2015-08-07 01:19:33.810,36.3111667,-89.5076667,5.85,1.45,637.0153559885882,0.0
seismic,2015-08-07 02:40:43.130,45.0795,-69.4033,2.5,1.2,74.81690309284915,271.277
seismic,2015-08-07 12:34:04.990,36.8735,-89.4356667,9.3,2.4,697.3306543034604,0.0
seismic,2015-08-07 12:37:07.300,36.881,-89.4313333,8.49,1.36,698.0818017257133,0.0
seismic,2015-08-08 09:08:29.910,45.891,-75.5646,18.0,2.5,99.29862151260843,497.179
seismic,2015-08-08 09:14:15.770,36.2986667,-89.4746667,6.45,1.31,635.0051100413581,0.0
seismic,2015-08-09 02:07:06.870,38.98,-76.6626667,7.0,1.91,8.640799331542015,169.525
seismic,2015-08-09 02:10:02.130,36.4268333,-89.517,8.09,1.3,649.8363301878323,0.0
seismic,2015-08-09 07:54:19.010,36.2826667,-89.5093333,9.78,2.08,633.9359528251304,0.0
seismic,2015-08-10 00:54:10.690,43.1894,-71.2573,6.38,1.6,43.08273957134677,43.099
seismic,2015-08-10 02:18:46.530,35.4721667,-84.4931667,14.41,1.49,467.5654959921192,257.997
seismic,2015-08-10 02:18:57.650,35.4736667,-84.4963333,13.77,1.19,467.8878539420844,257.843
seismic,2015-08-12 00:36:42.320,32.9486667,-80.1611667,6.18,1.18,22.94192819650593,0.0
seismic,2015-08-13 19:37:47.820,32.9508333,-88.011,0.57,2.7,246.50948741255056,115.604
seismic,2015-08-14 02:16:22.210,39.892,-76.4083333,1.3,1.23,46.54284547259764,262.24
seismic,2015-08-14 07:41:25.210,40.752,-74.575,8.22,2.6,33.33884141597416,373.063
seismic,2015-08-15 07:30:51.870,36.2895,-89.5401667,9.33,1.2,635.2990275511202,0.0
seismic,2015-08-16 00:51:42.660,36.1886667,-89.4948333,5.64,1.59,623.3856859630542,0.0
seismic,2015-08-16 06:47:24.970,45.1579,-69.0972,5.0,1.1,70.4652796896289,290.057
seismic,2015-08-16 21:54:11.670,36.3113333,-89.505,5.98,1.29,636.9810346817372,0.0
seismic,2015-08-17 20:45:27.640,43.3765,-71.0299,5.0,1.7,37.304263862951935,55.6
seismic,2015-08-17 23:11:16.780,45.951,-74.8536667,10.0,2.28,56.8622634729804,462.095
seismic,2015-08-18 17:17:54.630,36.1901667,-89.4953333,6.47,1.87,623.5593973455947,0.0
seismic,2015-08-19 04:27:53.750,36.3245,-89.528,9.21,1.53,638.8741977379252,0.0
seismic,2015-08-19 12:53:14.500,36.131,-89.3896667,7.5,1.36,615.0402348698927,0.0
seismic,2015-08-20 02:45:41.380,37.9975,-84.8393333,33.64,2.82,650.4238422395086,32.032
seismic,2015-08-20 09:28:15.990,35.7755,-84.1238333,14.38,1.84,469.2969818164871,224.59
seismic,2015-08-21 03:04:12.440,37.115,-88.7703333,7.8,1.93,715.5641372231516,0.0
seismic,2015-08-21 23:49:14.000,47.243,-66.29,5.0,3.0,64.81810449161289,603.171
seismic,2015-08-22 19:16:58.650,40.8935,-74.3375,7.91,1.16,27.22874296824433,347.652
seismic,2015-08-24 01:44:04.750,36.487,-89.5606667,9.32,1.19,657.2651380020247,0.0
seismic,2015-08-24 01:48:41.940,36.4878333,-89.5573333,8.82,1.21,657.2904111338007,0.0
seismic,2015-08-24 01:48:52.820,36.486,-89.56,8.87,1.11,657.142762913027,0.0
seismic,2015-08-24 03:23:49.400,33.0166667,-80.163,4.29,2.08,27.47909738419683,0.0
seismic,2015-08-24 08:42:09.940,37.9186667,-77.9593333,1.99,1.84,71.85784085343641,6.1
seismic,2015-08-25 01:09:27.230,36.279,-89.501,9.87,1.55,633.3706248906703,0.0
seismic,2015-08-25 13:26:15.340,35.6641667,-89.6823333,12.69,3.5,570.7111148742476,15.547
seismic,2015-08-27 22:47:52.000,46.21,-66.594,5.0,3.6,94.44472804882378,500.741
seismic,2015-08-27 23:39:41.950,36.477,-89.5638333,8.91,1.6,656.2357517493839,0.0
seismic,2015-08-28 04:35:51.530,36.1103333,-89.3843333,8.16,1.58,612.6774527107599,0.179
seismic,2015-08-28 10:27:25.640,36.471,-89.5541667,9.5,1.42,655.3894180583434,0.0
seismic,2015-08-28 17:26:23.320,36.5346667,-89.5705,8.59,1.56,662.6651861994001,0.0
seismic,2015-08-29 07:15:44.260,36.138,-89.715,7.97,1.59,622.6187488088929,0.0
seismic,2015-08-29 21:50:33.200,43.2135,-71.6019,4.11,1.2,70.71707892620132,64.612
seismic,2015-08-30 09:36:30.220,36.0795,-89.784,6.32,1.42,617.9309458640098,0.0
seismic,2015-08-30 20:27:40.010,46.1695,-75.519,10.0,2.44,111.35994685957688,515.546
seismic,2015-08-31 03:43:24.930,36.3265,-89.4921667,6.4,1.34,638.3870937747296,0.0
seismic,2015-08-31 15:29:24.430,36.0918333,-89.7741667,7.95,2.48,619.0237979856419,0.0
seismic,2015-09-01 02:25:11.310,36.25,-89.5193333,7.7,1.15,630.5699432722382,0.0
seismic,2015-09-01 07:09:33.860,36.3261667,-89.5246667,9.3,1.86,638.9898289942684,0.0
seismic,2015-09-01 21:43:20.830,36.1898333,-89.495,5.96,1.23,623.5163439305453,0.0
seismic,2015-09-02 01:46:33.650,36.496,-89.5591667,9.48,3.0,658.2185426813933,0.0
seismic,2015-09-03 08:40:31.780,36.4663333,-89.5256667,7.42,1.37,654.3222614791083,0.0
seismic,2015-09-04 20:07:53.590,34.9351667,-82.8866667,4.45,2.02,326.4260578254504,263.786
seismic,2015-09-05 07:01:17.000,47.713,-70.083,13.9,2.7,3.298810451258801,540.214
seismic,2015-09-05 21:08:32.420,36.2825,-89.4985,9.8,1.07,633.7035936229607,0.0
seismic,2015-09-05 22:56:06.970,36.2841667,-89.4981667,9.61,1.22,633.8790809631008,0.0
seismic,2015-09-07 19:42:17.770,36.048,-89.8298333,9.68,1.71,615.6652042457915,0.0
seismic,2015-09-08 02:32:12.220,36.432,-89.5435,9.06,1.29,650.9194879058765,0.0
seismic,2015-09-08 13:40:01.520,35.7315,-84.7305,19.67,2.27,503.0325403864802,230.738
seismic,2015-09-09 08:46:14.580,36.4315,-89.543,9.4,1.48,650.8550161658987,0.0
seismic,2015-09-09 18:28:13.140,36.0921667,-89.7601667,10.44,2.04,618.7248649569781,0.0
seismic,2015-09-09 18:28:54.120,36.2946667,-89.4761667,6.58,1.93,634.5968375081327,0.0
seismic,2015-09-09 19:17:51.070,45.767,-76.3743333,10.0,3.19,155.576945362203,538.106
seismic,2015-09-09 19:37:15.530,36.301,-89.519,8.92,1.41,636.1296032902334,0.0
seismic,2015-09-10 01:28:56.670,35.6886667,-84.2523333,14.2,1.98,469.6597656840036,233.599
seismic,2015-09-11 02:21:44.460,36.1913333,-89.497,6.0,1.45,623.7200677445796,0.0
seismic,2015-09-11 02:37:06.630,36.2598333,-89.4955,6.97,1.2,631.1687540917466,0.0
seismic,2015-09-11 07:10:17.780,37.196,-88.9195,9.47,2.27,726.0042482905815,0.0
seismic,2015-09-12 17:00:12.770,37.7115,-87.6555,16.69,2.61,779.9364433865954,21.558
seismic,2015-09-13 00:45:18.530,47.4246,-70.3593,11.29,3.1,0.2740082938141907,506.371
seismic,2015-09-13 01:39:00.240,37.9611667,-77.9901667,0.04,2.25,70.90477099133412,7.695
seismic,2015-09-13 05:20:26.250,36.7103333,-89.5125,10.6,1.98,680.7799176207635,0.0
seismic,2015-09-13 13:27:39.040,36.5661667,-89.5695,4.89,1.87,666.086723574375,0.0
seismic,2015-09-14 00:45:43.320,36.5415,-89.6025,6.74,1.77,664.0473189282277,0.0
seismic,2015-09-14 01:08:23.050,37.986,-77.8236667,0.09,1.53,58.056086448246745,19.623
seismic,2015-09-14 02:58:22.610,37.9698333,-77.8083333,0.06,1.43,58.38423644662786,19.279
seismic,2015-09-14 03:19:47.670,34.9128333,-85.1315,16.21,1.8,474.42278174088136,326.861
seismic,2015-09-14 03:20:28.660,34.9136667,-85.1335,16.49,1.92,474.62567481659113,326.803
seismic,2015-09-14 03:39:56.880,38.039,-77.8248333,0.58,1.52,54.204898956919685,23.954
seismic,2015-09-16 15:26:28.370,36.1976667,-89.4743333,7.19,1.4,623.9614235604168,0.0
seismic,2015-09-16 16:00:00.350,36.1983333,-89.4758333,7.02,1.35,624.0637949020761,0.0
seismic,2015-09-17 09:29:23.140,36.4305,-89.5168333,7.67,1.46,650.2338994033622,0.0
seismic,2015-09-18 03:03:27.480,36.2723333,-89.4783333,6.93,1.22,632.1977598720869,0.0
seismic,2015-09-18 10:56:25.700,36.477,-89.5516667,7.37,1.95,655.9955474913144,0.0
seismic,2015-09-18 19:24:56.630,37.9668333,-77.8948333,0.31,1.34,64.07591627771045,13.868
seismic,2015-09-19 21:50:09.880,36.5386667,-89.6421667,6.91,1.46,664.5438724393118,0.0
seismic,2015-09-20 18:26:03.900,36.2788333,-89.4538333,4.56,1.62,632.4353994808278,0.0
seismic,2015-09-21 04:42:51.590,36.2925,-89.5075,8.62,2.19,634.9733981881244,0.0
seismic,2015-09-21 06:48:07.590,43.6446,-71.3725,4.75,1.6,75.25904869284952,92.243
seismic,2015-09-21 07:36:20.490,36.093,-89.4401667,12.88,1.97,611.8560415027786,0.0
seismic,2015-09-23 01:34:59.600,45.4015,-73.3066667,10.0,2.15,16.172055379140172,338.589
seismic,2015-09-23 02:23:40.150,36.2466667,-89.5046667,8.27,1.85,629.9128334753592,0.0
seismic,2015-09-24 03:41:19.950,36.1275,-89.7235,9.11,1.85,621.6796241445708,0.0
seismic,2015-09-26 04:48:19.330,36.5398333,-89.6195,9.21,2.06,664.2083486899014,0.0
seismic,2015-09-26 06:41:12.720,36.413,-89.5183333,9.0,1.16,648.3503079054748,0.0
seismic,2015-09-26 19:50:56.420,36.4506667,-89.5316667,9.8,1.08,652.7266343109727,0.0
seismic,2015-09-27 03:16:23.470,42.4426667,-74.4371667,13.76,2.79,132.87489790255,283.935
seismic,2015-09-27 10:45:39.280,36.216,-89.4861667,6.03,1.32,626.1973139032964,0.0
seismic,2015-09-27 18:04:36.040,38.03,-77.9421667,9.12,1.88,63.01396327422394,16.253
seismic,2015-09-28 00:16:15.390,43.5219,-71.6259,5.38,1.4,84.8442310549624,90.637
seismic,2015-09-29 11:44:05.490,36.4511667,-89.5333333,9.3,2.41,652.8138093790511,0.0
seismic,2015-09-30 01:06:22.240,46.509,-80.8978,1.0,3.1,509.8106552912933,879.362
seismic,2015-09-30 01:09:46.790,36.8646667,-89.4421667,8.96,2.98,696.4704175897931,0.0
seismic,2015-09-30 01:10:07.740,46.5133,-80.9038,1.0,2.3,510.3935806138599,879.522
seismic,2015-09-30 01:14:16.950,46.5085,-80.9049,1.0,2.0,510.3159598721173,879.026
seismic,2015-09-30 03:34:54.750,40.22,-81.1903333,2.0,2.1,380.4607834215568,291.446
seismic,2015-09-30 07:55:04.010,36.29,-89.5195,9.83,1.35,634.9387506598839,0.0
seismic,2015-09-30 09:41:55.560,36.5915,-89.581,8.67,1.22,669.0798644413576,0.0
seismic,2015-09-30 21:52:43.160,36.373,-89.5368333,10.04,1.2,644.3447406911612,0.0
seismic,2015-09-30 23:28:20.950,36.3053333,-89.5323333,9.45,1.15,636.8688446504976,0.0
seismic,2015-10-01 00:34:56.950,36.5351667,-89.6305,7.1,1.67,663.9233632311991,0.0
seismic,2015-10-01 04:58:32.690,36.3048333,-89.5126667,5.17,1.17,636.4224533405364,0.0
seismic,2015-10-01 13:51:08.060,43.3564,-70.4895,10.86,2.2,1.580049161595008,60.721
seismic,2015-10-01 21:56:56.910,36.2016667,-89.4976667,5.81,1.48,624.861191113845,0.0
seismic,2015-10-02 06:25:58.430,46.4987,-80.9124,1.0,2.1,510.5457493930896,877.798
seismic,2015-10-02 23:27:51.680,36.4836667,-89.56,11.01,1.15,656.8879357146889,0.0
seismic,2015-10-04 03:22:17.640,33.2181667,-83.3128333,3.03,1.98,240.8166515491991,223.315
seismic,2015-10-05 23:30:39.780,36.54,-89.6521667,7.99,1.91,664.8952528367649,0.0
seismic,2015-10-06 02:52:13.100,38.2895,-85.2573333,4.6,2.78,683.6665516006799,66.799
seismic,2015-10-07 20:30:34.350,36.5428333,-89.6585,6.98,2.18,665.3349934685559,0.0
seismic,2015-10-08 02:07:13.370,36.3076667,-89.506,5.93,1.51,636.6002233347376,0.0
seismic,2015-10-09 08:10:30.200,36.177,-89.3841667,5.36,2.02,619.9743609785967,0.0
seismic,2015-10-10 02:22:49.390,36.4158333,-89.5181667,7.88,1.39,648.6567161251596,0.0
seismic,2015-10-10 07:00:36.770,36.4106667,-89.5283333,8.79,1.26,648.2908195237934,0.0
seismic,2015-10-11 05:09:24.270,35.3931667,-85.1953333,21.23,2.3,510.0263967779871,275.585
seismic,2015-10-11 18:55:38.620,36.3035,-89.4576667,5.74,1.61,635.2069844820627,0.0
seismic,2015-10-13 03:11:41.590,45.0438333,-75.9171667,6.03,1.54,94.92167064689592,464.449
seismic,2015-10-13 06:42:22.170,36.2065,-89.46,8.87,1.79,624.6457460457389,0.0
seismic,2015-10-14 18:36:05.180,35.7095,-84.303,20.95,1.15,474.4533202808819,231.152
seismic,2015-10-15 08:32:37.720,35.5915,-84.1733333,17.34,2.0,456.8527888354356,244.807
seismic,2015-10-16 03:48:04.890,36.4808333,-89.5293333,9.73,1.07,655.9784125091821,0.0
seismic,2015-10-17 01:20:43.560,36.3225,-89.5435,9.94,1.38,638.96628781805,0.0
seismic,2015-10-17 03:44:28.830,36.8715,-89.4253333,9.41,2.43,696.9356424396042,0.0
seismic,2015-10-18 23:54:25.310,36.4826667,-89.5648333,9.74,1.46,656.8743283520141,0.0
seismic,2015-10-19 09:02:26.390,36.324,-89.5338333,9.57,1.38,638.9360487199185,0.0
seismic,2015-10-20 11:56:19.760,34.6938333,-86.1308333,2.66,2.07,463.3764667814284,326.603
seismic,2015-10-20 23:34:51.940,45.7344,-77.1451,18.0,3.8,207.25856198636416,586.311
seismic,2015-10-20 23:36:56.760,45.7271,-77.1392,18.0,3.1,206.52458161561904,585.498
seismic,2015-10-23 23:32:35.750,43.8403333,-77.9036667,5.0,1.66,284.3992406788549,569.082
seismic,2015-10-24 18:16:22.600,35.9013333,-89.9635,15.23,2.0,603.4549924718068,0.0
seismic,2015-10-27 13:28:18.470,36.1595,-89.506,5.84,1.44,620.4282526226236,0.0
seismic,2015-10-28 20:42:15.540,43.0498333,-74.3781667,6.13,2.34,197.6343355933631,276.025
seismic,2015-10-28 21:36:46.510,35.9835,-89.9103333,7.92,1.73,610.8060171097741,0.0
seismic,2015-10-29 09:32:54.280,36.5541667,-89.6158333,7.55,1.21,665.6975516717728,0.0
seismic,2015-10-30 04:02:04.410,43.885,-78.686,1.0,2.3,338.9661663741907,631.745
seismic,2015-10-30 15:58:25.790,44.5964,-70.7123,3.35,1.7,94.64074144121376,191.328
seismic,2015-10-31 04:18:20.000,47.387,-70.122,17.1,2.4,3.580587273674772,504.114
seismic,2015-11-01 01:37:28.170,35.6633333,-89.6775,10.01,2.15,570.5016646908858,15.908
seismic,2015-11-01 18:39:19.090,36.4938333,-89.5596667,9.07,1.38,657.9917339492639,0.0
seismic,2015-11-01 21:22:16.320,34.3171667,-87.2715,13.4,2.12,405.365700898722,265.906
seismic,2015-11-01 22:20:30.670,44.2387,-67.929,5.0,2.4,14.468495596171204,277.465
seismic,2015-11-02 10:47:22.460,44.5718333,-73.8956667,16.09,1.11,71.4528361499887,302.563
seismic,2015-11-03 02:38:14.610,36.3093333,-89.5355,10.12,1.36,637.3688593388284,0.0
seismic,2015-11-03 07:16:56.300,43.4233333,-76.6705,5.0,1.1,234.89151101563425,464.471
seismic,2015-11-03 22:21:42.130,36.5591667,-89.6158333,7.55,1.41,666.2429920926162,0.0
seismic,2015-11-04 11:00:52.070,37.5625,-78.4305,7.52,2.67,104.32871837996672,22.309
seismic,2015-11-04 15:04:26.330,47.0232,-66.6281,5.0,3.7,96.4988117920592,568.21
seismic,2015-11-04 18:08:04.210,36.4901667,-89.5636667,9.44,1.61,657.6702399028669,0.0
seismic,2015-11-05 06:05:16.400,36.327,-89.5046667,7.61,1.18,638.6859486861263,0.0
seismic,2015-11-05 23:24:31.100,43.244,-75.1726667,15.7,1.7,199.0892272642228,342.097
seismic,2015-11-07 14:32:20.350,35.0543333,-84.8608333,10.44,2.59,463.1443919363076,307.395
seismic,2015-11-07 16:15:36.320,47.0162,-66.6023,5.0,2.6,94.60145175564178,568.778
seismic,2015-11-08 01:30:21.040,36.5396667,-89.6525,9.59,1.82,664.865833574707,0.0
seismic,2015-11-08 10:34:16.050,44.5396,-67.0504,10.31,1.6,13.636049235896312,354.339
seismic,2015-11-08 23:46:56.180,36.625,-89.5651667,11.33,2.89,672.4327501578499,0.0
seismic,2015-11-10 15:42:22.870,36.497,-89.5428333,8.12,1.72,658.0078122662659,0.0
seismic,2015-11-11 05:18:02.000,46.968,-71.185,18.0,2.5,8.24635582324379,454.706
seismic,2015-11-11 09:22:35.290,36.2831667,-89.4913333,7.57,1.56,633.6355840634906,0.0
seismic,2015-11-12 19:54:23.550,45.3435,-73.8873333,16.19,1.79,0.5258433277832987,361.47
seismic,2015-11-12 21:06:59.470,47.2076,-69.017,3.5,1.8,75.20141684225467,502.63
seismic,2015-11-13 14:54:56.750,36.2406667,-89.4216667,6.68,1.43,627.6479422954005,0.0
seismic,2015-11-13 16:06:28.000,46.871,-65.664,5.0,2.5,33.00043037651653,603.127
seismic,2015-11-14 13:02:14.000,46.993,-70.688,18.0,2.6,2.410057590580211,457.193
seismic,2015-11-15 01:10:20.480,36.3036667,-89.5055,7.96,1.33,636.1534707173254,0.0
seismic,2015-11-15 03:17:26.300,36.303,-89.5068333,8.16,1.52,636.1069472139552,0.0
seismic,2015-11-15 09:41:57.020,35.5365,-80.1016667,6.95,2.58,230.46192948114447,173.241
seismic,2015-11-16 05:23:40.190,36.4958333,-89.5616667,10.35,1.45,658.249607182493,0.0
seismic,2015-11-16 13:22:43.460,36.3405,-89.5011667,7.55,1.1,640.0925183396746,0.0
seismic,2015-11-16 14:48:38.230,33.2071667,-83.35,7.75,2.6,243.7375656390938,226.768
seismic,2015-11-16 14:51:47.070,36.4821667,-89.5475,8.47,2.43,656.4781772650416,0.0
seismic,2015-11-18 01:19:00.800,42.1955,-71.3988,4.59,1.5,32.09522761982859,70.968
seismic,2015-11-18 03:41:05.210,32.9341667,-80.1811667,4.27,1.21,23.92889225403253,0.0
seismic,2015-11-19 15:44:22.930,36.4793333,-89.551,8.96,1.14,656.2373234954398,0.0
seismic,2015-11-22 05:31:20.350,35.2831667,-83.3203333,5.25,2.42,381.02831133221264,292.127
seismic,2015-11-23 16:40:42.810,36.4648333,-89.5566667,8.14,1.3,654.7653041301804,0.0
seismic,2015-11-25 01:34:24.360,36.2835,-89.5035,8.78,1.31,633.9114586668768,0.0
seismic,2015-11-25 06:50:45.370,36.5365,-89.604,7.94,2.57,663.5318643163007,0.0
seismic,2015-11-25 06:51:34.310,36.5351667,-89.6056667,8.33,2.38,663.4199107109879,0.0
seismic,2015-11-25 06:53:38.180,36.532,-89.6055,8.27,1.1,663.0710660823471,0.0
seismic,2015-11-25 06:54:37.860,36.533,-89.6045,7.99,1.13,663.1600439911239,0.0
seismic,2015-11-25 06:56:01.150,36.535,-89.6016667,7.79,1.97,663.3213286874809,0.0
seismic,2015-11-25 06:56:21.430,36.5331667,-89.6031667,8.15,1.6,663.151422643316,0.0
seismic,2015-11-25 06:57:14.520,36.5326667,-89.6015,8.25,1.04,663.0633829493028,0.0
seismic,2015-11-25 06:58:43.060,36.5333333,-89.6051667,8.06,1.06,663.20982165269,0.0
seismic,2015-11-25 06:59:18.910,36.5335,-89.6031667,8.31,1.32,663.1877887282551,0.0
seismic,2015-11-25 07:02:48.160,36.5343333,-89.6036667,7.81,1.74,663.2887589090828,0.0
seismic,2015-11-25 07:08:53.130,36.5373333,-89.6015,8.67,3.04,663.5725875935507,0.0
seismic,2015-11-25 07:13:28.130,36.5351667,-89.6011667,8.14,1.44,663.3294830224576,0.0
seismic,2015-11-25 07:15:47.290,36.5333333,-89.6055,7.6,1.81,663.2165292854576,0.0
seismic,2015-11-25 07:30:45.610,36.534,-89.6043333,8.06,1.1,663.2657959965675,0.0
seismic,2015-11-25 07:32:44.400,36.5346667,-89.5991667,8.17,2.02,663.2348094694744,0.0
seismic,2015-11-25 07:51:52.310,36.534,-89.6031667,8.01,1.65,663.242343526666,0.0
seismic,2015-11-25 07:53:05.780,36.5333333,-89.5958333,7.73,1.22,663.0225367199504,0.0
seismic,2015-11-25 08:09:39.210,36.534,-89.6033333,8.24,1.66,663.2456917174129,0.0
seismic,2015-11-25 08:26:03.020,36.5363333,-89.6013333,8.53,2.55,663.4601237680159,0.0
seismic,2015-11-25 08:41:54.040,36.5336667,-89.6036667,8.3,1.21,663.216027470513,0.0
seismic,2015-11-25 09:59:40.280,36.5346667,-89.602,8.6,1.23,663.291652153713,0.0
seismic,2015-11-25 11:25:24.940,36.284,-89.4976667,7.1,1.19,633.8510292271449,0.0
seismic,2015-11-25 12:54:16.620,36.5345,-89.6025,8.37,1.02,663.2835043616609,0.0
seismic,2015-11-25 20:50:29.860,36.5338333,-89.5998333,8.28,1.3,663.1572319665471,0.0
seismic,2015-11-26 06:06:05.880,36.5355,-89.6005,7.95,1.33,663.3524765546571,0.0
seismic,2015-11-26 06:41:42.360,36.5348333,-89.6023333,8.47,1.38,663.3165236856047,0.0
seismic,2015-11-26 09:28:08.300,36.5321667,-89.6015,8.16,1.34,663.0088258630373,0.0
seismic,2015-11-26 10:07:00.670,36.5336667,-89.6013333,8.32,1.27,663.169151216111,0.0
seismic,2015-11-27 20:04:01.350,36.5325,-89.5966667,8.26,1.42,662.9482770638951,0.0
seismic,2015-11-28 00:27:32.810,36.5323333,-89.5975,8.21,2.06,662.9467742565241,0.0
seismic,2015-11-28 02:48:15.440,43.5137,-71.6255,3.52,1.7,84.34037489842001,89.893
seismic,2015-11-28 05:16:54.250,44.9785,-74.7305,5.0,3.23,2.6910798406353025,382.45
seismic,2015-11-28 07:07:47.950,33.2896667,-79.744,5.95,2.48,34.08783580628594,8.005
seismic,2015-11-28 10:49:39.460,36.2766667,-88.1905,25.35,2.23,618.5950772023247,86.466
seismic,2015-11-30 00:43:11.130,34.7875,-84.9966667,18.82,2.4,456.5856008014436,338.643
seismic,2015-11-30 01:51:17.690,45.5978,-67.3279,1.0,1.6,41.93896274760501,412.151
seismic,2015-11-30 15:56:13.560,36.5391667,-89.5713333,6.09,2.53,663.1731177890503,0.0
seismic,2015-12-01 04:04:50.000,47.261,-66.304,5.0,2.0,64.2973921150554,604.099
seismic,2015-12-01 19:13:34.590,36.4633333,-89.5143333,6.54,1.37,653.7753091112843,0.0
seismic,2015-12-02 05:57:46.400,36.2503333,-89.5195,7.66,1.83,630.6096599396183,0.0
seismic,2015-12-02 09:57:14.130,36.2795,-89.5058333,7.5,1.39,633.5208013770376,0.0
seismic,2015-12-02 10:14:01.900,36.2313333,-89.4566667,7.6,1.46,627.2955164324067,0.0
seismic,2015-12-03 02:57:56.140,35.9756667,-89.907,11.42,1.5,609.8800268741079,0.0
seismic,2015-12-04 02:21:17.060,36.053,-89.8271667,9.28,2.0,616.1365253044403,0.0
seismic,2015-12-04 23:24:49.550,36.5318333,-89.5968333,8.21,1.52,662.8788556213838,0.0
seismic,2015-12-05 21:03:54.010,44.1308,-69.3972,9.48,1.8,8.263005438264306,181.739
seismic,2015-12-05 21:44:33.800,33.0043333,-80.17,5.12,1.32,27.078686354512403,0.0
seismic,2015-12-05 22:31:57.330,36.5296667,-89.5798333,6.63,1.83,662.303590376775,0.0
seismic,2015-12-06 01:28:31.400,36.5288333,-89.5803333,6.93,1.4,662.2225098298142,0.0
seismic,2015-12-07 09:51:52.960,36.5295,-89.5811667,6.97,1.42,662.3118380557631,0.0
seismic,2015-12-07 12:27:55.580,45.6068,-67.3374,1.0,2.0,43.09859972264734,412.377
seismic,2015-12-07 16:12:19.730,45.5488,-67.3629,7.01,1.5,37.59989490544513,406.311
seismic,2015-12-07 16:13:41.190,45.5473,-67.3578,7.25,1.4,37.30222075284672,406.463
seismic,2015-12-07 16:15:01.000,45.596,-67.339,1.0,2.4,41.97819759452141,411.414
seismic,2015-12-07 16:16:40.000,45.612,-67.334,1.0,1.8,43.58614607273265,412.981
seismic,2015-12-07 17:22:49.850,36.4373333,-89.4943333,10.33,1.65,650.548076856349,0.0
seismic,2015-12-07 19:44:58.000,45.598,-67.335,1.0,2.1,42.10645073177034,411.789
seismic,2015-12-08 09:49:57.910,35.857,-82.0605,0.04,2.17,375.29553852712473,175.883
seismic,2015-12-08 12:05:10.000,45.595,-67.335,1.0,1.8,41.78555532926498,411.546
seismic,2015-12-08 21:29:34.900,36.2831667,-89.4396667,4.94,1.26,632.6397882422787,0.0
seismic,2015-12-09 00:59:32.660,45.5963,-67.3372,1.0,1.8,41.97141711100345,411.534
seismic,2015-12-09 04:12:25.210,36.9518333,-89.0466667,9.43,2.64,700.2996870734207,6.751
seismic,2015-12-09 09:49:56.740,36.1383333,-89.693,10.45,2.07,622.1508502044596,0.0
seismic,2015-12-09 19:06:23.730,36.3831667,-89.5538333,10.5,1.14,645.7935448729713,0.0
seismic,2015-12-10 05:58:49.480,35.5813333,-84.9793333,21.89,2.6,508.2089096614063,250.801
seismic,2015-12-11 03:45:09.540,46.7843,-71.1968,18.0,2.7,0.7004980510607576,434.447
seismic,2015-12-11 08:16:46.840,36.2615,-84.2736667,10.56,2.4,519.9326020485234,169.426
seismic,2015-12-11 13:17:16.030,36.5355,-89.6035,7.62,2.68,663.4127064163416,0.0
seismic,2015-12-12 20:29:15.700,47.6996,-70.2051,4.65,2.3,6.59545012968882,537.711
seismic,2015-12-13 10:38:26.090,36.6875,-83.7305,9.04,2.68,532.4519978116896,131.064
seismic,2015-12-15 10:39:54.630,36.2375,-89.4388333,8.27,1.77,627.6271658976847,0.0
seismic,2015-12-15 11:41:42.680,36.482,-89.5458333,8.4,2.34,656.4273161991371,0.0
seismic,2015-12-16 04:16:54.810,36.2738333,-89.5086667,9.0,1.29,632.9582541483217,0.0
seismic,2015-12-17 03:39:47.250,36.5236667,-89.5908333,9.29,1.99,661.867550895498,0.0
seismic,2015-12-17 18:48:11.130,36.5236667,-89.5895,9.12,1.34,661.8409187016651,0.0
seismic,2015-12-18 06:53:37.100,43.5728333,-77.7695,5.0,1.32,290.56319617671846,554.274
seismic,2015-12-18 11:26:51.800,35.9296667,-84.034,21.59,2.29,477.4994436787845,208.28
seismic,2015-12-20 04:45:22.220,35.6368333,-83.9133333,16.51,2.25,445.2502566434447,242.238
seismic,2015-12-20 21:04:28.190,36.5693333,-89.5981667,7.89,1.0,666.9984948314046,0.0
seismic,2015-12-22 11:48:42.290,36.5606667,-89.5973333,6.93,1.56,666.0358400909984,0.0
seismic,2015-12-22 15:20:32.970,38.2708333,-83.4116667,14.41,2.48,524.2065703288799,74.378
seismic,2015-12-23 20:34:38.910,36.5651667,-89.6113333,6.92,2.51,666.8070535149409,0.0
seismic,2015-12-24 10:24:36.890,36.2751667,-89.502,7.53,1.81,632.9717456972402,0.0
seismic,2015-12-25 13:47:18.760,36.1763333,-89.3968333,6.56,1.85,620.1379394888518,0.0
seismic,2015-12-25 22:53:19.940,36.1701667,-89.4245,9.67,1.23,619.9875423010692,0.0
seismic,2015-12-26 14:50:01.840,36.3873333,-89.6068333,12.53,1.25,647.3266962349779,0.0
seismic,2015-12-26 18:58:08.250,34.847,-85.3118333,12.64,2.22,484.45467758212857,337.463
seismic,2015-12-27 03:12:54.510,36.2308333,-89.4541667,8.35,1.15,627.1925227228479,0.0
seismic,2015-12-30 01:46:46.840,36.2098333,-89.6126667,4.97,1.58,628.133045284345,0.0
seismic,2015-12-30 13:01:21.520,44.5986667,-75.249,5.24,1.61,61.49139306893792,394.21
seismic,2016-01-01 07:59:08.700,35.872,-84.4383333,11.6,2.27,496.0536650944288,213.067
seismic,2016-01-01 09:41:38.620,36.1773333,-89.457,10.02,1.24,621.3998761986653,0.0
seismic,2016-01-02 02:49:55.760,35.8661667,-84.601,11.48,1.47,505.52537318344673,214.537
seismic,2016-01-02 05:58:00.780,41.1293333,-74.2643333,8.21,2.08,26.46244056868203,327.028
seismic,2016-01-02 06:22:41.470,36.0388333,-89.8465,7.63,1.99,615.0975233360143,0.0
seismic,2016-01-04 11:15:20.710,36.5056667,-84.0155,21.99,2.61,528.6276076362172,144.691
seismic,2016-01-07 06:21:31.720,36.4863333,-89.557,8.72,1.74,657.1200068443269,0.0
seismic,2016-01-07 17:01:07.830,36.573,-89.6071667,6.94,1.3,667.5783370069537,0.0
seismic,2016-01-09 15:37:28.170,34.5988333,-85.6993333,11.1,1.55,458.94869754579673,341.745
seismic,2016-01-11 22:36:40.350,35.5845,-84.4213333,10.61,2.33,471.71236909458537,245.195
seismic,2016-01-11 22:39:33.900,35.5826667,-84.4285,11.7,1.52,472.0219848395778,245.417
seismic,2016-01-15 01:38:25.890,34.126,-87.521,5.0,2.62,380.7434481726464,244.4
seismic,2016-01-15 04:01:32.330,36.1655,-89.6771667,9.83,2.51,624.736022324484,0.0
seismic,2016-01-15 16:53:20.020,44.8167,-68.092,9.85,2.6,33.238370582513106,308.036
seismic,2016-01-16 02:50:58.000,47.003,-66.546,5.0,1.9,90.46782912707545,570.226
seismic,2016-01-16 22:02:51.210,36.2871667,-89.4783333,6.28,1.07,633.8190153993835,0.0
seismic,2016-01-17 03:25:16.900,35.7468333,-84.2985,21.86,1.25,477.2595925417569,226.98
seismic,2016-01-17 19:12:49.050,39.3193333,-77.8283333,4.74,3.03,80.1736296979716,152.53
seismic,2016-01-21 03:49:26.520,36.6595,-89.541,8.05,1.54,675.7447096668035,0.0
seismic,2016-01-23 22:40:39.060,36.3761667,-89.5466667,10.14,1.35,644.8862349296821,0.0
seismic,2016-01-26 02:30:43.940,43.4322,-71.5218,4.67,1.7,72.57097955937051,77.593
seismic,2016-01-28 09:00:01.430,36.306,-89.5286667,8.93,1.41,636.8681907162606,0.0
seismic,2016-01-28 23:23:36.500,35.3406667,-84.172,6.39,2.13,436.55377591819183,272.843
seismic,2016-01-29 07:02:02.510,36.3266667,-89.5388333,9.78,2.08,639.3271930684854,0.0
seismic,2016-01-29 11:31:48.580,36.564,-89.8468333,6.64,2.53,671.7435829818297,0.0
seismic,2016-02-02 08:09:03.740,38.4195,-84.4116667,14.47,2.04,609.8056854410784,50.77
seismic,2016-02-02 11:56:22.000,44.871,-66.878,5.0,3.6,2.726424099512492,385.948
seismic,2016-02-02 12:00:38.000,44.898,-66.884,5.0,2.4,0.9787558289216342,387.278
seismic,2016-02-03 17:55:42.120,45.5958,-67.3421,1.0,1.6,42.02478488370544,411.233
seismic,2016-02-04 01:33:41.100,32.9325,-88.0068333,0.01,2.29,244.46690461987947,113.86
seismic,2016-02-04 12:38:28.000,47.219,-70.365,9.5,2.5,5.429557898340331,483.693
seismic,2016-02-05 00:52:34.440,45.6027,-67.3395,1.0,1.5,42.70449767063786,411.932
seismic,2016-02-05 06:09:24.840,45.6065,-67.3348,1.0,2.6,43.01255172688854,412.491
seismic,2016-02-05 06:10:35.900,45.607,-67.327,1.0,1.9,42.90992884826211,412.947
seismic,2016-02-05 12:24:13.800,45.614,-67.323,1.0,2.0,43.587815285682176,413.728
seismic,2016-02-06 10:04:36.220,45.5775,-75.6072,18.0,1.8,95.1335509192072,477.533
seismic,2016-02-07 12:46:00.000,41.6503,-82.8969,5.0,2.5,579.6789129892582,357.652
seismic,2016-02-07 18:32:30.830,45.611,-67.3246,1.0,1.7,43.2944324249894,413.399
seismic,2016-02-07 19:07:41.290,45.602,-67.344,1.0,2.1,42.72749493667529,411.636
seismic,2016-02-07 21:18:56.090,35.9826667,-82.1035,1.97,2.13,388.0910189459656,167.584
seismic,2016-02-08 08:01:57.080,32.9361667,-80.145,0.72,1.87,20.96552687474929,0.0
seismic,2016-02-08 09:43:36.580,45.611,-67.339,1.0,2.7,43.58165233161465,412.634
seismic,2016-02-08 09:49:05.420,45.597,-67.341,1.0,1.9,42.128490548642034,411.389
seismic,2016-02-08 17:16:07.840,45.592,-67.317,1.0,2.0,41.102473981743145,412.263
seismic,2016-02-08 17:24:38.050,45.6035,-67.3264,1.0,2.2,42.52171391861327,412.694
seismic,2016-02-08 22:15:36.150,45.595,-67.332,1.0,2.4,41.72254155004598,411.706
seismic,2016-02-08 22:29:45.110,45.599,-67.338,1.0,2.5,42.27704020179408,411.711
seismic,2016-02-08 23:56:03.000,45.6,-67.334,1.0,2.0,42.29961474319251,412.005
seismic,2016-02-09 00:24:57.000,45.605,-67.35,1.0,3.3,43.18091504238478,411.562
seismic,2016-02-09 00:35:41.000,45.597,-67.336,1.0,2.4,42.0206318623138,411.655
seismic,2016-02-09 00:48:12.000,45.588,-67.347,1.0,1.8,41.30659496684221,410.338
seismic,2016-02-09 00:52:03.000,45.601,-67.338,1.0,2.4,42.490795340476126,411.874
seismic,2016-02-09 01:00:55.660,45.5692,-67.3715,1.0,2.0,39.95700806786312,407.506
seismic,2016-02-09 03:22:04.260,45.5779,-67.3144,5.31,2.0,39.533573535907465,411.262
seismic,2016-02-09 03:35:15.000,45.599,-67.346,1.0,2.1,42.45247435103607,411.286
seismic,2016-02-09 05:22:06.000,45.598,-67.336,1.0,1.5,42.127564186772936,411.736
seismic,2016-02-09 07:23:35.000,45.587,-67.342,1.0,2.2,41.08574633235774,410.523
seismic,2016-02-09 08:16:58.000,45.589,-67.335,1.0,2.0,41.144350737754095,411.059
seismic,2016-02-09 08:30:43.470,45.5838,-67.3347,1.0,2.2,40.58275136588744,410.653
seismic,2016-02-09 08:59:02.000,45.591,-67.338,1.0,2.4,41.42290007164474,411.061
seismic,2016-02-10 09:47:43.920,35.5565,-83.5968333,3.63,2.04,420.45014671891846,256.339
seismic,2016-02-10 11:35:57.900,35.558,-83.6113333,2.69,2.11,421.3780236505169,255.887
seismic,2016-02-10 21:00:46.700,36.5508333,-89.8401667,8.49,1.62,670.1659759615809,0.0
seismic,2016-02-11 02:54:59.380,47.7052,-68.0951,18.0,2.5,87.90890461713762,578.336
seismic,2016-02-11 03:15:55.180,36.078,-89.7888333,9.45,2.13,617.8863760093896,0.0
seismic,2016-02-11 06:13:09.380,44.9567,-70.5526,6.47,2.5,117.3376209999254,232.478
seismic,2016-02-12 00:11:15.580,45.5881,-67.3345,1.0,1.8,41.037460567802135,411.012
seismic,2016-02-12 08:14:22.510,36.5398333,-89.605,9.18,1.18,663.9156561855469,0.0
seismic,2016-02-12 13:37:25.210,45.129,-69.316,4.5,2.2,75.20594083050172,279.226
seismic,2016-02-12 13:42:41.390,45.197,-69.36,2.05,1.8,83.44404895915162,284.553
seismic,2016-02-12 23:33:07.980,36.1335,-89.4443333,12.59,1.36,616.3625983414295,0.0
seismic,2016-02-13 00:03:50.740,44.9755,-70.5864,6.0,1.9,120.52084314122804,234.263
seismic,2016-02-13 02:57:00.220,45.5931,-67.3203,1.0,1.5,41.283965642722535,412.176
seismic,2016-02-13 23:19:08.650,45.5947,-67.3326,1.0,1.4,41.702928229618266,411.649
seismic,2016-02-15 06:34:51.450,45.5981,-67.3318,1.0,1.4,42.05051221426174,411.968
seismic,2016-02-16 00:31:28.840,45.5925,-67.3306,1.0,1.4,41.42569299447216,411.577
seismic,2016-02-16 05:13:41.430,47.5653,-69.9595,14.07,2.5,3.648784781498224,525.282
seismic,2016-02-17 05:25:52.210,36.1971667,-89.4215,7.55,1.42,622.8841193462601,0.0
seismic,2016-02-17 14:06:50.660,35.1861667,-84.453,17.3,1.99,443.4265900707746,289.841
seismic,2016-02-18 08:21:11.450,34.7471667,-85.3796667,5.36,2.51,479.338275488361,349.756
seismic,2016-02-19 01:17:00.090,41.0138333,-74.3478333,1.0,1.14,36.57372331331743,340.225
seismic,2016-02-19 09:08:03.350,45.3951,-70.763,12.27,1.7,154.76268091476985,279.849
seismic,2016-02-20 06:00:39.620,35.7511667,-84.315,16.31,1.34,478.6153322328945,226.472
seismic,2016-02-20 09:24:32.900,36.189,-83.3103333,4.81,2.48,465.44005129922607,196.678
seismic,2016-02-20 09:43:12.140,36.1755,-83.3078333,0.67,2.33,464.0148917839072,198.156
seismic,2016-02-21 02:07:28.260,36.2111667,-89.4126667,7.07,1.31,624.2491040720447,0.0
seismic,2016-02-21 04:49:47.240,47.3947,-70.5033,6.08,2.0,0.0465165178934756,502.264
seismic,2016-02-22 01:47:40.500,42.4967,-71.4717,1.21,1.3,37.83752028367449,50.618
seismic,2016-02-24 03:30:05.070,38.5273333,-83.8283333,8.53,2.4,559.0861204527017,71.354
seismic,2016-02-24 20:24:30.250,45.8756,-75.5597,18.0,2.8,98.3344673984206,495.766
seismic,2016-02-29 04:14:21.150,36.5585,-89.6135,6.47,1.34,666.1232496520618,0.0
seismic,2016-03-01 02:38:33.770,35.9718333,-82.3236667,1.44,2.49,401.05047623727233,182.031
seismic,2016-03-01 20:15:06.430,36.55,-89.7228333,7.49,2.22,667.472812916643,0.0
seismic,2016-03-02 02:27:24.000,45.22,-66.73,5.0,2.3,13.470642114694884,418.348
seismic,2016-03-02 11:03:27.740,36.2803333,-89.4853333,7.49,1.26,633.2085672306338,0.0
seismic,2016-03-05 12:30:17.020,36.4861667,-89.566,9.62,2.07,657.2796193547323,0.0
seismic,2016-03-06 14:55:11.660,45.5095,-69.4173,5.76,1.6,116.20038876097668,314.722
seismic,2016-03-08 02:33:42.720,36.051,-89.8156667,9.92,1.26,615.6361498134168,0.0
seismic,2016-03-08 14:25:29.000,38.9045,-82.445,20.0,2.6,441.5809523433281,183.338
seismic,2016-03-08 16:42:30.260,47.019,-68.7786,3.9,1.6,102.4999216904022,488.764
seismic,2016-03-08 21:44:52.770,34.5751667,-85.2966667,4.28,2.24,461.7405581961366,359.112
seismic,2016-03-09 03:20:13.160,45.2426,-67.9909,5.9,1.4,61.790446266564985,348.082
seismic,2016-03-09 23:39:36.540,35.7546667,-84.0746667,10.71,1.82,464.6632623327221,227.328
seismic,2016-03-10 02:09:28.760,36.4228333,-89.5168333,8.44,1.84,649.3958706589015,0.0
seismic,2016-03-10 07:34:32.240,36.557,-89.6031667,6.69,2.0,665.7521427754551,0.0
seismic,2016-03-14 01:26:53.540,44.5127,-70.4164,4.72,1.6,71.32589648955224,185.375
seismic,2016-03-16 07:54:56.040,36.5536667,-89.8616667,8.98,2.23,670.9670498454277,0.0
seismic,2016-03-18 02:49:47.000,47.461,-70.117,12.6,2.7,6.226818418442473,512.276
seismic,2016-03-18 04:31:47.890,36.2228333,-89.5113333,7.18,1.5,627.4449399464504,0.0
seismic,2016-03-18 09:45:16.190,42.8353333,-78.2403333,4.09,1.73,371.3094946025421,541.774
seismic,2016-03-20 07:16:36.790,35.8848333,-89.967,9.88,1.94,601.7925088515339,0.0
seismic,2016-03-20 17:23:04.230,36.127,-89.7283333,9.07,2.61,621.7378698263258,0.0
seismic,2016-03-21 01:13:20.550,36.4801667,-89.5626667,9.94,1.34,656.5584360265667,0.0
seismic,2016-03-21 06:23:34.950,35.6868333,-84.1488333,16.82,1.48,463.2884003024074,234.307
seismic,2016-03-21 13:18:23.650,43.2642,-71.7672,7.28,2.8,85.07179138003686,78.745
seismic,2016-03-22 02:58:52.780,35.938,-82.3785,5.85,1.62,401.94882379484096,188.182
seismic,2016-03-22 02:59:58.760,45.595,-75.028,18.0,2.8,50.76433702102393,444.104
seismic,2016-03-24 03:26:01.670,36.2086667,-89.4433333,7.57,1.05,624.5598115425619,0.0
seismic,2016-03-24 03:44:48.840,43.8683333,-77.9451667,5.0,1.16,285.90211952015545,572.875
seismic,2016-03-25 18:31:31.030,36.504,-89.5811667,10.23,1.96,659.5279905794282,0.0
seismic,2016-03-26 09:21:34.400,36.2663333,-89.4778333,7.35,1.28,631.5322897919923,0.0
seismic,2016-03-27 08:00:52.180,37.8981667,-77.9968333,5.08,2.27,75.82688582380204,2.21
seismic,2016-03-28 11:56:06.990,36.2848333,-89.4781667,5.75,1.4,633.5607282284379,0.0
seismic,2016-03-29 15:00:16.440,40.995,-74.3146667,0.02,1.2,33.507412246924446,339.257
seismic,2016-03-29 19:06:59.950,36.2133333,-89.6043333,5.6,2.1,628.3354282908284,0.0
seismic,2016-03-30 03:26:47.560,36.5333333,-89.6028333,8.87,1.46,663.1629000347953,0.0
seismic,2016-03-30 08:13:11.890,36.0568333,-89.4236667,5.61,2.02,607.5812472283075,0.0
seismic,2016-03-30 10:14:45.560,36.444,-89.5433333,10.04,2.2,652.2269003462196,0.0
seismic,2016-03-31 11:40:30.390,36.1198333,-89.4151667,11.53,1.72,614.3034142680182,0.0
seismic,2016-04-02 03:42:27.810,36.5058333,-89.4506667,15.03,1.76,657.2321633313433,0.11
seismic,2016-04-02 03:44:11.960,36.5038333,-89.4493333,15.02,1.93,656.9885239972949,0.0
seismic,2016-04-02 18:15:47.060,35.9511667,-89.924,8.37,2.54,607.7087564748376,0.0
seismic,2016-04-03 12:00:27.550,36.1521667,-89.414,10.01,1.57,617.8178124505326,0.0
seismic,2016-04-04 21:01:42.000,44.495,-65.763,5.0,2.1,9.605100248609013,442.763
seismic,2016-04-04 23:02:29.100,36.7005,-89.4955,14.97,2.02,679.3906657725958,0.0
seismic,2016-04-07 11:25:45.030,45.0715,-74.8445,7.23,1.1,13.106952667509471,395.85
seismic,2016-04-08 10:30:09.790,36.3506667,-89.5555,11.63,1.84,642.2809683453592,0.0
seismic,2016-04-08 13:20:55.400,36.0546667,-89.8236667,7.8,1.57,616.2288463007126,0.0
seismic,2016-04-10 06:14:49.460,44.9676667,-74.1033333,5.62,1.13,27.160826829825933,343.541
seismic,2016-04-11 09:20:26.960,35.7053333,-84.1428333,10.01,1.7,464.4832377394876,232.282
seismic,2016-04-12 03:10:58.290,44.9323333,-73.828,5.0,1.79,37.467461816264354,325.021
seismic,2016-04-12 07:07:34.940,36.877,-89.4265,9.59,2.18,697.5602063296229,0.0
seismic,2016-04-12 13:15:25.490,35.161,-84.4653333,13.33,2.5,442.44234504214,292.692
seismic,2016-04-13 06:57:30.230,35.8346667,-83.0593333,3.82,2.35,419.8642973675576,241.839
seismic,2016-04-13 09:08:00.810,36.1785,-89.4481667,10.07,1.6,621.3552318763867,0.0
seismic,2016-04-13 09:48:55.670,36.068,-89.882,9.37,1.91,619.1291364846259,0.0
seismic,2016-04-13 11:37:14.810,34.5293333,-85.3533333,9.11,2.19,455.7523514963936,351.955
seismic,2016-04-14 11:10:30.080,36.2751667,-89.5071667,9.41,1.83,633.0740666931272,0.0
seismic,2016-04-14 21:34:25.220,36.4885,-89.5475,8.57,1.26,657.1701400450816,0.0
seismic,2016-04-15 04:53:35.990,36.4995,-89.616,11.39,1.25,659.7391705071244,0.0
seismic,2016-04-16 09:40:45.970,43.8778333,-74.4243333,4.11,1.04,127.02753696037156,300.694
seismic,2016-04-16 10:44:32.730,36.268,-89.518,7.87,1.41,632.5075177862932,0.0
seismic,2016-04-17 07:25:17.710,36.535,-89.6473333,7.84,1.81,664.2507231845022,0.0
seismic,2016-04-18 10:34:40.150,41.5998333,-79.5228333,5.25,2.13,358.0182414087153,416.736
seismic,2016-04-19 04:18:52.320,36.4725,-89.5543333,8.65,1.17,655.5565337314173,0.0
seismic,2016-04-19 08:35:46.000,35.598,-84.43,9.02,2.48,473.3324808450943,243.705
seismic,2016-04-19 16:08:23.000,36.3125,-89.5483333,9.72,1.58,637.9729001262783,0.0
seismic,2016-04-21 02:09:11.860,37.993,-77.8276667,3.06,2.01,57.77185840671634,19.955
seismic,2016-04-21 08:51:26.590,36.4765,-89.4598333,4.55,1.91,654.1867584717143,0.0
seismic,2016-04-22 02:27:20.130,36.4703333,-89.58,7.56,1.29,655.830211988302,0.0
seismic,2016-04-22 06:59:07.000,46.496,-65.999,5.0,2.9,81.4672205834581,555.397
seismic,2016-04-22 15:52:36.800,33.3396,-87.1918,1.1,3.0,300.32299486339605,159.981
seismic,2016-04-22 17:07:56.090,36.2281667,-89.4976667,6.73,1.0,627.7538955876666,0.0
seismic,2016-04-22 23:58:49.000,46.504,-66.004,5.0,2.6,80.98422097907019,555.76
seismic,2016-04-23 00:11:46.000,46.487,-65.996,5.0,2.0,82.13859970516212,554.848
seismic,2016-04-23 14:36:57.320,36.4335,-89.5391667,9.4,1.69,650.9979749236408,0.0
seismic,2016-04-24 01:07:04.970,36.4898333,-89.5585,9.81,1.89,657.5318479499939,0.0
seismic,2016-04-24 04:58:29.410,36.4768333,-89.628,11.86,1.59,657.5145558241572,0.0
seismic,2016-04-24 17:25:47.270,35.7451667,-82.5753333,1.25,1.59,391.3419561545342,215.904
seismic,2016-04-25 01:03:05.270,36.1963333,-89.4035,6.62,2.22,622.452782503989,0.0
seismic,2016-04-25 04:05:25.280,41.0,-80.46,3.0,2.04,371.1083322771638,375.563
seismic,2016-04-25 08:00:11.710,35.3116667,-84.2303333,17.32,2.54,438.0408092981593,275.844
seismic,2016-04-25 08:16:55.120,40.9888333,-80.3863333,3.0,1.76,365.5196893348893,374.611
seismic,2016-04-25 09:03:02.690,41.0258333,-80.512,3.0,1.85,376.3062430119956,378.306
seismic,2016-04-25 14:43:29.760,35.7528333,-82.5716667,4.25,2.53,391.9902249649458,215.063
seismic,2016-04-25 14:52:50.950,35.7516667,-82.577,1.25,1.37,392.0669005101236,215.493
seismic,2016-04-25 14:54:26.660,41.0031667,-80.4505,3.0,2.12,370.7064922157797,375.95
seismic,2016-04-25 15:06:05.400,35.744,-82.576,0.38,1.47,391.2474059085279,216.039
seismic,2016-04-25 15:44:33.140,35.7495,-82.577,0.2,1.97,391.8456803771415,215.665
seismic,2016-04-25 16:54:39.400,35.7448333,-82.5751667,1.25,1.49,391.301788225951,215.92
seismic,2016-04-25 19:55:43.610,35.8935,-89.9871667,8.6,2.23,603.2724412938127,0.0
seismic,2016-04-25 21:07:48.210,35.755,-82.5661667,4.3,1.85,392.0103381147509,214.544
seismic,2016-04-26 02:10:23.290,41.0008333,-80.4646667,3.0,1.86,371.47187744474655,375.641
seismic,2016-04-26 03:32:52.640,36.3255,-89.5381667,10.11,1.87,639.1865113189263,0.0
seismic,2016-04-26 05:28:47.200,35.7493333,-82.576,0.01,2.04,391.7918753576177,215.615
seismic,2016-04-26 05:32:22.190,34.6478333,-85.4978333,14.63,2.42,466.6927620558512,355.813
seismic,2016-04-26 09:06:38.060,35.7433333,-82.5753333,1.25,1.06,391.1547987632634,216.05
seismic,2016-04-26 09:24:16.360,35.743,-82.575,0.16,1.93,391.1085026754319,216.056
seismic,2016-04-26 14:15:26.350,35.7483333,-82.5765,0.04,1.92,391.70817063175866,215.726
seismic,2016-04-26 19:24:03.880,38.1253333,-83.5151667,12.66,2.29,534.4750007951515,58.772
seismic,2016-04-26 20:39:08.890,35.7425,-82.576,1.25,1.38,391.094301030518,216.158
seismic,2016-04-26 21:26:33.460,35.7438333,-82.577,0.69,1.68,391.2672317034781,216.115
seismic,2016-04-28 02:55:55.260,36.2456667,-89.4638333,7.78,1.39,629.0012556257199,0.0
seismic,2016-04-28 09:45:22.220,44.4085,-74.9263333,5.84,1.43,67.91218787907754,361.684
seismic,2016-04-29 07:02:39.220,35.7465,-82.5756667,0.02,1.53,391.4903418418679,215.819
seismic,2016-04-29 08:56:24.600,35.748,-82.577,0.03,1.81,391.69254537929953,215.784
seismic,2016-04-29 08:58:13.370,33.3773,-87.1819,1.98,3.0,304.6254009712795,164.289
seismic,2016-04-29 15:04:47.400,36.52,-89.5686667,6.51,1.24,661.0271234892573,0.0
seismic,2016-04-30 21:15:03.350,35.4725,-84.0596667,17.26,2.48,440.1359535854296,258.895
seismic,2016-05-01 06:12:10.030,37.2136667,-88.9876667,16.26,3.5,728.6961192769687,0.0
seismic,2016-05-04 00:16:37.270,35.7471667,-84.2836667,15.4,1.63,476.392390597636,226.97
seismic,2016-05-04 11:05:26.290,43.1086,-72.098,4.76,1.6,104.98207117505468,95.134
seismic,2016-05-04 11:44:52.980,34.6591667,-85.901,14.72,1.48,463.9557004839367,339.121
seismic,2016-05-04 16:36:48.800,35.7276667,-84.442,19.01,2.32,484.47441885630656,229.229
seismic,2016-05-04 20:08:57.550,43.4665,-77.0433333,5.0,1.2,252.2444658867174,494.862
seismic,2016-05-06 10:22:33.210,36.483,-89.5966667,11.47,1.1,657.5475373266913,0.0
seismic,2016-05-08 03:47:45.000,46.191,-66.566,5.0,2.1,91.5568358032363,500.685
seismic,2016-05-08 04:34:45.450,46.1747,-66.5152,5.0,1.7,88.13767185125944,502.081
seismic,2016-05-08 08:18:49.170,35.894,-89.9913333,7.66,1.96,603.441274510201,0.0
seismic,2016-05-08 09:09:55.970,36.1145,-83.7825,16.13,2.65,480.7501470298215,191.735
seismic,2016-05-08 10:12:24.990,36.0943333,-83.7883333,13.05,1.53,479.1915716110782,193.832
seismic,2016-05-08 11:04:05.750,36.1108333,-83.7775,15.51,2.4,480.1587351307404,192.232
seismic,2016-05-08 11:26:38.060,36.112,-83.7751667,15.11,2.28,480.147973605192,192.15
seismic,2016-05-08 11:38:49.960,36.1141667,-83.779,14.71,1.61,480.5419406285498,191.839
seismic,2016-05-09 07:38:02.250,36.1983333,-89.4003333,7.23,2.26,622.6123706233323,0.0
seismic,2016-05-10 12:40:54.140,36.1163333,-83.782,16.07,1.53,480.8936826356976,191.544
seismic,2016-05-12 23:31:09.770,47.527,-70.049,20.6,2.7,4.786589994999678,520.162
seismic,2016-05-13 12:14:23.700,36.4073333,-89.518,7.86,2.19,647.7245185451328,0.0
seismic,2016-05-14 07:08:02.740,32.9578333,-80.17,2.47,1.84,24.153710620330003,0.0
seismic,2016-05-14 21:29:55.270,45.9512,-77.3572,18.0,3.5,232.23669912692716,613.0
seismic,2016-05-15 00:41:28.000,45.941,-65.489,5.0,2.1,53.39339148440204,544.002
seismic,2016-05-15 12:25:56.910,36.2656667,-89.5098333,7.76,1.14,632.08986826746,0.0
seismic,2016-05-15 17:18:48.840,36.5093333,-89.5493333,8.73,1.16,659.4823977872942,0.0
seismic,2016-05-16 00:00:59.260,35.631,-83.6331667,7.9,1.86,429.0591995847275,247.484
seismic,2016-05-16 09:31:01.970,36.6945,-89.5145,10.52,1.33,679.0818996803991,0.0
seismic,2016-05-16 09:57:23.450,33.3642,-87.192,1.0,2.8,302.96982879399286,162.666
seismic,2016-05-17 09:53:04.480,45.7407,-68.9804,3.91,1.8,131.9124944167605,351.871
seismic,2016-05-17 14:57:32.670,35.9678333,-83.8201667,17.34,1.89,469.3119204628839,207.116
seismic,2016-05-17 23:13:33.430,36.8651667,-89.122,6.33,2.74,691.6536135865399,0.0
seismic,2016-05-18 00:22:35.190,36.8635,-89.132,6.97,2.46,691.6028195117117,0.0
seismic,2016-05-19 08:15:43.570,43.936,-75.7926667,5.0,1.38,146.20031950732363,406.455
seismic,2016-05-19 11:17:02.910,36.2851667,-89.4246667,7.07,2.84,632.5760992977924,0.0
seismic,2016-05-19 11:19:18.110,36.281,-89.4265,5.56,1.84,632.1542870184187,0.0
seismic,2016-05-19 11:22:51.200,36.2846667,-89.4273333,5.27,1.86,632.5713787462169,0.0
seismic,2016-05-19 11:34:15.640,36.283,-89.428,5.97,1.98,632.4014289214799,0.0
seismic,2016-05-20 14:11:53.470,36.2926667,-83.72,21.23,2.31,494.25796655380447,173.648
seismic,2016-05-20 17:53:22.010,35.0221667,-84.9593333,12.29,2.15,468.2953169515961,312.178
seismic,2016-05-21 02:34:21.660,36.4036667,-89.5616667,10.29,1.79,648.1876575639772,0.0
seismic,2016-05-21 04:24:46.660,45.7357,-68.9717,1.07,1.1,131.2868813396727,351.661
seismic,2016-05-22 04:47:36.070,41.5486667,-76.6166667,5.0,1.58,216.3273764420604,421.144
seismic,2016-05-22 22:05:42.920,45.896,-75.5923,18.0,2.6,101.50605044600584,499.164
seismic,2016-05-23 05:52:09.330,35.3425,-84.5691667,21.89,2.06,462.8245408120496,272.821
seismic,2016-05-23 11:59:08.000,36.6676667,-89.5121667,15.27,2.24,676.0989756684883,0.0
seismic,2016-05-26 19:46:15.410,37.2365,-89.3073333,8.0,1.94,735.3235402011716,0.817
seismic,2016-05-27 14:59:18.570,36.485,-89.5141667,4.97,1.82,656.1416429573547,0.0
seismic,2016-05-28 01:11:54.540,36.124,-89.7268333,5.79,2.5,621.3786245717347,0.0
seismic,2016-05-28 11:26:43.580,36.5043333,-89.5616667,9.66,1.71,659.1779999240276,0.0
seismic,2016-05-28 12:10:38.350,47.5663,-70.0754,24.4,2.6,8.943371151691165,524.21
seismic,2016-05-28 12:21:48.670,36.1675,-89.4186667,9.51,1.8,619.5843246454934,0.0
seismic,2016-05-28 16:43:55.770,36.5463333,-89.7071667,6.84,1.5,666.7389856583953,0.0
seismic,2016-05-29 09:24:24.690,36.0948333,-89.765,6.83,2.1,619.1279312397868,0.0
seismic,2016-05-30 15:11:04.060,36.5216667,-89.4396667,15.73,1.57,658.7675176524583,0.0
seismic,2016-05-31 05:14:48.630,36.3076667,-89.5103333,7.87,1.62,636.685722310638,0.0
seismic,2016-05-31 15:54:19.950,44.1883,-71.7883,5.4,2.0,134.27134323536075,161.202
seismic,2016-06-01 01:18:58.250,36.287,-89.506,8.31,2.12,634.3431062171485,0.0
seismic,2016-06-01 02:29:05.290,42.7566,-70.0221,10.14,2.2,48.00438722616155,58.798
seismic,2016-06-01 04:27:27.810,36.5606667,-89.6498333,7.38,1.58,667.0988734282826,0.0
seismic,2016-06-02 01:11:02.910,36.1263333,-89.7326667,5.57,2.56,621.7667548097428,0.0
seismic,2016-06-02 21:24:51.720,35.53,-84.434,16.56,1.68,468.2238812959216,251.324
seismic,2016-06-03 03:00:09.750,36.2641667,-89.4665,6.53,1.32,631.0753328280323,0.0
seismic,2016-06-03 06:24:06.080,33.2271667,-86.2098333,10.06,2.14,301.8634369110666,188.294
seismic,2016-06-03 11:06:00.860,36.2085,-89.5063333,5.89,1.69,625.7805245793155,0.0
seismic,2016-06-03 13:12:48.470,36.1865,-89.4698333,10.79,1.3,622.6530798169122,0.0
seismic,2016-06-05 02:05:18.420,44.5103333,-73.688,3.0,2.24,85.26944645293334,285.43
seismic,2016-06-05 16:35:28.720,35.6595,-84.2476667,10.68,1.72,466.973135068164,236.878
seismic,2016-06-06 19:55:56.170,36.1261667,-89.7473333,8.65,2.3,622.0922629697704,0.0
seismic,2016-06-07 00:13:49.370,34.5108333,-85.4923333,10.65,2.27,451.6157321565754,343.158
seismic,2016-06-07 01:40:45.570,34.51,-85.4845,9.21,2.48,451.6324156123487,343.471
seismic,2016-06-07 07:31:48.530,33.0436667,-80.1855,6.41,1.82,31.05989854455264,0.0
seismic,2016-06-08 18:07:03.150,35.5368333,-84.2116667,12.61,1.84,454.74335862338296,250.732
seismic,2016-06-08 20:56:44.580,36.4921667,-89.5521667,8.89,1.89,657.6622033215697,0.0
seismic,2016-06-09 10:23:08.370,36.2883333,-89.465,5.49,2.18,633.6887427906713,0.0
seismic,2016-06-09 20:13:06.740,36.2918333,-89.4721667,6.32,1.84,634.2096779780128,0.0
seismic,2016-06-09 20:42:56.640,43.6155,-66.1682,5.0,3.0,14.19528821092163,381.247
seismic,2016-06-09 22:23:43.210,36.2868333,-89.4688333,5.85,1.6,633.5986134715791,0.0
seismic,2016-06-09 22:24:38.330,36.2833333,-89.4615,6.1,1.26,633.074629616561,0.0
seismic,2016-06-09 22:56:50.300,36.2925,-89.4736667,6.44,1.57,634.311572799285,0.0
seismic,2016-06-10 00:34:07.630,36.2865,-89.4618333,5.93,1.11,633.4273540435059,0.0
seismic,2016-06-10 05:27:37.050,36.2653333,-89.5336667,5.6,1.12,632.5315756354306,0.0
seismic,2016-06-10 05:32:55.720,36.2801667,-89.5743333,5.18,1.04,634.979972173366,0.0
seismic,2016-06-10 08:39:39.390,36.2741667,-89.5446667,7.32,2.9,633.7179025923316,0.0
seismic,2016-06-10 17:10:48.640,30.0335,-79.6406,0.0,3.7,156.13784489527748,250.88
seismic,2016-06-11 00:22:21.380,36.2726667,-89.5548333,5.97,1.32,633.7616381920282,0.0
seismic,2016-06-11 01:38:47.980,36.082,-89.7815,7.26,1.84,618.1400220490253,0.0
seismic,2016-06-11 23:14:57.970,36.611,-89.5538333,13.48,1.11,670.683469665124,0.0
seismic,2016-06-13 14:12:11.910,41.1528,-73.5941,2.51,1.4,14.31758026374311,281.15
seismic,2016-06-14 06:25:16.040,44.8521667,-74.0223333,17.45,1.1,41.44860088259863,330.223
seismic,2016-06-16 04:29:05.830,35.6668333,-84.6036667,19.33,1.28,489.8287629392741,236.803
seismic,2016-06-16 08:26:04.760,36.4986667,-89.5485,7.91,2.22,658.3005616613983,0.0
seismic,2016-06-17 05:44:32.000,44.27,-65.2,5.0,2.4,50.4625771592824,475.523
seismic,2016-06-17 09:30:18.940,45.6403,-68.9922,1.18,1.5,120.94943800336168,341.424
seismic,2016-06-17 14:38:15.320,35.3501667,-84.8731667,17.96,2.59,484.264712231111,274.73
seismic,2016-06-18 04:13:07.280,36.4718333,-89.5805,7.16,2.12,656.0039228348398,0.0
seismic,2016-06-18 11:10:11.700,36.6643333,-89.5381667,12.0,1.1,676.2202097533908,0.0
seismic,2016-06-19 23:07:16.800,46.4261,-75.5901,18.0,3.3,134.26617524809078,539.551
seismic,2016-06-20 18:15:13.000,45.59,-67.376,1.0,1.7,42.24487158570262,408.96
seismic,2016-06-21 07:38:59.040,36.2776667,-89.4466667,7.04,1.25,632.170929851535,0.0
seismic,2016-06-21 17:11:25.210,36.2298333,-89.4426667,7.58,1.02,626.8618706783101,0.0
seismic,2016-06-21 20:45:04.280,35.5273333,-84.4633333,18.69,2.33,469.901989502494,251.711
seismic,2016-06-21 22:08:13.520,36.2758333,-89.4468333,6.54,1.46,631.9735161960303,0.0
seismic,2016-06-22 16:20:17.250,36.4745,-82.5713333,0.0,1.87,456.21798655256464,166.041
seismic,2016-06-23 11:53:49.590,36.0921667,-89.391,9.9,1.49,610.8152615057031,1.108
seismic,2016-06-23 17:20:29.450,29.9948,-79.449,0.0,3.8,171.79424089286198,263.353
seismic,2016-06-24 09:50:26.630,36.293,-89.4488333,4.99,1.38,633.8898346455244,0.0
seismic,2016-06-24 10:37:05.680,36.2963333,-89.4485,5.49,1.66,634.2482212494824,0.0
seismic,2016-06-24 10:38:23.000,46.028,-66.08,5.0,1.7,62.84363188145964,514.97
seismic,2016-06-24 10:38:26.570,36.2991667,-89.4488333,5.86,1.43,634.5645908687679,0.0
seismic,2016-06-24 10:47:11.560,36.2883333,-89.4513333,4.58,1.08,633.4268750955138,0.0
seismic,2016-06-24 10:50:52.680,36.2901667,-89.4455,4.76,1.78,633.516452411603,0.0
seismic,2016-06-25 06:12:04.030,36.2891667,-89.4403333,4.18,1.49,633.3090557179744,0.0
seismic,2016-06-25 07:04:56.870,36.2876667,-89.442,4.7,1.92,633.1764684667804,0.0
seismic,2016-06-25 07:20:03.660,36.2891667,-89.4436667,4.78,2.02,633.3722249330626,0.0
seismic,2016-06-25 07:38:06.440,36.2956667,-89.4478333,5.23,1.77,634.162609852316,0.0
seismic,2016-06-25 07:52:41.930,36.3008333,-89.42,0.77,1.24,634.2045440557646,0.0
seismic,2016-06-25 07:56:27.890,36.29,-89.4471667,4.43,1.42,633.5298837390951,0.0
seismic,2016-06-25 09:17:40.330,36.3786667,-89.5375,9.41,2.26,644.976684160032,0.0
seismic,2016-06-25 10:15:57.200,36.2903333,-89.4461667,4.74,1.67,633.5473470089522,0.0
seismic,2016-06-25 10:49:35.010,36.2873333,-89.4705,1.83,1.23,633.6854706648885,0.0
seismic,2016-06-25 11:01:31.910,36.4168333,-89.6318333,13.55,1.17,651.0589496014819,0.0
seismic,2016-06-26 07:36:31.840,43.6726,-71.3863,3.3,1.3,77.83403412394901,95.553
seismic,2016-06-26 09:20:42.000,47.0,-66.63,5.0,1.7,96.88410036531307,566.072
seismic,2016-06-27 04:58:04.940,45.6313,-68.9865,6.09,1.1,119.90103884558144,340.722
seismic,2016-06-28 08:38:30.290,37.177,-89.9606667,3.45,2.08,740.7301598255114,23.732
seismic,2016-06-28 13:08:04.150,36.2685,-89.4483333,6.85,2.29,631.1998743122488,0.0
seismic,2016-06-28 15:44:17.630,45.9642,-83.7962,0.0,2.7,717.893246139271,714.001
seismic,2016-06-29 03:13:50.250,44.3671667,-75.3996667,6.6,1.13,88.91531938035234,393.582
seismic,2016-06-29 04:24:27.280,35.259,-82.4116667,8.75,2.13,335.7871987348762,248.492
seismic,2016-06-29 12:35:36.270,36.4753333,-89.5275,7.53,1.27,655.3416420288762,0.0
seismic,2016-06-29 18:57:54.190,36.268,-89.4523333,7.5,1.08,631.2217083624947,0.0
seismic,2016-07-01 00:19:15.550,35.495,-84.9913333,14.23,2.11,502.7853785634048,260.495
seismic,2016-07-01 03:54:05.520,47.1233,-66.5744,5.0,1.5,89.86722997231952,579.536
seismic,2016-07-02 09:58:47.710,36.4405,-89.5436667,9.02,1.23,651.8511643314084,0.0
seismic,2016-07-04 04:06:49.290,41.0108333,-74.3521667,2.0,1.07,36.97519987146686,340.716
seismic,2016-07-04 04:59:51.140,45.9626,-73.3609,18.0,2.8,9.844047964358646,393.593
seismic,2016-07-05 04:51:13.020,36.1506667,-89.6973333,9.02,3.0,623.5849968003025,0.0
seismic,2016-07-06 18:57:55.020,36.4183333,-89.6343333,13.66,1.25,651.274486524707,0.0
seismic,2016-07-07 04:11:03.330,35.9783333,-83.5566667,21.42,2.1,456.81851663780566,211.469
seismic,2016-07-08 17:03:55.670,35.4318333,-84.3151667,12.62,1.42,452.8981742755121,262.218
seismic,2016-07-09 02:27:54.360,45.6568,-68.9852,1.16,2.1,122.6995811577813,343.311
seismic,2016-07-09 19:55:01.000,45.231,-66.649,5.0,1.9,12.727895466494829,424.122
seismic,2016-07-10 13:22:23.220,44.8233333,-74.5391667,10.47,1.15,22.526230350395664,360.038
seismic,2016-07-12 00:17:01.160,36.2866667,-89.4703333,5.85,1.34,633.6093678197574,0.0
seismic,2016-07-13 06:34:40.070,36.503,-89.5525,8.32,1.5,658.8523082350933,0.0
seismic,2016-07-15 04:38:41.590,36.5358333,-89.6725,6.95,1.65,664.8644257024151,0.0
seismic,2016-07-16 06:10:02.810,36.3076667,-89.5285,6.34,2.06,637.0467651778584,0.0
seismic,2016-07-16 10:21:14.390,36.505,-89.5693333,9.13,1.38,659.4021535491199,0.0
seismic,2016-07-16 19:22:41.900,36.467,-89.5561667,9.64,1.86,654.9920395505656,0.0
seismic,2016-07-16 20:00:10.220,29.7651,-79.4341,0.0,3.7,162.12166215383522,286.455
seismic,2016-07-17 01:11:16.330,36.2773333,-89.4965,8.08,1.32,633.0998532019277,0.0
seismic,2016-07-17 02:04:34.750,36.1385,-89.7156667,8.17,2.53,622.6882117844743,0.0
seismic,2016-07-17 11:43:06.940,32.9446667,-80.17,1.99,1.06,23.468188710652484,0.0
seismic,2016-07-18 00:01:02.820,36.2003333,-89.4213333,8.25,2.04,623.2274449429046,0.0
seismic,2016-07-18 09:53:39.560,37.1892,-81.8317,0.0,3.7,400.3393402140736,77.37
seismic,2016-07-18 15:39:47.140,35.7433333,-83.855,18.9,2.01,451.1942767328589,231.258
seismic,2016-07-18 17:58:17.530,36.6695,-89.983,4.27,1.71,686.3381443895194,0.0
seismic,2016-07-19 08:39:05.000,46.36,-72.39,18.0,2.2,3.753523509243212,404.033
seismic,2016-07-19 13:51:25.130,36.2028333,-89.5018333,5.47,1.83,625.0718957655762,0.0
seismic,2016-07-19 13:51:30.870,36.2043333,-89.5126667,7.08,2.1,625.4533670195569,0.0
seismic,2016-07-20 17:06:24.010,36.1718333,-89.4696667,14.63,1.39,621.0478317492921,0.0
seismic,2016-07-21 01:37:25.710,34.845,-82.9091667,0.91,1.91,319.4936951080191,258.238
seismic,2016-07-21 22:01:40.000,36.0271667,-81.9965,0.73,1.88,384.6770798498738,157.538
seismic,2016-07-23 15:35:02.410,36.4331667,-89.5263333,9.52,2.05,650.7101761529997,0.0
seismic,2016-07-24 04:49:23.820,36.1508333,-81.2941667,5.08,2.35,350.6380313645488,111.443
seismic,2016-07-24 09:01:55.740,35.47,-84.595,16.51,1.83,474.1034715283864,258.723
seismic,2016-07-25 06:06:36.900,35.8408333,-83.9113333,22.75,2.37,462.8925965111128,219.672
seismic,2016-07-25 19:36:40.700,36.3983333,-89.5428333,9.61,1.51,647.2298158559909,0.0
seismic,2016-07-26 08:10:40.880,36.05,-89.8223333,10.26,1.56,615.6937431832702,0.0
seismic,2016-07-26 22:35:58.170,36.0608333,-84.2668333,15.81,2.23,501.9971239391272,191.907
seismic,2016-07-27 23:32:43.810,36.1005,-89.426,11.98,1.88,612.3988799434284,0.0
seismic,2016-07-29 17:35:31.910,36.302,-89.4988333,7.36,1.61,635.8402628764073,0.0
seismic,2016-07-29 19:55:21.320,47.4283,-70.1157,19.43,3.0,5.456902257112418,508.703
seismic,2016-07-30 00:37:37.900,36.4756667,-89.5288333,8.69,1.94,655.4039312390701,0.0
seismic,2016-07-30 03:36:19.940,36.267,-89.4713333,6.93,1.78,631.4787347983116,0.0
seismic,2016-07-30 13:14:13.650,36.1658333,-89.3961667,7.42,1.91,618.9758473140057,0.0
seismic,2016-07-31 02:11:32.180,35.5758333,-83.9778333,15.43,2.22,443.81827665730856,248.214
seismic,2016-07-31 08:00:11.000,45.49,-66.25,1.0,1.1,16.748168843078144,466.455
seismic,2016-07-31 08:29:09.520,35.3851667,-84.4535,15.74,2.4,458.303297797828,267.583
seismic,2016-07-31 21:40:47.580,35.8793333,-83.6345,19.07,1.97,451.5843800944504,220.391
seismic,2016-08-03 02:34:07.610,36.4885,-89.5248333,6.94,1.3,656.7295828420534,0.0
seismic,2016-08-03 08:50:29.690,40.046,-81.2456667,1.0,1.98,376.55493121659225,272.993
seismic,2016-08-03 15:12:31.500,36.2128333,-89.475,7.49,1.0,625.6312487420713,0.0
seismic,2016-08-06 03:12:10.180,43.3228333,-79.2625,5.0,1.77,407.9788939294973,601.687
seismic,2016-08-06 12:25:36.180,36.282,-89.5063333,9.28,1.31,633.8036964682586,0.0
seismic,2016-08-06 12:39:14.210,37.863,-82.1288333,3.97,2.31,418.878790843261,113.111
seismic,2016-08-06 21:14:54.350,36.1366667,-89.7118333,8.92,2.29,622.4015571186836,0.0
seismic,2016-08-06 22:53:13.230,36.1361667,-89.7105,9.16,1.27,622.3167800891564,0.0
seismic,2016-08-07 01:34:30.790,36.6143333,-83.0436667,17.17,1.94,497.18651093503536,166.7
seismic,2016-08-07 02:54:50.870,36.1485,-89.7066667,7.77,1.49,623.5635429883098,0.0
seismic,2016-08-07 02:55:59.270,35.663,-84.3598333,11.26,1.5,474.14829434612193,236.33
seismic,2016-08-07 04:23:35.980,36.435,-89.524,10.21,2.48,650.8650507369891,0.0
seismic,2016-08-08 12:04:49.920,38.3113333,-88.183,22.21,2.37,846.5304566592874,0.0
seismic,2016-08-09 09:05:39.820,36.7956667,-89.4768333,4.37,2.78,689.494712321252,0.0
seismic,2016-08-09 18:21:21.060,36.4828333,-89.5391667,9.35,1.26,656.3881359849814,0.0
seismic,2016-08-09 21:04:36.920,36.4825,-89.5395,8.52,1.67,656.3582096162675,0.0
seismic,2016-08-11 07:23:23.800,38.4865,-87.8511667,17.85,2.48,866.202730310497,0.0
seismic,2016-08-11 22:14:00.570,35.3975,-83.3211667,0.62,1.92,391.3443445477025,279.814
seismic,2016-08-11 23:10:41.740,38.125,-88.4015,10.26,2.44,826.2235294147503,0.0
seismic,2016-08-12 00:22:36.380,36.4841667,-89.539,8.6,1.61,656.5306084404497,0.0
seismic,2016-08-13 01:11:20.940,35.059,-85.4425,14.22,2.21,506.9560325882864,317.492
seismic,2016-08-13 19:44:04.990,46.762,-70.424,1.0,2.7,28.434575469505816,432.919
seismic,2016-08-15 12:41:53.700,36.3946667,-89.5266667,8.54,1.6,646.5101691093274,0.0
seismic,2016-08-15 14:40:50.170,35.142,-84.8578333,23.17,2.28,468.7790146219103,297.628
seismic,2016-08-16 21:47:42.890,36.0106667,-89.8756667,0.77,1.7,612.8159564172491,0.0
seismic,2016-08-17 12:52:19.280,36.2053333,-89.4711667,7.67,1.6,624.7366300850596,0.0
seismic,2016-08-18 08:16:39.580,43.1374,-71.7396,4.83,1.5,79.08874329446013,69.572
seismic,2016-08-19 17:42:34.290,36.3498333,-89.5653333,12.3,1.76,642.3890520589267,0.0
seismic,2016-08-20 08:50:23.580,43.5658333,-76.6178333,5.0,1.48,220.22780291498535,462.355
seismic,2016-08-22 05:44:08.390,36.5575,-89.6228333,6.85,1.81,666.2026302388658,0.0
seismic,2016-08-22 06:15:45.890,41.7358333,-77.196,7.82,1.37,260.56359606013274,428.259
seismic,2016-08-22 06:42:29.930,36.5496667,-89.6173333,8.99,1.68,665.2369820534961,0.0
seismic,2016-08-22 06:42:29.970,36.5445,-89.6268333,9.2,1.61,664.8661743278792,0.0
seismic,2016-08-22 22:35:13.640,36.3838333,-89.5726667,11.68,1.35,646.2457357451646,0.0
seismic,2016-08-23 07:58:10.920,33.5304,-87.4256,1.0,2.5,316.33833327402755,178.209
seismic,2016-08-23 18:45:30.640,35.0601667,-85.0468333,17.88,2.12,477.21882566590295,309.262
seismic,2016-08-23 23:09:53.560,36.4655,-89.5248333,8.33,1.32,654.2150162958606,0.0
seismic,2016-08-27 17:44:53.240,36.1736667,-89.4088333,7.62,2.48,620.0721984653424,0.0
seismic,2016-08-27 18:36:45.500,45.2483333,-74.3473333,11.92,1.73,2.892173007102964,378.827
seismic,2016-08-31 04:12:45.040,35.3138333,-84.8208333,5.14,2.02,478.0394201161741,278.131
seismic,2016-09-01 14:12:16.820,36.094,-83.6046667,8.88,2.44,469.9965305601596,197.835
seismic,2016-09-01 16:59:53.610,36.5301667,-89.6496667,11.91,1.26,663.7723512327375,0.0
seismic,2016-09-03 02:39:18.530,36.4866667,-89.5636667,9.03,1.13,657.2880264678444,0.0
seismic,2016-09-03 02:39:38.890,36.4883333,-89.5653333,9.62,1.08,657.5029991033068,0.0
seismic,2016-09-03 23:19:25.590,36.2546667,-89.5276667,6.26,1.5,631.2468539339587,0.0
seismic,2016-09-04 18:29:29.800,30.0952,-79.5416,0.0,3.8,167.4189636235437,249.273
seismic,2016-09-04 22:15:01.600,36.5621667,-89.5946667,7.52,1.65,666.1464883062336,0.0
seismic,2016-09-05 02:10:49.450,36.2235,-89.461,9.4,1.71,626.5232371052535,0.0
seismic,2016-09-05 03:45:31.690,36.2315,-89.4485,7.83,1.61,627.1561810864011,0.0
seismic,2016-09-05 08:28:27.300,32.9801667,-88.0871667,0.01,2.58,249.834140981578,115.988
seismic,2016-09-05 21:58:20.740,36.5475,-89.8178333,12.75,1.38,669.2968988568979,0.0
seismic,2016-09-06 08:21:45.590,45.2281,-69.3152,6.27,1.8,84.64964893774051,289.178
seismic,2016-09-06 18:30:42.040,35.568,-83.4085,2.63,2.39,411.4239012141375,259.291
seismic,2016-09-06 19:56:52.630,36.2186667,-89.6098333,8.74,1.37,629.0327597607202,0.0
seismic,2016-09-07 00:07:27.880,35.8961667,-83.681,23.79,2.53,455.5248368991744,217.589
seismic,2016-09-08 12:05:44.740,36.2665,-89.5071667,7.79,1.43,632.1278098252815,0.0
seismic,2016-09-09 13:45:37.560,36.4526667,-89.5346667,10.26,3.44,653.0037695388233,0.0
seismic,2016-09-09 13:59:06.770,36.4468333,-89.5351667,9.27,1.27,652.3761513544962,0.0
seismic,2016-09-10 07:41:49.000,36.4771667,-89.5293333,8.68,1.69,655.5775971857421,0.0
seismic,2016-09-10 11:07:33.720,36.277,-89.492,7.76,1.58,632.9749556420419,0.0
seismic,2016-09-11 01:08:42.170,36.1155,-89.3936667,8.71,1.58,613.4192416942373,0.0
seismic,2016-09-11 16:10:04.440,35.6655,-84.1838333,12.07,1.65,463.60499674193926,236.481
seismic,2016-09-14 01:51:27.690,36.3063333,-89.534,8.98,1.45,637.0113954216201,0.0
seismic,2016-09-14 09:21:27.370,36.4853333,-89.47,3.7,2.17,655.3432385017638,0.019
seismic,2016-09-14 16:07:27.290,36.1065,-89.7556667,8.44,2.2,620.1650836708516,0.0
seismic,2016-09-15 04:29:45.610,36.5765,-89.5915,8.17,2.15,667.6485663934036,0.0
seismic,2016-09-17 02:48:13.060,36.3073333,-89.5306667,9.28,1.71,637.0537203962681,0.0
seismic,2016-09-18 02:37:29.420,44.8427,-67.1498,11.27,1.0,0.398661070597648,366.657
seismic,2016-09-18 19:41:54.880,36.0918333,-89.7773333,10.26,2.02,619.0998998222508,0.0
seismic,2016-09-20 05:54:59.770,45.8003333,-73.4881667,9.09,2.5,6.242638693289576,383.343
seismic,2016-09-20 14:03:55.210,36.0461667,-89.8321667,9.34,1.35,615.5262890888316,0.0
seismic,2016-09-20 15:12:06.710,47.7997,-69.837,23.17,2.6,5.88599494293278,552.252
seismic,2016-09-21 16:30:52.900,30.0745,-79.5044,0.0,3.8,170.01194363684294,253.027
seismic,2016-09-22 05:44:05.440,36.4935,-89.5578333,8.54,1.56,657.9192176516574,0.0
seismic,2016-09-22 08:31:11.680,34.7908333,-85.0435,4.08,2.43,460.3890458591591,338.926
seismic,2016-09-22 12:57:21.860,37.3971667,-82.5213333,1.58,2.26,460.018825596299,136.624
seismic,2016-09-23 00:34:48.460,36.45,-89.5291667,8.39,1.28,652.6050274767612,0.0
seismic,2016-09-23 01:34:13.000,36.5353333,-89.6306667,7.22,1.5,663.9449295191918,0.0
seismic,2016-09-24 04:13:49.380,36.5276667,-89.4793333,5.9,2.05,660.1536746686356,2.286
seismic,2016-09-25 03:34:27.790,37.8851667,-77.873,2.85,1.89,69.1629470401054,8.565
seismic,2016-09-25 04:11:40.080,32.509,-80.379,6.89,1.88,1.0685746509486906,0.0
seismic,2016-09-25 04:31:52.410,37.8845,-77.8743333,0.46,1.63,69.2962054764511,8.433
seismic,2016-09-25 11:20:11.000,47.587,-70.184,14.1,2.1,1.3933347881985052,525.516
seismic,2016-09-26 06:05:04.530,35.3206667,-84.5148333,5.56,2.54,457.53937880717854,275.028
seismic,2016-09-26 12:31:08.310,36.5293333,-89.4836667,6.42,1.63,660.4169244172126,1.941
seismic,2016-09-26 22:36:08.950,36.4481667,-89.53,9.48,1.79,652.4209190888711,0.0
seismic,2016-09-26 23:48:20.740,36.5128333,-89.5918333,9.83,2.02,660.7052467242272,0.0
seismic,2016-09-27 10:07:30.540,35.3881667,-84.498,15.37,1.83,461.47758230223815,267.409
seismic,2016-09-27 20:23:33.960,36.4483333,-89.531,9.07,1.29,652.4586327433091,0.0
seismic,2016-09-29 16:11:16.720,35.9383333,-89.9435,10.42,1.21,606.8595909450285,0.0
seismic,2016-09-30 01:28:52.760,36.4466667,-89.5308333,8.87,1.28,652.2732557705182,0.0
seismic,2016-09-30 05:47:59.560,36.3086667,-89.544,9.89,1.67,637.4672140959916,0.0
seismic,2016-09-30 11:01:53.650,32.9348333,-80.1313333,6.26,1.69,19.76902368917055,0.0
seismic,2016-09-30 18:24:59.350,39.0191667,-71.2921667,7.43,2.71,227.0348949532336,414.335
seismic,2016-10-01 21:02:31.350,32.9381667,-80.1425,3.98,1.94,20.86062273792192,0.0
seismic,2016-10-02 07:15:23.580,36.5398333,-89.6503333,8.12,2.06,664.8392174950583,0.0
seismic,2016-10-02 21:42:57.000,45.602,-71.15,5.0,2.3,122.36822822951136,303.311
seismic,2016-10-04 22:11:23.080,36.2151667,-89.499,6.38,1.2,626.3613325281904,0.0
seismic,2016-10-06 08:38:24.920,36.5538333,-89.8533333,7.0,1.43,670.7927920389634,0.0
seismic,2016-10-07 00:54:59.970,36.5241667,-89.5783333,6.52,2.37,661.673313511943,0.0
seismic,2016-10-07 13:27:12.320,34.5231667,-86.1016667,3.62,1.83,445.1566404578574,317.562
seismic,2016-10-08 21:10:47.740,44.9108333,-74.5133333,5.0,1.23,14.453754752107622,364.275
seismic,2016-10-09 16:36:38.890,36.77,-89.4743333,15.33,1.77,686.6332146089228,0.0
seismic,2016-10-10 02:59:52.200,36.2391667,-89.438,7.77,1.6,627.7935990350422,0.0
seismic,2016-10-10 04:23:56.580,36.5388333,-89.6445,9.12,1.8,664.6100148345131,0.0
seismic,2016-10-10 09:52:25.720,36.1661667,-89.473,13.34,1.47,620.4948842413776,0.0
seismic,2016-10-11 08:59:18.210,36.1995,-89.4888333,7.4,1.52,624.4485839783707,0.0
seismic,2016-10-14 03:46:13.030,44.0489,-70.144,4.48,1.5,22.371827331593824,142.475
seismic,2016-10-14 10:24:06.970,35.9215,-89.919,6.61,2.03,604.4045016836304,0.0
seismic,2016-10-16 18:22:24.250,36.4836667,-89.523,7.66,1.45,656.1657340454478,0.0
seismic,2016-10-16 18:22:29.510,36.4795,-89.5286667,5.12,1.2,655.8197427180894,0.0
seismic,2016-10-18 01:27:40.840,36.3026667,-89.5258333,9.92,1.47,636.4477514900472,0.0
seismic,2016-10-19 14:41:12.650,35.3155,-84.5166667,5.77,2.16,457.2787215310793,275.612
seismic,2016-10-20 04:20:43.230,35.6986667,-84.1623333,15.78,2.03,465.0830981520276,232.899
seismic,2016-10-20 07:18:16.450,35.8886667,-84.3278333,26.32,1.75,490.8406726432437,211.066
seismic,2016-10-20 16:49:32.690,35.5841667,-84.2576667,13.11,1.93,461.4315552539747,245.276
seismic,2016-10-20 19:01:11.080,45.0988333,-74.0241667,5.29,1.01,14.993466224208111,349.018
seismic,2016-10-21 06:00:22.190,36.6505,-89.591,7.43,1.7,675.721881396331,0.0
seismic,2016-10-25 02:42:50.480,35.8158333,-84.0938333,3.32,2.7,471.005730944812,220.343
seismic,2016-10-27 23:26:03.000,47.49,-70.03,14.5,2.5,1.2360346463876497,516.302
seismic,2016-10-28 08:13:19.690,36.2256667,-89.5293333,8.15,1.16,628.1175487297277,0.0
seismic,2016-10-28 18:00:45.020,36.1246667,-89.3903333,11.05,2.08,614.3595275772175,0.0
seismic,2016-10-28 18:00:45.070,36.1248333,-89.392,10.48,1.61,614.4092183806243,0.0
seismic,2016-10-29 23:48:51.280,35.4305,-83.3191667,0.02,1.83,394.2313006965849,276.326
seismic,2016-10-29 23:51:16.370,35.4335,-83.3178333,5.66,1.96,394.4339746059203,276.039
seismic,2016-10-30 00:13:39.110,35.4336667,-83.3166667,0.03,2.18,394.3879084992992,276.051
seismic,2016-10-30 00:15:15.980,35.4206667,-83.329,0.03,2.2,393.8568704321149,277.127
seismic,2016-10-30 00:25:14.920,35.4346667,-83.3196667,5.58,2.13,394.6362989510921,275.866
seismic,2016-10-30 04:01:47.390,35.619,-84.2315,9.7,2.56,462.66200889178725,241.464
seismic,2016-10-30 04:45:04.670,35.4371667,-83.3215,0.05,2.23,394.9598390358416,275.551
seismic,2016-10-30 22:19:18.860,36.2971667,-89.5418333,8.71,1.28,636.1689916792825,0.0
seismic,2016-10-30 23:02:10.000,47.586,-70.0,8.3,2.1,7.341644792280476,527.116
seismic,2016-10-30 23:56:48.450,35.4605,-83.236,3.5,1.8,392.673996939734,275.37
seismic,2016-10-31 00:30:14.000,47.59,-70.0,8.8,2.2,7.671879069426557,527.554
seismic,2016-10-31 02:54:14.730,35.4321667,-83.3143333,0.28,1.86,394.12906255530623,276.273
seismic,2016-10-31 05:30:30.000,47.59,-70.0,7.7,1.7,7.671879069426557,527.554
seismic,2016-10-31 06:47:40.520,43.3927,-71.7766,6.12,1.8,89.59505000392679,88.238
seismic,2016-10-31 06:54:35.160,43.3945,-71.7734,5.0,1.3,89.41945446109757,88.18
seismic,2016-10-31 06:58:10.650,43.4056,-71.7838,5.0,1.6,90.63081894564922,89.633
seismic,2016-10-31 08:01:53.760,36.4688333,-89.492,7.7,1.75,653.9502749619526,0.0
seismic,2016-10-31 08:30:36.320,35.9765,-89.9058333,9.66,2.28,609.9385849090957,0.0
seismic,2016-11-01 03:03:42.600,36.6356667,-89.5486667,9.14,1.8,673.2824840009578,0.0
seismic,2016-11-01 03:18:53.410,36.1943333,-89.4521667,9.63,1.74,623.1635872891491,0.0
seismic,2016-11-01 07:56:11.550,35.6301667,-84.2316667,11.92,1.99,463.5877505371692,240.215
seismic,2016-11-01 20:49:23.000,47.12,-65.73,5.0,3.1,27.791173645989407,619.976
seismic,2016-11-03 08:03:30.170,36.5858333,-89.605,5.07,1.17,668.9357710981092,0.0
seismic,2016-11-04 03:52:54.210,45.2442,-67.9857,1.57,1.6,61.408252254958406,348.483
seismic,2016-11-04 08:23:32.930,36.0028333,-83.7381667,21.43,2.37,468.2283690437928,204.802
seismic,2016-11-05 21:01:05.150,35.5428333,-84.7075,20.07,2.23,487.0702946503551,251.486
seismic,2016-11-06 10:11:15.130,39.8645,-75.1253333,5.0,1.46,1.9075277240922108,332.15
seismic,2016-11-06 12:15:02.360,40.4401667,-73.8001667,4.41,1.98,14.811609818728895,349.391
seismic,2016-11-07 18:35:05.620,36.876,-89.1226667,0.07,2.7,692.8624118027317,0.0
seismic,2016-11-08 00:46:12.610,36.1356667,-89.393,8.59,1.08,615.6138875734796,0.0
seismic,2016-11-08 08:21:09.920,36.1936667,-89.4215,10.61,1.5,622.5011571144764,0.0
seismic,2016-11-09 04:10:41.100,36.4858333,-89.5495,8.68,1.53,656.9179726663122,0.0
seismic,2016-11-09 05:46:55.800,42.7391667,-79.0873333,4.12,1.39,431.4727057560441,535.176
seismic,2016-11-11 11:21:43.360,35.9393333,-89.9381667,10.26,2.22,606.8229773693506,0.0
seismic,2016-11-12 03:39:44.330,44.9739,-71.1838,1.19,1.7,150.4864050786401,233.886
seismic,2016-11-14 01:39:58.180,34.8276667,-85.1405,8.21,2.35,470.0421924128355,336.374
seismic,2016-11-14 10:54:30.030,35.0281667,-85.0218333,15.35,2.02,473.3182652994395,312.407
seismic,2016-11-14 18:35:05.020,36.2865,-89.4291667,6.25,1.05,632.8065336941064,0.0
seismic,2016-11-14 22:42:36.000,46.989,-66.536,5.0,2.0,89.8931284826496,569.467
seismic,2016-11-16 00:27:42.140,36.179,-89.3908333,5.86,1.5,620.3176300874754,0.0
seismic,2016-11-17 13:05:47.390,36.4873333,-89.5593333,9.06,1.26,657.2752254286033,0.0
seismic,2016-11-18 21:15:04.420,36.524,-89.5683333,7.28,1.1,661.4574324691454,0.0
seismic,2016-11-19 14:32:57.390,36.3243333,-89.4603333,5.31,1.25,637.5370457580092,0.0
seismic,2016-11-20 01:48:16.620,36.329,-89.4626667,5.18,2.38,638.0920963991113,0.0
seismic,2016-11-20 14:20:14.000,47.48,-70.09,14.1,2.4,4.6151844867620815,514.613
seismic,2016-11-23 19:20:10.900,36.5361667,-89.6195,9.6,2.04,663.8084860002773,0.0
seismic,2016-11-24 01:57:37.580,36.1545,-89.6926667,8.75,3.3,623.8940447295109,0.0
seismic,2016-11-24 06:46:08.780,36.5128333,-89.5928333,9.97,1.47,660.7252864732451,0.0
seismic,2016-11-24 21:42:02.420,36.155,-89.689,7.57,2.01,623.8650843275676,0.0
seismic,2016-11-26 00:58:54.020,36.7126667,-89.5108333,7.17,1.37,681.004971876678,0.0
seismic,2016-11-26 03:18:09.710,43.846,-70.0935,8.77,1.3,3.818858258080153,123.921
seismic,2016-11-26 03:29:51.500,36.1525,-89.689,7.84,1.83,623.5942812944088,0.0
seismic,2016-11-26 14:25:00.700,36.3266667,-89.5991667,4.73,1.67,640.5599013235612,0.0
seismic,2016-11-27 05:59:50.520,35.6378333,-84.3175,13.92,1.64,469.4878666373485,239.157
seismic,2016-11-28 02:14:06.360,36.0771667,-89.797,9.95,1.14,617.9951807960604,0.0
seismic,2016-11-28 10:20:22.230,44.5862,-71.24,7.16,2.0,125.09043445669523,191.511
seismic,2016-11-29 10:00:46.680,35.6838333,-89.7655,11.96,2.54,574.9306921603109,9.325
seismic,2016-11-30 00:02:32.200,35.9731667,-89.9193333,8.74,2.42,609.9375580066393,0.0
seismic,2016-11-30 06:57:38.360,36.4836667,-89.5651667,9.48,1.38,656.9901268967727,0.0
seismic,2016-12-01 01:27:04.780,38.7608333,-81.4853333,26.96,2.51,357.94807970733405,141.509
seismic,2016-12-01 11:37:03.620,36.1426667,-89.685,9.17,1.53,622.4385284938269,0.0
seismic,2016-12-01 13:54:58.190,36.3008333,-89.5145,8.73,1.36,636.0220117806475,0.0
seismic,2016-12-02 10:16:39.080,36.182,-89.6561667,8.47,2.89,626.0574584235306,0.0
seismic,2016-12-02 11:41:37.510,36.1776667,-89.6506667,7.15,1.34,625.4658148085762,0.0
seismic,2016-12-02 16:48:36.300,36.5268333,-83.893,22.15,2.21,524.6340893140216,144.518
seismic,2016-12-03 17:54:29.260,36.1805,-89.658,7.65,1.67,625.9352826069658,0.0
seismic,2016-12-04 02:56:19.690,35.4881667,-89.9838333,10.3,1.87,560.2028237012319,2.594
seismic,2016-12-06 02:46:10.980,36.0596667,-81.5218333,4.8,2.09,356.78365595670834,129.908
seismic,2016-12-06 02:57:40.540,36.4803333,-89.5543333,8.58,2.13,656.412124388413,0.0
seismic,2016-12-08 12:05:49.950,32.941,-80.1285,1.94,1.36,19.87322143514715,0.0
seismic,2016-12-09 00:34:40.470,45.6122,-77.268,18.0,2.4,211.5497978198576,587.709
seismic,2016-12-09 14:59:31.520,36.4646667,-89.5475,8.89,1.16,654.5663730351416,0.0
seismic,2016-12-12 06:31:20.440,39.6578333,-81.2521667,8.57,2.22,361.1137398465859,230.43
seismic,2016-12-12 06:33:57.290,39.6513333,-81.264,6.15,1.79,361.7893266953977,229.933
seismic,2016-12-12 08:39:54.810,36.2873333,-89.488,7.1,1.48,634.0255831621306,0.0
seismic,2016-12-12 09:44:00.610,36.5328333,-89.611,9.9,1.41,663.2728709708315,0.0
seismic,2016-12-13 00:09:07.200,36.2611667,-89.496,7.27,1.49,631.32425261333,0.0
seismic,2016-12-13 11:37:31.220,35.7103333,-82.8548333,6.08,2.59,398.8614099920702,236.711
seismic,2016-12-13 14:40:21.000,44.33,-66.1,18.0,3.0,1.3354903662309905,410.905
seismic,2016-12-14 17:17:19.160,36.4923333,-89.4921667,5.14,1.93,656.5253927212522,0.715
seismic,2016-12-15 04:27:48.000,46.98,-67.19,5.0,2.5,115.11164670572704,539.628
seismic,2016-12-19 00:37:39.280,45.1646,-69.089,5.0,1.8,70.95333970058859,291.021
seismic,2016-12-22 04:34:26.540,38.412,-83.1793333,22.04,1.97,503.3223033473664,99.842
seismic,2016-12-22 06:41:28.760,43.4867,-71.2551,6.73,1.7,58.70730100043576,72.359
seismic,2016-12-22 11:22:35.730,37.8758333,-77.6233333,8.53,2.19,53.36257029304053,23.589
seismic,2016-12-23 07:44:05.590,36.4875,-89.5595,9.71,1.75,657.2967204652051,0.0
seismic,2016-12-23 22:35:16.000,36.4661667,-89.558,9.06,1.17,654.9372864454947,0.0
seismic,2016-12-24 13:40:19.920,36.485,-89.548,8.8,1.26,656.7975283122191,0.0
seismic,2016-12-25 04:55:16.920,36.4148333,-89.5353333,8.66,1.94,648.8835311123105,0.0
seismic,2016-12-25 08:38:43.700,44.2048,-73.0289,1.71,1.8,139.16814839178943,223.446
seismic,2016-12-25 11:48:07.770,36.3426667,-83.889,17.36,2.03,507.2056629435935,164.76
seismic,2016-12-26 05:34:29.920,36.507,-89.5783333,9.66,1.25,659.7990641609631,0.0
seismic,2016-12-27 06:48:19.610,45.0293,-67.4414,6.05,1.5,22.892851880041757,361.733
seismic,2016-12-27 10:53:32.100,36.2961667,-89.5086667,7.79,1.04,635.3968934436696,0.0
seismic,2016-12-27 13:51:59.890,36.2886667,-89.5001667,7.48,1.1,634.4099971779365,0.0
seismic,2016-12-28 09:52:45.310,35.6836667,-84.3713333,12.67,1.63,476.5352872453983,234.023
seismic,2016-12-28 14:09:18.600,36.2891667,-89.5045,7.84,1.7,634.5500801828488,0.0
seismic,2016-12-30 08:25:52.770,36.317,-89.5333333,9.11,1.89,638.1620769000767,0.0
seismic,2017-01-01 09:01:30.660,35.5176667,-85.1496667,20.72,1.8,515.4029539683911,261.069
seismic,2017-01-01 10:49:23.030,36.4515,-89.5313333,9.29,1.86,652.8111928562325,0.0
seismic,2017-01-01 15:06:12.950,36.4795,-89.5648333,9.67,1.17,656.5285492437152,0.0
seismic,2017-01-01 18:21:44.690,43.2067,-73.0534,5.0,1.6,182.5278032707754,172.51
seismic,2017-01-02 11:13:34.310,36.5841667,-89.5736667,7.32,1.48,668.1349803008275,0.0
seismic,2017-01-02 23:18:21.890,46.6975,-71.9347,21.1,2.5,3.4312341711482834,431.836
seismic,2017-01-03 04:17:24.720,45.8584,-66.2224,5.0,2.7,46.81215496309743,494.196
seismic,2017-01-04 19:25:28.460,36.5425,-89.6641667,4.98,1.75,665.4163916953852,0.0
seismic,2017-01-05 10:31:11.770,36.5475,-89.549,3.16,1.18,663.6473217424159,0.0
seismic,2017-01-05 13:59:48.960,36.2463333,-89.4595,7.07,1.33,628.9902462080496,0.0
seismic,2017-01-05 13:59:52.550,36.2441667,-89.4545,4.17,1.19,628.6568482122772,0.0
seismic,2017-01-05 14:20:48.610,35.7288333,-84.0121667,19.4,1.92,458.8396263665398,230.834
seismic,2017-01-05 15:06:40.830,36.4673333,-89.6108333,11.91,1.02,656.1269500922344,0.0
seismic,2017-01-06 05:03:16.010,45.1342,-66.6259,5.0,1.5,2.918994245857652,419.112
seismic,2017-01-06 09:11:04.310,35.1976667,-84.3388333,16.51,1.69,436.5278346680845,288.413
seismic,2017-01-08 06:08:15.740,36.5461667,-89.6651667,5.0,1.3,665.8364915241009,0.0
seismic,2017-01-08 09:29:18.450,36.4821667,-89.543,8.65,2.0,656.3901098192246,0.0
seismic,2017-01-08 14:01:40.570,35.9816667,-89.873,10.78,2.28,609.6375783421136,0.0
seismic,2017-01-09 21:01:52.580,36.548,-89.6651667,4.87,2.41,666.0361360972006,0.0
seismic,2017-01-12 06:57:08.730,41.6886,-71.5128,2.08,1.6,5.603249911664827,125.427
seismic,2017-01-13 18:48:09.370,34.6635,-85.1365,11.29,2.4,460.358719203283,354.375
seismic,2017-01-13 22:24:09.730,34.805,-87.7353333,6.58,2.33,454.5106210705924,197.924
seismic,2017-01-14 08:25:24.110,36.4343333,-89.5173333,7.56,1.35,650.6626248640131,0.0
seismic,2017-01-15 16:47:29.070,36.4586667,-83.0818333,22.74,2.58,482.8462076646832,179.224
seismic,2017-01-16 11:27:37.040,35.4965,-84.037,16.77,1.98,440.73224024930767,256.424
seismic,2017-01-20 12:22:39.010,43.5555,-71.555,5.98,1.9,82.18852495090206,90.378
seismic,2017-01-21 00:48:38.490,36.4495,-89.5351667,8.23,1.17,652.6675264356863,0.0
seismic,2017-01-21 01:49:59.310,36.4465,-89.5365,9.0,1.98,652.3658399040014,0.0
seismic,2017-01-21 14:04:30.350,35.8416667,-84.0468333,15.26,1.54,470.5489854102283,217.918
seismic,2017-01-21 15:35:05.070,44.6333333,-73.6031667,13.99,1.72,75.07879350477127,289.278
seismic,2017-01-21 17:31:20.830,36.8831667,-89.12,8.87,2.76,693.6208570244839,0.0
seismic,2017-01-21 17:32:36.910,36.5376667,-89.6045,8.92,1.49,663.6692111551599,0.0
seismic,2017-01-21 19:52:59.070,36.8825,-89.1136667,6.51,2.49,693.4633031169479,0.0
seismic,2017-01-21 21:51:22.450,44.3636,-70.517,3.92,2.1,66.10578840136033,167.543
seismic,2017-01-22 03:50:12.780,47.651,-70.107,13.18,2.3,1.9089728527381764,533.201
seismic,2017-01-22 10:28:49.790,36.425,-89.513,7.82,1.56,649.5583532868974,0.0
seismic,2017-01-22 15:10:43.930,35.5276667,-84.2028333,20.33,2.51,453.452653612312,251.795
seismic,2017-01-23 06:30:23.730,38.5296667,-82.33,25.72,2.45,429.6958534264062,166.986
seismic,2017-01-23 21:47:20.670,37.5551667,-89.9001667,2.43,2.15,780.6165273266317,5.607
seismic,2017-01-23 23:10:40.600,36.4391667,-89.5328333,8.47,2.26,651.4928102838461,0.0
seismic,2017-01-23 23:34:25.230,36.5428333,-89.6795,8.35,1.01,665.7730948338408,0.0
seismic,2017-01-25 07:46:50.000,36.2298333,-89.3276667,6.19,1.18,624.7434393647654,0.0
seismic,2017-01-25 08:01:25.020,36.2725,-89.4493333,6.47,1.61,631.6565558303196,0.0
seismic,2017-01-26 10:07:11.000,47.02,-66.54,5.0,2.2,89.8240481543549,571.997
seismic,2017-01-26 22:07:01.920,36.0936667,-89.7743333,7.77,2.08,619.2255487512864,0.0
seismic,2017-01-27 07:00:40.420,45.6408,-68.9749,4.36,1.7,120.83852807162152,342.068
seismic,2017-01-30 01:46:35.510,36.671,-89.5156667,14.29,2.25,676.5290629903365,0.0
seismic,2017-01-30 09:12:44.770,37.1805,-89.7811667,14.89,2.46,737.3552894697432,8.035
seismic,2017-02-01 23:57:47.840,36.54,-89.6673333,6.28,1.08,665.2101213533218,0.0
seismic,2017-02-02 02:47:28.840,35.2656667,-87.2221667,2.0,2.31,510.761167211461,209.136
seismic,2017-02-02 06:31:32.450,41.6726,-72.3726,7.78,1.6,34.32079931022514,167.251
seismic,2017-02-04 08:25:32.850,36.9816667,-83.2753333,14.81,1.91,528.9812243041681,121.62
seismic,2017-02-04 12:09:29.470,35.6346667,-84.2731667,9.79,1.39,466.497907242288,239.585
seismic,2017-02-05 07:25:03.400,36.4558333,-89.5501667,8.94,1.11,653.6540317465539,0.0
seismic,2017-02-05 22:30:42.030,36.2586667,-89.4711667,7.2,1.16,630.5646191793437,0.0
seismic,2017-02-07 04:02:56.380,36.5553333,-89.5828333,6.97,1.07,665.1656803583252,0.0
seismic,2017-02-08 08:28:21.630,36.2805,-89.5281667,7.81,1.4,634.0753972283364,0.0
seismic,2017-02-08 22:00:34.700,36.2766667,-89.521,7.51,1.22,633.513409089519,0.0
seismic,2017-02-09 18:05:50.710,36.103,-89.4526667,4.27,2.82,613.1946126716098,0.0
seismic,2017-02-10 02:36:33.340,36.3301667,-89.5528333,8.73,1.59,639.9909038605362,0.0
seismic,2017-02-11 19:15:43.720,42.9458,-71.5412,11.14,2.2,56.62262687063479,46.628
seismic,2017-02-11 19:59:09.280,42.9407,-71.5573,6.0,1.8,57.7674507399998,47.738
seismic,2017-02-12 05:56:41.000,47.221,-70.653,24.4,2.1,1.404269716369252,482.498
seismic,2017-02-13 06:17:00.140,37.0375,-88.9761667,16.01,2.18,708.9862691173867,14.838
seismic,2017-02-13 09:09:12.660,36.4493333,-89.537,9.2,1.21,652.6851949536443,0.0
seismic,2017-02-13 11:29:16.900,45.3809,-66.0875,5.0,2.1,0.3002281078980013,469.41
seismic,2017-02-13 13:41:52.260,36.5456667,-89.6021667,9.21,1.6,664.4953172500451,0.0
seismic,2017-02-14 06:58:28.980,36.0778333,-84.0901667,12.98,1.85,493.6537049506844,191.202
seismic,2017-02-15 01:06:20.530,36.5325,-89.6468333,8.3,1.66,663.9680310713936,0.0
seismic,2017-02-15 01:50:03.850,45.238,-67.9894,8.2,2.6,61.61187186455213,347.772
seismic,2017-02-15 02:10:42.640,35.4883333,-83.5566667,5.83,2.11,412.2022711467776,264.589
seismic,2017-02-16 02:00:21.530,34.4558333,-80.8828333,0.82,1.13,191.17033283313955,132.754
seismic,2017-02-16 02:02:23.890,34.4588333,-80.8698333,2.86,1.72,190.43009920703733,133.035
seismic,2017-02-16 08:22:42.490,36.2503333,-89.5593333,4.59,2.5,631.4199870488022,0.0
seismic,2017-02-17 01:59:31.920,36.2063333,-89.3495,6.26,1.04,622.5546073258822,0.0
seismic,2017-02-17 05:06:34.020,33.5652,-87.363,1.15,2.6,321.2535412036598,182.548
seismic,2017-02-17 05:26:59.310,33.5174,-87.3489,2.38,2.7,316.2790215324179,177.368
seismic,2017-02-19 08:21:12.580,36.4315,-89.5101667,7.85,1.49,650.2141802801063,0.0
seismic,2017-02-20 06:06:16.120,36.392,-89.5908333,11.42,1.27,647.506110936595,0.0
seismic,2017-02-21 01:45:14.180,36.5478333,-89.646,7.6,1.7,665.6215851108298,0.0
seismic,2017-02-22 20:05:20.300,36.5356667,-89.6018333,8.51,1.91,663.3974208768938,0.0
seismic,2017-02-23 09:23:57.710,36.2766667,-89.5178333,8.28,1.4,633.4501122449941,0.0
seismic,2017-02-24 00:40:30.000,47.31,-70.56,17.3,2.0,0.0868537801690442,492.664
seismic,2017-02-24 19:11:32.940,36.4898333,-89.4725,7.55,1.06,655.882680625265,0.569
seismic,2017-02-25 02:31:31.060,44.6175,-75.8178333,5.0,1.87,97.0488656476107,435.379
seismic,2017-02-26 02:23:23.260,36.1001667,-83.7501667,14.46,1.93,477.7917798220306,193.937
seismic,2017-02-27 04:53:26.440,43.2939,-71.7038,8.94,1.9,80.81030514269882,76.626
seismic,2017-02-28 01:40:12.640,36.5456667,-89.6586667,5.03,1.98,665.6470635182377,0.0
seismic,2017-02-28 10:38:55.230,36.5346667,-89.5985,8.5,1.21,663.2214480905427,0.0
seismic,2017-03-01 12:52:25.770,36.4131667,-89.5043333,7.22,1.61,648.0970342577695,0.0
seismic,2017-03-04 06:26:33.270,36.5396667,-89.6403333,7.92,1.78,664.6151926434694,0.0
seismic,2017-03-04 12:43:18.240,38.511,-83.0205,16.18,2.23,489.3433126120557,117.409
seismic,2017-03-05 14:15:58.000,47.001,-66.57,5.0,2.4,92.31477130475392,568.934
seismic,2017-03-06 16:09:20.160,43.524,-70.2653,13.05,1.6,2.477237427750248,85.96
seismic,2017-03-07 06:11:43.390,34.4285,-85.7876667,14.52,2.31,439.198909781895,321.217
seismic,2017-03-08 07:29:45.120,36.1,-89.7615,6.59,1.75,619.6020391008414,0.0
seismic,2017-03-08 09:08:11.410,36.4656667,-89.6073333,12.91,1.43,655.8738174447334,0.0
seismic,2017-03-09 06:49:52.720,47.4207,-70.1309,11.6,1.5,6.434248251422151,507.728
seismic,2017-03-09 10:54:05.870,36.575,-89.6053333,6.5,1.32,667.759964615055,0.0
seismic,2017-03-09 12:03:38.790,36.0096667,-89.8583333,3.55,2.11,612.2651793106503,0.0
seismic,2017-03-10 07:42:46.900,36.3211667,-89.5365,10.0,2.51,638.680222030362,0.0
seismic,2017-03-10 09:54:54.900,36.5296667,-83.4755,16.76,2.15,505.9118797106083,155.827
seismic,2017-03-11 06:08:09.950,36.534,-89.6003333,8.41,1.53,663.1854518757287,0.0
seismic,2017-03-11 13:44:00.500,36.2828333,-89.5078333,8.82,1.46,633.9244030813653,0.0
seismic,2017-03-11 13:56:47.610,34.5706667,-87.1506667,5.28,2.69,435.2660851517826,255.547
seismic,2017-03-11 15:35:55.550,36.2753333,-89.5046667,8.96,1.35,633.0427063596751,0.0
seismic,2017-03-11 18:32:59.020,36.2758333,-89.5066667,9.39,1.91,633.1369357267577,0.0
seismic,2017-03-11 19:25:25.310,36.2828333,-89.5178333,11.37,1.46,634.1232158735631,0.0
seismic,2017-03-11 22:13:58.480,36.2641667,-89.5206667,10.57,1.63,632.1425833056916,0.0
seismic,2017-03-12 16:49:22.100,44.6768333,-74.5295,5.0,1.33,38.41201265259793,349.982
seismic,2017-03-13 02:11:35.270,37.7023333,-77.8155,11.4,2.6,62.9481687687128,0.0
seismic,2017-03-13 10:53:41.390,35.2381667,-84.8086667,19.82,2.07,471.870781360118,286.405
seismic,2017-03-14 14:13:14.670,46.4225,-87.5071,0.0,2.3,1008.4794276056224,702.359
seismic,2017-03-15 07:24:59.570,36.7656667,-89.5291667,4.97,1.66,687.1503200346478,0.0
seismic,2017-03-15 16:51:10.090,36.8816667,-89.1225,8.39,3.59,693.48787309908,0.0
seismic,2017-03-15 16:57:52.680,36.8806667,-89.114,8.5,2.62,693.2645905625845,0.0
seismic,2017-03-16 03:08:16.940,36.8738333,-89.1181667,8.86,2.28,692.5626658738676,0.0
seismic,2017-03-17 00:39:10.500,36.6673333,-89.5633333,4.69,2.12,677.0268587719727,0.0
seismic,2017-03-17 23:13:09.490,45.3561667,-73.4801667,5.0,1.57,8.163805573645366,342.445
seismic,2017-03-18 10:07:21.060,47.698,-69.9654,14.89,1.9,3.87419176495049,539.726
seismic,2017-03-19 14:25:12.570,36.8795,-89.1278333,12.22,3.16,693.3189255149913,0.0
seismic,2017-03-19 16:26:04.440,36.877,-89.1191667,0.04,2.21,692.9267059257885,0.0
seismic,2017-03-21 05:26:14.700,34.7885,-85.0563333,3.91,1.66,461.2417395520877,339.37
seismic,2017-03-21 08:25:38.040,36.3001667,-89.5126667,8.46,1.5,635.9128784073168,0.0
seismic,2017-03-21 09:31:17.650,32.9405,-80.1656667,0.79,1.37,22.902647118313705,0.0
seismic,2017-03-22 04:56:35.420,36.4198333,-89.5351667,8.7,1.1,649.426417718761,0.0
seismic,2017-03-22 11:03:13.190,37.5826667,-78.437,8.08,2.36,105.45280089367066,20.984
seismic,2017-03-23 21:15:23.050,36.5478333,-89.649,7.49,2.39,665.6833368073491,0.0
seismic,2017-03-24 07:55:03.780,34.7101667,-85.256,10.2,1.64,472.3798867646335,351.309
seismic,2017-03-25 08:36:59.940,47.4638,-70.1205,10.91,2.5,6.545330396170909,512.551
seismic,2017-03-25 09:09:29.420,36.5108333,-89.5788333,9.4,1.58,660.2274948075161,0.0
seismic,2017-03-25 17:44:49.520,40.8338333,-74.4828333,6.03,1.31,31.98629194629523,361.356
seismic,2017-03-26 00:48:13.300,47.0243,-66.8488,7.17,1.7,106.47921287310302,558.367
seismic,2017-03-26 07:59:09.880,35.6608333,-84.158,11.29,1.38,461.6651127423389,237.152
seismic,2017-03-26 12:38:15.470,34.7423333,-85.1265,3.12,1.93,464.012314535879,345.534
seismic,2017-03-28 01:52:58.000,45.81,-75.19,18.0,1.9,68.93569111096849,469.546
seismic,2017-03-28 04:48:30.000,45.85,-75.0,18.0,2.4,57.99852194787292,461.977
seismic,2017-03-28 06:57:38.980,36.4801667,-89.5428333,9.13,1.6,656.1683119570953,0.0
seismic,2017-03-28 08:43:52.280,35.0548333,-85.0553333,15.53,2.49,477.50902619845806,309.984
seismic,2017-03-29 04:50:24.920,36.66,-89.5265,13.5,1.81,675.5264741418079,0.0
seismic,2017-03-29 06:56:11.650,34.4031667,-85.3771667,14.55,1.43,441.4835734314075,339.19
seismic,2017-03-29 07:11:45.930,36.2446667,-89.4466667,6.82,1.61,628.5609694335507,0.0
seismic,2017-03-29 20:23:52.980,46.364,-72.411,18.0,2.7,2.520570619366957,404.936
seismic,2017-03-29 23:33:43.020,35.8455,-83.6263333,18.24,1.57,448.0670820912947,224.245
seismic,2017-04-01 20:41:17.990,36.0766667,-89.792,6.59,1.91,617.8196042322152,0.0
seismic,2017-04-02 11:58:12.390,39.6644,-81.2434,3.93,3.0,360.68684910310816,230.995
seismic,2017-04-03 12:05:59.420,36.532,-89.5868333,6.73,1.47,662.6973944139955,0.0
seismic,2017-04-05 04:34:12.400,36.5131667,-89.5571667,7.97,1.25,660.0545232438171,0.0
seismic,2017-04-06 01:38:00.320,33.2633333,-83.0431667,9.54,2.51,218.9075195399752,198.384
seismic,2017-04-06 01:49:12.640,33.2605,-83.04,11.16,2.72,218.5206237357701,198.085
seismic,2017-04-06 22:25:32.440,36.9683333,-89.1975,6.84,2.68,704.1040521749877,0.41
seismic,2017-04-08 23:10:50.430,43.7765,-71.3678,2.33,1.6,83.43251887592366,105.826
seismic,2017-04-10 01:34:17.000,47.668,-67.779,18.0,2.1,79.16742748154326,584.27
seismic,2017-04-10 07:09:54.020,36.1833333,-89.4473333,8.24,1.35,621.86736917229,0.0
seismic,2017-04-10 22:35:43.660,41.5425,-73.655,8.11,1.31,35.4786758845741,259.203
seismic,2017-04-12 15:38:13.340,35.6335,-84.3093333,9.78,1.99,468.6312744527038,239.651
seismic,2017-04-13 11:26:39.600,36.5358333,-89.6453333,9.38,1.1,664.3002854885566,0.0
seismic,2017-04-14 02:32:35.060,36.5428333,-89.609,9.05,1.05,664.3234336977465,0.0
seismic,2017-04-15 16:55:20.390,35.2576667,-84.836,6.18,1.42,475.1593786022807,284.539
seismic,2017-04-16 15:36:17.000,46.39,-65.73,5.0,2.1,82.13065957268289,562.053
seismic,2017-04-17 11:07:21.300,36.1256667,-89.733,7.6,2.5,621.7024757200431,0.0
seismic,2017-04-17 23:36:28.800,36.295,-89.5001667,7.89,1.63,635.1017883177196,0.0
seismic,2017-04-20 06:46:47.180,36.4361667,-89.5188333,7.74,2.22,650.8921351395903,0.0
seismic,2017-04-20 17:46:17.540,36.392,-89.5335,9.52,1.99,646.3534934344065,0.0
seismic,2017-04-20 23:17:22.790,36.2381667,-89.4291667,0.08,1.15,627.5161655704927,0.0
seismic,2017-04-21 06:38:31.500,45.9927,-75.605,18.0,2.8,106.7272471375952,507.022
seismic,2017-04-21 06:41:07.780,33.5525,-82.1045,8.23,2.52,161.96295570155647,117.521
seismic,2017-04-22 06:31:50.450,36.3856667,-83.7953333,27.26,2.43,506.643507165621,161.902
seismic,2017-04-23 20:49:08.240,39.993,-76.3126667,5.0,2.3,52.51930332474455,276.157
seismic,2017-04-24 22:45:14.950,35.5263333,-84.417,14.01,1.8,466.84625083623865,251.696
seismic,2017-04-25 09:07:15.120,36.5613333,-89.7988333,4.28,2.1,670.3686472235055,0.0
seismic,2017-04-25 09:51:51.520,36.259,-89.4328333,7.31,1.15,629.8655713872294,0.0
seismic,2017-04-29 04:45:16.740,36.4508333,-89.5371667,8.46,1.5,652.8523485318206,0.0
seismic,2017-04-29 06:55:25.790,43.7193333,-73.3066667,7.48,1.32,176.48825389036477,211.574
seismic,2017-05-01 04:59:35.280,35.6883333,-84.3096667,11.87,1.97,473.1232576813138,233.513
seismic,2017-05-01 18:38:06.220,36.4888333,-89.586,11.81,1.28,657.9693054731903,0.0
seismic,2017-05-02 22:18:52.020,36.2308333,-89.4733333,5.17,2.41,627.5651244652455,0.0
seismic,2017-05-03 02:06:19.520,34.3145,-81.314,5.03,1.64,202.695484493693,125.343
seismic,2017-05-03 13:08:21.420,35.872,-83.685,17.66,1.52,453.5305751224757,220.143
seismic,2017-05-06 23:39:35.670,36.3918333,-89.506,8.19,2.71,645.7970185721787,0.0
seismic,2017-05-07 21:21:45.650,36.5835,-89.6216667,8.79,2.32,669.0151355164327,0.0
seismic,2017-05-09 11:27:09.060,36.4058333,-89.5248333,8.68,1.9,647.6941463478579,0.0
seismic,2017-05-11 06:53:22.540,40.1458333,-80.4838333,1.0,2.12,322.5929721735871,279.892
seismic,2017-05-11 09:03:05.280,35.5328333,-84.1661667,23.58,1.88,451.6080262386783,251.402
seismic,2017-05-12 04:31:10.020,37.2771667,-80.841,4.13,2.75,312.8833587119189,0.0
seismic,2017-05-12 08:58:38.650,36.3235,-83.7053333,19.46,2.34,496.4642247910254,170.659
seismic,2017-05-12 13:30:16.220,36.0918333,-89.772,8.21,1.74,618.9718005682005,0.0
seismic,2017-05-13 16:21:41.800,36.0811667,-89.7821667,8.02,1.14,618.0662906932666,0.0
seismic,2017-05-13 19:04:11.340,43.87,-73.2646667,12.74,1.32,163.989172911572,216.664
seismic,2017-05-14 01:50:56.250,42.136,-82.41,5.0,2.6,576.5628351741161,423.175
seismic,2017-05-14 03:36:44.250,34.8888333,-85.0888333,12.71,1.33,469.7181433578568,328.801
seismic,2017-05-14 04:04:50.580,36.2396667,-89.4825,9.02,1.9,628.709938005566,0.0
seismic,2017-05-14 12:56:24.050,36.564,-89.599,13.61,3.02,666.4329172947322,0.0
seismic,2017-05-15 02:53:20.390,36.241,-89.4855,9.81,1.38,628.9145847383867,0.0
seismic,2017-05-15 03:34:47.500,36.2081667,-89.4108333,7.42,1.5,623.8861634158145,0.0
seismic,2017-05-16 10:21:52.240,36.873,-89.1216667,9.07,3.26,692.5168192573351,0.0
seismic,2017-05-16 20:42:25.150,36.908,-83.3643333,19.86,2.53,537.7109521915263,123.436
seismic,2017-05-17 07:43:45.030,36.359,-89.5193333,8.53,1.65,642.4698627522525,0.0
seismic,2017-05-17 10:52:00.830,36.2083333,-89.445,7.19,1.56,624.5554667585118,0.0
seismic,2017-05-18 06:08:37.630,34.7586667,-80.3356667,1.57,2.16,178.56661339988125,140.122
seismic,2017-05-18 08:56:13.480,43.5356,-69.8809,10.8,1.8,18.641533841828988,106.232
seismic,2017-05-19 03:45:24.400,36.178,-89.6513333,8.85,1.48,625.5166876730061,0.0
seismic,2017-05-19 07:36:05.450,34.5601667,-87.155,5.67,2.37,434.037810965873,255.968
seismic,2017-05-20 09:56:35.790,35.3091667,-84.225,10.95,1.78,437.5005521316313,276.141
seismic,2017-05-21 18:42:14.230,43.1142,-69.9727,5.0,1.7,45.407842132567446,71.932
seismic,2017-05-22 01:26:46.200,36.0446667,-89.8408333,7.27,2.03,615.5819329464618,0.0
seismic,2017-05-22 19:05:51.000,47.071,-70.935,18.0,3.0,3.887393007506065,465.55
seismic,2017-05-23 01:35:42.040,44.4601,-68.0468,5.0,1.3,1.7100545827845228,284.358
seismic,2017-05-23 09:36:37.170,36.5471667,-89.6505,8.07,1.58,665.6416252453025,0.0
seismic,2017-05-23 21:20:24.150,47.4084,-70.2685,10.37,2.5,4.698979619454419,505.226
seismic,2017-05-23 22:20:39.030,36.549,-89.6688333,9.2,2.29,666.2213574254675,0.0
seismic,2017-05-23 22:23:56.890,36.5448333,-89.672,9.28,2.04,665.8337593362246,0.0
seismic,2017-05-23 22:25:50.960,36.544,-89.6668333,9.16,1.58,665.6352458363905,0.0
seismic,2017-05-24 07:22:03.050,36.1468333,-89.6936667,10.11,1.96,623.0864620045003,0.0
seismic,2017-05-24 11:35:04.760,35.5288333,-84.219,10.14,1.01,454.5504012615066,251.597
seismic,2017-05-24 16:24:05.210,39.2296,-82.4759,10.0,3.4,449.08413203057046,205.015
seismic,2017-05-25 12:05:20.020,34.6145,-85.1323333,9.9,2.5,457.3354271145428,359.708
seismic,2017-05-25 12:10:33.160,34.6136667,-85.1321667,9.35,2.17,457.2768008700079,359.797
seismic,2017-05-26 15:39:45.790,36.2603333,-89.4281667,7.61,1.11,629.9232714135537,0.0
seismic,2017-05-26 20:13:15.510,44.4877,-68.6813,5.0,1.9,5.538538232085301,249.21
seismic,2017-05-26 22:13:52.000,45.38,-73.28,18.0,2.2,18.982133550358917,335.437
seismic,2017-05-27 13:26:53.710,43.9157,-66.1064,15.72,2.2,3.79371556361469,394.578
seismic,2017-05-28 02:47:24.440,36.1043333,-89.7558333,8.26,1.54,619.9351129730735,0.0
seismic,2017-05-28 07:13:14.680,36.479,-89.439,0.51,1.55,654.0774256422089,0.0
seismic,2017-05-28 10:53:02.830,36.5828333,-89.598,11.18,1.95,668.4689861704951,0.0
seismic,2017-05-29 02:29:43.410,36.236,-89.5135,7.8,2.11,628.9251742379339,0.0
seismic,2017-05-29 02:39:51.600,36.235,-89.5126667,7.75,1.67,628.7993346828628,0.0
seismic,2017-05-29 15:34:25.570,47.0522,-66.6009,5.2,2.5,94.21884117848,572.023
seismic,2017-05-29 15:38:40.150,47.1139,-66.662,8.81,1.6,95.7156846917106,574.74
seismic,2017-05-29 20:45:35.030,36.3453333,-89.565,11.96,1.79,641.8915565816252,0.0
seismic,2017-05-30 15:20:08.590,47.5128,-70.0482,11.66,2.2,3.817518423525285,518.614
seismic,2017-05-30 20:41:18.810,36.1141667,-89.7465,8.63,1.75,620.7763706976242,0.0
seismic,2017-05-31 09:45:16.360,38.2188333,-87.9945,6.56,2.22,836.054615665501,0.0
seismic,2017-05-31 21:27:51.960,36.5506667,-89.6121667,5.32,1.0,665.2418102778628,0.0
seismic,2017-06-01 05:40:25.900,45.2151,-69.1413,2.63,1.3,77.63274171190756,293.998
seismic,2017-06-01 07:22:44.990,43.7361667,-73.3371667,4.15,1.34,173.61473637949405,214.602
seismic,2017-06-01 23:28:56.210,36.4496667,-89.5226667,8.03,1.52,652.4422059622335,0.0
seismic,2017-06-02 00:27:25.120,36.1238333,-89.7316667,7.75,1.8,621.4731909499344,0.0
seismic,2017-06-02 03:54:48.210,34.8255,-85.0136667,13.53,1.49,460.15981383314175,334.672
seismic,2017-06-02 14:08:35.530,34.4156667,-85.5663333,13.19,2.58,440.1055196269762,330.56
seismic,2017-06-03 03:08:40.020,39.9166,-81.2934,1.73,3.4,374.8554889223586,259.526
seismic,2017-06-03 09:01:03.350,36.2971667,-89.5126667,9.47,2.73,635.5853019014689,0.0
seismic,2017-06-03 10:27:17.680,36.2955,-89.522,9.25,1.29,635.5889741184003,0.0
seismic,2017-06-03 11:32:07.580,36.256,-89.4311667,7.3,1.41,629.5056931736736,0.0
seismic,2017-06-04 10:40:21.210,36.547,-89.6568333,7.53,2.45,665.7543181176721,0.0
seismic,2017-06-04 19:43:40.690,36.7235,-89.4986667,13.16,1.67,681.9699356525485,0.0
seismic,2017-06-05 00:21:57.770,44.2603,-70.4814,2.98,1.3,57.16722979135076,156.789
seismic,2017-06-05 09:32:01.860,36.6285,-89.5161667,4.51,1.6,671.883808517224,0.861
seismic,2017-06-06 19:07:55.820,35.6603333,-84.2041667,19.95,2.34,464.4029194515687,236.957
seismic,2017-06-07 10:31:20.930,44.578,-69.029,8.15,2.1,17.00048771879025,238.968
seismic,2017-06-08 06:12:30.800,36.294,-89.5113333,8.03,1.49,635.2130925849601,0.0
seismic,2017-06-08 08:35:43.350,36.1836667,-89.4436667,9.07,2.34,621.8327739291274,0.0
seismic,2017-06-08 08:44:49.930,36.3938333,-83.8568333,16.75,1.4,510.3927857814167,159.758
seismic,2017-06-08 15:47:15.050,36.2801667,-89.4796667,7.19,1.01,633.0798489561224,0.0
seismic,2017-06-09 00:31:41.420,36.1835,-89.4591667,9.86,1.4,622.1160685952033,0.0
seismic,2017-06-09 03:27:53.410,36.4488333,-89.5765,10.52,1.7,653.4138852388141,0.0
seismic,2017-06-11 04:43:47.410,32.923,-83.2173333,1.57,2.49,223.1254566093506,216.775
seismic,2017-06-11 17:06:26.370,36.5,-89.5585,8.84,1.63,658.6423430406174,0.0
seismic,2017-06-12 01:21:09.030,34.7825,-85.0578333,4.12,2.15,461.0050659675,340.055
seismic,2017-06-13 05:39:55.700,35.7641667,-84.2345,18.36,1.49,474.8626609396055,225.215
seismic,2017-06-13 16:59:31.200,36.5628333,-89.6268333,7.38,1.0,666.865338530237,0.0
seismic,2017-06-13 18:31:17.810,43.5544,-70.7245,12.78,1.8,29.119582783998677,75.786
seismic,2017-06-15 08:26:44.750,36.5241667,-89.5271667,6.13,2.06,660.674770289694,0.0
seismic,2017-06-16 03:17:30.230,36.4805,-89.5465,9.45,1.17,656.2764858422051,0.0
seismic,2017-06-16 07:40:07.620,36.208,-89.621,9.47,2.19,628.1129207675409,0.0
seismic,2017-06-17 02:27:03.950,46.6173,-66.8983,11.44,2.2,128.2744908126258,519.928
seismic,2017-06-18 11:12:41.680,35.1275,-85.1715,17.57,2.42,490.7735264352958,304.05
seismic,2017-06-19 11:26:52.650,35.783,-84.7145,24.24,1.28,506.0321299494464,224.842
seismic,2017-06-19 11:26:58.710,36.075,-89.803,8.59,2.68,617.908282152134,0.0
seismic,2017-06-19 13:57:49.320,36.257,-89.4315,7.38,1.17,629.6214446555792,0.0
seismic,2017-06-20 02:06:48.410,37.2525,-83.3596667,4.55,2.57,534.0602253115101,94.38
seismic,2017-06-20 15:14:04.910,33.4275,-82.0168333,12.93,3.2,146.51868554464392,105.993
seismic,2017-06-20 19:03:43.080,36.1073333,-89.757,8.97,1.74,620.2866688839213,0.0
seismic,2017-06-20 21:20:39.820,35.7765,-84.0525,17.69,2.0,465.2521045031866,225.109
seismic,2017-06-21 08:01:32.720,38.1995,-81.3985,16.61,2.7,350.8075988480224,83.949
seismic,2017-06-21 08:21:55.980,36.0173333,-89.8686667,8.6,1.84,613.3516726243794,0.0
seismic,2017-06-21 14:48:14.570,44.6996667,-74.3808333,5.0,1.16,40.182919784931805,341.819
seismic,2017-06-22 00:15:45.190,46.1156,-74.9348,12.28,2.6,75.15818426277484,479.779
seismic,2017-06-22 02:43:25.110,33.4166667,-82.0153333,11.38,2.08,145.60549639387725,105.598
seismic,2017-06-23 01:35:37.810,36.434,-89.68,15.94,1.65,653.9449746223075,0.0
seismic,2017-06-23 01:45:39.270,36.4771667,-89.5436667,6.51,1.14,655.856813213046,0.0
seismic,2017-06-23 07:30:37.590,37.0815,-81.0458333,1.97,2.33,332.40672730382954,15.157
seismic,2017-06-24 06:51:07.300,36.4153333,-89.5253333,9.73,1.45,648.7419254835107,0.0
seismic,2017-06-25 08:56:35.620,45.3313,-67.9329,7.52,1.4,59.24286553877723,358.526
seismic,2017-06-25 09:14:51.070,45.3252,-67.9503,6.83,1.4,60.46862225609048,357.125
seismic,2017-06-25 10:00:57.490,35.7468333,-84.256,21.02,2.57,474.7015765007064,227.08
seismic,2017-06-25 13:28:50.560,47.5485,-70.2117,6.97,1.7,0.4651577520815251,521.064
seismic,2017-06-26 17:19:03.030,36.232,-89.514,7.53,1.24,628.4987351812425,0.0
seismic,2017-06-26 21:18:50.450,38.7125,-83.7631667,15.44,1.59,553.5607369705559,92.544
seismic,2017-06-27 05:41:14.040,44.4197,-70.2158,3.35,1.3,53.11883256993042,179.358
seismic,2017-06-27 16:01:34.420,37.795,-88.7698333,11.73,2.04,791.4292515475908,0.0
seismic,2017-06-28 07:12:18.330,36.5515,-89.6431667,7.37,1.31,665.962969843138,0.0
seismic,2017-06-30 10:27:29.620,43.8758333,-73.2881667,5.0,1.31,162.67575637331777,218.614
seismic,2017-06-30 10:27:45.900,43.8715,-73.2788333,4.59,2.19,163.4144329769895,217.725
seismic,2017-07-01 07:15:12.000,36.2063333,-89.4783333,8.0,1.24,624.986865204606,0.0
seismic,2017-07-01 16:17:56.860,45.2601,-67.8771,6.73,2.0,53.26432651445256,355.444
seismic,2017-07-01 18:07:32.460,38.85,-89.2275,16.79,3.12,913.2625383540764,0.0
seismic,2017-07-02 00:22:06.890,45.2435,-67.8772,1.11,1.2,52.9664431529969,354.067
seismic,2017-07-02 06:08:13.580,43.9136,-70.3162,11.83,1.5,20.27853220193282,123.352
seismic,2017-07-02 17:47:20.990,36.2005,-89.4211667,6.68,1.61,623.2425209692033,0.0
seismic,2017-07-03 01:51:42.650,34.7445,-85.2896667,4.97,2.2,476.9373568381314,348.198
seismic,2017-07-03 05:13:39.790,44.8165,-69.9119,5.0,1.2,84.99147135371419,228.909
seismic,2017-07-05 03:36:33.740,36.4485,-89.5293333,9.22,1.54,652.4443448720259,0.0
seismic,2017-07-07 04:38:54.820,36.478,-89.5651667,9.57,1.79,656.3713753222817,0.0
seismic,2017-07-07 06:31:11.770,35.5363333,-84.1818333,18.13,2.03,452.8585343512568,250.927
seismic,2017-07-07 11:04:12.670,42.854,-79.332,3.8,2.07,440.15371915957394,550.771
seismic,2017-07-09 04:47:04.230,33.7481667,-82.6813333,5.59,2.13,216.48049999767,174.859
seismic,2017-07-10 01:34:29.730,36.5625,-89.6033333,9.61,1.61,666.3557238544454,0.0
seismic,2017-07-10 07:16:20.410,35.2581667,-84.4766667,15.34,1.9,450.32707631062345,281.862
seismic,2017-07-10 10:04:22.480,45.6361,-69.2162,3.8,1.3,123.97994228124864,333.711
seismic,2017-07-11 06:27:46.260,43.433,-78.5893333,5.0,2.52,354.69889520484844,609.01
seismic,2017-07-11 10:43:47.820,36.0511667,-89.817,9.91,1.56,615.687073397382,0.0
seismic,2017-07-12 03:42:30.530,35.7331667,-84.2008333,19.47,1.32,470.2636950277637,228.83
seismic,2017-07-12 05:08:17.340,36.5301667,-89.5853333,8.87,1.86,662.467409600656,0.0
seismic,2017-07-14 19:10:12.320,44.8918333,-74.7163333,5.0,1.3,11.958040573826894,375.827
seismic,2017-07-15 10:50:16.990,36.4881667,-89.5321667,8.29,1.79,656.8349893347336,0.0
seismic,2017-07-15 18:52:13.000,43.87,-65.94,18.0,2.2,4.771719598532268,405.929
seismic,2017-07-15 21:10:50.960,36.4885,-89.5288333,8.1,1.15,656.8068677109211,0.0
seismic,2017-07-16 11:38:50.300,44.1226,-69.4565,5.0,1.8,10.10190835321402,178.058
seismic,2017-07-16 13:13:17.790,36.248,-89.4378333,7.6,1.45,628.7568433939257,0.0
seismic,2017-07-17 07:16:02.310,36.5721667,-89.785,17.03,1.93,671.2357366768318,0.0
seismic,2017-07-17 08:55:58.510,36.1751667,-89.371,5.84,1.45,619.5297973168753,0.0
seismic,2017-07-17 12:44:57.200,36.1256667,-83.7026667,9.94,2.78,477.77682652304645,192.149
seismic,2017-07-17 15:22:48.990,36.2646667,-89.5855,4.62,1.33,633.5238561966338,0.0
seismic,2017-07-17 17:40:47.130,45.7465,-74.6654,15.96,1.9,30.314338496237102,435.539
seismic,2017-07-18 03:48:06.070,36.4365,-89.5371667,9.35,1.66,651.286396857928,0.0
seismic,2017-07-18 03:50:50.980,44.1122,-69.3982,12.6,1.8,6.364923229291078,180.076
seismic,2017-07-18 09:23:41.220,46.5535,-66.9871,5.0,2.0,137.4631897612872,510.158
seismic,2017-07-18 10:07:11.990,44.7295,-74.6421667,6.0,2.09,30.54224403275696,360.648
seismic,2017-07-20 05:40:14.140,35.538,-84.9295,21.61,2.18,501.6507921596592,254.761
seismic,2017-07-20 13:02:59.000,46.53,-66.97,5.0,2.2,137.45182721843588,508.909
seismic,2017-07-20 21:52:47.040,36.3111667,-89.5343333,9.97,1.0,637.545518876923,0.0
seismic,2017-07-21 17:20:41.990,36.4503333,-89.5701667,10.52,2.93,653.450701061143,0.0
seismic,2017-07-21 17:27:18.280,36.4525,-89.561,10.13,1.01,653.5045143689557,0.0
seismic,2017-07-22 06:39:57.370,36.533,-89.6408333,6.68,1.13,663.8989446342342,0.0
seismic,2017-07-23 06:19:42.960,36.2005,-89.4805,6.65,1.87,624.3925649968935,0.0
seismic,2017-07-23 13:22:58.710,35.725,-84.165,22.57,2.73,467.44941738948336,229.942
seismic,2017-07-23 16:22:34.250,36.141,-89.4135,10.2,1.17,616.5866627163019,0.0
seismic,2017-07-24 09:10:22.190,35.9413333,-84.0496667,8.1,1.61,479.393725153996,206.808
seismic,2017-07-25 04:56:59.060,43.6716,-71.3522,5.0,1.7,75.47009117145582,94.421
seismic,2017-07-26 05:20:51.880,36.3058333,-89.4905,4.65,1.83,636.0960004364525,0.0
seismic,2017-07-26 13:29:37.060,45.1522,-67.0469,13.33,1.8,0.9167981074674892,394.222
seismic,2017-07-27 21:24:26.280,36.4223333,-89.5321667,8.85,1.77,649.6405941259516,0.0
seismic,2017-07-28 13:23:09.620,36.5475,-89.6368333,7.23,1.93,665.3972423227124,0.0
seismic,2017-07-28 22:56:51.480,45.0116,-67.1298,4.08,1.2,3.413963860251132,379.313
seismic,2017-07-29 11:20:12.940,34.9048333,-85.1496667,16.52,1.31,475.3283359574684,328.051
seismic,2017-07-30 01:03:45.340,36.1353333,-89.7216667,7.3,1.21,622.4842763123764,0.0
seismic,2017-07-31 02:16:19.620,36.3061667,-89.4903333,4.81,3.05,636.1291822356424,0.0
seismic,2017-07-31 07:57:21.190,36.3026667,-89.4875,4.74,2.0,635.6914455777776,0.0
seismic,2017-07-31 08:00:44.630,47.0329,-66.6184,5.63,2.0,95.67918972672716,569.513
seismic,2017-07-31 14:50:34.000,45.88,-75.46,21.5,3.1,91.29979485835476,490.286
seismic,2017-08-02 00:50:00.750,34.6493333,-86.0795,8.7,1.84,459.38618802273874,331.267
seismic,2017-08-03 06:37:25.750,37.4951667,-78.436,8.09,2.27,103.21820570291716,28.31
seismic,2017-08-04 00:40:14.830,35.945,-83.5611667,10.33,2.7,453.9355317117504,214.947
seismic,2017-08-05 05:26:56.700,39.7963333,-76.3518333,5.0,1.83,35.1666133707136,256.373
seismic,2017-08-05 16:42:09.130,34.8246667,-85.0405,11.53,2.1,462.1665149875517,335.146
seismic,2017-08-07 05:04:22.350,34.7955,-85.0671667,2.1,1.8,462.4898524542109,338.758
seismic,2017-08-07 12:04:09.220,35.4033333,-84.6248333,15.39,2.5,471.0932918751882,266.359
seismic,2017-08-08 08:23:46.720,34.9555,-82.9545,0.48,1.66,331.8707221515016,269.754
seismic,2017-08-09 01:04:23.570,35.679,-89.6276667,3.08,2.05,570.9756207755647,18.067
seismic,2017-08-09 10:58:25.670,45.2115,-74.801,17.86,1.71,22.100521587760426,402.827
seismic,2017-08-09 20:39:14.080,36.6351667,-89.988,6.45,1.45,682.7585413739155,0.0
seismic,2017-08-10 10:42:25.280,44.2723333,-76.3145,4.13,1.38,150.4320244619675,457.484
seismic,2017-08-11 03:27:27.320,36.1453333,-89.7063333,8.58,2.29,623.213152376248,0.0
seismic,2017-08-12 02:12:17.310,35.5275,-84.4963333,14.51,1.78,472.0471990818173,251.824
seismic,2017-08-12 02:21:45.840,33.4708333,-87.5855,9.04,2.29,307.40299838131244,171.211
seismic,2017-08-13 04:05:11.490,35.5333333,-84.4703333,11.25,1.69,470.82134005919374,251.065
seismic,2017-08-13 06:52:15.080,38.3458333,-80.5685,12.56,2.01,277.8682270412216,78.059
seismic,2017-08-13 07:01:55.050,36.5461667,-89.6855,7.6,1.82,666.2619878897598,0.0
seismic,2017-08-13 12:53:18.460,36.2981667,-89.5158333,8.52,1.28,635.7573277471178,0.0
seismic,2017-08-13 22:26:14.230,36.5358333,-89.6498333,7.74,1.76,664.3931146730833,0.0
seismic,2017-08-14 20:58:34.990,45.7243333,-75.4676667,14.36,2.57,86.77294303454858,479.377
seismic,2017-08-15 10:43:55.710,36.3131667,-89.5355,9.15,1.31,637.7871653405891,0.0
seismic,2017-08-15 13:59:01.950,36.3928333,-89.5301667,8.9,2.86,646.3787640295136,0.0
seismic,2017-08-15 17:31:08.900,36.6808333,-89.5276667,12.8,2.34,677.8295751419522,0.0
seismic,2017-08-18 01:26:42.900,47.0219,-66.5884,10.44,2.5,93.48868664880828,569.921
seismic,2017-08-18 05:21:36.340,45.2701,-66.5766,5.0,1.2,14.39774829054885,431.275
seismic,2017-08-18 15:18:21.070,36.4465,-89.5915,12.57,3.18,653.4619332939568,0.0
seismic,2017-08-20 04:34:25.940,35.3543333,-80.9903333,3.52,1.72,267.2197163362827,189.939
seismic,2017-08-20 15:24:25.440,36.3243333,-89.5475,9.3,1.53,639.2468835007879,0.0
seismic,2017-08-21 02:44:15.670,36.5341667,-89.6366667,7.86,2.18,663.9405530572084,0.0
seismic,2017-08-22 08:00:53.650,36.8416667,-89.0396667,9.72,2.38,687.9905940385077,6.795
seismic,2017-08-22 20:48:56.260,36.5076667,-89.5353333,5.44,1.34,659.0280456905525,0.0
seismic,2017-08-24 07:29:39.470,32.652,-88.2316667,0.02,2.05,214.00986332756432,76.984
seismic,2017-08-24 16:01:09.690,43.5583,-70.165,5.0,2.2,3.201719302218752,93.622
seismic,2017-08-24 16:11:44.230,36.4983333,-89.5585,8.31,2.72,658.4602845202489,0.0
seismic,2017-08-24 19:18:33.160,35.5063333,-84.9505,20.56,1.8,500.7883138477485,258.579
seismic,2017-08-25 03:31:31.710,38.0185,-77.3448333,11.82,2.4,24.38884882753051,52.621
seismic,2017-08-25 09:58:28.320,43.9729,-66.5481,17.68,2.3,29.754685598794097,363.068
seismic,2017-08-25 15:58:11.830,33.0258333,-80.1733333,3.99,2.43,28.876978989676186,0.0
seismic,2017-08-25 16:39:55.490,36.55,-89.649,7.93,1.06,665.9194208890843,0.0
seismic,2017-08-25 19:28:31.400,36.6388333,-89.9826667,5.39,1.02,683.0244434788824,0.0
seismic,2017-08-25 20:08:06.420,36.5518333,-89.6518333,8.05,2.87,666.177560517395,0.0
seismic,2017-08-25 20:08:58.140,36.5505,-89.6471667,7.97,1.68,665.9361701300621,0.0
seismic,2017-08-25 20:10:42.860,36.5496667,-89.6481667,7.82,1.12,665.8659462132664,0.0
seismic,2017-08-25 20:16:26.620,35.9343333,-84.0301667,10.68,2.66,477.6959596393751,207.806
seismic,2017-08-25 20:27:58.830,36.5495,-89.6456667,7.49,1.71,665.7963549736894,0.0
seismic,2017-08-27 08:04:15.790,34.4086667,-85.571,12.9,2.21,439.2712216042821,329.672
seismic,2017-08-28 08:46:47.890,36.4123333,-89.4946667,7.3,1.57,647.8198581376405,0.0
seismic,2017-08-28 11:54:08.000,47.49,-70.09,13.9,2.1,5.005847131964403,515.709
seismic,2017-08-28 11:55:23.000,47.58,-70.41,21.7,2.0,13.359923360836586,523.175
seismic,2017-08-29 08:41:29.390,45.2513333,-73.9035,12.9,1.17,4.905131787844158,354.673
seismic,2017-08-29 10:11:03.390,45.5056,-65.3153,7.07,2.2,4.512306333516087,527.216
seismic,2017-08-30 09:59:47.870,35.2938333,-84.4176667,14.27,1.24,449.0151598181353,277.714
seismic,2017-08-30 14:42:41.130,36.5503333,-89.6481667,7.73,2.32,665.9385818904406,0.0
seismic,2017-08-30 20:29:58.570,36.5363333,-89.6356667,7.48,2.15,664.1562031319464,0.0
seismic,2017-09-02 08:37:05.160,43.5865,-70.183,5.0,1.6,1.3628699844229044,95.409
seismic,2017-09-02 19:51:39.640,35.9195,-83.712,15.07,1.67,459.2616953751859,214.42
seismic,2017-09-03 15:50:08.580,36.5311667,-89.6363333,7.6,1.89,663.6067516635561,0.0
seismic,2017-09-03 18:35:29.100,36.5505,-89.6451667,7.83,2.04,665.8950539787704,0.0
seismic,2017-09-03 22:12:52.690,36.2321667,-89.4153333,1.58,1.57,626.5981827686965,0.0
seismic,2017-09-04 02:00:56.580,43.7023,-71.3159,5.0,1.6,75.04537605028463,96.637
seismic,2017-09-05 06:19:49.090,44.7572,-70.5351,5.6,1.6,98.25714112143376,210.622
seismic,2017-09-05 22:36:51.090,35.5921667,-84.826,5.38,1.89,498.6689120738454,247.314
seismic,2017-09-06 00:10:16.170,42.5869,-72.2372,5.0,1.7,100.38543782063392,104.375
seismic,2017-09-06 07:21:09.950,43.2621667,-78.7181667,5.0,1.87,373.5364076619501,590.507
seismic,2017-09-07 07:10:36.770,36.1178333,-89.7361667,9.31,2.04,620.9298549459156,0.0
seismic,2017-09-09 04:15:29.110,38.425,-87.913,11.76,3.06,859.2227362391661,0.0
seismic,2017-09-12 08:16:12.200,36.472,-89.5541667,8.99,1.12,655.498638495283,0.0
seismic,2017-09-13 15:08:18.800,36.1566667,-89.6726667,9.37,1.77,623.6776080990272,0.0
seismic,2017-09-13 17:33:10.930,37.4728333,-80.703,17.77,3.2,300.7490070452322,0.0
seismic,2017-09-14 19:13:49.790,43.1721667,-78.8861667,4.49,1.13,390.3913202804309,581.51
seismic,2017-09-15 04:37:47.000,45.73,-71.42,18.0,2.0,101.26329543277316,319.495
seismic,2017-09-16 11:52:26.050,38.2041,-87.3456,0.0,2.6,836.7202581383276,0.0
seismic,2017-09-17 13:39:39.030,35.5613333,-85.0533333,15.47,2.03,511.8244341773407,254.341
seismic,2017-09-18 04:18:30.780,36.1038333,-89.7641667,7.78,2.5,620.0792746952243,0.0
seismic,2017-09-19 11:47:28.710,38.4238333,-87.9098333,11.68,3.8,859.0955909055465,0.0
seismic,2017-09-19 17:56:23.380,36.5445,-89.6461667,7.49,1.72,665.26179200824,0.0
seismic,2017-09-20 11:05:15.890,36.2393333,-89.502,7.22,1.74,629.0591778145213,0.0
seismic,2017-09-21 11:48:08.630,36.2896667,-89.4975,7.47,1.64,634.466751902137,0.0
seismic,2017-09-21 12:30:33.100,36.3048333,-89.5308333,9.49,1.81,636.7842227557013,0.0
seismic,2017-09-24 03:02:55.440,36.4771667,-89.5228333,7.22,1.17,655.451813236253,0.0
seismic,2017-09-24 20:17:51.340,36.6018333,-89.9006667,4.15,1.46,677.0809352336403,0.0
seismic,2017-09-25 22:35:06.690,40.7986667,-74.5138333,5.0,1.71,31.442143998939397,365.814
seismic,2017-09-27 00:58:48.680,36.4815,-89.5496667,9.25,1.82,656.4478350210587,0.0
seismic,2017-09-28 07:22:22.200,45.241,-69.1659,4.82,1.5,81.01298444399816,295.658
seismic,2017-09-29 05:41:48.600,36.5396667,-89.6538333,9.66,1.74,664.8934092387441,0.0
seismic,2017-09-30 02:07:54.410,36.4411667,-89.5403333,8.74,1.6,651.8583999415588,0.0
seismic,2017-10-01 03:09:53.900,41.6481,-70.9053,6.51,1.6,0.9018831554306987,118.317
seismic,2017-10-02 05:29:39.830,36.2436667,-89.5278333,7.74,1.51,630.0503052133982,0.0
seismic,2017-10-02 06:32:03.790,34.9895,-82.8946667,0.16,1.9,331.8063096014845,268.624
seismic,2017-10-02 08:12:38.320,43.6653,-71.32,7.15,1.4,72.92714757988686,92.853
seismic,2017-10-02 15:12:39.610,36.5505,-89.8025,12.47,2.19,669.2764761336034,0.0
seismic,2017-10-02 22:45:09.110,36.2326667,-89.5171667,8.34,1.11,628.6351440166188,0.0
seismic,2017-10-02 23:52:51.180,36.0881667,-89.4448333,13.18,1.99,611.4199347256738,0.0
seismic,2017-10-05 06:41:43.120,35.9851667,-83.7421667,18.08,1.81,466.8176650130465,206.655
seismic,2017-10-05 14:50:08.870,44.094,-75.2378333,4.0,1.25,109.08356744519614,370.033
seismic,2017-10-06 06:16:43.000,49.06,-67.92,22.0,3.3,20.56905783260551,722.371
seismic,2017-10-06 14:48:14.680,45.2607,-75.678,16.6,2.5,81.22833033137617,461.335
seismic,2017-10-07 05:25:02.430,36.1516667,-83.7546667,14.82,2.38,482.7829045643859,188.231
seismic,2017-10-07 17:25:00.000,47.56,-70.04,11.3,2.4,7.279333027892711,523.865
seismic,2017-10-08 21:06:55.460,36.7203333,-89.5045,9.85,1.24,681.7291753407087,0.0
seismic,2017-10-09 02:15:03.780,37.29,-81.016,8.19,2.44,328.1927586509317,4.817
seismic,2017-10-09 07:21:48.880,36.4926667,-89.5608333,9.09,1.47,657.8873178175271,0.0
seismic,2017-10-09 13:54:48.160,36.5431667,-89.6161667,8.72,2.52,664.5044153371497,0.0
seismic,2017-10-10 13:53:37.120,45.7283,-69.7412,3.89,1.5,149.43489691052562,329.532
seismic,2017-10-11 09:37:55.220,36.6768333,-89.5185,15.39,2.11,677.220665592572,0.0
seismic,2017-10-11 10:08:08.210,36.679,-89.5265,12.12,1.31,677.6070178203182,0.0
seismic,2017-10-11 17:07:11.290,36.2643333,-89.4963333,7.08,1.38,631.6766729010978,0.0
seismic,2017-10-11 18:25:12.070,36.2568333,-89.4396667,9.55,1.37,629.7582211801084,0.0
seismic,2017-10-11 19:22:30.620,36.5473333,-89.647,7.83,1.67,665.5876738921038,0.0
seismic,2017-10-12 08:35:53.950,36.7098333,-89.5028333,11.12,1.56,680.5477340230588,0.0
seismic,2017-10-13 07:02:09.690,38.3726667,-83.6186667,11.44,2.15,541.4775323505886,67.581
seismic,2017-10-17 21:41:25.280,43.5287,-71.6,3.07,1.9,83.48577006114341,89.995
seismic,2017-10-17 23:10:41.000,47.7406,-69.9216,25.1,2.7,3.1734585673237703,544.849
seismic,2017-10-17 23:40:59.020,36.546,-83.779,17.73,2.35,521.0665125532295,144.895
seismic,2017-10-18 00:15:13.350,43.6065,-74.5106667,5.0,1.39,156.04822453124024,297.503
seismic,2017-10-18 22:23:18.300,38.1317,-87.2417,0.0,2.6,829.3958989269825,9.723
seismic,2017-10-19 11:08:55.000,46.18,-74.75,10.0,3.1,74.45403201759375,475.698
seismic,2017-10-20 04:49:47.630,43.0699,-72.0167,6.06,1.4,97.4412005032688,87.537
seismic,2017-10-20 15:38:10.610,34.7478333,-85.9156667,5.02,2.72,473.3046593489803,340.609
seismic,2017-10-22 05:28:26.000,47.015,-66.583,5.0,2.1,93.1454764056454,569.563
seismic,2017-10-22 06:14:25.460,35.77,-82.2093333,13.8,2.5,378.015423400445,191.834
seismic,2017-10-22 10:48:16.240,35.7848333,-84.645,24.02,2.75,501.7632269997533,223.962
seismic,2017-10-22 13:30:45.330,48.1644,-80.0594,5.0,2.4,521.5619342009367,922.211
seismic,2017-10-24 22:18:33.260,36.1506667,-89.6913333,8.0,2.14,623.4486137999606,0.0
seismic,2017-10-25 04:24:47.850,36.358,-89.491,6.13,1.93,641.8078285984659,0.0
seismic,2017-10-27 07:23:31.580,34.412,-87.73,5.0,1.96,410.6850222738788,229.024
seismic,2017-10-27 10:11:50.090,36.55,-89.6708333,5.46,2.12,666.3719368612916,0.0
seismic,2017-10-27 13:10:17.100,36.292,-89.5143333,8.47,1.86,635.0542529911695,0.0
seismic,2017-10-29 06:53:32.970,36.4496667,-89.5345,8.53,2.01,652.6727028725313,0.0
seismic,2017-10-30 00:34:30.630,39.2795,-77.0511667,2.0,1.52,36.65148789921875,174.767
seismic,2017-10-30 01:42:53.520,34.1675,-87.5731667,5.0,2.29,384.7727609914497,249.033
seismic,2017-10-30 05:39:37.360,36.8578333,-83.843,3.3,2.74,553.9483771479703,109.813
seismic,2017-11-01 05:35:14.410,36.1786667,-89.4736667,11.73,1.73,621.8731226651106,0.0
seismic,2017-11-01 17:36:20.070,34.568,-85.2058333,15.72,2.25,460.7125882913653,363.279
seismic,2017-11-02 02:51:21.210,36.0141667,-89.8726667,3.17,1.67,613.1143703168902,0.0
seismic,2017-11-02 09:35:25.930,36.445,-89.5363333,8.59,1.54,652.1986881180586,0.0
seismic,2017-11-02 10:49:28.910,36.638,-83.9353333,21.07,2.31,537.1500059006158,131.549
seismic,2017-11-03 13:40:42.560,36.574,-89.6051667,5.53,2.74,667.6474923686328,0.0
seismic,2017-11-03 13:42:58.610,36.5713333,-89.6045,5.52,1.83,667.3431191488179,0.0
seismic,2017-11-03 13:43:56.810,36.5725,-89.6065,4.7,1.55,667.5104327762924,0.0
seismic,2017-11-03 13:47:28.470,36.5725,-89.6053333,5.62,2.09,667.4871072995476,0.0
seismic,2017-11-03 13:51:02.980,36.5703333,-89.6048333,5.81,2.02,667.2406373257193,0.0
seismic,2017-11-03 14:06:23.150,36.571,-89.6043333,5.7,1.45,667.3034110631341,0.0
seismic,2017-11-03 14:39:34.410,36.5721667,-89.6025,5.22,1.48,667.3941503088374,0.0
seismic,2017-11-03 14:39:44.650,36.5753333,-89.6176667,3.31,1.16,668.0436285677348,0.0
seismic,2017-11-05 03:09:58.600,36.5055,-89.5341667,6.08,2.34,658.768594266256,0.0
seismic,2017-11-06 09:43:06.640,36.5466667,-89.6666667,4.82,1.44,665.9221566300805,0.0
seismic,2017-11-06 22:16:30.120,45.8986667,-75.4061667,19.0,1.81,88.29697994159608,488.573
seismic,2017-11-07 08:41:44.940,36.3133333,-89.543,9.87,1.5,637.9561327659954,0.0
seismic,2017-11-07 21:52:29.040,35.7605,-84.1596667,15.78,1.99,470.1242517530142,226.01
seismic,2017-11-08 13:33:43.740,40.4706667,-74.149,4.34,1.37,2.585928679570819,367.062
seismic,2017-11-11 01:51:42.690,36.1993333,-89.4755,8.39,1.75,624.1664481548436,0.0
seismic,2017-11-11 01:54:28.970,36.2006667,-89.479,8.5,1.58,624.3811315186355,0.0
seismic,2017-11-11 15:55:43.840,39.261,-77.0393333,4.05,1.48,35.57759202299141,173.574
seismic,2017-11-13 16:24:17.240,36.2906667,-89.5323333,10.53,1.4,635.2684410865958,0.0
seismic,2017-11-14 03:43:54.260,35.1086667,-82.933,0.02,2.16,344.746796202788,280.682
seismic,2017-11-14 05:32:49.820,35.6675,-81.3108333,0.59,1.54,312.2539647765736,162.36
seismic,2017-11-15 02:34:20.070,35.6385,-81.2971667,0.28,1.84,309.12151440556033,165.065
seismic,2017-11-16 09:47:33.360,36.2163333,-89.5215,8.05,1.44,626.9408274089495,0.0
seismic,2017-11-16 19:12:03.830,35.235,-84.3383333,14.83,2.12,439.29091049204783,284.235
seismic,2017-11-17 02:42:48.070,36.2068333,-89.466,6.33,1.57,624.7992816082427,0.0
seismic,2017-11-19 04:09:21.380,36.7253333,-89.3678333,6.75,2.25,679.8927431772104,0.0
seismic,2017-11-19 11:49:48.300,45.746,-75.124,14.1,2.8,61.56455728971548,460.943
seismic,2017-11-20 00:10:30.560,46.4671,-75.3468,14.15,2.4,125.40953887149192,530.027
seismic,2017-11-21 02:36:50.770,36.5431667,-89.6603333,10.07,2.34,665.4093388853364,0.0
seismic,2017-11-22 09:19:14.850,36.4551667,-89.53,8.8,1.92,653.1859211241635,0.0
seismic,2017-11-22 10:05:11.430,36.274,-89.5111667,9.48,1.52,633.0261459627955,0.0
seismic,2017-11-23 00:58:01.740,46.407,-72.557,18.0,2.6,5.610552046457328,412.957
seismic,2017-11-23 12:01:58.520,36.4815,-89.5451667,7.56,2.11,656.3596367777099,0.0
seismic,2017-11-23 22:32:57.050,36.1725,-89.3835,5.1,1.48,619.4690688479392,0.0
seismic,2017-11-24 01:40:14.550,37.8671667,-84.7398333,35.36,2.62,643.6540628062709,20.124
seismic,2017-11-24 05:57:17.050,34.6883333,-80.4478333,2.5,2.37,180.69367753120807,141.551
seismic,2017-11-25 10:06:36.370,34.5556667,-87.165,3.43,2.15,433.36942594277065,255.571
seismic,2017-11-25 11:37:58.000,47.03,-66.6,5.0,2.0,94.30078009723589,570.102
seismic,2017-11-25 14:58:28.270,34.1551667,-85.7651667,5.29,1.93,408.98620999205207,296.244
seismic,2017-11-25 16:24:21.650,36.5741667,-89.6043333,5.29,1.54,667.6490413959178,0.0
seismic,2017-11-26 04:38:50.520,36.2958333,-89.497,8.17,2.37,635.1305828084879,0.0
seismic,2017-11-27 02:48:59.270,43.861,-75.3158333,5.0,1.76,135.55583144656788,367.49
seismic,2017-11-27 21:34:58.790,35.5488333,-84.1143333,23.38,2.15,449.7482684649095,249.949
seismic,2017-11-28 01:48:25.050,42.4827,-71.538,6.74,1.6,42.317479609999054,55.939
seismic,2017-11-28 03:21:29.210,42.4356667,-80.228,5.29,1.56,466.1311164781905,522.985
seismic,2017-11-28 03:46:59.700,36.5698333,-89.6046667,5.67,1.26,667.1827368410931,0.0
seismic,2017-11-28 06:06:44.210,36.5691667,-89.6056667,5.38,1.67,667.1299788917564,0.0
seismic,2017-11-28 14:19:27.920,36.4908333,-89.5536667,8.87,1.41,657.545984331814,0.0
seismic,2017-11-28 23:08:38.880,36.1621667,-89.3685,7.61,1.66,618.0592316980566,0.0
seismic,2017-11-29 07:38:50.340,35.529,-84.47,16.22,1.96,470.46188822604654,251.549
seismic,2017-11-29 09:53:26.620,35.9943333,-89.8626667,2.41,1.25,610.730450576925,0.0
seismic,2017-11-29 09:58:38.530,36.0926667,-89.7673333,9.63,1.76,618.9499276976617,0.0
seismic,2017-11-29 19:57:33.900,34.6001667,-86.4551667,3.03,2.26,448.4730061287467,305.876
seismic,2017-11-29 20:50:40.970,36.1178333,-89.7426667,9.44,1.47,621.0822849579785,0.0
seismic,2017-11-29 23:14:47.910,36.089,-89.7778333,10.11,1.35,618.8063836888437,0.0
seismic,2017-11-30 06:16:32.660,36.3186667,-83.7091667,18.63,2.68,496.1904774849861,171.09
seismic,2017-11-30 07:19:18.550,36.0938333,-83.953,11.58,2.1,487.7058945826989,191.107
seismic,2017-11-30 21:47:31.250,39.1977,-75.4325,9.87,4.1,2.7820855923486487,263.746
seismic,2017-12-01 02:04:46.830,36.5708333,-89.6046667,5.6,1.86,667.2918786468491,0.0
seismic,2017-12-01 02:30:04.740,35.6456667,-83.6158333,0.12,2.32,429.4319286895769,246.229
seismic,2017-12-02 06:15:07.760,34.3043333,-81.1946667,4.05,2.42,199.0751325532749,120.756
seismic,2017-12-03 06:27:11.050,36.2766667,-89.4276667,5.67,1.25,631.701808482846,0.0
seismic,2017-12-03 16:10:11.050,35.5471667,-84.2803333,18.23,1.64,459.85182589477193,249.361
seismic,2017-12-04 02:53:09.680,47.4159,-70.4134,6.17,2.2,0.2477794948503846,505.079
seismic,2017-12-04 03:34:31.430,36.5176667,-89.5418333,6.76,1.49,660.2471873039096,0.0
seismic,2017-12-05 07:14:59.950,35.976,-89.9068333,10.22,2.32,609.9113228952452,0.0
seismic,2017-12-05 07:53:01.630,36.1675,-89.3916667,4.75,1.41,619.0739170509506,0.0
seismic,2017-12-07 04:57:15.270,36.125,-89.7303333,9.14,1.79,621.5682235210047,0.0
seismic,2017-12-07 09:40:14.660,36.2118333,-89.4675,8.46,1.55,625.3749553923186,0.0
seismic,2017-12-07 13:40:11.830,35.5278333,-84.479,15.05,1.83,470.9519845686872,251.714
seismic,2017-12-07 13:41:43.490,35.5286667,-84.471,14.8,1.28,470.5004190446016,251.59
seismic,2017-12-07 18:27:32.080,36.2528333,-89.478,7.08,1.58,630.0602834951882,0.0
seismic,2017-12-09 19:40:43.580,46.1664,-87.8474,0.0,2.3,1032.6181473528943,674.815
seismic,2017-12-12 12:10:50.350,36.6506667,-89.5423333,12.73,1.25,674.8032466468469,0.0
seismic,2017-12-13 00:45:27.330,39.2578333,-75.436,2.73,1.24,2.7445081274910423,267.595
seismic,2017-12-14 18:57:20.970,34.5608333,-87.1573333,5.01,2.06,434.0701143146711,255.755
seismic,2017-12-17 05:08:35.960,38.6785,-83.8958333,13.64,2.78,564.9156179236903,84.779
seismic,2017-12-17 06:37:32.630,41.6331,-72.7149,3.61,2.0,40.10404390708329,190.776
seismic,2017-12-18 18:33:35.280,45.0828,-83.3808,0.0,2.4,681.9436525453841,643.185
seismic,2017-12-20 00:42:58.550,34.9055,-85.6653333,9.91,1.77,493.3856480912357,339.881
seismic,2017-12-20 13:47:26.820,34.7941667,-80.4993333,2.41,2.22,192.2680207198229,153.17
seismic,2017-12-20 23:55:03.540,34.657,-86.1143333,8.49,2.69,459.6122772351687,329.823
seismic,2017-12-21 04:34:25.290,43.679,-72.4017,6.24,2.3,148.249444600873,147.369
seismic,2017-12-21 05:25:24.350,36.5798333,-89.7548333,16.51,2.0,671.405801491836,0.0
seismic,2017-12-22 10:41:18.030,36.4878333,-89.538,7.89,1.93,656.9118576506908,0.0
seismic,2017-12-23 13:23:23.610,36.5331667,-89.5948333,8.58,1.64,662.9843509851471,0.0
seismic,2017-12-23 21:26:39.810,36.6406667,-89.9836667,6.22,2.63,683.2462209279553,0.0
seismic,2017-12-25 09:00:17.920,44.819,-74.8833333,4.37,1.44,24.14481949744678,382.019
seismic,2017-12-26 17:15:52.480,35.3401667,-83.867,9.45,2.74,417.4906564523009,275.703
seismic,2017-12-27 00:14:32.020,45.4586667,-74.6995,7.07,1.15,27.50321763654385,414.943
seismic,2017-12-28 07:32:27.840,35.3963333,-84.3228333,13.24,1.94,450.6189648889487,266.186
seismic,2017-12-28 08:51:13.590,47.0709,-76.2872,16.29,3.6,222.9338264774478,628.094
seismic,2018-01-01 05:10:58.200,46.3141,-67.8174,4.08,1.7,129.59027142980443,451.51
seismic,2018-01-02 05:48:40.560,35.5593333,-84.3161667,8.84,1.31,463.07262047442697,247.946
seismic,2018-01-02 09:52:02.000,35.5491667,-84.7166667,22.55,2.13,488.15674618784993,250.872
seismic,2018-01-02 23:11:00.140,36.0465,-89.8171667,8.67,2.2,615.1890915196226,0.0
seismic,2018-01-03 02:23:47.440,46.9007,-70.773,18.0,2.9,1.7106788187412478,446.792
seismic,2018-01-03 12:38:34.180,36.0736667,-89.799,8.09,2.29,617.6669279930761,0.0
seismic,2018-01-04 15:42:27.560,46.9007,-70.7725,18.0,3.4,1.7209642681433028,446.793
seismic,2018-01-04 16:41:25.970,36.2715,-89.4706667,6.32,2.2,631.9577171387696,0.0
seismic,2018-01-05 12:39:53.460,35.9636667,-89.9183333,7.3,2.51,608.8949654680887,0.0
seismic,2018-01-05 13:27:47.000,45.54,-66.4,2.0,2.1,27.490969423782584,460.75
seismic,2018-01-07 09:53:19.630,34.9551667,-85.192,10.88,2.69,481.594130674588,323.294
seismic,2018-01-07 10:21:37.080,36.2711667,-89.4881667,8.35,1.78,632.2624555847563,0.0
seismic,2018-01-08 03:02:31.000,45.106,-74.222,5.0,1.6,9.914028849209718,360.819
seismic,2018-01-08 05:32:37.130,36.5731667,-89.6121667,6.04,1.16,667.6967082072885,0.0
seismic,2018-01-08 07:12:15.280,44.3224,-66.9858,5.0,1.6,32.14183016549057,346.814
seismic,2018-01-09 06:13:07.760,36.257,-89.4771667,7.43,1.47,630.4993240550815,0.0
seismic,2018-01-09 08:47:39.900,36.4503333,-89.5435,8.72,2.42,652.9219915445148,0.0
seismic,2018-01-10 01:43:17.290,35.7476667,-84.2598333,18.3,1.06,475.0008696471909,226.975
seismic,2018-01-11 08:23:35.870,36.5035,-89.5858333,10.17,1.8,659.5665807950119,0.0
seismic,2018-01-11 12:15:03.060,35.508,-84.4431667,13.32,1.74,467.0935011498218,253.811
seismic,2018-01-16 09:13:28.870,36.3926667,-89.5568333,9.98,1.48,646.8903802084191,0.0
seismic,2018-01-16 16:57:54.810,36.1631667,-89.686,9.42,3.64,624.6820008755828,0.0
seismic,2018-01-16 17:14:45.340,46.4655,-87.6768,0.0,2.2,1021.93338324572,707.399
seismic,2018-01-17 01:10:10.000,42.538,-83.481,0.0,1.8,673.8593226034556,396.717
seismic,2018-01-17 06:31:21.070,35.8363333,-84.1161667,1.57,1.49,474.0494996498391,217.867
seismic,2018-01-17 10:06:45.270,35.5205,-84.475,19.79,1.35,470.1228356548225,252.518
seismic,2018-01-17 16:50:46.610,35.7286667,-84.3025,21.38,2.41,476.0012027841884,229.007
seismic,2018-01-17 23:46:59.980,44.0913,-69.7528,8.52,2.7,3.841769819635631,161.403
seismic,2018-01-18 00:47:39.030,44.0995,-69.7872,3.47,1.9,4.51933885791587,160.71
seismic,2018-01-18 00:59:39.030,44.1062,-69.8265,5.1,1.8,6.47821791143614,159.72
seismic,2018-01-18 02:15:05.720,44.9475,-68.9761,10.98,1.6,45.22420126679182,274.942
seismic,2018-01-18 05:24:38.770,35.477,-85.168,24.07,1.7,513.8472125132855,265.885
seismic,2018-01-18 20:04:44.910,36.6058333,-89.8995,4.92,2.7,677.4859115540992,0.0
seismic,2018-01-19 06:24:34.480,44.5996,-69.6516,5.89,1.7,56.36648860708655,214.671
seismic,2018-01-20 01:16:32.760,47.6218,-70.2142,5.6,2.2,2.7321339042885087,529.095
seismic,2018-01-20 04:02:02.230,35.362,-84.5145,11.51,1.52,460.6056122300208,270.404
seismic,2018-01-20 19:39:06.300,36.1621667,-89.6796667,7.55,1.7,624.4309377162488,0.0
seismic,2018-01-21 04:37:24.260,37.7581667,-84.663,11.14,2.59,638.8099572195421,15.733
seismic,2018-01-21 04:52:49.220,36.5533333,-89.7655,11.85,1.51,668.7620860784584,0.0
seismic,2018-01-21 05:14:47.860,35.171,-83.8515,5.12,2.02,402.729015407501,294.651
seismic,2018-01-21 06:08:55.950,46.3836,-75.0633,16.84,3.0,105.5497748059758,508.595
seismic,2018-01-22 12:07:43.890,36.895,-83.6473333,25.91,2.72,549.1227320125037,112.25
seismic,2018-01-22 15:35:49.910,36.5323333,-89.5938333,9.03,2.43,662.8734005483781,0.0
seismic,2018-01-22 17:03:49.410,46.4854,-87.6805,0.0,2.2,1022.4208790960282,709.612
seismic,2018-01-23 05:16:51.360,35.9265,-89.9221667,13.02,1.54,605.0234030064231,0.0
seismic,2018-01-24 03:28:51.080,47.4586,-70.1443,12.76,2.2,8.121879664534603,511.765
seismic,2018-01-24 06:05:45.540,43.7939,-71.0051,5.55,1.6,59.81259650639788,101.667
seismic,2018-01-24 06:53:58.580,44.1384,-70.5895,6.08,2.3,53.335725922317685,141.82
seismic,2018-01-24 07:32:39.660,47.4411,-70.1644,14.8,1.8,8.15395697112272,509.666
seismic,2018-01-24 10:44:51.080,36.5858333,-89.8483333,4.28,2.07,674.1409813590669,0.0
seismic,2018-01-25 05:59:13.270,36.5618333,-89.5981667,8.23,1.98,666.1797953266862,0.0
seismic,2018-01-25 19:29:39.290,36.4915,-89.5648333,9.11,1.29,657.8389101008563,0.0
seismic,2018-01-26 03:08:15.590,36.1688333,-89.4758333,12.38,1.5,620.8421994398868,0.0
seismic,2018-01-26 08:20:48.160,39.4368,-81.7153,11.02,2.5,390.7778738644088,218.621
seismic,2018-01-27 05:27:36.870,47.3372,-70.3828,12.56,1.9,4.007450520198277,496.596
seismic,2018-01-27 08:30:09.630,36.154,-89.3673333,4.95,1.74,617.1428684150668,0.0
seismic,2018-01-27 11:59:06.000,46.35,-72.22,18.0,2.3,8.874122361441525,399.306
seismic,2018-01-27 19:04:46.220,35.3356667,-84.7356667,17.39,1.8,473.6886079786561,274.813
seismic,2018-01-29 02:53:18.980,35.5798333,-84.2091667,19.07,1.89,458.0888048355807,245.935
seismic,2018-01-29 04:54:59.760,35.5755,-84.2151667,18.39,1.54,458.1040439727162,246.394
seismic,2018-01-29 22:04:06.850,46.3973,-75.3136,18.0,3.0,117.7202980368443,522.589
seismic,2018-01-30 08:48:21.480,36.4736667,-89.5691667,10.05,1.58,655.9777243541247,0.0
seismic,2018-01-30 11:29:00.070,36.5583333,-89.627,7.91,1.4,666.377984515442,0.0
seismic,2018-01-30 11:40:44.170,35.5126667,-84.136,19.21,2.02,448.1060587886399,253.837
seismic,2018-01-30 21:42:17.410,36.2191667,-89.4676667,6.7,1.1,626.179539884304,0.0
seismic,2018-01-31 02:31:03.000,46.14,-65.84,2.0,2.2,76.18698259342094,537.118
seismic,2018-02-01 02:48:06.890,36.1125,-89.4361667,12.81,1.17,613.9083278290773,0.0
seismic,2018-02-01 21:00:13.000,46.15,-65.84,2.0,2.6,77.27973127690092,537.854
seismic,2018-02-01 22:46:41.000,46.14,-65.84,2.0,2.2,76.18698259342094,537.118
seismic,2018-02-02 05:45:47.880,46.1592,-65.8483,2.0,2.6,78.17912125652207,538.053
seismic,2018-02-02 06:00:37.000,46.14,-65.85,2.0,2.1,76.05596338950089,536.539
seismic,2018-02-02 11:30:43.740,36.409,-89.514,8.39,1.68,647.8288023384447,0.0
seismic,2018-02-03 21:50:22.630,36.5846667,-89.8403333,4.91,1.93,673.8323509251893,0.0
seismic,2018-02-04 21:52:13.470,45.2457,-69.3737,5.0,1.6,88.62771788266477,289.028
seismic,2018-02-05 05:19:44.580,36.491,-89.576,10.31,1.39,658.0059575413998,0.0
seismic,2018-02-05 16:00:07.020,36.5311667,-89.607,12.08,1.93,663.0103696103087,0.0
seismic,2018-02-07 11:14:00.840,41.362,-73.871,6.24,2.17,8.523516045175862,285.308
seismic,2018-02-07 11:15:43.860,41.362,-73.8661667,4.06,1.26,8.826138241070481,284.976
seismic,2018-02-07 13:39:47.270,41.3661667,-73.874,6.78,1.28,8.665077894932352,285.25
seismic,2018-02-08 04:42:13.800,35.7635,-84.0426667,23.3,1.85,463.5704506270663,226.655
seismic,2018-02-08 23:48:36.410,35.5168333,-84.5128333,9.98,1.74,472.2915974437886,253.082
seismic,2018-02-09 02:03:58.980,47.3656,-70.352,12.14,2.4,2.6147487758671515,499.924
seismic,2018-02-09 15:47:38.030,35.2185,-85.0373333,2.75,2.22,486.8822131154556,291.674
seismic,2018-02-10 20:09:53.220,35.5475,-84.9001667,8.74,1.49,500.3509930071615,253.273
seismic,2018-02-13 23:44:22.300,43.4846,-71.5656,5.21,2.0,78.53397299312175,84.39
seismic,2018-02-14 03:05:03.170,43.8099,-71.365,8.51,1.0,85.68318015312992,109.27
seismic,2018-02-15 01:34:25.650,45.0728,-70.9056,12.31,1.6,143.92466502580035,243.815
seismic,2018-02-15 09:34:19.710,36.0003333,-84.3983333,13.05,2.18,504.4022019489242,198.602
seismic,2018-02-15 14:28:55.640,42.9206,-71.0106,7.27,2.7,15.920532701083614,7.102
seismic,2018-02-16 07:00:49.990,36.5305,-89.5991667,9.01,1.3,662.7801280311542,0.0
seismic,2018-02-17 12:11:23.550,34.7255,-81.5501667,2.5,2.31,252.43124718643443,175.991
seismic,2018-02-18 16:12:50.720,36.8671667,-89.4225,9.49,2.01,696.4112613559088,0.0
seismic,2018-02-19 13:12:41.810,35.6781667,-81.3325,2.49,1.5,314.4829309577737,161.853
seismic,2018-02-19 22:43:27.920,36.548,-89.6401667,8.15,1.19,665.5199934268007,0.0
seismic,2018-02-21 10:16:38.500,36.2186667,-83.7701667,21.11,2.1,489.7791786149142,180.611
seismic,2018-02-22 00:42:14.540,36.2055,-89.4938333,7.19,1.64,625.2031108838681,0.0
seismic,2018-02-22 09:58:11.280,36.2848333,-89.4973333,7.1,1.49,633.9354918197218,0.0
seismic,2018-02-23 06:51:48.710,36.4718333,-89.5768333,10.98,1.65,655.930518690511,0.0
seismic,2018-02-23 22:14:28.360,36.4263333,-89.5266667,10.21,1.72,649.9699547707421,0.0
seismic,2018-02-25 14:28:54.850,36.5343333,-89.647,8.64,1.89,664.1712099438128,0.0
seismic,2018-02-27 10:38:29.860,35.7013333,-84.3413333,17.99,1.85,476.1261777233517,232.036
seismic,2018-02-27 10:44:39.710,35.7025,-84.3408333,18.31,1.31,476.19083400218216,231.905
seismic,2018-02-27 11:06:22.770,41.3348,-73.0121,11.1,1.5,8.702936332131586,231.495
seismic,2018-02-28 02:10:36.410,37.7451667,-78.1598333,5.32,2.26,90.16612943798091,0.0
seismic,2018-03-01 12:39:29.430,44.4906,-66.9922,7.54,1.5,14.575075757060448,355.483
seismic,2018-03-01 14:40:13.640,36.5916667,-89.5896667,8.1,1.38,669.268609345429,0.0
seismic,2018-03-02 07:14:25.000,47.641,-69.904,13.4,2.1,7.139856491868338,534.167
seismic,2018-03-02 08:52:14.490,35.3333333,-84.1611667,4.94,1.19,435.28269505148535,273.719
seismic,2018-03-02 09:24:48.090,32.955,-80.1666667,6.84,2.41,23.72905210211106,0.0
seismic,2018-03-05 00:00:50.000,45.271,-67.12,2.0,1.4,6.477686634156666,398.457
seismic,2018-03-05 03:19:48.470,35.3281667,-84.3683333,12.85,1.5,448.33952392923226,273.814
seismic,2018-03-05 12:11:31.920,34.8345,-86.2408333,4.52,1.79,477.16164669852697,310.162
seismic,2018-03-05 15:42:04.630,36.2088333,-89.461,9.77,1.64,624.9202318532809,0.0
seismic,2018-03-06 20:38:24.260,34.1323333,-86.6531667,4.96,1.7,394.5273826952777,258.534
seismic,2018-03-07 10:07:40.020,43.2483,-71.6596,3.19,2.4,76.22137098281938,70.678
seismic,2018-03-08 23:56:07.670,35.8858333,-84.2658333,27.22,2.28,486.9544847032014,211.495
seismic,2018-03-10 05:10:41.250,36.5303333,-89.5996667,9.04,2.27,662.7719694660636,0.0
seismic,2018-03-11 16:02:53.340,36.5573333,-89.601,6.42,2.44,665.745183079351,0.0
seismic,2018-03-11 16:09:48.770,36.5563333,-89.597,6.86,1.48,665.5561775049359,0.0
seismic,2018-03-11 16:12:22.020,36.5545,-89.5995,6.92,1.38,665.4059747827357,0.0
seismic,2018-03-14 10:40:49.120,36.2223333,-89.4241667,7.09,1.65,625.688654264375,0.0
seismic,2018-03-14 11:29:14.000,46.94,-66.18,2.0,2.4,64.18294605736301,582.4
seismic,2018-03-14 16:02:27.600,35.4831667,-85.3105,5.85,1.51,524.3803735756442,268.588
seismic,2018-03-14 22:19:48.970,45.341,-66.235,2.0,2.9,3.100388375572056,457.446
seismic,2018-03-15 01:54:13.680,34.5978333,-85.1453333,5.4,1.22,457.4658893995696,361.747
seismic,2018-03-15 12:05:15.180,36.4401667,-89.5335,9.28,1.43,651.6151210870723,0.0
seismic,2018-03-16 07:37:17.440,36.242,-89.42,7.32,1.72,627.7624818434118,0.0
seismic,2018-03-16 14:21:02.130,36.2343333,-89.507,7.47,1.43,628.6131181401342,0.0
seismic,2018-03-17 13:38:16.090,36.3123333,-89.4673333,5.01,1.17,636.3582788110473,0.0
seismic,2018-03-17 23:13:30.000,47.033,-66.619,2.0,1.9,95.72412466465596,569.494
seismic,2018-03-18 07:42:35.670,44.1118,-69.459,4.82,1.2,9.477264387457788,176.993
seismic,2018-03-18 20:46:49.390,36.5725,-89.5901667,8.71,1.52,667.185383972175,0.0
seismic,2018-03-18 23:13:12.430,34.8675,-85.0165,13.69,2.23,462.9130132526931,330.07
seismic,2018-03-19 02:19:25.580,36.5575,-89.6165,5.67,2.13,666.0746194270671,0.0
seismic,2018-03-19 12:19:00.190,35.789,-82.0993333,5.18,1.71,372.3864287939112,184.022
seismic,2018-03-19 14:07:08.570,34.8441667,-84.959,13.65,2.31,457.1178074606983,331.878
seismic,2018-03-19 14:50:40.570,36.4315,-89.5368333,8.8,1.63,650.73363149093,0.0
seismic,2018-03-20 22:40:21.440,35.9791667,-89.9445,7.47,1.29,611.2481071458745,0.0
seismic,2018-03-21 03:10:26.490,36.044,-89.8315,8.78,1.8,615.2766818200871,0.0
seismic,2018-03-21 04:59:13.250,44.753,-74.5946667,5.0,2.67,28.8905699766564,359.041
seismic,2018-03-21 08:59:35.560,36.2676667,-89.4666667,7.09,2.4,631.4611995608165,0.0
seismic,2018-03-21 22:51:58.970,44.8595,-74.7231667,4.03,1.88,15.574903290975016,374.167
seismic,2018-03-22 16:11:40.010,36.3023333,-89.5365,10.12,1.43,636.6251546739657,0.0
seismic,2018-03-25 09:26:49.620,38.6411667,-83.4233333,14.88,2.3,524.1290819244988,101.32
seismic,2018-03-27 04:52:45.490,45.5704,-67.327,8.82,2.2,38.98546900056005,409.981
seismic,2018-03-28 03:12:45.000,36.535,-89.6436667,8.19,1.21,664.1751673295664,0.0
seismic,2018-03-28 03:14:16.480,36.5328333,-89.6421667,8.0,1.81,663.9082015159543,0.0
seismic,2018-03-28 19:45:04.580,36.1728333,-82.2995,2.55,2.35,415.5835849807657,165.223
seismic,2018-03-28 21:31:08.000,47.237,-66.262,2.0,1.9,63.72262664959703,603.953
seismic,2018-03-29 01:50:18.920,44.2081,-67.8499,5.0,1.7,21.462822304250324,280.877
seismic,2018-03-29 03:01:44.740,45.5736,-67.3325,5.0,1.6,39.44675069666773,409.945
seismic,2018-03-29 03:11:16.760,45.5362,-67.3434,5.0,2.5,35.756856844684215,406.342
seismic,2018-03-31 12:03:23.000,45.59,-67.33,0.6,1.7,41.14545845455847,411.407
seismic,2018-04-02 04:17:55.920,36.07,-83.6535,19.82,2.54,470.1559543476921,199.273
seismic,2018-04-02 23:30:05.790,36.3126667,-89.5345,9.58,1.71,637.7125502186715,0.0
seismic,2018-04-03 04:28:52.650,36.4386667,-89.5345,9.28,1.66,651.4708137725326,0.0
seismic,2018-04-03 16:09:07.750,43.5285,-71.5273,5.48,1.4,78.62260092735801,86.636
seismic,2018-04-03 22:14:24.880,47.6111,-69.9586,14.31,1.9,8.065827670150417,530.298
seismic,2018-04-05 22:19:52.890,41.478,-77.3828,0.0,2.6,241.20565161943324,396.906
seismic,2018-04-06 02:52:30.820,34.7095,-80.268,4.26,1.95,170.31926000355955,131.936
seismic,2018-04-07 03:25:18.550,41.6507,-71.3674,5.0,1.4,0.8085286198857116,124.965
seismic,2018-04-07 17:56:38.250,35.9156667,-89.9433333,12.81,2.39,604.4352573110677,0.0
seismic,2018-04-08 09:12:06.600,47.4669,-70.2173,16.18,1.7,3.409908121620632,512.055
seismic,2018-04-08 14:46:27.190,36.2606667,-89.4975,8.28,1.66,631.299280893406,0.0
seismic,2018-04-08 23:03:47.660,44.746,-74.6155,5.0,1.15,29.219333119016916,359.949
seismic,2018-04-11 02:14:08.020,36.3856667,-83.6168333,13.22,2.16,498.2349183628957,166.32
seismic,2018-04-12 06:33:54.010,36.24,-89.4815,7.16,1.66,628.7267054146024,0.0
seismic,2018-04-17 14:08:10.780,35.9436667,-89.9258333,4.65,2.42,606.9559120738359,0.0
seismic,2018-04-17 22:59:24.170,46.6803,-75.6085,18.0,3.4,156.40258935799193,561.045
seismic,2018-04-20 00:01:35.350,42.1181,-83.015,2.7,3.4,615.7851447331562,385.414
seismic,2018-04-20 08:23:33.690,45.0102,-67.0527,3.47,1.0,1.1700479919668685,383.995
seismic,2018-04-21 02:16:07.780,36.4876667,-83.0625,12.61,2.27,485.0477743358923,177.416
seismic,2018-04-21 11:42:37.260,34.378,-88.0003333,4.79,2.3,405.9363019200689,216.309
seismic,2018-04-21 17:16:42.380,36.2985,-89.5213333,7.58,1.58,635.9031508588894,0.0
seismic,2018-04-21 18:11:40.420,36.0841667,-89.7913333,9.18,1.27,618.6116264418677,0.0
seismic,2018-04-21 23:16:23.170,36.132,-89.7238333,5.58,2.51,622.1739805706399,0.0
seismic,2018-04-22 03:18:12.780,46.6715,-66.5516,9.25,1.9,101.67913840653428,541.315
seismic,2018-04-22 21:35:49.250,47.0772,-66.6029,5.0,2.3,94.27846846105842,574.146
seismic,2018-04-23 05:58:46.440,35.6163333,-83.6105,4.07,2.1,426.5213621289774,249.536
seismic,2018-04-24 02:28:47.040,36.2808333,-89.5176667,8.8,1.12,633.9015812679933,0.0
seismic,2018-04-24 13:14:10.360,36.2818333,-89.4738333,5.72,1.14,633.1486974694866,0.0
seismic,2018-04-24 14:39:59.710,36.198,-89.5433333,5.02,1.75,625.3879316526596,0.0
seismic,2018-04-24 17:36:42.370,47.4057,-70.1516,14.02,2.5,6.542085578387861,505.895
seismic,2018-04-25 07:56:16.530,36.0261667,-83.7891667,8.24,2.74,472.9916374665109,201.282
seismic,2018-04-27 00:23:45.240,36.235,-89.4985,6.84,2.07,628.5164883350235,0.0
seismic,2018-04-27 03:50:18.390,36.4898333,-89.4711667,4.76,2.24,655.8578326941454,0.503
seismic,2018-04-29 05:00:11.380,36.2018333,-89.5145,6.65,1.25,625.2176648422175,0.0
seismic,2018-04-29 06:39:22.810,34.9481667,-84.853,12.37,2.58,455.6600110989685,319.101
seismic,2018-04-29 15:00:01.750,36.3103333,-89.5075,7.21,1.29,636.9210432529347,0.0
seismic,2018-04-29 22:32:08.320,36.2968333,-83.3895,21.17,3.1,479.4235713197856,182.807
seismic,2018-04-29 22:49:01.720,36.1345,-89.7201667,9.93,1.43,622.3594395771499,0.0
seismic,2018-04-29 23:23:45.650,36.4856667,-89.5913333,12.8,2.3,657.7309152167484,0.0
seismic,2018-05-03 03:33:45.170,37.1506667,-89.4446667,10.72,2.0,727.9771367233518,0.0
seismic,2018-05-04 07:58:19.080,43.5925,-77.2621667,5.24,1.51,256.35067915618293,514.067
seismic,2018-05-05 11:34:47.750,36.1556667,-89.4388333,11.44,1.43,618.678187761471,0.0
seismic,2018-05-06 01:08:53.810,44.2704,-69.4459,5.0,1.3,24.283808940228077,191.695
seismic,2018-05-06 04:19:33.060,36.3261667,-89.512,7.93,1.32,638.7391238384879,0.0
seismic,2018-05-06 07:59:37.390,47.357,-70.1474,17.62,1.7,1.8687885652101563,500.589
seismic,2018-05-06 15:50:21.810,36.0771667,-89.7943333,8.08,1.13,617.9302338887397,0.0
seismic,2018-05-06 16:47:09.220,27.871,-88.6778,10.0,4.6,132.06561704288882,116.916
seismic,2018-05-06 21:42:25.850,36.425,-89.5118333,8.65,1.19,649.5357611117616,0.0
seismic,2018-05-07 09:41:39.520,36.5341667,-89.644,8.19,1.22,664.0912299133427,0.0
seismic,2018-05-07 14:58:08.520,45.1078,-83.3691,0.0,2.4,680.9409082999157,646.044
seismic,2018-05-07 21:20:31.200,36.4798333,-89.5405,8.46,1.58,656.0863017421677,0.0
seismic,2018-05-08 05:29:28.620,36.4918333,-89.5228333,7.61,1.33,657.0555064664416,0.0
seismic,2018-05-08 21:27:39.510,43.7347,-78.949,5.05,3.0,364.9608318490445,644.506
seismic,2018-05-12 10:37:25.270,36.5531667,-89.5638333,5.03,2.3,664.555436382203,0.0
seismic,2018-05-13 12:36:13.140,36.5576667,-89.622,7.72,1.53,666.2039410319627,0.0
seismic,2018-05-13 18:15:38.160,36.395,-89.584,12.34,1.64,647.6936728586222,0.0
seismic,2018-05-14 04:19:35.660,45.4945,-65.5945,5.0,2.1,15.58860039014514,508.292
seismic,2018-05-14 09:09:51.430,36.477,-89.5435,8.78,1.68,655.8353370357016,0.0
seismic,2018-05-16 23:04:10.300,44.946,-66.3847,12.76,1.6,15.53753129465019,422.969
seismic,2018-05-17 14:54:58.430,36.5608333,-89.6241667,7.55,1.92,666.5931758087918,0.0
seismic,2018-05-18 04:45:16.540,45.0549,-69.3561,3.92,1.1,70.35047764895994,270.439
seismic,2018-05-20 04:55:19.360,47.7792,-70.0332,6.43,1.2,5.416244523784507,547.93
seismic,2018-05-20 04:56:08.400,46.9921,-66.6728,9.57,1.0,100.23069443563293,563.408
seismic,2018-05-20 06:22:26.200,35.8896667,-83.7968333,16.38,2.32,461.0268309789032,216.109
seismic,2018-05-20 07:52:16.930,35.6748333,-89.6901667,3.05,2.07,572.0531990592419,14.191
seismic,2018-05-20 14:56:07.340,36.4721667,-89.5581667,8.92,1.38,655.595807868371,0.0
seismic,2018-05-21 03:35:42.980,45.2025,-69.115,5.03,2.1,75.60715120298913,293.735
seismic,2018-05-21 03:47:23.860,46.9796,-66.5573,5.0,2.0,91.64430320198076,567.648
seismic,2018-05-22 07:54:05.560,34.7206667,-85.3491667,10.06,2.61,476.8844584339742,351.995
seismic,2018-05-22 07:58:48.110,34.7178333,-85.3503333,5.76,2.04,476.554014522907,352.328
seismic,2018-05-22 08:52:02.530,47.802,-69.6698,20.68,1.9,3.928075990171497,554.602
seismic,2018-05-23 03:50:41.790,36.1613333,-89.4821667,13.1,1.26,620.1493092993805,0.0
seismic,2018-05-23 17:50:10.780,41.6488333,-74.6353333,0.02,1.78,67.68179112761075,325.125
seismic,2018-05-23 22:06:37.250,33.916,-84.1471667,4.03,1.72,341.37724922221906,309.467
seismic,2018-05-24 06:26:00.430,36.3005,-89.4971667,5.17,1.26,635.643684251412,0.0
seismic,2018-05-24 08:02:01.690,36.3053333,-89.4893333,6.12,1.39,636.0186022541089,0.0
seismic,2018-05-24 20:08:50.830,35.8633333,-84.2945,15.99,2.73,486.740753949774,213.945
seismic,2018-05-25 00:11:05.990,36.5573333,-89.7706667,4.94,2.08,669.3098579986439,0.0
seismic,2018-05-25 20:22:32.100,41.128,-74.043,5.0,1.78,10.204976964844787,312.203
seismic,2018-05-27 05:59:24.990,45.1435,-66.7395,9.16,1.1,5.670508474404285,412.569
seismic,2018-05-27 10:42:57.930,36.1131667,-89.3898333,8.96,1.3,613.0913535348733,0.0
seismic,2018-05-27 14:17:50.720,36.4456667,-89.586,11.89,2.44,653.2597432838252,0.0
seismic,2018-05-30 05:45:41.560,34.3001667,-83.3596667,0.08,2.41,303.609070276249,256.532
seismic,2018-06-01 03:25:04.060,37.6563333,-89.6265,2.91,2.02,786.6412579764466,0.0
seismic,2018-06-01 14:40:20.500,36.1253333,-89.728,5.33,1.89,621.5499200934219,0.0
seismic,2018-06-02 00:41:15.590,36.5448333,-89.6646667,9.05,2.3,665.6808852349144,0.0
seismic,2018-06-02 06:49:03.310,35.976,-89.9123333,7.03,2.2,610.0559742258818,0.0
seismic,2018-06-03 06:11:59.600,36.7735,-81.5753333,1.66,2.24,383.6539749667351,73.164
seismic,2018-06-04 03:04:51.540,43.932,-70.4178,6.06,1.6,27.123336283921475,122.665
seismic,2018-06-04 06:35:03.910,44.6639,-68.5405,5.0,1.0,19.62232114319462,271.177
seismic,2018-06-04 22:21:12.600,36.5651667,-89.6353333,7.38,1.41,667.2925549204936,0.0
seismic,2018-06-05 03:30:05.900,47.4566,-70.4471,11.04,1.8,1.743440219589372,509.375
seismic,2018-06-05 07:35:11.560,36.4296667,-89.5271667,8.69,1.66,650.3439737061449,0.0
seismic,2018-06-05 23:11:31.830,36.6063333,-89.9025,5.07,1.68,677.610062689479,0.0
seismic,2018-06-06 03:30:34.590,36.412,-89.5196667,8.08,1.28,648.2670107175926,0.0
seismic,2018-06-06 06:01:14.560,36.1873333,-89.467,8.56,1.67,622.688398391753,0.0
seismic,2018-06-07 00:44:31.580,36.2598333,-89.4455,6.89,1.5,630.197659397486,0.0
seismic,2018-06-07 06:51:26.230,45.1237,-65.9777,5.0,1.2,10.639517097437242,460.607
seismic,2018-06-07 08:02:00.720,36.5173333,-89.495,4.98,2.52,659.3153827168981,0.754
seismic,2018-06-07 22:33:15.740,36.6051667,-89.8993333,5.37,1.85,677.4099810298779,0.0
seismic,2018-06-08 04:33:50.490,43.4042,-67.008,14.15,1.8,80.71051656006983,310.219
seismic,2018-06-08 10:15:14.450,36.3128333,-89.5263333,9.14,1.58,637.5674398965444,0.0
seismic,2018-06-09 08:27:54.680,36.1123333,-89.7476667,8.84,1.79,620.6058393358777,0.0
seismic,2018-06-10 11:51:57.850,35.6063333,-84.7268333,4.63,2.65,493.1616264292977,244.617
seismic,2018-06-10 20:09:20.070,47.1508,-70.4659,14.78,1.4,6.94978029244032,475.554
seismic,2018-06-10 23:56:36.750,36.2665,-81.101,2.1,2.68,349.58983356692926,92.848
seismic,2018-06-11 00:16:46.200,36.2458333,-81.1301667,9.17,1.98,349.3787230375099,95.929
seismic,2018-06-11 04:27:51.220,36.3011667,-89.4976667,5.18,1.51,635.7263305165502,0.0
seismic,2018-06-11 07:52:30.000,36.6325,-89.5555,8.47,2.31,673.0668235507458,0.0
seismic,2018-06-12 14:07:43.570,43.2963333,-77.308,5.0,1.12,280.8061199005978,514.383
seismic,2018-06-12 22:39:20.670,35.636,-81.2775,0.33,1.76,307.6530270156416,164.802
seismic,2018-06-13 01:12:58.150,35.654,-81.313,0.23,1.69,311.34774949745355,163.856
seismic,2018-06-13 04:49:01.450,36.5431667,-89.5965,6.99,1.23,664.1090771337679,0.0
seismic,2018-06-13 06:56:38.050,41.4348,-71.1882,5.0,1.3,3.803178678204491,144.661
seismic,2018-06-13 16:03:18.210,36.576,-89.6031667,5.6,1.11,667.8258635641303,0.0
seismic,2018-06-13 18:03:33.510,36.2826667,-89.498,7.52,1.39,633.7119541384218,0.0
seismic,2018-06-14 00:34:57.210,36.516,-89.5441667,6.38,2.23,660.1103278949313,0.0
seismic,2018-06-14 03:00:44.230,36.5158333,-89.5478333,6.66,1.66,660.1634668927097,0.0
seismic,2018-06-15 05:22:56.490,34.6321667,-84.5255,2.27,1.58,411.1899203666916,352.021
seismic,2018-06-15 19:11:15.790,36.5395,-89.6503333,6.89,1.87,664.8029060184239,0.0
seismic,2018-06-16 06:28:34.850,35.6198333,-84.2338333,8.06,2.42,462.873071455025,241.363
seismic,2018-06-16 08:29:04.500,36.2551667,-89.4648333,6.77,1.86,630.0591576852761,0.0
seismic,2018-06-17 12:50:23.850,36.1081667,-89.7526667,9.18,2.69,620.273981558984,0.0
seismic,2018-06-18 04:20:46.370,36.1666667,-89.4723333,9.02,1.31,620.5362874654111,0.0
seismic,2018-06-18 13:15:01.970,47.4726,-70.0201,17.56,2.0,0.4875596281740605,514.499
seismic,2018-06-18 21:59:06.820,34.9868333,-82.9148333,0.07,2.17,332.61464093314703,269.687
seismic,2018-06-19 19:09:32.630,36.4661667,-89.5356667,8.84,2.37,654.4985147844936,0.0
seismic,2018-06-20 16:15:09.000,45.7806,-74.2374,16.19,2.6,26.345804122864795,416.165
seismic,2018-06-21 04:28:37.740,39.7965,-74.6313333,12.0,1.65,32.90974993715257,358.789
seismic,2018-06-23 08:57:59.420,36.3718333,-89.5211667,8.68,1.16,643.9077642072307,0.0
seismic,2018-06-23 13:55:05.480,32.997,-83.6615,1.6,2.43,262.31125160894936,256.899
seismic,2018-06-24 21:50:02.940,36.2275,-89.44,7.69,1.7,626.5555687836469,0.0
seismic,2018-06-25 02:43:33.240,36.394,-89.5861667,9.47,1.74,647.6288041713966,0.0
seismic,2018-06-25 06:30:13.830,42.0958,-71.3677,5.0,1.4,31.049272503055416,79.245
seismic,2018-06-27 06:37:25.550,43.2732,-71.6762,5.0,1.1,78.11984868378877,73.443
seismic,2018-06-27 08:56:55.000,45.26,-73.86,18.0,2.3,7.030702419297267,353.098
seismic,2018-06-28 02:05:34.130,36.26,-89.4963333,8.16,1.55,631.203416590144,0.0
seismic,2018-06-29 19:49:39.520,45.409,-68.954,5.14,2.0,95.0742532156285,319.936
seismic,2018-07-02 04:07:58.050,46.7375,-70.3434,5.0,1.3,33.49924897614303,430.805
seismic,2018-07-02 23:38:52.830,35.5193333,-84.5578333,5.14,2.21,475.4187509949229,253.002
seismic,2018-07-03 07:35:32.500,36.5316667,-89.5955,8.03,1.4,662.8339828185173,0.0
seismic,2018-07-03 16:15:27.190,36.1986667,-89.4883333,7.21,1.68,624.3476681212904,0.0
seismic,2018-07-04 01:09:08.530,36.2926667,-89.5066667,8.85,1.3,634.9751268728876,0.0
seismic,2018-07-05 06:15:42.340,36.494,-89.5505,8.3,1.8,657.8298160463612,0.0
seismic,2018-07-05 07:42:39.710,37.9568333,-77.9598333,3.06,1.74,69.12661207493284,9.202
seismic,2018-07-06 05:38:51.310,36.2793333,-89.5126667,9.52,1.53,633.6382299324576,0.0
seismic,2018-07-06 09:29:42.500,34.742,-87.6756667,8.16,2.79,447.8526122384857,206.654
seismic,2018-07-06 11:51:56.960,36.4253333,-89.5136667,9.1,1.59,649.6077064612596,0.0
seismic,2018-07-07 19:35:05.190,44.61,-89.1573,5.0,1.3,1140.42027901116,496.04
seismic,2018-07-07 22:30:07.430,36.5101667,-89.5365,6.62,1.61,659.3239393338822,0.0
seismic,2018-07-08 19:51:17.330,35.6396667,-84.2896667,6.79,2.26,467.9202114056173,238.991
seismic,2018-07-09 07:03:17.490,36.177,-81.9668333,7.83,1.96,394.0848122615057,143.315
seismic,2018-07-11 03:32:13.500,41.6945,-71.7539,5.0,1.3,25.453706560604672,133.995
seismic,2018-07-11 04:40:32.340,36.3105,-89.5385,6.11,2.08,637.5564304205329,0.0
seismic,2018-07-11 06:20:20.750,36.1683333,-81.9616667,8.08,1.89,393.08187512748896,143.702
seismic,2018-07-12 02:20:07.650,44.794,-74.2723333,11.99,1.37,34.28647478667241,341.279
seismic,2018-07-14 06:53:22.740,41.4726,-72.6485,1.06,1.1,21.44698477806408,199.213
seismic,2018-07-15 03:22:29.760,36.4833333,-89.5466667,9.27,1.64,656.5893109283255,0.0
seismic,2018-07-15 04:34:21.160,36.4951667,-89.5383333,8.07,1.5,657.7198566930397,0.0
seismic,2018-07-15 06:39:23.630,44.6203,-89.1541,5.0,1.5,1140.038686387338,497.198
seismic,2018-07-15 11:10:04.260,36.485,-89.545,9.14,1.95,656.7388003411879,0.0
seismic,2018-07-15 14:27:08.940,34.8795,-85.5068333,13.71,2.2,492.23298486304463,338.403
seismic,2018-07-15 19:42:05.080,36.1648333,-89.678,7.53,1.9,624.6824734775485,0.0
seismic,2018-07-16 02:55:11.370,44.4827,-70.3914,6.07,1.3,67.52076817854628,182.526
seismic,2018-07-16 03:54:58.780,36.3103333,-89.5373333,5.74,1.66,637.5147921582932,0.0
seismic,2018-07-16 17:43:55.430,43.1934,-70.7048,5.0,2.1,7.709104611123225,37.154
seismic,2018-07-17 00:18:11.590,36.6791667,-89.524,10.54,2.29,677.5786233087194,0.0
seismic,2018-07-17 03:22:36.050,36.0673333,-89.8031667,9.63,1.78,617.0866963314203,0.0
seismic,2018-07-17 14:42:23.370,36.4056667,-89.545,10.49,1.66,648.0735077579368,0.0
seismic,2018-07-19 01:17:16.650,45.8,-77.459,13.43,2.9,232.64136609853887,611.027
seismic,2018-07-21 01:31:32.240,46.5126,-65.9423,5.0,1.1,77.43945057457455,559.772
seismic,2018-07-21 16:46:23.340,36.5621667,-89.6378333,7.52,1.58,667.0164786586336,0.0
seismic,2018-07-21 17:12:20.960,36.311,-89.5386667,6.25,1.71,637.6143368347037,0.0
seismic,2018-07-22 11:48:39.590,36.373,-89.5105,7.65,1.65,643.8262341905232,0.0
seismic,2018-07-23 15:17:33.940,41.0628333,-73.8368333,10.08,1.49,2.928826185321189,303.143
seismic,2018-07-27 13:19:40.100,36.2083333,-89.4916667,6.9,1.73,625.4692928511053,0.0
seismic,2018-07-28 04:09:27.920,36.2286667,-89.4373333,8.9,1.51,626.6321926751541,0.0
seismic,2018-07-28 04:12:05.260,36.2285,-89.4378333,9.05,1.64,626.6235112675844,0.0
seismic,2018-07-28 04:50:43.970,36.2285,-89.4381667,9.08,1.76,626.6298840456928,0.0
seismic,2018-07-28 04:55:15.850,36.228,-89.4353333,8.67,1.85,626.5210706608636,0.0
seismic,2018-07-28 16:23:05.430,36.2548333,-89.4736667,7.39,1.13,630.1942901388289,0.0
seismic,2018-07-28 20:35:53.830,36.4393333,-89.5516667,9.93,1.44,651.8817486971086,0.0
seismic,2018-07-29 19:51:18.210,41.0677,-73.6051,10.27,1.4,4.977504969343258,288.074
seismic,2018-07-29 20:09:06.970,45.1078333,-74.773,10.0,1.52,11.82280034378102,393.883
seismic,2018-07-29 22:15:50.820,36.7693333,-89.4695,14.84,1.86,686.4743030241362,0.0
seismic,2018-07-30 06:38:53.060,47.0333,-71.057,10.0,2.1,6.405125021802628,461.54
seismic,2018-07-30 09:18:56.230,36.4093333,-89.5188333,7.87,1.74,647.9593338393821,0.0
seismic,2018-07-31 05:36:06.410,36.175,-89.438,9.27,2.11,620.7756956252842,0.0
seismic,2018-07-31 07:23:05.070,41.8161667,-81.2666667,5.0,1.66,481.08698916867377,469.485
seismic,2018-07-31 10:37:23.040,35.0271667,-85.2116667,10.78,2.46,487.4847866880163,315.794
seismic,2018-08-01 09:04:02.290,36.352,-89.5091667,8.02,1.7,641.5055298384949,0.0
seismic,2018-08-01 19:19:07.000,36.6065,-89.3996667,8.51,1.88,667.3684900036131,0.161
seismic,2018-08-02 06:59:20.020,43.2034,-71.7087,1.36,1.3,78.8943320621953,71.05
seismic,2018-08-02 23:08:22.240,38.2826667,-83.894,0.39,2.39,565.8307051557726,44.715
seismic,2018-08-03 15:10:35.170,36.4058333,-89.5925,11.88,1.5,649.0481313322538,0.0
seismic,2018-08-03 16:57:13.650,35.7413333,-83.9891667,0.04,2.36,458.5938413421737,229.711
seismic,2018-08-03 17:01:05.040,35.7663333,-83.979,3.86,1.5,460.1737945285487,227.062
seismic,2018-08-03 17:13:24.250,35.7505,-83.9873333,6.14,1.89,459.2796775190882,228.716
seismic,2018-08-03 17:32:43.280,35.7436667,-83.9843333,3.57,2.0,458.5186846433731,229.51
seismic,2018-08-04 12:57:30.040,35.7483333,-83.9858333,2.35,2.12,459.00702976884446,228.974
seismic,2018-08-06 08:52:40.020,44.9075,-75.1352,12.28,2.0,34.80317637441354,404.032
seismic,2018-08-08 08:50:11.630,47.57,-70.2763,9.89,1.9,5.272794104275565,522.937
seismic,2018-08-09 02:52:17.310,34.6748333,-85.0678333,12.04,1.85,455.58688139649325,352.087
seismic,2018-08-10 04:04:12.350,44.5787,-89.1839,5.0,1.3,1142.915035543885,492.459
seismic,2018-08-10 07:44:13.050,47.208,-70.9688,11.43,1.7,18.920724083093667,480.728
seismic,2018-08-12 09:46:25.820,36.0596667,-81.5233333,5.59,2.37,356.8753487000456,129.976
seismic,2018-08-12 21:09:20.210,36.4768333,-89.5431667,7.46,1.44,655.8106015657854,0.0
seismic,2018-08-13 09:58:49.340,36.1383333,-89.6975,10.0,2.03,622.2534267557277,0.0
seismic,2018-08-13 23:20:03.790,36.1745,-89.4766667,12.25,1.35,621.4774789065839,0.0
seismic,2018-08-14 06:36:59.410,36.5295,-89.5695,5.38,2.04,662.0811526670041,0.0
seismic,2018-08-14 16:11:26.820,36.5455,-89.6583333,4.28,1.67,665.6219965098891,0.0
seismic,2018-08-15 08:39:29.840,36.5021667,-89.557,8.74,1.63,658.8495411923485,0.0
seismic,2018-08-16 09:02:00.250,36.3953333,-89.57,5.88,1.51,647.4461366725728,0.0
seismic,2018-08-17 03:24:00.500,39.0758333,-77.4786667,5.0,1.32,40.24698950306287,136.894
seismic,2018-08-18 21:21:27.710,41.1295,-69.1271,5.0,2.4,71.02789879789783,223.935
seismic,2018-08-19 13:30:42.960,36.2728333,-89.4518333,7.15,1.81,631.7408138647412,0.0
seismic,2018-08-19 22:48:28.330,36.2721667,-89.445,5.92,2.16,631.5374280015224,0.0
seismic,2018-08-19 23:09:31.670,36.1925,-89.4986667,5.81,1.31,623.8807720099129,0.0
seismic,2018-08-20 01:52:14.840,36.2711667,-89.4461667,5.97,1.09,631.4502565318974,0.0
seismic,2018-08-20 05:17:48.640,36.2723333,-89.4515,6.78,1.28,631.679743538806,0.0
seismic,2018-08-20 07:34:02.910,35.7856667,-84.2901667,19.78,1.52,479.981800091378,222.647
seismic,2018-08-20 12:00:08.980,36.272,-89.4506667,6.92,1.67,631.6273455770604,0.0
seismic,2018-08-20 16:49:52.820,36.2723333,-89.4486667,6.98,1.2,631.6255876560665,0.0
seismic,2018-08-21 02:54:18.500,36.272,-89.451,6.79,1.83,631.6337199113891,0.0
seismic,2018-08-21 03:28:11.200,36.2715,-89.4466667,6.46,1.17,631.4962559688693,0.0
seismic,2018-08-21 09:34:49.610,36.2723333,-89.45,6.67,1.22,631.6510595585835,0.0
seismic,2018-08-21 13:13:18.960,36.2715,-89.4488333,6.71,1.58,631.5376097994111,0.0
seismic,2018-08-21 13:14:21.550,36.2723333,-89.4516667,6.78,1.19,631.6829330745098,0.0
seismic,2018-08-21 16:39:52.140,36.2721667,-89.4508333,6.92,1.51,631.6487667040923,0.0
seismic,2018-08-22 11:17:58.360,36.2965,-89.5255,9.54,1.54,635.768024789806,0.0
seismic,2018-08-23 15:40:49.950,36.2703333,-89.4556667,6.85,1.63,631.5408325687506,0.0
seismic,2018-08-23 16:31:21.450,37.0283333,-88.9245,14.22,2.26,707.4020010598531,15.434
seismic,2018-08-23 21:21:30.900,36.272,-89.451,6.79,1.31,631.6337199113891,0.0
seismic,2018-08-25 03:00:10.010,36.2723333,-89.4496667,6.81,1.32,631.6446899136946,0.0
seismic,2018-08-25 05:35:32.870,36.2718333,-89.4503333,6.89,1.44,631.6027353972534,0.0
seismic,2018-08-26 13:36:24.500,36.27,-89.4486667,6.54,1.3,631.3703351183603,0.0
seismic,2018-08-26 22:12:22.430,34.9525,-86.5756667,4.98,2.13,486.50933693670913,277.248
seismic,2018-08-26 23:40:24.320,36.4446667,-89.5401667,8.21,1.22,652.2374701964378,0.0
seismic,2018-08-27 02:24:14.760,44.2265,-72.3393,5.0,1.3,162.7889923463061,187.771
seismic,2018-08-27 03:44:34.260,36.3858333,-89.6005,13.03,1.23,647.0325405440414,0.0
seismic,2018-08-27 07:36:58.740,36.2693333,-89.4468333,6.31,1.29,631.2623939242686,0.0
seismic,2018-08-27 21:16:23.680,36.2691667,-89.4485,6.79,1.7,631.2759921698232,0.0
seismic,2018-08-28 11:24:04.710,36.2755,-89.5186667,8.0,1.78,633.3394172551813,0.0
seismic,2018-08-29 02:45:06.020,35.397,-84.424,18.47,2.66,457.2646911362642,266.183
seismic,2018-08-29 03:21:56.120,36.284,-89.5021667,8.47,1.79,633.939732255228,0.0
seismic,2018-08-29 08:34:48.700,36.2808333,-89.5336667,8.13,1.61,634.2224239882074,0.0
seismic,2018-08-29 21:31:53.060,36.271,-89.4471667,6.29,1.4,631.4510936201943,0.0
seismic,2018-08-29 21:33:23.630,36.2706667,-89.4495,6.92,1.7,631.4591905187453,0.0
seismic,2018-08-30 03:50:28.530,36.0838333,-89.4006667,9.33,1.81,610.0878932406921,1.225
seismic,2018-08-30 04:23:09.420,43.9936,-69.3689,11.3,1.8,1.049980419561788,171.59
seismic,2018-08-30 13:15:53.110,36.2693333,-89.4468333,6.34,1.39,631.2623939242686,0.0
seismic,2018-08-30 17:40:39.960,35.715,-84.257,21.0,2.06,472.1192298573125,230.639
seismic,2018-08-30 18:48:02.760,35.7653333,-84.019,4.19,1.16,462.369281887123,226.703
seismic,2018-08-31 04:56:00.300,36.2711667,-89.4511667,6.74,1.54,631.5457563770698,0.0
seismic,2018-08-31 11:03:10.710,36.4648333,-89.5595,9.8,1.98,654.8213760052793,0.0
seismic,2018-08-31 14:38:40.380,36.0921667,-89.7501667,7.16,2.18,618.4871978507117,0.0
seismic,2018-08-31 18:04:40.490,35.9628333,-89.991,8.25,1.87,610.7637971776895,0.0
seismic,2018-08-31 19:43:59.110,36.2491667,-89.4661667,6.71,1.15,629.4291099184734,0.0
seismic,2018-09-01 01:08:09.110,36.1101667,-89.7545,9.47,1.98,620.5333320559844,0.0
seismic,2018-09-02 09:16:57.800,36.4235,-82.4616667,20.6,2.01,445.1511425912844,160.458
seismic,2018-09-02 10:37:21.020,36.4405,-89.5128333,7.95,1.77,651.2497031785997,0.0
seismic,2018-09-02 22:06:35.770,44.2931,-71.0237,5.16,1.9,89.93041212388692,157.31
seismic,2018-09-04 03:09:39.990,36.3348333,-89.5283333,10.0,1.76,640.0088970277438,0.0
seismic,2018-09-04 03:12:40.040,36.334,-89.5271667,9.69,1.12,639.8947279852301,0.0
seismic,2018-09-04 09:43:37.090,41.7131667,-81.043,5.0,1.55,459.6382405804212,456.305
seismic,2018-09-06 13:24:02.120,36.272,-89.4523333,6.89,1.65,631.6592334725058,0.0
seismic,2018-09-06 21:42:19.540,36.4775,-89.543,9.14,1.4,655.8801878379817,0.0
seismic,2018-09-07 23:48:26.780,36.1161667,-89.4606667,14.46,1.62,614.790785429733,0.0
seismic,2018-09-08 19:08:17.160,36.421,-89.5475,9.5,1.74,649.7973112939935,0.0
seismic,2018-09-08 23:10:32.680,36.5018333,-89.5551667,9.39,2.68,658.7771239368602,0.0
seismic,2018-09-09 01:18:13.610,47.1762,-68.4568,5.0,1.4,110.48338316912516,513.833
seismic,2018-09-09 03:00:04.400,34.8306667,-85.2381667,9.95,2.64,477.78352364803845,337.787
seismic,2018-09-09 16:59:39.710,36.3171667,-89.5266667,9.39,1.99,638.04711473569,0.0
seismic,2018-09-09 17:03:15.660,36.2135,-89.4411667,10.05,1.28,625.0467051473732,0.0
seismic,2018-09-10 06:32:41.540,36.2693333,-89.4478333,6.27,1.55,631.2814832377599,0.0
seismic,2018-09-10 06:41:24.380,36.2716667,-83.7016667,24.8,2.29,491.3969747592023,176.343
seismic,2018-09-10 13:05:55.540,36.272,-89.4496667,6.72,1.16,631.6082292494128,0.0
seismic,2018-09-10 21:47:07.510,36.2691667,-89.4485,6.32,2.08,631.2759921698232,0.0
seismic,2018-09-11 03:23:44.590,36.2696667,-89.4501667,6.42,1.46,631.3625465048634,0.0
seismic,2018-09-11 04:26:01.240,47.7793,-69.8553,13.83,1.9,5.040304101783828,549.815
seismic,2018-09-11 06:50:30.010,36.372,-89.55,11.26,1.38,644.4981305634282,0.0
seismic,2018-09-11 12:11:49.580,44.5964,-89.1567,5.5,1.5,1140.5462057356287,494.529
seismic,2018-09-11 22:54:01.280,34.7676667,-85.0031667,7.56,1.94,455.9115853654298,340.924
seismic,2018-09-12 02:57:24.280,36.426,-89.5568333,9.97,1.75,650.5286098830949,0.0
seismic,2018-09-12 05:29:13.690,36.271,-89.4511667,6.57,1.46,631.5275216451228,0.0
seismic,2018-09-12 07:49:35.170,40.3523333,-75.9815,3.0,1.86,76.05649802189663,325.17
seismic,2018-09-12 09:48:51.420,40.3683333,-75.9943333,2.0,1.69,78.11818159788997,326.021
seismic,2018-09-13 06:27:40.520,33.9026667,-82.2683333,0.08,2.57,200.7222137502111,147.523
seismic,2018-09-13 13:15:56.850,36.2721667,-89.4515,6.77,1.57,631.6615197513024,0.0
seismic,2018-09-13 22:03:57.330,35.4788333,-84.2203333,21.64,2.09,450.6057513216412,257.183
seismic,2018-09-14 01:55:01.960,36.475,-89.4661667,4.82,2.74,654.1400864084061,0.0
seismic,2018-09-14 03:15:20.300,36.4748333,-89.467,4.71,2.64,654.1373455549198,0.0
seismic,2018-09-14 03:36:42.790,36.2713333,-89.4505,7.0,1.83,631.5512280317596,0.0
seismic,2018-09-14 20:51:04.700,36.471,-89.4611667,3.95,1.61,653.6089904706927,0.0
seismic,2018-09-15 05:57:23.750,40.3543333,-75.9883333,2.0,1.02,76.60425030282319,325.023
seismic,2018-09-16 19:21:23.820,36.2698333,-89.4476667,6.49,2.07,631.3330008171004,0.0
seismic,2018-09-17 14:21:38.510,39.7063333,-74.6248333,5.0,1.18,24.95080788571136,353.045
seismic,2018-09-18 08:20:41.590,36.2708333,-89.4523333,6.5,1.16,631.5316166979263,0.0
seismic,2018-09-18 19:15:41.020,36.2706667,-89.4468333,6.11,1.63,631.4082690648245,0.0
seismic,2018-09-19 08:17:40.770,36.5348333,-89.647,6.1,1.08,664.2256859436768,0.0
seismic,2018-09-20 05:11:38.840,35.972,-89.913,8.32,2.26,609.6455303324558,0.0
seismic,2018-09-20 06:44:24.390,38.1716667,-89.2658333,12.63,2.29,838.3446522710263,0.0
seismic,2018-09-20 09:20:32.470,36.5338333,-89.6485,8.05,1.14,664.1476912825566,0.0
seismic,2018-09-20 12:39:10.070,35.2393333,-84.5058333,10.81,1.79,450.9246449019744,284.081
seismic,2018-09-20 17:36:17.950,36.2698333,-89.448,6.12,1.23,631.339364840293,0.0
seismic,2018-09-21 07:42:02.940,36.546,-89.7086667,8.71,1.87,666.7347206689833,0.0
seismic,2018-09-21 13:54:28.360,42.8221,-71.4167,5.0,1.9,44.95455829322365,34.538
seismic,2018-09-22 06:35:58.380,43.6682,-72.3915,7.68,1.8,147.00803292017065,145.985
seismic,2018-09-22 07:47:15.390,33.2826667,-81.0173333,6.23,2.11,84.29028824543414,13.026
seismic,2018-09-23 05:24:03.700,36.2715,-89.451,6.62,1.29,631.5790260272562,0.0
seismic,2018-09-23 22:37:26.560,35.6376667,-84.3043333,10.31,1.74,468.6611076794512,239.191
seismic,2018-09-24 14:00:45.130,36.27,-89.4456667,6.26,1.35,631.3130807428795,0.0
seismic,2018-09-25 00:28:43.780,36.2685,-89.4455,6.3,1.11,631.1457953738028,0.0
seismic,2018-09-25 16:49:53.520,36.2693333,-89.4471667,5.95,1.14,631.26875686884,0.0
seismic,2018-09-28 04:49:27.050,46.1311,-65.8687,5.0,1.4,74.85495221360625,534.801
seismic,2018-09-28 08:04:29.740,35.6213333,-84.1711667,12.35,1.47,459.1810318624459,241.486
seismic,2018-09-28 18:52:17.220,36.2716667,-89.4493333,6.66,1.62,631.5653977787954,0.0
seismic,2018-09-29 13:32:55.610,44.1695,-66.2656,22.76,2.5,5.990610074840952,391.917
seismic,2018-09-29 23:58:06.880,36.21,-89.6275,7.44,1.61,628.470584977694,0.0
seismic,2018-09-30 11:20:28.830,36.2033333,-89.6308333,8.33,1.68,627.818539565262,0.0
seismic,2018-10-02 02:46:09.840,36.2716667,-89.4508333,6.69,1.73,631.5940724403541,0.0
seismic,2018-10-02 12:29:16.430,36.2703333,-89.4466667,6.1,1.4,631.3686162116126,0.0
seismic,2018-10-03 19:32:27.890,36.2688333,-89.4475,6.4,1.92,631.2204205329588,0.0
seismic,2018-10-03 23:50:08.670,36.535,-89.6353333,14.1,2.12,664.004050982223,0.0
seismic,2018-10-04 21:29:42.140,36.2585,-89.463,6.17,1.98,630.3881049685929,0.0
seismic,2018-10-04 23:18:28.410,35.9318333,-81.3985,0.17,1.88,338.8089781470123,137.619
seismic,2018-10-05 12:28:27.550,36.084,-89.7888333,9.56,2.26,618.533031259861,0.0
seismic,2018-10-06 03:35:41.480,35.669,-89.6795,10.2,2.21,571.1609642385565,15.319
seismic,2018-10-06 11:53:47.420,35.6666667,-89.6808333,9.53,1.94,570.9429063360751,15.431
seismic,2018-10-06 15:43:17.710,36.085,-89.7691667,10.16,1.49,618.166745293175,0.0
seismic,2018-10-06 20:50:03.360,35.5568333,-84.4225,10.44,1.56,469.5985697289127,248.294
seismic,2018-10-07 05:23:51.770,36.2458333,-89.4768333,7.32,1.33,629.2725867178148,0.0
seismic,2018-10-07 05:34:43.960,36.2695,-89.4483333,6.41,1.29,631.3092688700212,0.0
seismic,2018-10-07 20:56:22.760,38.4676667,-83.9171667,5.55,2.12,566.8974485956852,62.079
seismic,2018-10-08 00:07:46.640,36.9281667,-83.6316667,19.92,2.12,551.7445838079873,109.486
seismic,2018-10-08 02:16:21.940,36.5091667,-89.6736667,4.29,1.14,661.9864539803026,0.0
seismic,2018-10-08 08:22:40.730,36.5956667,-89.938,4.96,1.44,677.2968109608065,0.0
seismic,2018-10-08 19:09:26.360,46.2407,-75.3677,13.61,2.0,107.60190248138632,512.845
seismic,2018-10-10 07:45:13.920,47.148,-70.088,16.22,1.6,16.53094886639865,478.247
seismic,2018-10-11 02:33:22.530,36.2698333,-89.4491667,6.05,1.59,631.3616530640774,0.0
seismic,2018-10-11 03:12:50.220,36.2735,-89.4525,6.66,1.25,631.8265001061719,0.0
seismic,2018-10-11 12:39:44.550,36.4651667,-89.5548333,8.6,2.43,654.7654845450902,0.0
seismic,2018-10-11 14:08:34.100,36.2671667,-89.453,6.71,1.05,631.1433407767887,0.0
seismic,2018-10-11 18:09:23.010,36.2145,-89.4533333,8.29,1.33,625.3907071865721,0.0
seismic,2018-10-11 22:05:03.630,36.5501667,-89.6195,6.21,1.35,665.3353380899895,0.0
seismic,2018-10-12 04:44:49.670,36.2685,-89.4465,5.89,1.38,631.1648704631855,0.0
seismic,2018-10-12 06:27:53.860,36.2711667,-89.4463333,6.13,1.79,631.4534333981917,0.0
seismic,2018-10-12 06:51:11.230,36.28,-89.4938333,3.95,1.22,633.3386958734624,0.0
seismic,2018-10-12 12:26:21.360,36.2696667,-89.4476667,5.92,1.5,631.3147751649178,0.0
seismic,2018-10-13 08:53:01.770,45.5873,-74.6825,12.66,1.6,23.829542431090356,423.873
seismic,2018-10-14 18:14:16.010,35.8991667,-84.022,22.96,1.76,474.1589379914759,211.805
seismic,2018-10-15 00:49:47.870,43.2861,-71.6673,4.75,1.6,77.74099238300299,73.789
seismic,2018-10-15 06:08:16.170,35.3585,-85.8285,9.59,2.29,541.7051549557071,297.84
seismic,2018-10-15 20:53:42.470,36.2675,-89.451,6.05,1.25,631.1414838594685,0.0
seismic,2018-10-15 21:31:16.110,38.172,-89.7471667,8.58,2.13,845.378109478576,0.0
seismic,2018-10-16 05:29:58.720,36.2688333,-89.4498333,6.27,1.42,631.2650058902661,0.0
seismic,2018-10-16 07:06:54.210,36.2688333,-89.4481667,6.13,1.4,631.2331528635,0.0
seismic,2018-10-16 13:00:18.100,36.2681667,-89.449,6.14,1.25,631.1761544023508,0.0
seismic,2018-10-16 18:58:11.420,36.2711667,-89.4435,6.55,1.59,631.3994543905919,0.0
seismic,2018-10-16 20:13:54.420,36.273,-89.4501667,6.86,1.08,631.727177282661,0.0
seismic,2018-10-17 03:55:52.390,36.2693333,-89.4468333,6.09,1.53,631.2623939242686,0.0
seismic,2018-10-17 04:03:19.960,36.2721667,-89.446,6.62,1.39,631.5564836058019,0.0
seismic,2018-10-17 04:04:33.550,36.2703333,-89.4485,6.22,1.22,631.4036120314087,0.0
seismic,2018-10-17 05:17:13.780,36.2723333,-89.4513333,6.94,1.51,631.6765543610273,0.0
seismic,2018-10-17 19:18:25.810,44.3041,-70.509,3.14,1.7,61.689225720336246,161.141
seismic,2018-10-18 03:40:32.590,36.2443333,-89.4321667,3.11,1.88,628.2478989101287,0.0
seismic,2018-10-18 07:19:41.890,35.2233333,-84.6593333,25.39,1.95,460.3528290242526,286.685
seismic,2018-10-18 09:11:16.300,36.1518333,-89.699,5.53,2.47,623.7492776521926,0.0
seismic,2018-10-18 23:55:57.420,36.2703333,-89.4461667,6.14,1.29,631.3590792424271,0.0
seismic,2018-10-19 02:08:36.860,36.5693333,-89.7915,18.0,2.33,671.0726237000531,0.0
seismic,2018-10-19 12:28:07.560,36.2705,-89.4461667,6.2,1.37,631.3773168337485,0.0
seismic,2018-10-19 16:28:04.860,48.4442,-71.1567,5.0,1.8,6.493156394065333,617.428
seismic,2018-10-19 17:47:15.560,35.6971667,-84.088,20.88,1.69,460.55724873948526,233.617
seismic,2018-10-19 17:53:52.240,36.1626667,-89.5133333,4.41,1.78,620.9224464923097,0.0
seismic,2018-10-19 21:08:39.480,36.165,-89.6591667,9.32,1.44,624.2798103593303,0.0
seismic,2018-10-20 03:10:37.140,36.3743333,-89.5536667,10.79,1.84,644.8262504581628,0.0
seismic,2018-10-20 05:54:12.390,36.2711667,-89.4516667,6.74,1.39,631.5553240781903,0.0
seismic,2018-10-20 15:01:10.540,36.5358333,-89.6166667,8.45,1.95,663.714694043485,0.0
seismic,2018-10-20 20:17:22.910,36.2638333,-89.4646667,5.84,1.06,631.0034203256245,0.0
seismic,2018-10-20 23:41:56.280,36.0363333,-89.8511667,8.8,2.22,614.9466579450003,0.0
seismic,2018-10-21 06:22:13.180,36.2678333,-89.447,6.36,1.38,631.1014768729118,0.0
seismic,2018-10-21 08:05:10.170,36.2713333,-89.4478333,6.61,1.27,631.5002785453624,0.0
seismic,2018-10-21 09:07:25.990,36.2701667,-89.4481667,6.28,1.29,631.3790210161491,0.0
seismic,2018-10-21 22:13:07.630,35.6745,-81.331,1.25,1.62,314.10161512336646,162.197
seismic,2018-10-22 01:23:50.770,47.5855,-70.3036,4.02,2.3,7.405648606300356,524.45
seismic,2018-10-22 11:06:20.250,36.2715,-89.4448333,6.52,3.27,631.4613091726535,0.0
seismic,2018-10-22 11:25:50.570,36.2716667,-89.4495,6.78,1.15,631.5685830577714,0.0
seismic,2018-10-22 11:28:44.770,36.269,-89.4481667,6.2,2.09,631.2513890215366,0.0
seismic,2018-10-22 11:39:30.320,36.2701667,-89.4468333,6.49,1.66,631.3535684169963,0.0
seismic,2018-10-22 11:39:41.020,36.2703333,-89.449,6.34,1.48,631.4131640376308,0.0
seismic,2018-10-22 11:40:03.460,36.2703333,-89.4476667,6.59,1.21,631.3876998174458,0.0
seismic,2018-10-22 12:08:45.160,36.2726667,-89.4513333,6.96,1.04,631.7130240939565,0.0
seismic,2018-10-22 14:07:21.350,36.2685,-89.4486667,6.61,1.21,631.2062446937887,0.0
seismic,2018-10-22 14:44:58.960,36.2703333,-89.4486667,6.27,1.22,631.4067963122556,0.0
seismic,2018-10-22 17:35:50.480,36.486,-89.5656667,9.34,1.46,657.254814004832,0.0
seismic,2018-10-23 01:04:03.240,35.5995,-84.1978333,19.9,2.11,459.0047394092559,243.787
seismic,2018-10-23 09:48:16.770,34.624,-85.4253333,9.72,2.59,465.0695530921048,357.091
seismic,2018-10-23 11:49:28.310,36.8661667,-89.4351667,9.77,1.98,696.5158937501609,0.0
seismic,2018-10-24 07:00:50.010,36.2638333,-89.4676667,6.74,1.1,631.0614755058579,0.0
seismic,2018-10-25 02:06:10.110,36.269,-89.448,6.28,1.57,631.2482050232015,0.0
seismic,2018-10-25 10:44:54.750,35.447,-85.0761667,17.21,1.67,505.2931759936668,267.283
seismic,2018-10-25 13:29:35.800,36.5126667,-89.5365,6.58,2.06,659.5972440906871,0.0
seismic,2018-10-25 14:56:27.260,36.51,-89.541,6.57,2.03,659.392985275011,0.0
seismic,2018-10-25 22:30:58.180,35.5231667,-84.0881667,15.48,1.48,446.04132975733904,253.011
seismic,2018-10-26 17:20:25.020,36.5115,-89.536,6.23,1.52,659.4600187963629,0.0
seismic,2018-10-27 00:39:24.890,36.538,-89.6061667,7.87,1.62,663.7390915832534,0.0
seismic,2018-10-28 22:59:46.050,36.2053333,-89.4596667,9.31,1.54,624.511745447555,0.0
seismic,2018-11-01 09:48:22.870,35.7406667,-84.0478333,11.18,2.08,461.9126055219618,229.143
seismic,2018-11-01 16:00:35.280,40.8519,-77.6898,0.0,1.2,196.4105545373365,323.506
seismic,2018-11-01 16:55:36.810,35.927,-89.9261667,13.11,2.63,605.1837722408324,0.0
seismic,2018-11-02 11:26:45.240,36.282,-89.5053333,7.84,1.37,633.7839016443165,0.0
seismic,2018-11-02 13:06:12.540,33.0001667,-80.214,5.88,2.22,30.106369238790613,0.0
seismic,2018-11-02 15:42:07.940,33.024,-80.1623333,4.36,2.16,27.989034028229604,0.0
seismic,2018-11-05 01:21:48.170,36.1253333,-83.7081667,4.99,2.22,478.0190868803234,192.068
seismic,2018-11-05 08:35:27.280,36.2648333,-89.4571667,5.63,1.44,630.9681480541572,0.0
seismic,2018-11-05 18:11:21.370,36.443,-89.5278333,6.74,2.18,651.8140379742948,0.0
seismic,2018-11-07 23:52:11.580,36.3031667,-89.5258333,7.33,1.27,636.5023256047513,0.0
seismic,2018-11-08 09:34:09.660,36.2403333,-89.467,5.93,1.71,628.4797670973121,0.0
seismic,2018-11-08 17:28:20.430,35.8613333,-89.9901667,9.41,1.66,599.9326790198962,0.0
seismic,2018-11-09 04:12:12.880,47.6025,-70.162,11.19,2.6,1.5922548077656131,527.401
seismic,2018-11-09 15:29:09.370,45.351,-75.0385,5.0,1.4,45.746859637239055,427.064
seismic,2018-11-09 16:25:52.510,37.7048333,-77.8198333,12.23,2.36,63.41730645538642,0.0
seismic,2018-11-09 16:45:27.520,37.7033333,-77.8263333,9.48,2.46,63.73383143328991,0.0
seismic,2018-11-11 03:33:59.010,36.2366667,-81.9283333,8.91,2.03,396.2806565006073,136.125
seismic,2018-11-11 11:00:14.070,36.2701667,-89.447,6.32,1.46,631.3567492156485,0.0
seismic,2018-11-12 10:42:07.380,36.2686667,-89.447,6.17,1.61,631.1926496393742,0.0
seismic,2018-11-14 15:26:25.020,36.2051667,-89.4991667,5.58,1.06,625.2731798051187,0.0
seismic,2018-11-15 05:15:29.010,35.8393333,-84.7166667,4.41,2.24,510.6162875577221,218.603
seismic,2018-11-15 08:23:43.680,40.4395,-73.8055,5.0,1.37,14.357794548151372,349.745
seismic,2018-11-16 06:17:38.230,36.2821667,-89.5133333,8.96,1.68,633.960817411171,0.0
seismic,2018-11-17 09:23:28.740,35.4725,-85.0816667,19.27,1.93,507.4686564052021,264.599
seismic,2018-11-17 15:18:48.290,36.0566667,-89.8255,9.26,2.43,616.489498999399,0.0
seismic,2018-11-17 22:17:23.240,36.2638333,-89.4618333,7.64,1.26,630.9486956115041,0.0
seismic,2018-11-18 19:02:41.540,36.131,-89.3906667,6.52,2.31,615.0590718305396,0.0
seismic,2018-11-19 07:50:38.790,35.4285,-84.4771667,8.28,1.25,463.168245884975,262.815
seismic,2018-11-19 11:05:43.730,36.191,-89.4696667,9.77,1.73,623.1413587156363,0.0
seismic,2018-11-20 00:02:18.290,36.0848333,-89.7636667,11.02,1.72,618.0170697946785,0.0
seismic,2018-11-22 01:55:41.000,36.4481667,-89.5365,9.77,3.12,652.5479414445126,0.0
seismic,2018-11-22 01:59:00.660,43.5,-71.6305,5.0,1.9,83.90875624117928,88.941
seismic,2018-11-22 03:20:16.510,36.4418333,-89.5316667,9.41,1.33,651.7613667993517,0.0
seismic,2018-11-22 20:54:06.060,36.445,-89.5366667,9.54,2.87,652.205220576326,0.0
seismic,2018-11-22 20:58:52.260,36.4456667,-89.5318333,8.56,1.32,652.1835050966969,0.0
seismic,2018-11-22 21:01:11.660,36.4466667,-89.5301667,8.76,1.01,652.2602483718573,0.0
seismic,2018-11-22 21:02:35.510,36.4525,-89.5306667,8.75,1.01,652.9074766680717,0.0
seismic,2018-11-23 10:13:03.100,36.268,-89.4483333,6.35,1.53,631.145177403525,0.0
seismic,2018-11-23 14:59:55.020,34.4363333,-85.0358333,9.46,2.72,440.1433487782283,361.174
seismic,2018-11-24 05:50:20.830,36.0671667,-89.8165,9.49,2.06,617.3965208972445,0.0
seismic,2018-11-24 19:33:00.730,36.3478333,-89.3998333,4.79,1.46,638.983443754975,0.0
seismic,2018-11-25 03:41:14.670,43.9866,-70.4518,5.84,1.6,33.46722549675674,127.72
seismic,2018-11-25 13:34:09.740,45.2132,-73.885,10.45,2.2,8.697165229043247,350.566
seismic,2018-11-27 01:04:05.330,36.4476667,-89.531,9.16,1.72,652.3857874688982,0.0
seismic,2018-11-27 02:37:35.210,36.2813333,-89.5075,9.7,1.86,633.7540081068754,0.0
seismic,2018-11-28 22:40:27.960,36.4565,-89.533,8.92,1.09,653.3901100941387,0.0
seismic,2018-11-30 22:08:18.020,36.4556667,-89.5723333,10.49,1.87,654.0761125720477,0.0
seismic,2018-11-30 22:45:30.310,36.4168333,-89.562,6.35,1.64,649.6312034586575,0.0
seismic,2018-12-01 12:56:12.300,35.9268333,-89.934,12.0,1.48,605.375983245543,0.0
seismic,2018-12-02 04:08:52.590,35.2965,-83.364,10.62,2.01,384.6038521576907,289.638
seismic,2018-12-02 06:27:42.040,36.2426667,-89.4933333,4.75,1.16,629.2511826161565,0.0
seismic,2018-12-02 11:26:05.950,36.5056667,-89.5546667,8.03,1.94,659.1861164800733,0.0
seismic,2018-12-03 01:59:19.370,36.2695,-89.4481667,6.31,1.27,631.3060867205864,0.0
seismic,2018-12-03 02:16:53.420,36.0663333,-89.8073333,9.96,2.02,617.0812047773959,0.0
seismic,2018-12-03 04:30:04.280,36.1555,-89.4543333,11.53,1.32,618.962102499964,0.0
seismic,2018-12-03 23:56:22.850,43.3833,-71.0406,5.0,2.1,38.44100648860156,56.495
seismic,2018-12-04 03:58:47.380,36.4473333,-89.533,9.08,1.44,652.3884127203819,0.0
seismic,2018-12-04 16:20:28.130,35.6623333,-89.6813333,8.87,1.98,570.4890498055654,15.759
seismic,2018-12-05 12:17:55.580,36.2206667,-89.459,9.09,1.51,626.1746955187745,0.0
seismic,2018-12-05 12:23:59.110,36.1795,-89.4486667,9.88,1.13,621.4742502944778,0.0
seismic,2018-12-05 15:10:26.460,36.6848333,-89.5221667,15.66,2.23,678.1651099524178,0.0
seismic,2018-12-06 07:52:47.390,35.9728333,-89.1871667,1.1,2.31,594.0885564757444,17.544
seismic,2018-12-06 10:12:59.020,36.4275,-89.4926667,7.77,1.67,649.4405296014726,0.0
seismic,2018-12-06 14:30:49.740,43.6848,-72.4161,4.75,2.1,149.56966842117964,148.68
seismic,2018-12-08 01:31:29.730,36.1011667,-89.4411667,12.54,1.62,612.7678537573224,0.0
seismic,2018-12-08 06:18:11.060,35.6795,-84.564,21.84,2.71,488.2903235643427,235.138
seismic,2018-12-09 10:52:50.200,44.9338,-68.2217,5.84,1.8,45.53491279088881,310.345
seismic,2018-12-09 11:00:13.520,38.1291667,-89.311,13.42,2.47,834.1939948550835,0.0
seismic,2018-12-09 14:22:29.690,35.8828333,-83.7698333,3.72,2.31,458.97529608616,217.343
seismic,2018-12-11 09:19:46.640,36.2696667,-89.5031667,7.5,1.17,632.3942239565197,0.0
seismic,2018-12-11 17:18:58.480,36.1625,-89.3928333,7.3,1.43,618.5483192554947,0.0
seismic,2018-12-12 09:14:43.610,35.6123333,-84.732,7.87,4.4,493.95860176346815,244.002
seismic,2018-12-12 09:27:07.940,35.6025,-84.736,5.84,2.96,493.474169406496,245.137
seismic,2018-12-12 09:59:25.960,35.6043333,-84.7233333,6.66,1.94,492.7789241862776,244.803
seismic,2018-12-12 10:41:26.950,35.5995,-84.7285,4.38,2.1,492.75159916409694,245.394
seismic,2018-12-12 12:42:31.320,35.8455,-84.0746667,19.21,1.79,472.4627603068304,217.213
seismic,2018-12-12 13:51:45.550,35.608,-84.7318333,5.0,1.73,493.6177455153768,244.483
seismic,2018-12-12 15:06:08.930,35.6031667,-84.7173333,5.0,1.81,492.2951740400597,244.872
seismic,2018-12-12 16:38:54.490,36.2903333,-89.516,9.31,1.42,634.9054255269435,0.0
seismic,2018-12-13 15:20:39.620,35.9216667,-84.4031667,17.55,1.54,498.07477637743983,207.418
seismic,2018-12-13 18:46:16.150,36.1468333,-83.7523333,4.76,2.65,482.2180852979652,188.805
seismic,2018-12-14 00:24:06.170,35.6063333,-84.7325,4.59,2.47,493.534856916098,244.675
seismic,2018-12-14 01:28:19.970,35.6005,-84.737,4.37,1.78,493.3882277214183,245.37
seismic,2018-12-16 04:12:02.030,36.0383333,-83.6955,19.69,3.01,469.3213770375379,201.804
seismic,2018-12-17 14:05:24.400,36.4966667,-89.549,8.25,1.63,658.0918098432711,0.0
seismic,2018-12-17 15:40:18.480,36.4955,-89.5518333,8.48,2.0,658.0198291200364,0.0
seismic,2018-12-18 00:24:53.430,45.3668,-69.1255,5.0,1.9,93.2528053122963,309.562
seismic,2018-12-18 06:34:14.260,40.3296667,-76.0118333,5.0,1.27,75.90956406807346,321.624
seismic,2018-12-18 20:02:49.970,35.6048333,-84.7308333,5.02,2.06,493.3109404435581,244.824
seismic,2018-12-19 01:37:47.100,36.531,-89.5786667,7.83,2.36,662.4260553230428,0.0
seismic,2018-12-19 02:11:47.800,36.4976667,-89.5511667,8.12,1.7,658.2434886464621,0.0
seismic,2018-12-19 06:56:31.650,36.149,-89.6903333,9.46,1.75,623.24540762895,0.0
seismic,2018-12-19 10:28:57.920,36.5246667,-89.574,7.45,1.21,661.6421074483848,0.0
seismic,2018-12-19 18:11:02.500,35.6075,-84.7225,4.85,2.12,492.9652828900879,244.443
seismic,2018-12-19 22:58:35.800,36.2255,-89.5036667,6.81,1.19,627.5823933965795,0.0
seismic,2018-12-20 11:24:33.540,36.3113333,-89.5321667,9.31,1.56,637.5202887151793,0.0
seismic,2018-12-20 15:28:39.290,36.5276667,-89.5755,7.87,1.69,661.9993820643645,0.0
seismic,2018-12-21 17:19:01.820,36.5286667,-89.5806667,7.9,1.73,662.2109338173159,0.0
seismic,2018-12-21 17:34:16.400,34.4527,-83.9453,5.0,1.7,356.325697343619,312.023
seismic,2018-12-21 17:51:25.930,42.5809,-72.05,5.0,2.1,85.48296481568197,89.698
seismic,2018-12-21 17:57:46.850,35.3993333,-84.4768333,20.6,2.09,460.9223445441034,266.076
seismic,2018-12-21 17:57:58.110,35.399,-84.4786667,19.97,2.17,461.0181722275138,266.12
seismic,2018-12-21 23:08:38.750,42.5823,-72.0338,5.0,1.4,84.26220452115565,88.381
seismic,2018-12-23 03:19:24.860,42.5705,-72.034,5.0,2.2,83.9039200408331,88.749
seismic,2018-12-23 12:15:12.280,35.6473333,-81.294,1.48,2.35,309.6000748927241,164.037
seismic,2018-12-23 20:10:29.880,35.4911667,-84.1481667,19.01,2.77,447.10499918689067,256.161
seismic,2018-12-24 04:26:57.870,36.46,-89.4958333,7.67,1.93,653.0565220597884,0.0
seismic,2018-12-25 04:55:44.100,35.6625,-84.352,18.82,1.31,473.6227983077062,236.384
seismic,2018-12-25 12:53:23.520,36.6768333,-89.5245,11.64,1.86,677.3324018348462,0.0
seismic,2018-12-27 23:53:37.210,36.2985,-89.5063333,4.96,2.24,635.6056046146302,0.0
seismic,2018-12-28 22:21:43.270,35.3131667,-83.3593333,0.07,2.29,385.8294047393366,287.949
seismic,2019-01-01 04:17:46.040,37.3566667,-89.5941667,11.08,1.78,753.1543383901459,9.171
seismic,2019-01-03 04:20:31.720,35.6073333,-84.7366667,4.65,1.69,493.88548828250106,244.607
seismic,2019-01-03 17:35:47.100,36.128,-89.7248333,8.95,1.91,621.7646392968609,0.0
seismic,2019-01-04 09:39:10.430,36.2633333,-89.5485,4.23,1.78,632.6147630627108,0.0
seismic,2019-01-05 01:12:41.890,43.7613,-71.3348,4.05,1.6,80.31303377712892,103.358
seismic,2019-01-05 03:09:14.910,36.1808333,-89.4318333,8.78,1.89,621.2948227639928,0.0
seismic,2019-01-05 14:34:46.720,36.4275,-89.5368333,9.2,1.27,650.2966730369719,0.0
seismic,2019-01-05 18:22:15.730,36.4993333,-89.5471667,8.32,1.71,658.3473441710956,0.0
seismic,2019-01-06 09:27:29.780,36.4938333,-89.5501667,8.62,2.0,657.8050730356512,0.0
seismic,2019-01-06 11:54:37.670,36.282,-89.4848333,0.41,1.15,633.3809292128603,0.0
seismic,2019-01-06 19:21:54.000,36.2811667,-89.4743333,7.26,1.49,633.0855231492314,0.0
seismic,2019-01-07 04:06:25.550,44.5961667,-74.614,5.0,1.27,45.55113745007596,350.629
seismic,2019-01-07 05:27:11.970,35.5835,-82.8531667,0.08,2.16,386.3003780748618,246.345
seismic,2019-01-09 04:34:30.860,36.4878333,-84.035,18.53,2.23,527.9431339440212,146.378
seismic,2019-01-10 07:07:09.770,36.4478333,-89.535,9.25,1.21,652.4821531856155,0.0
seismic,2019-01-10 13:49:00.570,45.3837,-66.2921,5.0,3.4,9.301765383235203,456.67
seismic,2019-01-10 16:47:49.280,36.3026667,-89.5181667,8.71,1.33,636.2949932953351,0.0
seismic,2019-01-11 06:39:19.650,36.4541667,-82.1483333,10.88,2.35,427.3345818450487,135.276
seismic,2019-01-12 04:27:05.220,36.5523333,-89.6111667,11.63,2.93,665.4034954586007,0.0
seismic,2019-01-13 04:40:56.900,36.2766667,-89.4713333,6.5,1.56,632.535449039604,0.0
seismic,2019-01-13 11:20:50.930,36.1341667,-89.3905,8.66,1.5,615.4025804679534,0.0
seismic,2019-01-14 09:00:26.930,35.7708333,-83.9556667,13.01,2.73,459.24202456767216,226.859
seismic,2019-01-15 23:20:24.660,36.2835,-89.4765,5.79,1.27,633.3826204543934,0.0
seismic,2019-01-15 23:30:48.660,37.2318,-73.0097,10.0,4.6,213.37800274705629,422.055
seismic,2019-01-16 02:37:55.750,35.4858333,-86.3088333,6.52,2.77,548.4465434791074,256.272
seismic,2019-01-16 16:17:14.530,45.1149,-70.8306,7.57,2.3,144.1136890039195,248.546
seismic,2019-01-16 17:04:22.480,36.2433333,-89.5125,7.1,1.4,629.7053991829886,0.0
seismic,2019-01-16 22:03:17.610,36.2448333,-89.5123333,7.35,1.17,629.8657643945826,0.0
seismic,2019-01-17 01:29:02.930,36.2446667,-89.512,7.21,1.19,629.8409115589332,0.0
seismic,2019-01-17 02:58:56.250,36.2438333,-89.51,7.08,1.29,629.7099521702287,0.0
seismic,2019-01-17 04:26:55.370,39.6746667,-77.9316667,5.0,1.58,113.77065664840808,190.059
seismic,2019-01-17 23:26:06.600,36.2443333,-89.5086667,7.18,1.4,629.737886043766,0.0
seismic,2019-01-18 01:54:44.260,36.248,-89.5088333,7.1,1.25,630.1414358268127,0.0
seismic,2019-01-21 20:39:46.600,36.6321667,-89.5156667,4.55,1.54,672.2759663002405,0.803
seismic,2019-01-21 22:14:57.890,36.5071667,-89.4996667,6.45,1.64,658.2906667149158,0.127
seismic,2019-01-24 09:03:29.360,34.3205,-81.3133333,4.4,2.51,203.33833620379752,125.948
seismic,2019-01-25 05:03:43.070,35.7865,-84.2801667,14.83,1.7,479.4529793563592,222.575
seismic,2019-01-25 11:32:32.380,36.0858333,-89.78,8.02,2.16,618.5171185155319,0.0
seismic,2019-01-25 22:43:12.450,36.3495,-89.513,9.05,1.5,641.3075773980436,0.0
seismic,2019-01-26 12:11:29.600,38.4771667,-83.9245,4.69,2.02,567.5033226233489,62.806
seismic,2019-01-28 14:32:03.680,36.5116667,-89.5605,7.26,2.12,659.9560926414823,0.0
seismic,2019-01-28 22:54:24.790,36.4788333,-89.5431667,9.1,1.8,656.0291328514348,0.0
seismic,2019-01-28 23:10:55.060,42.5948,-72.0352,5.0,1.6,84.78769157762227,88.139
seismic,2019-01-29 07:44:52.280,36.7616667,-89.4761667,15.42,2.17,685.751281629474,0.0
seismic,2019-01-29 21:35:16.180,36.1573333,-89.3995,7.77,1.6,618.1081193683799,0.0
seismic,2019-02-02 08:15:32.910,36.6383333,-89.616,4.36,2.34,674.885849591663,0.0
seismic,2019-02-02 12:07:24.540,36.3053333,-89.5445,10.81,1.64,637.1136883174233,0.0
seismic,2019-02-04 02:01:37.280,47.5606,-70.4146,19.19,2.7,11.353182340783624,521.012
seismic,2019-02-04 23:01:26.230,36.2801667,-83.4758333,11.46,2.51,481.657586522349,181.692
seismic,2019-02-04 23:01:34.050,36.2816667,-83.4743333,10.07,2.5,481.734470818914,181.583
seismic,2019-02-05 09:02:08.910,34.4463333,-85.0403333,9.88,1.94,441.0243255711778,361.781
seismic,2019-02-05 13:22:46.960,36.2221667,-89.5161667,8.89,1.29,627.4694470093704,0.0
seismic,2019-02-06 03:46:39.140,36.4865,-89.5341667,8.22,1.56,656.6916091339402,0.0
seismic,2019-02-06 22:08:05.040,46.4596,-80.7571,10.0,2.2,497.8390540427516,871.523
seismic,2019-02-08 07:23:37.310,46.5065,-81.1683,2.2,3.1,529.654869230384,868.046
seismic,2019-02-08 08:05:02.320,36.2001667,-83.3006667,0.22,2.2,466.1060069588615,195.872
seismic,2019-02-08 18:30:49.530,42.4299,-70.8253,5.0,1.4,5.429645133034935,30.739
seismic,2019-02-09 21:42:52.370,36.1828333,-89.4451667,7.86,1.4,621.7707079613687,0.0
seismic,2019-02-11 09:36:06.100,36.3105,-89.4995,7.62,1.6,636.7819633088116,0.0
seismic,2019-02-11 16:26:51.430,46.4975,-65.8913,5.0,2.0,76.7082383783621,561.362
seismic,2019-02-13 19:29:45.700,43.4578333,-78.1108333,5.0,2.02,320.5366944548807,580.331
seismic,2019-02-18 01:07:46.090,37.1861667,-88.8103333,8.07,2.0,723.8531703772653,0.0
seismic,2019-02-18 06:54:47.330,36.5335,-89.6428333,8.8,1.7,663.9945662856719,0.0
seismic,2019-02-18 19:18:51.180,36.4056667,-89.5176667,9.48,1.16,647.535887353211,0.0
seismic,2019-02-18 23:26:33.290,42.4758,-71.4926,5.0,1.1,38.56093973467666,53.364
seismic,2019-02-20 23:58:24.000,36.1161667,-89.4631667,3.95,2.0,614.8403906666491,0.0
seismic,2019-02-22 18:14:58.560,35.9483333,-84.394,3.9,2.22,499.7657371719481,204.416
seismic,2019-02-22 20:39:02.580,36.2753333,-89.5231667,7.89,1.57,633.4112785178701,0.0
seismic,2019-02-25 05:28:47.400,36.2516667,-83.3498333,1.01,1.39,473.2814176715341,188.841
seismic,2019-02-25 10:57:09.890,36.313,-89.4988333,7.37,1.35,637.0420325576375,0.0
seismic,2019-02-26 02:18:41.790,36.2338333,-83.444,0.14,1.97,475.7478134296522,187.555
seismic,2019-02-26 12:52:42.770,36.1046667,-89.7548333,8.1,2.17,619.947393771762,0.0
seismic,2019-02-26 18:24:36.930,34.8733333,-85.5448333,9.2,2.29,491.09189801616463,340.032
seismic,2019-02-26 18:27:15.150,34.875,-85.5583333,5.23,1.49,491.1203130200659,340.204
seismic,2019-02-26 23:52:07.040,40.0458333,-77.5818333,5.0,1.09,120.02099367302948,236.586
seismic,2019-02-28 13:23:25.850,36.4511667,-89.542,8.78,2.2,652.9835562455457,0.0
seismic,2019-02-28 15:27:35.560,35.7006667,-84.2398333,0.1,2.31,469.8961910651736,232.299
seismic,2019-03-01 09:17:57.090,41.193,-71.6575,7.2,2.3,4.345628843606909,181.31
seismic,2019-03-02 02:12:46.120,36.1885,-89.4456667,8.94,2.61,622.3998816923845,0.0
seismic,2019-03-02 12:57:56.750,36.0541667,-89.8161667,10.12,2.08,615.9892688514705,0.0
seismic,2019-03-03 01:34:36.650,38.468,-83.9205,4.71,1.26,567.1844353031764,61.999
seismic,2019-03-03 06:15:45.300,38.9033333,-83.8321667,12.66,2.48,560.3960811488171,110.426
seismic,2019-03-03 09:56:54.220,36.4345,-89.276,16.58,2.05,646.366277069124,2.385
seismic,2019-03-04 00:24:51.520,36.5301667,-89.512,4.98,1.86,661.0414747661035,0.0
seismic,2019-03-04 07:41:54.780,37.8381667,-80.7041667,15.59,2.61,297.5197430935644,21.287
seismic,2019-03-04 23:37:24.680,36.1775,-89.415,8.04,1.76,620.6086302893269,0.0
seismic,2019-03-05 20:56:02.390,36.2955,-83.7356667,17.07,3.37,495.28067938422106,172.987
seismic,2019-03-06 04:15:03.607,41.4592,-81.6529,5.0,2.0,481.4052728249373,433.025
seismic,2019-03-07 01:12:21.840,36.387,-89.591,13.77,1.72,646.9645204947195,0.0
seismic,2019-03-07 03:17:54.990,46.9642,-65.6862,10.0,2.9,27.91721627545376,609.466
seismic,2019-03-07 04:45:52.350,30.9718,-87.1719,5.0,2.8,42.731030777012506,0.0
seismic,2019-03-08 00:04:54.600,35.53,-84.7893333,15.03,1.67,491.57439434912,253.771
seismic,2019-03-08 02:07:54.300,36.1063333,-89.3946667,9.58,1.5,612.435070751996,0.0
seismic,2019-03-08 07:43:54.510,36.0858333,-89.7806667,8.2,1.41,618.5331983713057,0.0
seismic,2019-03-08 08:08:39.200,36.2821667,-89.4801667,6.97,1.47,633.3081685876755,0.0
seismic,2019-03-11 02:27:32.990,36.7431667,-82.4281667,1.21,2.25,458.4961337621692,141.671
seismic,2019-03-11 18:36:21.090,31.0414,-87.2687,5.0,3.1,51.463554539408605,0.0
seismic,2019-03-11 19:03:30.770,36.2058333,-89.4903333,5.96,1.56,625.1698454328662,0.0
seismic,2019-03-12 02:23:18.770,36.1015,-89.7578333,6.91,2.1,619.6767285433782,0.0
seismic,2019-03-12 02:45:41.610,36.1008333,-89.7593333,7.25,2.69,619.6404185913079,0.0
seismic,2019-03-12 06:11:01.760,36.6068333,-89.5738333,13.95,1.62,670.6151198794457,0.0
seismic,2019-03-12 08:07:44.730,36.1015,-89.758,7.72,1.42,619.6806894118562,0.0
seismic,2019-03-13 01:27:44.210,31.0105,-87.2273,5.0,2.3,47.45778388014107,0.0
seismic,2019-03-13 06:50:48.006,31.0205,-87.1776,5.0,2.2,48.05275799853338,0.0
seismic,2019-03-15 06:17:24.910,35.7498333,-84.2766667,0.6,1.74,476.1922011880868,226.688
seismic,2019-03-15 06:22:05.000,35.6821667,-84.2343333,11.7,2.27,468.0329378105385,234.388
seismic,2019-03-15 07:53:07.010,35.6763333,-84.2295,0.02,2.16,467.2582841644706,235.059
seismic,2019-03-15 11:26:36.320,36.1551667,-89.383,7.32,1.65,617.5613516628446,0.0
seismic,2019-03-15 14:08:11.060,35.6743333,-84.2346667,0.16,2.06,467.4059002048348,235.263
seismic,2019-03-16 01:23:21.109,43.347,-71.6258,4.08,2.3,76.42940334205525,75.881
seismic,2019-03-16 04:19:10.260,35.7026667,-84.2336667,0.12,1.69,469.6901378363268,232.098
seismic,2019-03-16 07:14:54.680,36.4735,-89.5655,9.73,1.74,655.8866556057778,0.0
seismic,2019-03-16 20:22:03.190,36.3615,-89.4378333,4.17,1.66,641.1812465447368,0.0
seismic,2019-03-18 14:29:30.720,35.7528333,-83.9796667,0.61,2.3,459.0439270257118,228.55
seismic,2019-03-18 17:57:50.140,40.3621667,-76.0426667,5.0,1.11,80.33651843790048,323.147
seismic,2019-03-19 13:49:16.280,36.445,-89.5366667,10.27,1.28,652.205220576326,0.0
seismic,2019-03-20 07:32:24.430,36.5303333,-89.5945,9.04,1.47,662.668453561123,0.0
seismic,2019-03-21 00:53:40.500,36.9095,-82.4335,0.08,2.02,456.16572382519337,136.0
seismic,2019-03-21 15:36:01.483,47.1207,-70.9167,13.09,2.0,8.481448260924362,471.04
seismic,2019-03-23 01:24:12.090,45.9491,-65.6991,5.0,1.5,59.03755121228946,531.765
seismic,2019-03-23 07:57:11.930,47.4598,-70.0979,12.08,2.4,4.778344255926641,512.324
seismic,2019-03-23 11:20:03.510,47.3084,-70.5497,11.86,1.5,0.8869262832662146,492.531
seismic,2019-03-24 11:39:57.706,30.9622,-87.2384,5.0,2.7,42.29276891879653,0.0
seismic,2019-03-25 05:06:29.510,47.0149,-66.5648,5.0,2.2,91.7623019303108,570.397
seismic,2019-03-25 10:39:09.380,36.5545,-89.647,7.51,1.67,666.3686266493085,0.0
seismic,2019-03-25 11:01:25.310,35.617,-84.5291667,13.8,1.46,481.1481336279305,241.947
seismic,2019-03-26 04:32:30.720,35.9293333,-79.8751667,4.39,2.5,256.2088959232455,138.264
seismic,2019-03-26 16:30:49.980,35.2835,-83.3098333,0.78,2.61,380.4866207839998,292.35
seismic,2019-03-26 20:07:32.830,36.069,-89.8115,10.03,2.9,617.4706985606745,0.0
seismic,2019-03-29 01:23:54.630,36.0273333,-89.853,8.7,1.43,614.0264145184609,0.0
seismic,2019-03-31 00:08:31.930,36.6196667,-81.1528333,4.73,1.79,350.83131990021377,59.246
seismic,2019-03-31 03:29:59.460,36.2396667,-89.509,7.85,1.13,629.2352045249648,0.0
seismic,2019-04-01 03:35:13.330,33.2103333,-83.3085,4.46,2.28,240.17089515095068,222.921
seismic,2019-04-01 18:55:40.610,36.1035,-89.759,6.74,1.99,619.9203440065161,0.0
seismic,2019-04-02 04:02:26.150,36.003,-89.9073333,4.12,1.95,612.8150219296134,0.0
seismic,2019-04-02 07:51:13.050,35.0268333,-83.2148333,1.25,1.92,352.5436998791331,292.392
seismic,2019-04-03 04:15:58.110,36.472,-89.5441667,8.32,2.07,655.3020911677498,0.0
seismic,2019-04-03 20:47:55.869,41.7532,-84.8845,5.0,2.4,731.50120897001,261.378
seismic,2019-04-04 00:08:31.720,36.1236667,-89.4265,11.81,2.59,614.9410570948188,0.0
seismic,2019-04-04 07:55:12.670,36.5008333,-89.5505,6.8,1.91,658.5764177763112,0.0
seismic,2019-04-04 17:09:58.090,35.7355,-83.9865,0.26,2.37,457.9385499928175,230.39
seismic,2019-04-04 18:43:42.650,36.4815,-89.483,3.83,1.6,655.1667958033352,0.233
seismic,2019-04-04 21:01:04.250,35.757,-83.98,4.89,2.0,459.4231076590213,228.084
seismic,2019-04-04 23:45:25.620,35.7305,-83.9853333,0.16,2.07,457.4410654599708,230.959
seismic,2019-04-06 19:35:55.130,36.544,-89.6073333,8.87,1.2,664.4171831983665,0.0
seismic,2019-04-07 11:25:39.990,35.727,-83.9886667,1.15,1.96,457.33094941773743,231.307
seismic,2019-04-07 12:38:44.870,44.3668333,-74.9775,5.0,1.18,73.468956364505,363.206
seismic,2019-04-08 17:09:47.370,36.5598333,-89.7773333,3.82,2.09,669.7281929236768,0.0
seismic,2019-04-09 11:22:43.100,40.398,-71.9855,7.06,3.04,62.34716589010117,274.374
seismic,2019-04-10 14:40:10.700,36.5021667,-89.5481667,7.26,1.86,658.6764921224436,0.0
seismic,2019-04-10 16:08:19.490,35.8003333,-83.9481667,4.08,1.81,461.38930725583225,223.677
seismic,2019-04-10 17:46:38.790,40.3816667,-76.066,5.0,1.55,83.27335057953424,323.862
seismic,2019-04-11 00:17:33.640,40.3806667,-76.053,5.0,1.03,82.44363571734259,324.377
seismic,2019-04-11 16:33:00.465,31.0839,-87.2287,7.96,2.5,55.582167898263805,0.0
seismic,2019-04-11 20:11:00.727,31.0832,-87.1989,9.54,3.1,55.27129547902827,0.0
seismic,2019-04-11 22:10:17.090,36.535,-89.5938333,8.93,1.99,663.1644515931805,0.0
seismic,2019-04-12 01:50:32.760,35.1155,-82.9393333,0.04,2.16,345.70101774192705,281.632
seismic,2019-04-12 02:53:44.240,36.2091667,-89.4725,7.8,1.65,625.181590425865,0.0
seismic,2019-04-12 03:51:21.607,31.1033,-87.342,5.0,2.6,59.67920661537842,0.0
seismic,2019-04-12 08:22:08.450,36.2601667,-89.4758333,7.11,1.5,630.8193829888666,0.0
seismic,2019-04-12 15:38:01.730,40.853,-74.1658333,5.16,1.83,15.618628960759912,339.284
seismic,2019-04-12 22:47:30.920,36.186,-89.3615,4.08,1.49,620.5428402691186,0.0
seismic,2019-04-13 03:48:04.075,31.0679,-87.2058,3.63,1.9,53.614846903382585,0.0
seismic,2019-04-13 09:28:41.370,36.5018333,-89.55,6.71,1.87,658.6758994638433,0.0
seismic,2019-04-15 02:44:26.648,47.1067,-70.9281,11.59,1.3,7.363219473619917,469.496
seismic,2019-04-15 07:26:49.192,45.0131,-70.5018,5.0,1.2,120.77410794668498,239.202
seismic,2019-04-15 14:24:02.120,36.306,-89.5113333,8.09,1.32,636.5234739859764,0.0
seismic,2019-04-15 19:54:44.530,36.4773333,-89.5725,9.17,1.42,656.4443536047116,0.0
seismic,2019-04-16 03:09:54.590,36.435,-89.5588333,10.06,1.5,651.5509190796384,0.0
seismic,2019-04-16 11:09:22.250,36.2081667,-89.4601667,8.11,2.51,624.8311464334402,0.0
seismic,2019-04-16 11:23:58.920,36.2148333,-89.458,9.32,2.8,625.5176482223497,0.0
seismic,2019-04-16 17:47:52.862,46.2727,-70.5621,17.36,1.9,72.55450319751564,378.017
seismic,2019-04-18 00:30:21.260,35.7606667,-82.4413333,6.7,1.39,388.17624089470064,206.328
seismic,2019-04-18 06:28:19.264,47.0716,-68.0369,14.66,1.7,136.42649590785302,516.366
seismic,2019-04-19 08:48:03.799,47.3152,-70.2436,18.36,1.9,2.958075157733936,495.173
seismic,2019-04-21 12:16:56.270,35.4385,-84.919,8.26,2.21,493.7375637586305,265.587
seismic,2019-04-22 04:17:54.170,36.284,-89.5058333,8.46,1.59,634.0121990475052,0.0
seismic,2019-04-22 06:44:42.320,35.4165,-84.9236667,4.32,1.97,492.4900203666,268.085
seismic,2019-04-22 12:23:50.210,35.4301667,-84.9208333,2.32,2.32,493.2684131867697,266.534
seismic,2019-04-22 22:08:57.395,42.4627,-70.5552,5.0,1.7,17.547088281050584,34.038
seismic,2019-04-23 01:09:10.360,36.2893333,-89.5228333,8.68,2.51,634.9325204282952,0.0
seismic,2019-04-23 07:30:36.030,35.855,-84.358,15.49,2.13,489.8164625308504,214.833
seismic,2019-04-23 09:03:33.130,32.9456667,-88.0328333,0.46,2.59,245.9264642399212,114.298
seismic,2019-04-23 20:51:27.600,36.2698333,-89.471,6.93,1.36,631.7819827004478,0.0
seismic,2019-04-24 07:36:20.160,33.4936667,-87.311,0.0,2.48,314.41305301287247,175.136
seismic,2019-04-24 10:56:54.100,36.1358333,-89.4398333,14.16,3.69,616.5297843876497,0.0
seismic,2019-04-25 02:58:38.410,36.5396667,-89.672,6.58,1.42,665.2712794219759,0.0
seismic,2019-04-27 02:17:41.851,42.8106,-70.3564,7.87,2.1,25.52902778210527,31.672
seismic,2019-04-27 10:53:29.150,36.4278333,-89.4846667,8.17,2.21,649.3245302975118,0.0
seismic,2019-04-28 08:33:49.584,47.2156,-70.4897,5.0,1.3,9.034900917026196,482.575
seismic,2019-04-29 07:23:59.550,36.1181667,-80.143,1.96,2.25,284.38131034650337,109.698
seismic,2019-05-01 17:04:35.276,47.2932,-70.3488,13.23,2.0,8.563889291903832,491.974
seismic,2019-05-01 23:11:02.720,35.4735,-84.5746667,9.9,2.07,473.0234709340243,258.213
seismic,2019-05-02 08:04:32.690,36.295,-89.5175,8.98,1.24,635.4447356931452,0.0
seismic,2019-05-03 08:30:51.110,35.715,-83.9818333,7.09,1.95,455.9066029167767,232.721
seismic,2019-05-04 07:38:35.140,36.4336667,-89.617,13.25,1.99,652.5845041263578,0.0
seismic,2019-05-06 11:39:08.380,36.406,-89.5326667,11.8,1.8,647.866173250704,0.0
seismic,2019-05-06 19:01:18.920,36.2006667,-89.4478333,8.79,1.24,623.7719384480469,0.0
seismic,2019-05-07 07:02:47.590,35.6068333,-84.7171667,3.9,2.1,492.563675912474,244.462
seismic,2019-05-08 17:31:46.060,35.9181667,-84.2191667,12.05,2.57,486.99487919181166,208.058
seismic,2019-05-10 02:13:04.820,36.4656667,-89.4546667,4.23,2.22,652.9042477365974,0.0
seismic,2019-05-10 22:04:09.460,36.0778333,-84.4768333,12.17,2.53,515.5509281596383,190.19
seismic,2019-05-11 04:06:27.600,36.6956667,-84.074,25.21,2.63,549.2307103503371,122.842
seismic,2019-05-12 06:06:13.098,47.6111,-69.9576,11.25,1.2,8.008937675724404,530.309
seismic,2019-05-12 12:46:35.840,36.2015,-89.4531667,9.13,1.69,623.96637599172,0.0
seismic,2019-05-12 13:10:54.253,46.0372,-75.3119,5.0,1.6,89.7374708674265,493.812
seismic,2019-05-12 20:00:22.160,36.6051667,-89.5793333,11.52,2.29,670.5403716250252,0.0
seismic,2019-05-13 09:17:22.660,35.7733333,-80.561,12.77,1.7,276.4264879230412,140.93
seismic,2019-05-13 09:24:00.370,35.7648333,-80.5711667,0.81,2.05,276.2115903714789,141.844
seismic,2019-05-13 09:25:35.790,35.7856667,-80.5598333,4.39,1.77,277.47229735615747,139.555
seismic,2019-05-14 15:28:30.240,36.4615,-89.5725,10.47,1.25,654.716102893421,0.0
seismic,2019-05-15 14:56:07.510,36.0065,-83.7933333,11.47,2.41,471.41487713212473,203.358
seismic,2019-05-16 10:12:53.930,35.6908333,-84.3668333,20.63,2.58,476.83929077809,233.218
seismic,2019-05-18 08:17:00.460,36.3068333,-89.511,8.33,1.16,636.6078846625462,0.0
seismic,2019-05-19 14:15:42.170,36.4975,-89.5531667,7.68,1.21,658.2644790902045,0.0
seismic,2019-05-20 01:48:45.210,35.7621667,-83.9498333,16.64,2.28,458.1593189877315,227.89
seismic,2019-05-20 20:22:03.040,35.3703333,-84.207,11.08,2.41,441.1310242338074,269.369
seismic,2019-05-20 21:33:54.810,36.2035,-89.6408333,9.83,1.4,628.0542643952972,0.0
seismic,2019-05-22 00:33:37.580,36.668,-89.5275,11.11,1.28,676.4211709587652,0.0
seismic,2019-05-22 09:18:26.600,36.3045,-89.5198333,6.47,1.43,636.5282801576561,0.0
seismic,2019-05-22 12:34:22.520,36.3008333,-89.5161667,6.99,1.16,636.0550907502461,0.0
seismic,2019-05-22 14:13:26.240,36.301,-89.5225,5.6,1.61,636.199307108562,0.0
seismic,2019-05-22 14:46:42.500,36.382,-89.5373333,11.66,1.76,645.3373310779251,0.0
seismic,2019-05-22 15:51:42.820,36.3033333,-89.521,6.35,1.4,636.424130204323,0.0
seismic,2019-05-22 19:55:21.140,36.3023333,-89.5201667,6.35,1.13,636.2983746280846,0.0
seismic,2019-05-22 23:14:53.810,36.302,-89.5246667,6.54,1.19,636.3516869591173,0.0
seismic,2019-05-22 23:16:41.640,36.2901667,-89.5178333,5.63,1.16,634.9237320525989,0.0
seismic,2019-05-23 04:11:03.800,36.3016667,-89.5236667,6.31,1.11,636.2953503772416,0.0
seismic,2019-05-23 16:23:49.185,47.5989,-70.3724,5.0,1.6,12.76345453211716,525.477
seismic,2019-05-23 19:51:57.670,36.3983333,-89.5191667,9.11,1.52,646.7637929049772,0.0
seismic,2019-05-24 16:06:49.478,46.9317,-71.4017,5.0,1.7,17.983198819556222,451.841
seismic,2019-05-24 21:30:49.990,36.3108333,-89.5273333,5.7,1.1,637.3690847567894,0.0
seismic,2019-05-26 00:08:41.840,35.8003333,-84.6596667,28.29,2.05,503.9202337657501,222.366
seismic,2019-05-27 01:17:17.130,33.8616667,-82.3751667,3.34,1.96,203.99502782326692,153.925
seismic,2019-05-27 07:11:13.877,45.7964,-74.7559,5.0,1.7,39.25772930756685,444.414
seismic,2019-05-27 08:58:17.750,36.197,-89.4576667,9.63,1.32,623.5620452647908,0.0
seismic,2019-05-28 00:38:53.260,36.2811667,-89.5021667,9.56,2.74,633.6302967762315,0.0
seismic,2019-05-28 01:43:45.590,36.2776667,-89.5121667,9.68,1.58,633.4463382192001,0.0
seismic,2019-05-30 05:17:31.860,36.458,-89.5563333,9.16,2.18,654.0124990316566,0.0
seismic,2019-05-30 08:03:15.110,36.5311667,-89.5963333,8.82,1.62,662.7960965719419,0.0
seismic,2019-05-30 11:19:11.940,36.423,-89.4945,9.17,1.49,648.9833526326871,0.0
seismic,2019-05-30 22:51:47.710,36.2903333,-89.5311667,5.76,1.51,635.2086207159724,0.0
seismic,2019-05-31 02:23:51.930,36.5378333,-89.6486667,7.11,2.35,664.5869223623893,0.0
seismic,2019-05-31 21:19:52.580,44.7273333,-74.5753333,5.0,2.59,32.04555708798701,356.155
seismic,2019-06-01 06:16:53.380,36.3355,-89.5286667,9.68,1.21,640.0883131418831,0.0
seismic,2019-06-01 09:49:53.310,39.1783333,-73.7245,7.01,1.96,58.76589613191792,389.513
seismic,2019-06-01 18:45:22.830,35.4623333,-86.0421667,6.45,2.55,549.4171197474669,275.923
seismic,2019-06-01 21:22:51.889,26.1818,-66.6189,10.0,4.2,969.695432521924,1378.272
seismic,2019-06-02 01:58:29.929,46.1311,-71.2908,21.46,2.1,63.67582974961309,362.712
seismic,2019-06-02 03:02:30.160,36.5276667,-89.5691667,7.6,2.5,661.8743449113737,0.0
seismic,2019-06-02 20:19:22.427,45.4126,-73.3364,17.85,1.7,13.579168757845215,340.928
seismic,2019-06-02 22:49:00.040,36.3046667,-89.5231667,7.06,2.02,636.6128519150952,0.0
seismic,2019-06-02 23:05:59.930,36.305,-89.5168333,6.13,1.05,636.5232565908854,0.0
seismic,2019-06-02 23:42:47.340,34.9531667,-85.0215,5.18,2.23,468.5660588570421,320.681
seismic,2019-06-03 06:36:53.720,36.3085,-89.5266667,6.56,1.69,637.101095171311,0.0
seismic,2019-06-05 04:25:25.660,36.2218333,-89.4266667,7.36,1.26,625.6813737303909,0.0
seismic,2019-06-05 10:45:34.150,36.2071667,-89.6296667,6.18,1.59,628.2096731319101,0.0
seismic,2019-06-06 23:34:18.590,37.1328333,-88.823,3.86,2.03,718.0254775929952,0.781
seismic,2019-06-07 04:19:13.220,36.3056667,-89.5203333,5.7,1.23,636.6655967128091,0.0
seismic,2019-06-07 11:53:14.246,46.3318,-74.9766,13.16,2.5,97.25486313239507,499.875
seismic,2019-06-07 19:34:53.640,36.1096667,-89.7851667,12.41,1.15,621.2115669530922,0.0
seismic,2019-06-08 22:41:09.710,47.7969,-69.9326,14.93,1.8,1.0899991269439473,550.881
seismic,2019-06-09 05:37:55.376,46.8166,-70.3961,15.82,1.2,23.88784510802747,439.133
seismic,2019-06-09 09:57:45.630,36.3818333,-89.339,4.09,2.29,641.6344123739851,1.05
seismic,2019-06-09 14:39:46.210,36.4691667,-89.5516667,9.42,1.59,655.13990914638,0.0
seismic,2019-06-09 18:28:34.770,46.7876,-70.4358,14.32,2.4,25.463116660215547,435.665
seismic,2019-06-10 02:51:22.730,34.4563333,-82.9771667,0.05,2.27,290.1267389440325,235.598
seismic,2019-06-10 11:40:31.900,35.0885,-87.5585,2.02,2.15,487.3737806292493,191.975
seismic,2019-06-10 14:50:45.302,41.6797,-81.4564,2.0,4.0,483.2347887288746,456.378
seismic,2019-06-11 07:48:26.940,35.5651667,-84.1605,11.85,1.58,453.9061678855229,247.822
seismic,2019-06-11 12:52:10.500,35.5553333,-84.466,8.58,2.16,472.26293522822976,248.589
seismic,2019-06-11 13:04:57.750,36.2146667,-89.4513333,8.99,1.43,625.3702294745123,0.0
seismic,2019-06-11 17:02:27.670,34.8191667,-86.0208333,12.45,2.38,479.0642871556983,328.342
seismic,2019-06-13 00:30:57.950,40.4218333,-77.5056667,26.71,3.44,148.50881728255126,279.049
seismic,2019-06-13 01:32:36.930,40.4285,-77.5218333,28.15,1.29,149.95008930496277,279.472
seismic,2019-06-13 14:49:24.840,37.9123333,-77.9135,0.02,2.1,69.41569389622815,8.252
seismic,2019-06-15 04:15:15.396,47.5384,-69.967,14.04,2.5,2.1156957781880403,522.26
seismic,2019-06-15 20:06:43.027,41.6891,-81.478,5.0,1.8,485.2853940894737,457.687
seismic,2019-06-17 02:28:55.662,41.6655,-81.4876,5.0,1.6,484.2602669073944,455.199
seismic,2019-06-17 06:02:41.000,35.4296667,-84.4858333,17.44,1.27,463.827406443915,262.719
seismic,2019-06-18 02:07:48.540,36.3071667,-89.522,9.75,1.28,636.8625189895663,0.0
seismic,2019-06-18 11:49:21.490,36.4375,-89.5146667,9.53,1.73,650.9571540818005,0.0
seismic,2019-06-18 15:12:36.000,45.813,-65.962,5.0,2.4,38.91503495837481,506.38
seismic,2019-06-19 00:08:23.420,35.527,-84.3285,16.64,1.79,461.26675233912925,251.556
seismic,2019-06-19 19:14:06.490,35.6728333,-84.1953333,11.98,1.96,464.9060636234133,235.602
seismic,2019-06-20 12:08:44.940,36.2633333,-89.4701667,7.02,1.76,631.0552880036796,0.0
seismic,2019-06-22 08:35:02.470,36.263,-89.4641667,6.59,2.49,630.9026491822968,0.0
seismic,2019-06-22 09:34:01.870,36.2628333,-89.4706667,6.98,1.66,631.0103379305057,0.0
seismic,2019-06-23 01:39:20.048,46.546,-66.9569,5.0,1.6,135.74981094589472,510.927
seismic,2019-06-23 23:02:28.480,36.3048333,-89.5188333,6.23,1.12,636.5447840019543,0.0
seismic,2019-06-24 02:56:26.480,36.3003333,-89.5255,7.04,1.89,636.1864090477069,0.0
seismic,2019-06-24 19:16:44.400,36.5081667,-89.5443333,5.37,1.17,659.257423423602,0.0
seismic,2019-06-24 21:55:25.520,36.31,-89.5053333,8.06,2.08,636.8419554402252,0.0
seismic,2019-06-27 00:33:42.989,45.0766,-71.7238,5.36,1.7,145.29299401764908,252.674
seismic,2019-06-27 07:14:59.800,36.3008333,-89.5261667,7.05,1.16,636.2543036812472,0.0
seismic,2019-06-28 01:16:34.030,47.7043,-69.9935,17.48,2.5,1.7212617658504985,540.125
seismic,2019-06-28 09:11:06.350,36.476,-89.557,8.72,1.83,655.9914023289845,0.0
seismic,2019-06-30 06:07:33.370,45.9343,-74.9982,5.0,1.1,63.51816514729186,468.519
seismic,2019-06-30 16:14:54.620,36.4433333,-89.5228333,7.99,1.35,651.7531597786475,0.0
seismic,2019-07-01 04:16:02.530,34.7838333,-85.0456667,6.27,2.38,460.1437185626672,339.73
seismic,2019-07-01 08:40:50.895,42.4707,-70.3956,5.0,1.5,24.605098282441087,41.723
seismic,2019-07-01 20:17:02.620,36.2618333,-89.4655,6.2,1.14,630.8008808156961,0.0
seismic,2019-07-02 14:26:59.560,36.443,-89.5311667,8.95,2.28,651.8790844898214,0.0
seismic,2019-07-04 05:58:13.690,36.4441667,-89.5311667,8.38,2.2,652.0065742931906,0.0
seismic,2019-07-04 06:00:34.780,36.4515,-89.523,7.97,1.4,652.6490715803491,0.0
seismic,2019-07-06 10:08:50.140,36.167,-89.3986667,7.99,1.38,619.1505869057571,0.0
seismic,2019-07-06 19:49:06.510,35.5523333,-84.1353333,19.57,1.95,451.315532183366,249.412
seismic,2019-07-07 04:53:48.540,35.8215,-84.0981667,9.18,1.86,471.7413155588843,219.673
seismic,2019-07-07 04:55:03.700,35.824,-84.0973333,7.83,1.55,471.9080606193046,219.402
seismic,2019-07-08 22:47:41.280,36.2943333,-89.5396667,5.93,1.49,635.816167310587,0.0
seismic,2019-07-10 08:06:13.740,34.315,-81.1695,1.14,1.44,198.71574196098223,121.273
seismic,2019-07-12 23:45:25.530,36.2605,-89.4658333,6.15,1.74,630.6615693847718,0.0
seismic,2019-07-13 06:38:41.236,45.2578,-69.3703,1.72,1.5,89.65219493278859,290.365
seismic,2019-07-13 07:37:15.220,36.0816667,-89.4326667,13.09,1.62,610.470765115944,0.0
seismic,2019-07-13 17:56:47.134,47.1679,-76.326,15.24,3.7,232.94614313121403,637.931
seismic,2019-07-13 21:19:52.100,36.1375,-89.4265,11.58,1.25,616.4535069705953,0.0
seismic,2019-07-14 15:41:27.200,36.3091667,-89.5238333,9.43,1.18,637.1173611438802,0.0
seismic,2019-07-14 23:50:55.590,36.2291667,-89.4565,7.48,1.67,627.0554250264333,0.0
seismic,2019-07-15 02:45:49.830,34.8106667,-86.4126667,5.4,2.32,472.3145769454391,297.867
seismic,2019-07-16 09:53:24.340,36.5466667,-89.6931667,8.37,1.52,666.4781129797257,0.0
seismic,2019-07-17 05:24:23.810,36.3128333,-89.5016667,7.98,2.39,637.0793853922664,0.0
seismic,2019-07-17 05:40:04.390,36.3995,-89.5085,10.96,1.69,646.6835786311251,0.0
seismic,2019-07-17 08:07:36.360,34.129,-81.1346667,5.58,2.16,179.34987722959576,100.405
seismic,2019-07-17 15:23:28.230,36.3906667,-83.6471667,13.13,2.95,500.1142950547016,164.947
seismic,2019-07-17 17:12:11.380,36.4465,-89.5358333,8.92,2.49,652.3527832475193,0.0
seismic,2019-07-17 20:31:37.900,36.5583333,-89.8515,6.21,1.85,671.237471439666,0.0
seismic,2019-07-19 14:47:34.010,43.4683333,-74.2108333,5.0,2.22,175.25994531499538,270.199
seismic,2019-07-19 17:11:47.020,40.3773333,-76.0265,2.0,2.18,80.6644893929873,325.318
seismic,2019-07-19 17:59:36.000,35.14,-84.8573333,24.63,2.25,468.6079571665463,297.845
seismic,2019-07-19 19:31:41.240,36.1905,-89.6416667,3.28,1.74,626.6609827751122,0.0
seismic,2019-07-20 11:17:37.690,36.1206667,-89.7348333,10.03,1.64,621.2048723267575,0.0
seismic,2019-07-21 17:20:30.253,45.7262,-69.0674,5.0,1.7,131.24856591884085,347.556
seismic,2019-07-25 04:11:56.010,36.2413333,-89.5811667,5.95,1.37,630.8928858137872,0.0
seismic,2019-07-26 04:29:30.850,36.6825,-89.5235,14.69,2.33,677.9343723732803,0.0
seismic,2019-07-26 15:14:32.960,35.7863333,-84.0021667,9.39,2.15,463.221624507728,224.563
seismic,2019-07-27 00:17:16.370,44.6263333,-74.4478333,5.0,2.63,45.616953078145336,341.474
seismic,2019-07-27 11:50:12.303,41.4947,-72.6444,7.03,1.9,23.83921312424016,197.201
seismic,2019-07-28 00:16:18.780,35.7975,-88.5493333,10.02,2.09,566.7968965322174,76.013
seismic,2019-07-28 05:36:45.990,35.5936667,-84.484,25.45,2.36,476.4256319468267,244.372
seismic,2019-07-28 09:15:24.640,35.2293333,-84.5456667,16.43,2.3,452.9220643564152,285.36
seismic,2019-07-29 04:15:36.420,36.2065,-89.2998333,4.52,1.92,621.693393965447,0.0
seismic,2019-07-29 05:18:02.130,40.3623333,-75.9681667,2.0,1.03,76.17857026943847,326.733
seismic,2019-07-29 07:12:02.153,45.7123,-67.0828,5.0,1.2,53.9127437188403,434.534
seismic,2019-07-29 21:19:21.600,36.5388333,-89.6151667,9.29,1.83,664.0115381390514,0.0
seismic,2019-07-30 21:31:24.830,36.4448333,-89.592,11.86,1.7,653.290303500308,0.0
seismic,2019-08-01 11:32:10.020,36.1676667,-89.6755,4.71,1.67,624.933486943444,0.0
seismic,2019-08-02 07:11:01.000,35.7025,-83.9236667,13.28,1.31,451.5021902381833,234.829
seismic,2019-08-03 05:27:45.519,46.0664,-75.1125,13.28,1.7,79.96053881229223,485.213
seismic,2019-08-03 10:01:06.150,35.4845,-84.2481667,22.12,1.74,452.8087477375792,256.455
seismic,2019-08-03 17:37:11.470,35.9305,-89.9275,13.91,2.3,605.5934108217028,0.0
seismic,2019-08-05 03:11:59.060,36.0385,-83.7395,7.41,2.6,471.5694970222765,200.881
seismic,2019-08-05 10:38:52.770,35.5411667,-84.4085,16.82,1.69,467.4700907763781,250.019
seismic,2019-08-05 21:58:55.936,45.6197,-66.201,5.0,1.5,22.83017695781169,478.393
seismic,2019-08-08 05:03:20.540,35.5433333,-84.1238333,19.9,2.05,449.87416437728064,250.495
seismic,2019-08-08 11:17:39.419,47.5036,-70.2758,13.28,2.6,2.168084702646957,515.64
seismic,2019-08-10 02:11:45.210,36.1958333,-89.477,8.34,1.55,623.8137654939887,0.0
seismic,2019-08-11 15:14:40.840,35.0318333,-85.4881667,20.17,2.41,508.84449078106826,321.572
seismic,2019-08-12 03:00:28.370,36.0366667,-89.7576667,18.59,2.23,612.677372965726,0.0
seismic,2019-08-15 05:33:45.480,36.5105,-89.558,7.79,1.37,659.7795371776263,0.0
seismic,2019-08-16 05:42:57.013,44.2477,-70.2513,5.17,1.3,41.593896240434304,160.25
seismic,2019-08-18 07:25:24.620,36.2155,-82.8473333,5.55,2.16,449.3469866402327,201.892
seismic,2019-08-18 09:01:34.390,40.0066667,-75.6173333,11.82,1.12,26.754466114972477,314.289
seismic,2019-08-18 16:23:21.300,35.7611667,-82.6458333,4.69,2.51,395.60376124727713,219.142
seismic,2019-08-20 03:00:50.430,34.2325,-82.0823333,5.67,2.02,220.45836664582447,156.48
seismic,2019-08-20 05:42:10.110,40.1226667,-76.3818333,2.09,1.01,68.1805377779873,285.022
seismic,2019-08-20 19:50:19.507,41.4827,-77.3507,0.0,1.8,240.46701264890876,397.929
seismic,2019-08-20 23:16:25.920,36.4781667,-89.5431667,9.18,2.49,655.9562959322162,0.0
seismic,2019-08-21 05:31:01.315,41.7371,-70.6587,6.24,1.7,0.9271888797907234,109.103
seismic,2019-08-21 19:54:51.746,37.4106,-81.5616,0.0,2.8,375.85940474256176,52.638
seismic,2019-08-22 18:58:26.886,42.4763,-73.8643,0.0,1.9,130.53456265052364,237.147
seismic,2019-08-23 18:21:58.700,35.5515,-84.1441667,6.04,2.09,451.78638629878697,249.448
seismic,2019-08-25 13:31:05.150,36.2691667,-89.482,7.57,1.35,631.9232337306047,0.0
seismic,2019-08-25 14:49:06.690,35.6101667,-84.7255,2.8,2.01,493.3658437038096,244.177
seismic,2019-08-26 04:56:54.820,36.2973333,-89.534,9.18,1.44,636.0293436779403,0.0
seismic,2019-08-26 05:00:39.680,36.3008333,-89.5318333,9.31,2.26,636.367754813106,0.0
seismic,2019-08-26 05:01:02.180,36.296,-89.5303333,9.21,1.66,635.8102410119892,0.0
seismic,2019-08-26 08:22:38.630,36.2976667,-89.5335,8.98,1.23,636.0556750791566,0.0
seismic,2019-08-26 11:24:46.230,36.2961667,-89.528,9.29,1.69,635.7816717123217,0.0
seismic,2019-08-27 07:58:38.310,40.7441667,-78.037,2.0,1.18,204.87664814139265,308.501
seismic,2019-08-27 10:29:38.910,36.7876667,-89.4681667,18.95,2.66,688.4633041661895,0.0
seismic,2019-08-27 17:31:23.450,35.8731667,-83.6181667,23.28,2.18,450.1799554043331,221.411
seismic,2019-08-27 17:34:32.250,35.8821667,-83.6175,22.73,1.73,450.9719150862166,220.447
seismic,2019-08-29 02:22:48.960,35.3143333,-84.3945,11.54,1.99,449.0192724905897,275.385
seismic,2019-08-29 12:12:47.107,47.303,-70.434,3.69,3.3,7.604394648638693,492.517
seismic,2019-08-30 09:06:52.930,36.2228333,-89.4141667,7.02,2.08,625.55447458968,0.0
seismic,2019-08-31 13:47:52.112,47.4761,-70.123,5.0,2.7,6.98470861581791,513.877
seismic,2019-08-31 19:15:47.730,36.2991667,-89.5335,9.03,1.49,636.2193476458408,0.0
seismic,2019-09-02 05:21:49.850,36.5346667,-89.3366667,12.17,1.74,658.395432249989,0.0
seismic,2019-09-02 10:23:42.860,36.5556667,-89.7526667,15.88,1.92,668.7343364355448,0.0
seismic,2019-09-03 02:08:08.660,36.1048333,-89.7545,8.6,1.83,619.9574802687392,0.0
seismic,2019-09-03 06:56:32.380,36.2145,-89.4378333,8.41,1.52,625.0921212584979,0.0
seismic,2019-09-04 10:09:29.180,36.2326667,-89.3615,5.07,1.24,625.6594700509787,0.0
seismic,2019-09-05 21:54:13.730,36.2886667,-89.4956667,7.79,1.74,634.3214859938453,0.0
seismic,2019-09-06 03:00:37.880,43.6508333,-74.1015,5.0,1.37,157.7234246167018,267.608
seismic,2019-09-06 03:02:17.980,43.6425,-74.0988333,5.0,1.58,158.67681312061225,267.104
seismic,2019-09-06 06:04:16.420,36.276,-89.5,8.62,1.71,633.0232380331342,0.0
seismic,2019-09-06 07:32:38.910,36.2941667,-89.5035,8.35,1.73,635.0764271200486,0.0
seismic,2019-09-06 17:24:09.420,36.5455,-89.618,7.16,1.59,664.7959945610339,0.0
seismic,2019-09-07 10:56:14.120,36.5311667,-89.6173333,11.91,1.88,663.2192653925631,0.0
seismic,2019-09-07 13:00:38.888,43.946,-68.8384,5.0,2.3,9.756437867193467,199.379
seismic,2019-09-08 00:14:30.550,35.3995,-83.3285,5.7,1.94,391.9142121719602,279.412
seismic,2019-09-09 08:21:12.600,35.4328333,-83.3381667,4.68,1.42,395.4438010088039,275.587
seismic,2019-09-09 18:03:54.160,36.2518333,-89.4925,9.34,1.91,630.2358103466851,0.0
seismic,2019-09-09 19:08:07.920,35.4253333,-83.3323333,0.22,1.96,394.45590950891307,276.541
seismic,2019-09-10 09:47:39.838,44.1622,-71.4261,5.0,2.3,107.55847260687786,148.227
seismic,2019-09-11 17:10:38.531,44.0861,-75.8961,0.0,2.0,138.36192729156045,419.279
seismic,2019-09-11 18:39:41.420,36.3383333,-89.5223333,6.13,1.22,640.2719873978267,0.0
seismic,2019-09-12 00:13:40.300,35.418,-83.3235,4.74,2.25,393.3247388817384,277.554
seismic,2019-09-12 03:03:15.740,35.4158333,-83.3303333,4.31,2.54,393.489402494261,277.612
seismic,2019-09-12 03:14:01.270,35.4225,-83.3476667,0.75,2.07,395.0109832851976,276.457
seismic,2019-09-13 02:48:27.790,36.0596667,-79.7615,6.81,2.02,249.72865165030723,129.949
seismic,2019-09-14 00:25:50.460,35.9348333,-80.3343333,1.15,2.37,278.84350032254383,125.215
seismic,2019-09-14 14:50:29.260,36.3578333,-89.5286667,9.86,1.02,642.5267506180616,0.0
seismic,2019-09-14 18:20:27.580,36.1011667,-89.759,8.22,1.89,619.6684804387908,0.0
seismic,2019-09-14 20:06:15.810,36.3093333,-89.522,9.29,1.16,637.0990423728992,0.0
seismic,2019-09-15 01:11:09.190,39.9253333,-76.9128333,5.0,2.81,73.86014448413259,243.608
seismic,2019-09-15 04:07:31.670,36.1626667,-89.6833333,7.57,1.74,624.567678135587,0.0
seismic,2019-09-15 14:49:14.200,36.439,-89.536,9.26,1.64,651.5366280209945,0.0
seismic,2019-09-16 02:45:34.740,36.2051667,-82.9211667,4.94,2.0,451.0666111397553,208.093
seismic,2019-09-16 06:31:53.648,47.6456,-70.2417,12.46,1.7,6.02372947020459,531.5
seismic,2019-09-16 10:59:24.600,33.8506667,-82.1341667,5.66,2.38,188.3244991102768,133.962
seismic,2019-09-17 09:10:29.760,35.35,-83.5926667,25.43,1.7,402.12527687747735,278.993
seismic,2019-09-18 08:32:04.210,36.432,-89.5263333,8.42,1.72,650.5826792146289,0.0
seismic,2019-09-21 00:04:51.318,44.267,-72.283,4.59,1.6,161.75980969597248,188.773
seismic,2019-09-21 16:48:23.580,36.538,-89.6455,9.33,1.95,664.5398035712701,0.0
seismic,2019-09-23 03:55:03.020,37.7095,-77.6506667,7.59,2.51,53.39562193576128,13.371
seismic,2019-09-23 20:38:29.320,35.6376667,-84.2925,12.11,1.9,467.9316704130306,239.209
seismic,2019-09-24 12:43:30.260,35.3996667,-84.3261667,13.06,1.68,451.0941226579691,265.81
seismic,2019-09-24 12:44:31.780,35.399,-84.3256667,13.36,2.11,451.0098761371559,265.885
seismic,2019-09-24 12:44:52.830,35.403,-84.321,8.36,1.45,451.01963794705074,265.441
seismic,2019-09-24 15:24:14.570,36.137,-89.4313333,12.33,1.49,616.4922556442921,0.0
seismic,2019-09-25 02:06:01.636,46.5728,-68.8367,5.0,2.7,129.378089142122,441.007
seismic,2019-09-25 22:10:07.390,36.4925,-89.5395,8.39,1.44,657.4510903365533,0.0
seismic,2019-09-27 00:48:37.430,36.2716667,-89.4951667,8.79,1.66,632.4546402933648,0.0
seismic,2019-09-27 04:42:20.120,36.7713333,-89.2541667,16.82,3.03,683.1574897219605,0.0
seismic,2019-09-27 08:47:45.850,36.5558333,-89.6481667,8.23,3.27,666.5379044198545,0.0
seismic,2019-09-27 09:32:26.430,44.9503333,-73.3683333,6.48,1.43,53.616947259394,301.717
seismic,2019-09-28 14:56:42.860,36.4713333,-89.522,6.65,1.45,654.7979238572887,0.0
seismic,2019-09-29 02:54:26.720,35.4308333,-83.3266667,0.84,1.87,394.6560733017219,276.096
seismic,2019-09-29 04:04:32.510,36.0518333,-89.8141667,9.08,1.76,615.6887388852705,0.0
seismic,2019-09-30 16:18:14.310,36.554,-89.6501667,7.62,2.59,666.3792934246779,0.0
seismic,2019-09-30 16:21:07.710,36.5461667,-89.644,7.06,1.12,665.3988577833327,0.0
seismic,2019-09-30 16:29:05.310,36.5518333,-89.6493333,7.37,2.67,666.1260440641294,0.0
seismic,2019-09-30 16:34:26.620,36.5493333,-89.648,7.9,1.77,665.8261860573851,0.0
seismic,2019-09-30 16:57:37.750,36.553,-89.651,7.81,2.67,666.2875004448747,0.0
seismic,2019-09-30 20:31:51.180,36.5543333,-89.646,7.25,2.33,666.3299126153786,0.0
seismic,2019-09-30 21:03:22.390,36.5493333,-89.6451667,7.83,1.63,665.7679125668573,0.0
seismic,2019-10-01 07:06:59.090,36.5261667,-89.6011667,9.47,1.63,662.3474610479354,0.0
seismic,2019-10-01 11:20:42.190,36.314,-89.529,9.46,1.61,637.7480093056492,0.0
seismic,2019-10-02 01:25:16.550,36.1478333,-89.7061667,5.73,1.61,623.4799317548324,0.0
seismic,2019-10-03 00:00:43.840,34.81,-84.903,7.57,2.35,450.7752493796224,334.993
seismic,2019-10-03 06:35:23.330,36.3693333,-89.4616667,4.65,1.71,642.4865241438608,0.0
seismic,2019-10-03 06:42:23.090,36.2653333,-89.5143333,8.35,1.5,632.1431854849915,0.0
seismic,2019-10-03 09:14:38.160,35.4056667,-84.263,17.24,1.3,447.4972344260676,265.234
seismic,2019-10-04 11:14:53.500,36.5456667,-89.6451667,7.53,1.77,665.3683534813846,0.0
seismic,2019-10-05 01:37:39.730,36.4136667,-89.5181667,8.78,1.29,648.419926061776,0.0
seismic,2019-10-05 07:04:42.370,35.2316667,-84.9135,18.09,2.1,478.8668573084937,288.38
seismic,2019-10-05 15:51:41.820,47.7189,-69.8804,14.92,2.0,6.9755596963870445,542.938
seismic,2019-10-05 17:13:49.240,36.4701667,-89.5591667,9.28,1.45,655.3971746026314,0.0
seismic,2019-10-06 01:49:05.460,34.9643333,-87.4393333,1.06,2.26,474.6971541888755,208.518
seismic,2019-10-06 04:55:10.520,36.0458333,-81.5258333,4.78,2.08,355.90150959114953,131.429
seismic,2019-10-06 05:53:02.150,36.277,-89.5038333,8.49,1.75,633.2082110764894,0.0
seismic,2019-10-06 08:30:10.950,35.0893333,-80.5856667,5.54,1.83,220.3160587385451,182.981
seismic,2019-10-07 09:23:04.250,38.1466667,-85.0711667,13.24,2.41,668.7855809956899,57.503
seismic,2019-10-08 06:43:10.660,36.4856667,-89.55,8.81,1.74,656.9095782577824,0.0
seismic,2019-10-08 11:52:45.300,36.5393333,-89.524,4.58,1.68,662.2730140789663,0.0
seismic,2019-10-08 23:06:03.930,35.8206667,-83.9453333,20.88,2.35,463.0084733585236,221.457
seismic,2019-10-09 11:20:54.130,33.2428333,-83.3045,1.6,2.13,240.9301452876423,222.543
seismic,2019-10-09 17:01:16.960,36.265,-89.4678333,7.12,1.22,631.1922465638849,0.0
seismic,2019-10-10 00:51:40.400,33.2305,-83.2871667,0.72,2.22,238.97576134700407,220.934
seismic,2019-10-10 09:27:30.700,36.2686667,-89.4731667,7.48,1.77,631.6965141773361,0.0
seismic,2019-10-12 13:55:25.560,36.5545,-89.6478333,8.28,3.04,666.3857581566575,0.0
seismic,2019-10-12 14:07:04.650,36.5506667,-89.6483333,7.74,1.34,665.9783398736438,0.0
seismic,2019-10-12 14:37:02.860,36.5446667,-89.6445,7.82,1.35,665.2456738772071,0.0
seismic,2019-10-12 14:42:48.650,36.5473333,-89.6485,7.52,1.26,665.618557007082,0.0
seismic,2019-10-12 17:39:52.640,37.139,-84.373,6.24,2.67,605.2603956911629,71.027
seismic,2019-10-13 01:04:47.740,36.307,-89.4916667,4.78,1.79,636.2462669254335,0.0
seismic,2019-10-13 03:02:34.370,35.6556667,-81.3083333,0.09,1.69,311.1742345058742,163.547
seismic,2019-10-13 07:58:30.070,36.5436667,-89.642,8.18,1.7,665.0853332333284,0.0
seismic,2019-10-14 01:40:25.320,36.4475,-89.8003333,5.9,2.54,658.0706277743129,0.0
seismic,2019-10-14 03:00:45.790,36.5475,-89.647,7.92,1.39,665.6058385037817,0.0
seismic,2019-10-15 05:25:09.537,41.7284,-81.0516,5.0,2.6,461.3078021297175,458.057
seismic,2019-10-15 05:39:10.790,35.1905,-84.2871667,13.24,1.62,432.5242660626464,289.261
seismic,2019-10-15 05:42:18.360,44.9686,-70.4896,6.28,1.6,115.97067851590734,234.424
seismic,2019-10-15 06:58:57.650,40.0986667,-80.3208333,1.0,2.22,307.87463591476387,275.583
seismic,2019-10-16 20:08:10.350,36.5541667,-89.6455,6.79,2.36,666.3014872132393,0.0
seismic,2019-10-17 17:02:34.760,36.442,-89.5256667,8.18,1.3,651.6625417708013,0.0
seismic,2019-10-19 11:23:50.540,40.1945,-76.2308333,5.0,1.3,70.6007586863191,298.709
seismic,2019-10-20 01:27:17.680,36.3148333,-89.5493333,10.29,1.31,638.2476289763058,0.0
seismic,2019-10-21 05:06:38.910,36.0461667,-89.8348333,7.8,1.61,615.5929113167923,0.0
seismic,2019-10-22 00:36:23.270,33.3825,-83.1611667,9.93,2.21,234.013284243933,209.974
seismic,2019-10-22 12:11:46.870,36.4183333,-89.5178333,8.42,1.95,648.9234625465443,0.0
seismic,2019-10-23 16:00:23.910,35.8901667,-89.9676667,9.03,1.26,602.3791402201354,0.0
seismic,2019-10-24 01:15:54.210,36.526,-89.625,6.4,1.59,662.811789806856,0.0
seismic,2019-10-24 06:04:19.140,36.3768333,-89.4961667,7.22,2.37,643.9667714050457,0.0
seismic,2019-10-24 07:32:15.210,38.5596667,-83.6543333,5.7,1.78,544.0262103633037,82.046
seismic,2019-10-24 19:26:59.860,35.907,-89.93,11.55,1.94,603.150312248261,0.0
seismic,2019-10-25 02:41:57.800,41.092,-73.9606667,3.13,1.09,3.4471670151865768,309.178
seismic,2019-10-26 00:32:33.250,36.4911667,-89.5306667,8.46,2.69,657.1338840085003,0.0
seismic,2019-10-26 02:49:05.064,45.6418,-67.7327,5.0,1.3,62.15828261047195,395.034
seismic,2019-10-26 03:10:33.193,45.6403,-67.7063,5.0,1.3,60.64298606406671,396.218
seismic,2019-10-26 03:28:55.931,45.687,-67.5894,6.28,1.4,59.31837027258767,406.047
seismic,2019-10-26 03:42:26.367,42.621,-70.7246,4.55,1.3,2.967502694470743,11.78
seismic,2019-10-27 05:07:55.030,36.2771667,-89.5068333,8.35,2.7,633.2858335971463,0.0
seismic,2019-10-27 05:08:08.290,36.2756667,-89.5078333,8.06,2.75,633.1418856284306,0.0
seismic,2019-10-27 05:43:36.780,36.274,-89.5046667,7.6,1.56,632.8971149027913,0.0
seismic,2019-10-27 07:00:21.050,36.242,-89.505,8.2,2.07,629.4100397994395,0.0
seismic,2019-10-27 08:32:04.040,36.2746667,-89.5118333,8.07,1.59,633.1121925235163,0.0
seismic,2019-10-27 09:41:17.510,38.301,-88.7018333,26.68,2.49,847.4635136513766,0.0
seismic,2019-10-27 17:15:31.168,45.6627,-67.6685,5.0,1.2,60.65092765141641,400.017
seismic,2019-10-27 17:16:27.037,45.6729,-67.6635,5.0,2.3,61.308292061699305,401.137
seismic,2019-10-27 19:45:09.094,45.6779,-67.6742,5.0,1.4,62.2563390630426,401.031
seismic,2019-10-28 00:48:29.369,47.8627,-69.7291,13.6,1.8,9.784027342626963,560.424
seismic,2019-10-28 02:45:27.350,36.439,-89.5245,8.71,1.29,651.3119523240066,0.0
seismic,2019-10-28 05:30:07.850,36.274,-89.5046667,7.92,1.51,632.8971149027913,0.0
seismic,2019-10-29 00:09:18.480,40.9476667,-73.75,4.0,1.27,1.8975261720630137,306.043
seismic,2019-10-30 12:12:32.190,36.2731667,-89.5086667,7.24,1.14,632.8854745242335,0.0
seismic,2019-10-30 21:27:46.520,36.1726667,-89.6483333,10.87,1.7,624.8717832253332,0.0
seismic,2019-10-31 08:29:46.880,34.6921667,-85.2836667,8.69,2.4,473.5840785816495,353.801
seismic,2019-10-31 08:41:44.610,36.2738333,-89.5076667,7.64,1.78,632.9383993969057,0.0
seismic,2019-10-31 19:05:53.150,36.5361667,-89.643,8.36,2.1,664.2885790766402,0.0
seismic,2019-10-31 19:06:15.800,36.5351667,-89.6413333,8.26,2.02,664.1453347471183,0.0
seismic,2019-10-31 19:07:03.950,36.5328333,-89.6401667,8.15,1.04,663.8670777037744,0.0
seismic,2019-11-01 05:15:42.550,34.3686667,-83.0181667,6.05,2.29,285.6813865567815,233.27
seismic,2019-11-01 12:23:21.941,45.1024,-70.2632,5.0,1.8,122.38859252896096,252.116
seismic,2019-11-01 12:23:50.081,45.2136,-70.2725,5.0,1.5,134.38513587516078,264.112
seismic,2019-11-01 16:43:45.200,36.5195,-89.5785,6.48,1.68,661.1670849108145,0.0
seismic,2019-11-02 13:43:07.653,47.8351,-69.8973,14.82,2.8,0.5401782311745962,555.434
seismic,2019-11-02 22:49:44.750,35.8276667,-84.1201667,15.73,2.17,473.5368632156207,218.801
seismic,2019-11-02 23:49:29.833,42.1846,-67.3293,10.0,2.5,195.5534747382451,286.481
seismic,2019-11-03 23:47:55.730,36.3065,-89.4858333,5.92,1.06,636.077950869311,0.0
seismic,2019-11-04 03:51:08.490,40.3576667,-76.0063333,5.0,1.32,77.89094431726461,324.463
seismic,2019-11-04 06:57:12.550,35.6651667,-84.5213333,19.63,1.35,484.4465176600506,236.527
seismic,2019-11-04 20:52:04.490,45.0439,-67.0149,5.0,1.9,4.047655872624046,388.645
seismic,2019-11-04 21:48:48.170,41.1296667,-74.036,2.44,1.59,9.651419197977342,311.625
seismic,2019-11-04 23:39:17.820,35.7888333,-84.4438333,12.42,1.66,489.5572450165016,222.391
seismic,2019-11-05 05:51:49.200,37.9203333,-77.9441667,4.08,1.84,70.74981109196266,7.121
seismic,2019-11-05 06:27:14.350,32.9895,-88.0261667,0.01,2.11,250.81825716826197,119.057
seismic,2019-11-05 10:26:11.560,36.3048333,-89.4846667,6.0,1.13,635.8730968914941,0.0
seismic,2019-11-05 18:41:59.630,36.1908333,-89.4726667,7.29,1.37,623.1821998260594,0.0
seismic,2019-11-06 08:37:51.360,36.0606667,-82.3861667,4.73,1.59,412.0014899484472,179.301
seismic,2019-11-06 10:15:32.840,35.6533333,-84.3211667,11.58,1.66,470.9735460057701,237.419
seismic,2019-11-07 08:45:34.900,33.9671667,-81.0511667,1.17,1.98,160.41924278943796,80.914
seismic,2019-11-07 11:08:27.270,35.714,-84.4986667,13.72,1.13,486.90671222473736,230.975
seismic,2019-11-08 05:01:17.874,45.494,-66.2451,5.0,1.8,16.613334360527343,467.03
seismic,2019-11-08 10:16:49.280,36.1918333,-89.4758333,7.4,1.08,623.353872257815,0.0
seismic,2019-11-08 11:42:05.260,36.4555,-89.5658333,9.99,1.62,653.9281814577897,0.0
seismic,2019-11-10 15:26:32.310,36.4263333,-89.4876667,10.13,1.29,649.2174941603655,0.0
seismic,2019-11-11 00:41:30.260,36.0873333,-89.7768333,7.4,2.21,618.6025786150068,0.0
seismic,2019-11-11 02:33:57.640,36.6755,-89.5766667,5.95,1.71,678.1762405347395,0.0
seismic,2019-11-11 07:22:55.950,36.5443333,-89.6026667,8.36,1.39,664.3598353915611,0.0
seismic,2019-11-11 18:11:27.130,36.5303333,-89.6343333,6.62,1.18,663.4749215696239,0.0
seismic,2019-11-12 17:00:21.931,48.2143,-70.8488,16.73,2.8,11.841284591613364,591.786
seismic,2019-11-13 13:24:46.160,36.3111667,-89.5336667,9.66,1.82,637.5321559631911,0.0
seismic,2019-11-13 18:56:55.860,36.29,-89.4953333,7.62,1.45,634.4605960064846,0.0
seismic,2019-11-15 00:57:40.390,36.5418333,-89.6668333,6.43,1.46,665.3993175684286,0.0
seismic,2019-11-15 04:14:48.290,48.2761,-71.014,19.11,3.0,12.268539336887915,598.657
seismic,2019-11-16 07:23:11.220,36.4995,-89.3703333,4.16,2.29,655.1046438352855,0.0
seismic,2019-11-16 07:26:32.230,36.4971667,-89.3636667,4.37,1.77,654.7329221083922,0.0
seismic,2019-11-19 07:41:19.600,36.5496667,-89.5958333,7.1,2.09,664.8052241186358,0.0
seismic,2019-11-20 02:23:10.619,44.7947,-67.4177,5.0,1.3,10.813624216301786,346.551
seismic,2019-11-21 00:43:39.050,34.6498333,-88.4381667,13.14,2.27,437.97904126493967,168.351
seismic,2019-11-21 15:51:09.760,36.3128333,-89.5311667,9.45,1.29,637.6639800501919,0.0
seismic,2019-11-22 09:36:28.330,35.2615,-84.2256667,12.13,2.29,433.85557676125,281.47
seismic,2019-11-24 02:29:42.620,36.4698333,-89.5448333,11.15,1.23,655.0784363852408,0.0
seismic,2019-11-24 02:45:15.174,42.7892,-71.2257,1.66,1.8,29.721158315147413,19.231
seismic,2019-11-24 07:52:16.973,42.7766,-71.2345,3.63,1.2,30.6558921323496,20.155
seismic,2019-11-24 09:00:59.630,36.5411667,-89.6548333,7.0,1.53,665.0775001109536,0.0
seismic,2019-11-24 10:55:23.190,36.271,-89.4603333,5.68,1.37,631.7034452747454,0.0
seismic,2019-11-24 10:55:32.070,36.2741667,-89.464,6.53,1.25,632.1203723019805,0.0
seismic,2019-11-24 15:17:23.510,36.2316667,-89.5163333,6.72,1.46,628.5092700343737,0.0
seismic,2019-11-25 14:46:19.250,36.4863333,-89.5553333,8.61,1.08,657.0871889055286,0.0
seismic,2019-11-26 04:48:32.440,35.5163333,-84.2136667,17.32,1.56,453.2081739261859,253.016
seismic,2019-11-26 10:58:54.270,36.4856667,-89.5518333,8.42,1.24,656.9455623912667,0.0
seismic,2019-11-26 20:38:36.830,37.6801667,-77.7545,8.95,1.79,57.33479160979525,3.765
seismic,2019-11-27 05:47:16.390,33.6426667,-83.327,0.04,2.05,260.26701255257285,229.199
seismic,2019-11-27 14:23:25.940,35.498,-84.2176667,16.96,1.74,451.9790004249007,255.05
seismic,2019-11-28 03:02:06.790,36.1503333,-89.4411667,11.5,1.3,618.1405115349479,0.0
seismic,2019-11-28 07:40:49.030,36.5213333,-89.5045,6.79,1.98,659.9325804164357,0.0
seismic,2019-11-28 17:18:57.060,35.955,-89.9516667,5.01,1.4,608.8591580223011,0.0
seismic,2019-11-28 18:30:54.070,36.5535,-89.6473333,7.94,2.59,666.2665060845341,0.0
seismic,2019-11-28 18:33:22.600,36.5525,-89.6506667,7.73,2.03,666.2261535457715,0.0
seismic,2019-11-29 01:24:47.590,36.4343333,-89.5235,8.38,1.27,650.7824505978467,0.0
seismic,2019-11-29 08:06:59.470,36.2416667,-89.4998333,6.8,2.14,629.2708396629876,0.0
seismic,2019-11-29 08:12:05.480,36.2395,-89.5053333,7.07,1.28,629.1437892860323,0.0
seismic,2019-11-29 09:10:04.580,36.2416667,-89.504,7.28,2.14,629.3537299086988,0.0
seismic,2019-11-29 09:11:04.480,36.252,-89.4961667,5.68,1.2,630.3264620320291,0.0
seismic,2019-11-29 09:12:41.630,36.2443333,-89.5108333,7.48,1.07,629.7811843821421,0.0
seismic,2019-11-29 10:41:51.020,36.241,-89.5046667,6.88,1.17,629.2942360741404,0.0
seismic,2019-11-29 13:24:00.480,36.2416667,-89.5113333,7.36,1.09,629.5001581363639,0.0
seismic,2019-11-30 02:56:31.840,36.2515,-89.5066667,7.5,1.22,630.4802915777939,0.0
seismic,2019-11-30 06:00:38.820,36.241,-89.514,7.56,1.12,629.4808229920211,0.0
seismic,2019-11-30 06:00:56.070,36.2446667,-89.5131667,7.73,1.07,629.864268522693,0.0
seismic,2019-11-30 07:27:04.530,36.2416667,-89.5146667,7.74,1.46,629.5669469816256,0.0
seismic,2019-11-30 07:52:11.740,36.2385,-89.5081667,7.23,1.45,629.0912094622668,0.0
seismic,2019-11-30 07:52:40.520,36.2378333,-89.5086667,6.9,1.49,629.0284386035537,0.0
seismic,2019-11-30 07:53:10.790,36.2381667,-89.5071667,6.79,1.07,629.0348509135405,0.0
seismic,2019-11-30 20:11:58.160,36.2416667,-89.5161667,7.76,1.18,629.5970480218723,0.0
seismic,2019-12-01 09:34:18.650,36.2688333,-89.4825,7.49,1.13,631.8965722690533,0.0
seismic,2019-12-01 23:46:51.621,41.4659,-71.2851,5.0,1.8,1.1960107564418838,142.934
seismic,2019-12-02 16:55:46.570,36.5988333,-89.5835,8.69,1.33,669.9300600406591,0.0
seismic,2019-12-03 22:29:25.217,41.9709,-70.7019,5.0,2.1,1.706162996029576,82.706
seismic,2019-12-04 17:59:44.210,36.5388333,-89.644,9.21,1.99,664.5997261435273,0.0
seismic,2019-12-05 14:28:25.910,35.3826667,-84.4326667,9.01,2.28,456.73854960694086,267.807
seismic,2019-12-05 18:24:51.581,46.7585,-65.8278,5.0,1.7,50.67653428777313,585.45
seismic,2019-12-06 06:03:55.700,34.9191667,-87.6723333,3.6,1.69,467.6391928780619,194.216
seismic,2019-12-06 06:31:42.930,35.4333333,-85.1365,13.04,1.82,508.5940158419787,269.968
seismic,2019-12-07 15:06:19.827,41.6481,-81.4715,5.0,2.6,482.0082600898854,453.071
seismic,2019-12-08 01:04:44.320,35.8781667,-84.1373333,17.64,2.31,478.8585379916198,213.033
seismic,2019-12-09 18:31:58.650,36.101,-89.7605,8.99,2.05,619.6861659799656,0.0
seismic,2019-12-10 04:10:09.120,37.4691667,-80.3358333,10.3,2.13,268.5916188293268,0.992
seismic,2019-12-10 06:43:10.900,37.4661667,-80.3448333,14.53,2.49,269.36545564709365,0.136
seismic,2019-12-10 17:25:43.652,41.6829,-81.4821,5.0,1.7,485.11662389088553,457.053
seismic,2019-12-11 03:20:36.510,36.2985,-89.5301667,8.62,1.55,636.0797152606215,0.0
seismic,2019-12-11 09:41:34.540,37.4645,-80.3516667,14.71,2.54,269.9561123228357,0.0
seismic,2019-12-11 11:58:31.460,36.42,-89.5416667,9.4,2.4,649.5727180997454,0.0
seismic,2019-12-11 19:22:18.350,35.6916667,-84.2858333,20.76,2.14,471.94203914210925,233.178
seismic,2019-12-11 21:23:27.905,41.7215,-81.4316,5.0,2.0,484.5901058641969,460.706
seismic,2019-12-12 15:02:13.050,36.0991667,-89.7635,8.79,1.22,619.5597623140748,0.0
seismic,2019-12-13 06:48:32.460,36.4983333,-89.5546667,9.07,1.45,658.3849480736131,0.0
seismic,2019-12-13 15:49:49.340,36.265,-89.4341667,7.1,1.3,630.5474639703626,0.0
seismic,2019-12-14 17:22:50.530,34.0185,-81.0113333,0.71,2.21,163.41871449105008,85.637
seismic,2019-12-14 19:51:35.420,36.3093333,-89.5326667,9.65,1.67,637.3120397357028,0.0
seismic,2019-12-15 09:05:21.190,33.9698333,-87.7951667,0.04,2.03,360.9716981736231,227.974
seismic,2019-12-15 10:58:02.600,36.47,-89.5563333,9.96,1.39,655.322960678873,0.0
seismic,2019-12-15 17:16:17.400,35.8296667,-83.8155,15.96,2.18,456.6595049237083,222.373
seismic,2019-12-16 23:00:16.100,36.243,-89.5058333,7.6,1.87,629.5358114373681,0.0
seismic,2019-12-17 01:24:23.954,44.4031,-65.7691,5.0,2.2,16.996259029553443,438.309
seismic,2019-12-17 05:13:26.160,36.4785,-89.5655,9.43,1.22,656.4325791017828,0.0
seismic,2019-12-17 12:31:52.310,36.4123333,-89.5201667,8.6,1.38,648.3131861073268,0.0
seismic,2019-12-17 14:19:16.510,44.971,-74.79,10.68,2.12,6.833883547845907,385.712
seismic,2019-12-17 23:23:06.960,36.1096667,-89.7525,9.59,1.43,620.432009819688,0.0
seismic,2019-12-18 01:28:23.900,36.2346667,-89.4536667,7.02,1.27,627.6020071606459,0.0
seismic,2019-12-18 07:40:29.310,43.3873333,-76.9503333,2.32,2.05,253.11617261544632,486.475
seismic,2019-12-18 18:21:17.940,36.4191667,-89.519,8.77,2.2,649.0372536253843,0.0
seismic,2019-12-20 10:06:03.841,47.0613,-66.5812,5.0,1.6,92.67285757620228,573.731
seismic,2019-12-20 18:37:49.940,35.7533333,-84.2378333,19.06,1.99,474.1560982270872,226.414
seismic,2019-12-22 07:23:38.867,43.7761,-72.4144,6.63,1.5,153.93760174894925,155.007
seismic,2019-12-22 21:30:48.550,36.2828333,-89.4616667,5.92,2.22,633.023153582807,0.0
seismic,2019-12-28 22:24:16.270,36.0443333,-89.8373333,7.93,2.31,615.4583757008139,0.0
seismic,2019-12-29 07:53:19.580,36.499,-89.547,13.54,1.73,658.3076672406027,0.0
seismic,2019-12-29 09:58:54.230,36.263,-89.5121667,7.7,1.29,631.8452617621167,0.0
seismic,2019-12-29 16:01:24.470,35.62,-84.3011667,7.21,2.06,467.03058016214857,241.173
seismic,2019-12-29 22:17:19.320,35.4208333,-83.3286667,0.12,2.17,393.85436987747823,277.118
seismic,2019-12-30 09:02:06.880,36.219,-89.4631667,7.8,1.15,626.0735512840045,0.0
seismic,2019-12-30 11:17:24.060,36.2171667,-89.464,7.66,1.31,625.8894299163934,0.0
seismic,2019-12-31 02:21:02.980,38.3851667,-83.2641667,15.99,1.9,510.7692580546197,92.057
seismic,2019-12-31 08:15:22.840,35.0331667,-84.1981667,3.38,2.07,414.8089363129564,307.099
seismic,2019-12-31 23:53:22.516,45.0723,-74.7236,18.07,1.6,6.281459496323148,388.385
seismic,2020-01-01 04:41:35.780,35.7528333,-83.9253333,19.23,2.17,455.9645843789463,229.229
seismic,2020-01-02 00:41:40.071,41.548,-71.6038,5.0,1.9,13.659408616863264,142.864
seismic,2020-01-02 01:11:59.130,35.5345,-84.3921667,23.73,1.97,465.9025960907903,250.741
seismic,2020-01-02 02:51:22.680,36.7673333,-89.4725,15.15,1.7,686.3079752065387,0.0
seismic,2020-01-02 06:53:25.640,36.3665,-89.566,9.97,1.86,644.2202416923133,0.0
seismic,2020-01-03 01:17:25.320,33.5386667,-84.2061667,1.94,2.26,330.4314447505092,307.658
seismic,2020-01-03 05:03:09.600,33.9628333,-81.0321667,3.34,1.77,159.72841101225848,80.009
seismic,2020-01-03 07:24:51.740,36.5443333,-89.6563333,7.92,1.71,665.4534864250571,0.0
seismic,2020-01-04 02:52:53.120,43.6693333,-74.0916667,5.0,1.36,155.94928835125322,267.543
seismic,2020-01-04 13:53:14.420,35.534,-84.7261667,15.93,2.52,487.64674865411337,252.655
seismic,2020-01-04 15:15:08.180,36.5365,-89.6465,9.51,1.27,664.3969701104995,0.0
seismic,2020-01-04 15:15:28.650,36.5366667,-89.6466667,9.43,1.65,664.4185693538506,0.0
seismic,2020-01-04 19:40:59.420,36.3343333,-89.5025,6.45,1.16,639.444729511114,0.0
seismic,2020-01-04 21:59:23.630,36.5406667,-89.6463333,9.31,2.53,664.8475325695888,0.0
seismic,2020-01-04 22:00:38.010,36.5333333,-89.645,9.26,1.93,664.0210214201419,0.0
seismic,2020-01-04 22:09:03.480,36.5336667,-89.6438333,8.98,1.71,664.0333160720677,0.0
seismic,2020-01-04 22:10:46.830,36.5353333,-89.6463333,9.28,1.2,664.2664152384469,0.0
seismic,2020-01-04 22:32:44.660,36.5333333,-89.6431667,9.46,1.8,663.9832638011061,0.0
seismic,2020-01-04 23:22:39.570,36.5335,-89.6463333,9.13,1.59,664.0666693990117,0.0
seismic,2020-01-04 23:23:51.350,36.5345,-89.645,9.38,1.58,664.1481434061092,0.0
seismic,2020-01-05 01:30:31.670,36.5395,-89.6411667,9.52,2.42,664.6141372288154,0.0
seismic,2020-01-05 05:03:16.324,47.4368,-70.4003,12.73,1.7,1.7377443747239782,507.459
seismic,2020-01-05 14:52:00.790,36.5455,-89.6468333,10.03,2.5,665.3844771493176,0.0
seismic,2020-01-05 19:13:23.160,37.4428333,-83.1853333,7.88,2.39,518.1821255405704,94.289
seismic,2020-01-06 01:46:17.525,43.4484,-71.5716,5.0,2.1,76.96129216227321,81.481
seismic,2020-01-07 04:30:16.590,36.5735,-89.5991667,7.34,1.75,667.4732576267935,0.0
seismic,2020-01-07 06:35:46.690,35.9941667,-89.7486667,17.82,2.16,607.8775834843564,0.0
seismic,2020-01-07 07:26:09.600,35.9448333,-89.9248333,3.71,2.23,607.0539400026862,0.0
seismic,2020-01-07 14:22:37.670,43.665,-74.0898333,5.0,1.18,156.45466314892252,267.244
seismic,2020-01-07 15:18:58.400,36.2761667,-89.4698333,5.47,2.51,632.4517431665367,0.0
seismic,2020-01-08 02:43:31.580,36.4941667,-89.5665,11.76,1.92,658.1630913237024,0.0
seismic,2020-01-08 05:38:24.940,36.0286667,-89.8541667,8.87,2.06,614.1991544701061,0.0
seismic,2020-01-08 07:23:56.000,36.4056667,-89.5208333,8.23,1.6,647.597692813417,0.0
seismic,2020-01-11 03:05:35.633,46.0821,-75.446,10.08,2.3,101.10451468263886,504.745
seismic,2020-01-11 20:37:17.550,36.4283333,-89.6188333,12.88,1.35,652.0413148840498,0.0
seismic,2020-01-12 00:58:29.460,36.095,-89.7666667,7.12,2.18,619.1857383680953,0.0
seismic,2020-01-12 01:37:10.670,36.0248333,-89.8591667,8.02,1.4,613.9144276361765,0.0
seismic,2020-01-12 01:55:59.781,47.7248,-70.1427,12.15,1.3,6.412914417340882,540.983
seismic,2020-01-12 02:37:09.716,44.703,-68.3017,5.0,1.8,19.381601316293587,287.362
seismic,2020-01-12 06:18:18.660,36.6046667,-89.6178333,8.74,1.44,671.2477039983102,0.0
seismic,2020-01-13 00:06:19.310,35.4188333,-84.3603333,16.7,1.4,454.79709827724224,263.663
seismic,2020-01-13 10:37:59.295,44.993,-73.9659,6.41,3.4,27.426084001621597,337.527
seismic,2020-01-13 21:03:00.670,36.5283333,-89.5926667,8.7,1.68,662.4135162000318,0.0
seismic,2020-01-14 08:03:18.570,36.3925,-89.6008333,12.33,1.66,647.7658344131847,0.0
seismic,2020-01-14 10:19:42.270,44.9956667,-73.9515,10.0,1.71,27.430533743740384,336.914
seismic,2020-01-14 11:01:52.710,36.4911667,-89.5281667,8.16,2.51,657.0855244552632,0.0
seismic,2020-01-14 13:34:58.380,36.2726667,-89.4913333,8.74,1.28,632.4884742905153,0.0
seismic,2020-01-15 09:52:30.930,34.522,-80.4985,8.7,2.27,169.88161850474904,132.974
seismic,2020-01-15 19:38:43.600,36.0621667,-89.4043333,11.56,2.53,607.7888114315183,0.231
seismic,2020-01-16 05:50:10.150,35.3226667,-84.3471667,15.5,1.77,446.5247246344588,274.423
seismic,2020-01-17 03:03:58.100,34.7878333,-87.5313333,11.51,2.34,454.1420671277461,213.346
seismic,2020-01-17 05:25:36.326,45.011,-73.989,12.7,2.0,25.08339141060979,340.226
seismic,2020-01-18 08:10:45.130,34.9355,-85.0153333,17.66,1.95,467.00264663508,322.542
seismic,2020-01-18 08:11:41.360,34.9295,-85.0265,19.14,1.6,467.4731307981236,323.367
seismic,2020-01-18 15:34:45.977,45.9451,-65.9199,5.0,2.2,53.86044422489395,518.277
seismic,2020-01-19 08:32:41.508,45.6811,-66.0993,5.0,1.9,25.080343969012088,488.848
seismic,2020-01-19 10:19:24.070,36.4308333,-84.0281667,33.89,2.75,522.3319178203598,152.779
seismic,2020-01-20 19:12:11.260,36.4305,-84.0268333,34.84,3.8,522.2339768147754,152.835
seismic,2020-01-20 23:02:53.210,37.1101667,-80.8648333,8.11,2.31,316.22895868271263,0.391
seismic,2020-01-21 16:50:55.560,43.203,-78.8181667,5.25,1.86,383.9034769075158,584.484
seismic,2020-01-21 21:46:45.580,36.4343333,-84.0325,33.2,2.42,522.8731644561449,152.333
seismic,2020-01-22 04:36:00.145,47.6841,-69.8796,14.87,1.9,8.739539212511424,539.15
seismic,2020-01-23 07:29:10.812,45.1528,-67.2798,5.0,1.3,5.821555096685655,380.35
seismic,2020-01-24 02:47:50.940,36.1528333,-89.3875,7.96,1.92,617.3899308152862,0.0
seismic,2020-01-25 04:35:44.600,35.5941667,-85.1001667,4.38,2.25,517.4100575996583,251.696
seismic,2020-01-26 02:49:18.263,45.1551,-67.2745,5.0,1.0,5.345475845050264,380.832
seismic,2020-01-26 09:10:23.320,36.5206667,-89.5451667,7.61,2.0,660.6398364638945,0.0
seismic,2020-01-26 15:54:25.700,36.4385,-89.5343333,8.64,1.35,651.4493348678493,0.0
seismic,2020-01-26 23:17:51.110,36.4873333,-89.5271667,7.68,1.43,656.6470859296179,0.0
seismic,2020-01-27 07:32:39.920,36.1755,-89.4726667,12.03,1.53,621.5075274827294,0.0
seismic,2020-01-27 08:49:30.540,35.9398333,-83.9176667,8.58,1.93,472.0118642922853,208.635
seismic,2020-01-28 06:29:35.120,36.0136667,-79.7381667,6.08,2.33,246.59690283125155,135.452
seismic,2020-01-29 21:29:24.330,36.206,-89.4506667,8.76,1.3,624.4098349607057,0.0
seismic,2020-02-01 01:59:30.980,36.6013333,-89.583,9.96,1.81,670.1933647949045,0.0
seismic,2020-02-01 06:35:49.080,36.2381667,-89.5156667,8.88,1.69,629.2050969585919,0.0
seismic,2020-02-01 19:55:55.348,40.0515,-76.9218,2.73,1.7,86.06240803632619,255.966
seismic,2020-02-02 09:37:41.813,40.0476,-76.9143,4.0,1.8,85.36146513933176,255.844
seismic,2020-02-02 20:06:40.226,46.473,-76.1153,15.37,2.7,168.38203435788392,572.097
seismic,2020-02-03 10:04:11.360,37.9286667,-78.0158333,7.86,2.66,74.90499760425159,3.532
seismic,2020-02-04 05:35:46.600,36.1051667,-89.4156667,11.74,2.78,612.7091503475002,0.0
seismic,2020-02-04 06:36:27.990,36.2506667,-89.4896667,6.77,1.34,630.052523863666,0.0
seismic,2020-02-04 10:55:05.960,36.559,-89.6391667,8.06,1.61,666.6985141195697,0.0
seismic,2020-02-05 03:52:34.990,36.5513333,-89.6721667,5.13,1.64,666.5449251776837,0.0
seismic,2020-02-05 04:05:42.780,36.5476667,-89.6705,4.97,1.1,666.1109329010751,0.0
seismic,2020-02-06 17:46:21.630,36.3306667,-89.5251667,8.94,1.0,639.4910662453078,0.0
seismic,2020-02-07 10:41:44.212,46.3509,-75.1225,12.07,2.5,104.89357119162864,508.886
seismic,2020-02-08 04:14:24.740,36.0421667,-89.42,12.49,1.67,605.9069615741462,0.0
seismic,2020-02-08 20:24:08.980,34.3556667,-87.2803333,12.86,2.53,409.4597175167741,262.385
seismic,2020-02-09 03:55:15.637,47.6993,-69.802,18.71,1.7,4.977935930361952,541.729
seismic,2020-02-09 05:24:46.847,47.4218,-70.304,18.05,1.1,1.63282419132459,506.44
seismic,2020-02-09 09:20:17.330,33.9151667,-84.1426667,5.29,2.3,340.9647702458843,309.043
seismic,2020-02-11 07:48:35.140,35.6615,-84.1153333,3.15,1.7,459.17211122246255,237.372
seismic,2020-02-11 08:23:22.930,35.6808333,-84.1496667,11.2,1.44,462.83603347120334,234.971
seismic,2020-02-11 09:11:17.670,35.677,-84.144,10.07,1.57,462.17746996766914,235.437
seismic,2020-02-11 11:06:39.070,35.675,-84.1435,9.7,1.29,461.98036567720754,235.663
seismic,2020-02-11 11:56:57.840,35.5938333,-84.3695,14.67,1.61,469.1834541183336,244.078
seismic,2020-02-12 07:31:49.850,44.7609,-72.8365,5.0,1.8,91.41422853834034,259.081
seismic,2020-02-12 17:33:03.900,36.4295,-84.0243333,34.91,2.72,522.0157694090418,152.98
seismic,2020-02-14 09:13:48.020,36.1816667,-89.4695,7.95,1.58,622.1185754081613,0.0
seismic,2020-02-14 17:49:42.150,36.2621667,-89.491,7.73,1.32,631.3349197133471,0.0
seismic,2020-02-17 10:15:59.792,43.9675,-71.2291,5.0,1.9,83.38129955021657,123.377
seismic,2020-02-18 12:47:08.370,36.4518333,-89.5401667,8.71,2.0,653.020397362574,0.0
seismic,2020-02-18 23:23:02.000,35.9973333,-89.8891667,6.55,2.25,611.735015977493,0.0
seismic,2020-02-20 22:22:09.380,36.5378333,-89.5975,8.07,1.21,663.5469957690098,0.0
seismic,2020-02-21 22:11:39.410,35.1911667,-87.9473333,1.53,2.01,496.94691999527873,156.215
seismic,2020-02-22 03:29:19.320,36.6126667,-89.9376667,5.67,1.47,679.1233076715243,0.0
seismic,2020-02-23 01:59:07.027,45.9795,-74.388,16.41,2.2,46.41417027457319,440.636
seismic,2020-02-23 22:44:05.162,44.1115,-70.1239,5.0,2.2,24.24230720250046,149.526
seismic,2020-02-23 23:01:53.113,44.1098,-70.1054,5.0,1.4,22.92888476963995,149.93
seismic,2020-02-24 07:26:57.190,36.582,-89.8891667,11.9,2.69,674.6689949433978,0.0
seismic,2020-02-24 20:07:34.310,36.2705,-89.4945,7.71,1.28,632.314073274392,0.0
seismic,2020-02-27 06:05:58.230,37.3225,-87.2585,27.03,2.61,738.9759825478004,77.259
seismic,2020-02-28 01:30:42.360,36.2831667,-89.478,5.54,1.13,633.3753247486686,0.0
seismic,2020-02-28 04:53:56.400,36.4811667,-89.5466667,8.83,1.31,656.3525931523027,0.0
seismic,2020-02-29 04:14:25.450,36.4875,-82.781,34.92,1.87,470.6770254764452,181.912
seismic,2020-02-29 16:37:30.280,36.4971667,-89.6341667,12.78,1.5,659.857133343841,0.0
seismic,2020-02-29 23:04:56.070,34.6515,-88.3948333,14.77,2.13,437.832717928767,170.407
seismic,2020-03-01 08:27:42.000,36.5395,-89.606,8.62,1.28,663.8993949930889,0.0
seismic,2020-03-04 18:47:27.220,36.2905,-89.4673333,5.72,1.38,633.9706127982453,0.0
seismic,2020-03-04 19:39:05.510,36.5443333,-89.6455,7.47,1.13,665.2299090798044,0.0
seismic,2020-03-05 04:22:02.010,36.5446667,-89.6463333,7.59,1.36,665.2833852983144,0.0
seismic,2020-03-05 07:28:14.075,47.7111,-65.5962,5.0,1.7,4.315104348454988,676.373
seismic,2020-03-05 20:39:05.740,32.9538333,-82.6473333,9.99,2.42,173.2643896287869,163.837
seismic,2020-03-06 02:59:49.340,35.1258333,-84.4321667,17.06,1.58,437.6118000991117,296.539
seismic,2020-03-06 08:22:16.586,45.6077,-73.5634,9.88,2.7,4.355047632318944,368.866
seismic,2020-03-06 21:01:10.180,36.5743333,-89.6411667,8.5,1.95,668.4108700483931,0.0
seismic,2020-03-07 03:12:33.530,36.339,-89.5075,8.15,1.46,640.05253677015,0.0
seismic,2020-03-07 06:30:32.400,36.357,-89.4898333,3.87,1.54,641.6759483366602,0.0
seismic,2020-03-08 03:58:21.010,36.4715,-89.5343333,8.01,1.74,655.0553776949952,0.0
seismic,2020-03-08 07:19:26.235,43.0885,-71.6507,5.0,1.9,70.25340159931157,60.704
seismic,2020-03-09 12:07:26.859,44.5731,-70.0079,5.52,2.2,60.11929187874077,200.825
seismic,2020-03-09 14:57:11.350,36.4688333,-89.5563333,9.2,1.72,655.1955446296456,0.0
seismic,2020-03-09 18:57:15.778,43.2839,-69.8363,11.52,2.7,42.902030388576094,91.095
seismic,2020-03-09 23:53:56.220,36.2916667,-89.4386667,3.36,1.64,633.551150757506,0.0
seismic,2020-03-11 10:43:39.657,43.2925,-73.6371,12.55,3.1,207.74733734048732,220.613
seismic,2020-03-11 15:44:50.700,36.196,-89.4306667,7.17,1.64,622.9313245948462,0.0
seismic,2020-03-12 01:14:13.660,36.698,-89.5186667,9.51,1.98,679.5424404681629,0.0
seismic,2020-03-12 16:20:22.350,36.534,-89.5895,8.63,2.04,662.9688317905316,0.0
seismic,2020-03-13 02:15:43.010,35.086,-84.696,18.63,2.17,453.3537477809674,302.275
seismic,2020-03-13 06:04:10.660,38.154,-89.945,14.92,2.29,846.9231224496475,0.0
seismic,2020-03-13 08:16:26.750,36.0621667,-89.8123333,11.16,1.21,616.7556379637459,0.0
seismic,2020-03-14 05:34:40.800,36.4938333,-89.544,8.3,1.74,657.6845007965749,0.0
seismic,2020-03-14 12:17:58.660,36.239,-89.4606667,6.73,1.51,628.2111012400215,0.0
seismic,2020-03-15 03:07:38.993,43.4531,-71.5792,4.5,2.1,77.74887172283617,82.272
seismic,2020-03-15 16:16:43.372,43.0045,-70.7752,5.0,1.9,2.8184734720715863,15.35
seismic,2020-03-15 21:37:03.540,36.2633333,-81.2851667,5.81,1.94,359.64350200189057,99.771
seismic,2020-03-16 02:59:51.020,32.9823333,-80.2133333,4.59,2.36,29.00582094671531,0.0
seismic,2020-03-16 07:41:40.010,35.2526667,-82.4498333,5.81,2.2,336.6572800390714,251.045
seismic,2020-03-16 09:32:17.840,36.1613333,-89.392,7.4,1.65,618.4049491189345,0.0
seismic,2020-03-16 12:02:46.100,36.0991667,-83.7963333,9.18,1.8,480.043861388782,193.153
seismic,2020-03-17 00:49:18.750,36.2211667,-89.4115,8.7,1.27,625.3218629933042,0.0
seismic,2020-03-17 00:53:04.280,36.222,-89.4105,8.47,1.14,625.3943056541772,0.0
seismic,2020-03-17 00:54:55.620,36.2233333,-89.406,7.99,1.25,625.4559246951152,0.0
seismic,2020-03-17 01:05:13.280,36.2221667,-89.411,8.19,1.9,625.4219476762838,0.0
seismic,2020-03-17 01:05:35.580,36.2205,-89.4115,9.86,1.42,625.2488737901675,0.0
seismic,2020-03-17 02:15:04.000,36.2236667,-89.4123333,8.34,2.02,625.6112222607746,0.0
seismic,2020-03-17 02:19:38.570,36.2225,-89.4116667,8.83,1.55,625.4709643788008,0.0
seismic,2020-03-18 06:11:27.858,43.2933,-73.6227,5.16,1.8,208.10717509167404,219.5
seismic,2020-03-18 12:52:53.010,36.4491667,-89.551,9.56,1.5,652.9423966824261,0.0
seismic,2020-03-19 01:57:00.890,36.2211667,-89.4111667,8.9,1.27,625.3155991092725,0.0
seismic,2020-03-19 21:29:36.820,36.1761667,-89.4568333,12.01,1.03,621.2691432600536,0.0
seismic,2020-03-22 17:28:14.046,45.7025,-73.3304,19.41,1.5,8.373028006015298,367.597
seismic,2020-03-22 18:53:12.390,36.2581667,-89.4885,7.25,1.2,630.8488045500517,0.0
seismic,2020-03-22 21:59:06.380,37.362,-89.5046667,13.22,2.3,752.2268676267807,5.768
seismic,2020-03-22 23:01:41.020,36.2553333,-89.4915,6.8,1.62,630.5983612998061,0.0
seismic,2020-03-23 00:51:03.210,36.2548333,-89.493,6.81,1.82,630.5733297397478,0.0
seismic,2020-03-23 02:44:23.560,36.2636667,-89.4838333,7.08,1.52,631.3581188288239,0.0
seismic,2020-03-23 04:42:19.710,35.931,-89.9286667,9.36,2.11,605.6780599860348,0.0
seismic,2020-03-23 08:06:56.060,36.2588333,-89.4973333,7.31,1.58,631.095764765624,0.0
seismic,2020-03-23 11:44:34.730,36.4551667,-89.54,8.99,1.58,653.3813101353828,0.0
seismic,2020-03-25 17:48:58.950,36.452,-89.5583333,8.4,1.15,653.3969768689841,0.0
seismic,2020-03-26 03:38:50.250,36.1423333,-80.0851667,2.01,1.82,279.948198417638,108.959
seismic,2020-03-26 03:42:24.912,45.2819,-70.7302,5.0,2.2,155.62094904257603,267.386
seismic,2020-03-26 08:26:36.080,35.9293333,-84.4101667,16.8,2.02,499.1321781803545,206.574
seismic,2020-03-27 03:27:21.659,45.7753,-76.183,15.47,1.8,142.59287626868408,526.578
seismic,2020-03-27 09:07:10.080,36.416,-89.5246667,9.78,1.84,648.8017394100718,0.0
seismic,2020-03-27 12:26:47.540,36.1846667,-89.3981667,7.35,2.18,621.0753649181472,0.0
seismic,2020-03-27 21:11:20.380,36.4978333,-89.5471667,9.11,1.15,658.1834359197983,0.0
seismic,2020-03-28 11:22:51.800,36.5096667,-89.544,6.25,1.17,659.414875445938,0.0
seismic,2020-03-29 07:21:04.745,45.8485,-73.528,10.51,3.0,12.219760413990755,389.518
seismic,2020-03-29 07:27:44.350,36.4988333,-89.5551667,8.2,1.51,658.4493864538492,0.0
seismic,2020-03-29 17:04:46.557,43.4249,-78.3629,5.0,2.6,339.5982551091473,600.287
seismic,2020-03-30 20:57:58.760,36.301,-89.528,6.01,1.22,636.3091568247205,0.0
seismic,2020-03-31 19:38:05.230,36.3108333,-89.5023333,8.07,1.95,636.8739858833857,0.0
seismic,2020-04-01 16:47:39.468,47.4531,-79.2714,10.0,2.9,430.9338149984132,827.854
seismic,2020-04-02 10:30:20.300,36.364,-89.4943333,7.1,1.65,642.5282696716441,0.0
seismic,2020-04-02 13:43:35.300,36.2535,-89.5073333,6.84,1.24,630.7118977866438,0.0
seismic,2020-04-04 02:25:07.350,36.3013333,-89.5273333,6.13,2.23,636.3321971695019,0.0
seismic,2020-04-05 19:17:54.110,35.1616667,-84.7976667,14.41,2.05,465.80188239541457,294.789
seismic,2020-04-06 11:01:33.980,35.347,-84.0786667,13.77,2.37,431.1362629607097,272.729
seismic,2020-04-06 19:02:16.770,34.7958333,-81.0143333,0.87,2.32,224.8248141719821,171.619
seismic,2020-04-07 01:51:09.254,41.7952,-81.1234,5.0,2.2,470.7192115982148,465.984
seismic,2020-04-08 05:24:31.590,36.5328333,-89.6055,7.59,1.25,663.1619790043554,0.0
seismic,2020-04-09 01:29:54.300,40.314,-75.9617,5.0,1.3,71.74168715390718,322.64
seismic,2020-04-10 18:03:12.230,36.2485,-89.4008333,5.79,2.73,628.1159127921667,0.0
seismic,2020-04-10 18:06:44.030,36.248,-89.4006667,5.95,1.49,628.0580494744042,0.0
seismic,2020-04-11 06:52:54.720,36.168,-83.584,4.25,2.08,475.96970715906747,190.423
seismic,2020-04-11 10:36:12.806,44.6458,-68.8708,5.0,2.1,10.987701819746093,252.657
seismic,2020-04-12 10:57:38.884,47.3409,-70.3161,10.0,1.7,6.467278822684079,497.452
seismic,2020-04-12 12:32:22.430,36.6503333,-89.4916667,4.68,1.57,673.8215652332957,0.397
seismic,2020-04-13 23:54:46.310,35.644,-84.4608333,25.34,2.29,478.9382171642663,238.652
seismic,2020-04-15 13:16:52.010,36.3458333,-89.462,5.22,2.74,639.9211660652152,0.0
seismic,2020-04-15 19:18:58.650,36.6085,-89.569,8.92,1.12,670.7032552082329,0.0
seismic,2020-04-16 20:41:27.685,46.0526,-74.1208,17.13,1.7,50.51318772865995,434.303
seismic,2020-04-18 01:48:45.290,35.8775,-83.8831667,15.86,1.99,464.5926709254319,216.026
seismic,2020-04-18 11:41:19.860,36.4405,-89.549,9.26,1.43,651.9563985958653,0.0
seismic,2020-04-18 21:32:15.540,36.4831667,-89.5643333,8.88,1.34,656.919022807315,0.0
seismic,2020-04-20 09:07:36.770,36.3453333,-89.5508333,11.21,1.36,641.6050716811591,0.0
seismic,2020-04-20 16:47:17.980,35.6648333,-84.2943333,22.18,2.38,470.26138355851424,236.165
seismic,2020-04-21 21:01:11.900,36.436,-89.5535,9.45,2.34,651.5541148091352,0.0
seismic,2020-04-22 23:01:38.540,36.4848333,-89.549,8.21,2.16,656.7989166159043,0.0
seismic,2020-04-25 06:33:10.160,35.5728333,-84.4863333,9.88,1.76,474.9390113602397,246.712
seismic,2020-04-25 07:26:29.670,36.56,-89.7983333,16.4,1.86,670.2129325818096,0.0
seismic,2020-04-25 09:29:07.660,36.9243333,-89.2085,5.22,2.77,699.3921765749847,0.0
seismic,2020-04-25 10:33:49.050,38.708,-82.9338333,26.9,2.93,482.1354188011053,136.612
seismic,2020-04-27 04:34:38.500,36.6623333,-89.5321667,5.17,2.18,675.8882888997699,0.0
seismic,2020-04-29 06:54:50.550,36.5445,-89.593,7.4,1.8,664.1847508385947,0.0
seismic,2020-04-29 09:13:49.750,36.3036667,-83.4638333,15.0,2.5,483.3871384467181,179.628
seismic,2020-04-29 18:43:12.127,47.2328,-70.3137,14.52,2.5,3.054938681432036,485.572
seismic,2020-04-30 05:00:57.030,35.2966667,-82.5226667,9.42,2.34,344.0014405059425,250.921
seismic,2020-05-01 13:12:24.770,36.5373333,-89.6565,9.48,1.22,664.6944698327796,0.0
seismic,2020-05-02 02:43:14.700,34.3118333,-81.3108333,1.79,2.02,202.3430372010815,124.961
seismic,2020-05-02 04:56:49.500,34.5423333,-85.2383333,9.72,2.11,459.1777041783064,359.216
seismic,2020-05-02 15:09:09.540,36.5723333,-89.591,8.6,1.06,667.1836870229234,0.0
seismic,2020-05-04 01:00:48.980,35.2825,-82.5188333,8.56,2.26,342.4315178575967,251.985
seismic,2020-05-04 02:25:25.647,40.3353,-76.0378,5.0,1.4,77.88849691955345,320.895
seismic,2020-05-04 03:32:36.110,36.492,-89.5573333,8.72,2.41,657.745530486248,0.0
seismic,2020-05-04 06:24:03.185,47.7342,-70.118,10.0,1.1,6.63261256783396,542.226
seismic,2020-05-04 12:21:46.711,47.6158,-69.8745,14.56,1.3,3.625941829525813,531.756
seismic,2020-05-05 02:11:18.290,35.2915,-82.5131667,10.51,2.13,343.09837336885715,250.872
seismic,2020-05-05 02:52:35.150,35.2916667,-82.5135,10.2,1.85,343.1285889079024,250.875
seismic,2020-05-05 17:16:29.000,35.228,-84.282,7.43,2.18,435.0098833431128,285.074
seismic,2020-05-06 12:23:28.560,37.9133333,-88.6795,12.33,2.11,803.9910928631144,0.0
seismic,2020-05-06 15:03:41.193,45.0596,-72.8946,14.1,3.1,63.7365157287769,288.988
seismic,2020-05-07 07:12:12.500,36.5801667,-89.5875,8.22,1.44,667.9698869018061,0.0
seismic,2020-05-09 19:04:19.037,47.0127,-75.8523,15.64,3.6,197.0663803164143,600.916
seismic,2020-05-10 08:33:14.740,35.1405,-85.8918333,8.43,3.13,516.6516095377062,310.146
seismic,2020-05-10 08:34:15.220,35.142,-85.883,6.48,2.78,516.9844138436893,310.606
seismic,2020-05-13 11:32:12.590,36.2961667,-89.3066667,5.11,1.53,631.6634611701597,2.229
seismic,2020-05-13 15:56:35.900,35.8526667,-89.9978333,10.25,1.69,599.2256644363647,0.0
seismic,2020-05-14 08:33:28.510,37.1818333,-81.7973333,7.31,2.1,397.37633335602914,74.509
seismic,2020-05-14 23:27:00.960,35.054,-87.015,11.43,2.36,490.6965781862131,236.884
seismic,2020-05-15 00:55:19.310,35.7793333,-84.7676667,22.41,2.25,509.1507872808254,225.84
seismic,2020-05-15 00:57:09.860,35.7846667,-84.7673333,23.35,1.65,509.5454216588925,225.244
seismic,2020-05-15 09:41:12.210,35.624,-84.5436667,19.02,1.48,482.62607645173927,241.232
seismic,2020-05-15 18:19:02.980,36.6243333,-89.8738333,10.76,1.31,678.8916191135381,0.0
seismic,2020-05-16 04:14:15.600,36.2203333,-89.4541667,8.94,1.84,626.0445567541213,0.0
seismic,2020-05-18 06:13:39.290,36.266,-89.5208333,7.49,1.81,632.3459850991753,0.0
seismic,2020-05-19 20:40:34.614,42.7616,-78.902,5.0,2.3,417.978046387168,535.962
seismic,2020-05-20 02:15:37.610,36.1881667,-89.4581667,8.12,1.35,622.606472466493,0.0
seismic,2020-05-20 07:31:55.560,35.4123333,-84.274,25.55,1.97,448.7262094720155,264.463
seismic,2020-05-21 02:50:58.730,35.6746667,-84.3216667,19.41,1.44,472.7419321652789,235.03
seismic,2020-05-21 17:07:11.520,36.1981667,-89.6363333,6.04,1.38,627.3769736013118,0.0
seismic,2020-05-22 05:58:41.750,37.0441667,-84.1358333,2.98,2.45,585.1337673885346,83.429
seismic,2020-05-22 14:59:32.580,36.4913333,-89.5161667,5.9,1.7,656.8726933721306,0.0
seismic,2020-05-23 00:40:37.970,36.1168333,-89.7406667,5.87,1.53,620.927279105725,0.0
seismic,2020-05-23 06:21:35.820,36.2816667,-89.5856667,10.55,1.17,635.3784588394793,0.0
seismic,2020-05-23 09:40:57.930,44.0927,-71.3769,5.0,1.5,100.24873686445424,139.709
seismic,2020-05-24 00:28:12.249,45.5031,-74.278,17.77,1.5,0.0297313713558796,395.13
seismic,2020-05-24 01:56:31.140,36.3011667,-89.5288333,6.15,2.05,636.3440264813827,0.0
seismic,2020-05-26 09:05:51.670,36.258,-89.4491667,6.21,1.18,630.0672491345359,0.0
seismic,2020-05-27 00:10:27.480,36.0578333,-84.5195,5.55,1.94,516.3783699408976,192.611
seismic,2020-05-27 03:11:55.890,36.1621667,-89.6635,11.37,1.24,624.0689642586884,0.0
seismic,2020-05-27 09:21:11.060,36.3035,-89.5286667,5.53,1.0,636.5953414115722,0.0
seismic,2020-05-27 10:48:39.830,36.3006667,-89.5273333,6.24,1.19,636.2594440127535,0.0
seismic,2020-05-27 17:36:23.130,36.454,-89.4468333,3.86,1.51,651.4812539313527,0.0
seismic,2020-05-30 03:14:47.890,36.457,-89.4435,3.79,2.14,651.7485982654787,0.0
seismic,2020-05-30 08:14:19.550,36.5236667,-89.582,8.34,1.4,661.6915130915211,0.0
seismic,2020-05-30 13:29:02.640,36.041,-84.517,12.68,2.3,514.8198850546389,194.481
seismic,2020-05-31 12:55:41.530,46.8909,-70.7996,18.04,1.8,2.7831416937410896,445.668
seismic,2020-06-01 02:16:48.870,36.5836667,-89.6656667,4.8,1.81,669.9312701822867,0.0
seismic,2020-06-01 09:26:37.990,40.7398,-78.0417,5.0,1.5,204.7149013860605,307.99
seismic,2020-06-01 23:47:19.320,36.6131667,-89.5723333,9.71,1.6,671.2781051743513,0.0
seismic,2020-06-03 20:01:58.760,36.3816667,-89.5328333,9.2,1.35,645.2118277169311,0.0
seismic,2020-06-04 08:36:19.090,36.5063333,-89.5685,9.03,1.41,659.5312719362821,0.0
seismic,2020-06-04 21:08:15.110,36.3035,-83.642,15.19,2.47,491.5659762921633,174.398
seismic,2020-06-05 09:06:47.231,46.4518,-74.5193,19.7,2.2,99.39282408382476,488.213
seismic,2020-06-06 18:07:02.790,36.2745,-89.5531667,6.31,1.61,633.9274202153088,0.0
seismic,2020-06-10 23:43:22.670,36.5356667,-89.6195,9.34,1.07,663.7539593737587,0.0
seismic,2020-06-12 21:27:42.290,36.1601667,-89.674,8.45,1.71,624.0868891563697,0.0
seismic,2020-06-13 10:32:49.530,36.1033333,-89.757,8.8,1.79,619.8548428885551,0.0
seismic,2020-06-14 08:09:04.520,36.3825,-89.5473333,11.46,1.72,645.590828742092,0.0
seismic,2020-06-15 09:49:40.770,36.2985,-89.532,8.68,1.51,636.1164842565081,0.0
seismic,2020-06-16 06:41:57.500,36.161,-89.4695,12.58,1.77,619.861416003309,0.0
seismic,2020-06-17 18:45:23.770,36.2366667,-89.4173333,7.26,1.17,627.1284409570279,0.0
seismic,2020-06-19 09:09:06.055,46.4646,-75.958,15.34,1.5,158.2135349199294,562.658
seismic,2020-06-21 11:12:42.560,35.7243333,-84.3011667,19.83,1.88,475.5630569944301,229.494
seismic,2020-06-21 12:30:29.170,36.0703333,-82.7371667,6.12,2.47,430.4875311769183,202.949
seismic,2020-06-21 13:40:20.640,36.087,-89.7821667,10.12,1.61,618.695184403835,0.0
seismic,2020-06-21 20:42:46.700,36.5371667,-89.6063333,8.95,1.53,663.6515285669221,0.0
seismic,2020-06-21 23:12:35.470,36.2816667,-89.4456667,5.7,1.38,632.5895432553667,0.0
seismic,2020-06-23 05:56:30.010,35.5445,-84.3498333,11.26,1.93,464.00800187257215,249.593
seismic,2020-06-23 07:21:46.630,44.9429,-74.3948,5.4,1.1,15.14882450558088,359.177
seismic,2020-06-23 08:09:53.710,36.1811667,-89.4733333,11.88,1.27,622.1395650472366,0.0
seismic,2020-06-24 03:06:49.190,36.265,-89.5151667,8.12,1.29,632.123450117873,0.0
seismic,2020-06-24 04:10:09.690,36.2191667,-89.4445,8.66,1.19,625.7304956033995,0.0
seismic,2020-06-24 10:07:15.410,35.96,-89.904,9.23,1.78,608.1244031442316,0.0
seismic,2020-06-25 02:19:25.730,36.4658333,-89.5568333,9.73,1.12,654.8778031657588,0.0
seismic,2020-06-25 05:09:46.790,32.9595,-81.5051667,1.33,2.0,76.58067924450111,60.325
seismic,2020-06-25 17:16:45.650,33.6926667,-87.6201667,1.34,2.87,331.56836377832616,196.06
seismic,2020-06-26 03:24:57.280,36.5018333,-89.52,6.2,1.3,658.0946347611141,0.0
seismic,2020-06-26 03:32:08.610,36.2618333,-89.4868333,7.59,1.47,631.2166182433884,0.0
seismic,2020-06-26 05:30:37.340,36.26,-89.5563333,5.4,1.82,632.411741290509,0.0
seismic,2020-06-27 03:44:26.766,43.7823,-71.4248,5.0,1.6,87.40381072400217,108.049
seismic,2020-06-27 10:02:30.090,34.495,-85.5093333,10.95,2.23,449.6326972467765,340.828
seismic,2020-06-27 14:43:09.540,35.9835,-89.8916667,10.7,1.82,610.3178339341978,0.0
seismic,2020-06-27 22:13:28.300,34.8593333,-85.3565,12.0,2.67,488.6417814030297,337.07
seismic,2020-06-28 09:46:24.653,45.2337,-69.2735,5.0,1.2,83.68290603115122,291.154
seismic,2020-06-28 13:46:43.992,43.5702,-73.7103,5.0,1.3,176.93191469010625,234.961
seismic,2020-06-28 21:54:15.580,35.3251667,-84.539,17.28,1.95,459.5027974029505,274.618
seismic,2020-06-29 12:58:05.623,45.8577,-73.4772,12.65,2.1,9.449571624278768,388.268
seismic,2020-06-29 14:17:35.870,36.2513333,-89.4501667,6.65,1.68,629.3572467723648,0.0
seismic,2020-06-30 19:34:08.996,47.2389,-70.4413,13.24,2.1,11.327049377313685,485.409
seismic,2020-07-01 05:29:32.800,36.5341667,-89.651,7.84,1.2,664.2356664697633,0.0
seismic,2020-07-03 03:44:32.150,36.5328333,-89.5975,8.55,2.14,663.0013385638605,0.0
seismic,2020-07-04 03:13:46.770,35.4858333,-84.2675,14.91,1.38,454.1338674610111,256.254
seismic,2020-07-04 06:23:27.035,44.1873,-70.7422,3.42,2.1,65.60213554486124,145.699
seismic,2020-07-06 02:01:57.140,36.4731667,-89.5518333,9.11,1.7,655.5801041055684,0.0
seismic,2020-07-06 03:30:38.080,34.7896667,-85.0421667,5.13,2.51,460.2174003738365,339.035
seismic,2020-07-06 08:52:38.441,44.1968,-70.7426,5.0,1.2,66.40005489622872,146.752
seismic,2020-07-07 13:36:42.270,36.2788333,-89.4928333,7.82,1.18,633.1915980671414,0.0
seismic,2020-07-08 04:12:46.140,36.2566667,-89.4991667,9.43,2.53,630.8954445289419,0.0
seismic,2020-07-08 10:57:45.690,36.656,-89.5443333,6.43,1.63,675.4248048940965,0.0
seismic,2020-07-08 23:02:29.960,34.9466667,-85.1935,19.8,2.32,481.1945398867219,324.252
seismic,2020-07-09 07:40:16.270,34.987,-84.3888333,5.08,2.37,424.6856144032965,312.005
seismic,2020-07-09 14:05:26.970,36.6731667,-89.5295,12.42,2.29,677.0243615728306,0.0
seismic,2020-07-09 15:07:52.050,35.908,-82.0605,2.62,2.02,379.3895497598861,171.437
seismic,2020-07-10 06:58:45.110,36.5805,-89.6153333,6.85,1.27,668.5604506156307,0.0
seismic,2020-07-11 02:52:49.610,36.3283333,-89.5758333,10.91,1.13,640.2593548543309,0.0
seismic,2020-07-13 07:07:38.600,36.4926667,-89.5583333,8.76,1.26,657.8380427619709,0.0
seismic,2020-07-13 23:24:45.400,36.2788333,-89.497,10.47,1.33,633.2735430531134,0.0
seismic,2020-07-14 00:01:18.430,36.238,-89.4485,7.08,1.32,627.8670201446836,0.0
seismic,2020-07-14 03:19:59.710,36.275,-89.5033333,9.35,1.14,632.9799136277317,0.0
seismic,2020-07-14 03:25:41.950,36.2763333,-89.5,9.48,1.26,633.0596394055485,0.0
seismic,2020-07-14 03:31:01.660,36.2761667,-89.4988333,10.38,1.16,633.0184204322026,0.0
seismic,2020-07-14 03:49:00.600,36.2781667,-89.5,9.02,1.65,633.2598763348526,0.0
seismic,2020-07-14 04:03:14.900,36.2763333,-89.5006667,9.36,1.3,633.0728035308221,0.0
seismic,2020-07-14 04:23:52.510,36.2761667,-89.5016667,9.45,1.32,633.0743651878861,0.0
seismic,2020-07-14 08:52:06.245,45.6144,-74.6244,17.93,1.3,19.99734018132775,422.788
seismic,2020-07-14 10:04:13.140,36.2358333,-89.4438333,7.0,1.35,627.5404920718961,0.0
seismic,2020-07-14 14:41:19.580,35.5028333,-84.166,10.92,2.0,449.1561906293335,254.755
seismic,2020-07-14 18:23:27.078,40.4403,-84.0865,9.64,1.8,616.3154193898282,200.113
seismic,2020-07-14 18:41:28.706,40.4165,-84.0876,9.78,2.3,615.522116644754,198.781
seismic,2020-07-14 21:34:06.940,36.2046667,-89.4756667,7.17,1.2,624.7522839853378,0.0
seismic,2020-07-15 06:39:13.409,45.8545,-75.5604,16.67,1.5,97.59333769345172,494.269
seismic,2020-07-15 13:55:42.840,36.5641667,-89.6253333,9.92,2.35,666.9803545014331,0.0
seismic,2020-07-15 22:17:49.448,45.6171,-74.5627,15.31,1.4,15.573646130447807,419.632
seismic,2020-07-16 01:25:28.250,35.5373333,-84.318,18.22,1.13,461.4278082376638,250.407
seismic,2020-07-17 04:28:12.420,46.0952,-75.0661,15.47,1.9,79.7642255455563,485.039
seismic,2020-07-20 03:02:11.090,36.5628333,-89.9995,4.87,1.66,675.2521140683834,0.0
seismic,2020-07-20 06:23:35.930,36.5728333,-89.3796667,8.91,1.99,663.3234646295022,0.0
seismic,2020-07-20 07:54:30.730,36.507,-89.5503333,5.91,2.12,659.2469684847644,0.0
seismic,2020-07-21 16:10:00.217,41.723,-72.6965,2.32,1.6,47.22592766295658,183.112
seismic,2020-07-21 21:57:23.263,47.5072,-69.9252,13.22,1.2,2.3322381881601904,519.316
seismic,2020-07-23 15:34:29.860,36.505,-89.5483333,5.31,1.84,658.9893502894804,0.0
seismic,2020-07-24 01:06:45.182,41.4177,-70.3255,5.0,2.1,10.009759293247788,149.659
seismic,2020-07-24 03:52:51.880,35.6755,-84.301,10.9,1.54,471.5423254556524,234.961
seismic,2020-07-24 04:18:57.980,36.1608333,-89.4075,8.61,2.17,618.6424805763498,0.0
seismic,2020-07-24 11:27:00.490,36.5353333,-89.6121667,8.93,1.63,663.5691357384568,0.0
seismic,2020-07-25 09:55:12.750,34.4258333,-80.4843333,2.87,2.22,161.36675158792295,125.572
seismic,2020-07-25 12:12:03.653,48.3386,-78.459,5.0,2.9,437.8289232741439,843.092
seismic,2020-07-26 07:39:09.650,35.5681667,-84.2676667,1.85,1.95,460.7555167340014,247.04
seismic,2020-07-26 13:46:52.000,36.6278333,-89.3785,19.99,1.96,669.3486305770731,1.562
seismic,2020-07-27 17:22:50.950,35.2451667,-84.6461667,15.73,2.44,460.9974998951333,284.156
seismic,2020-07-28 21:06:46.200,36.559,-89.6308333,9.7,1.14,666.5285764761655,0.0
seismic,2020-07-29 00:36:35.820,38.2223333,-79.9115,4.67,2.43,222.2701918804572,84.661
seismic,2020-07-29 02:20:07.053,46.1222,-74.9526,13.1,2.1,76.55486136184925,481.248
seismic,2020-07-29 07:10:07.868,43.9937,-69.8016,5.0,2.2,0.29808743147177,150.165
seismic,2020-07-30 05:57:13.780,38.222,-79.9083333,4.38,2.38,222.00189275262875,84.792
seismic,2020-07-30 09:25:07.050,36.1701667,-83.6026667,13.61,2.08,477.0675220650805,189.704
seismic,2020-07-30 20:18:48.498,44.9574,-73.9236,7.87,2.2,32.1448303113766,332.381
seismic,2020-07-30 20:51:30.020,34.8585,-85.3543333,11.59,2.22,488.4252284993654,337.113
seismic,2020-07-31 17:44:15.190,36.6416667,-89.6556667,5.69,1.89,676.0473816848975,0.0
seismic,2020-08-01 02:27:31.610,36.1423333,-89.699,3.53,2.09,622.7207172242654,0.0
seismic,2020-08-01 04:04:20.560,36.5603333,-89.599,8.65,1.65,666.0326840536095,0.0
seismic,2020-08-02 05:33:37.640,36.391,-89.5403333,9.49,1.21,646.3795229375528,0.0
seismic,2020-08-02 23:20:30.150,36.2773333,-89.55,4.63,1.26,634.1717077027976,0.0
seismic,2020-08-03 01:09:42.660,35.9191667,-83.6393333,17.58,2.43,455.4879109285024,215.956
seismic,2020-08-03 02:03:41.460,35.9183333,-83.6435,17.35,2.61,455.6241981152072,215.957
seismic,2020-08-03 05:04:09.580,36.3931667,-89.5371667,9.7,1.32,646.5533820890331,0.0
seismic,2020-08-04 20:38:52.830,36.4716667,-89.496,6.96,1.9,654.3362424928887,0.222
seismic,2020-08-05 04:47:17.910,36.528,-89.644,12.53,2.53,663.4193113677642,0.0
seismic,2020-08-06 07:31:13.980,36.2325,-89.5175,7.72,1.51,628.6236644000263,0.0
seismic,2020-08-06 09:40:05.920,36.2565,-89.5078333,9.28,1.38,631.0493503594001,0.0
seismic,2020-08-07 00:13:59.620,36.5048333,-89.5476667,6.87,1.67,658.9581189625367,0.0
seismic,2020-08-07 16:00:23.640,36.1626667,-89.6815,7.22,2.42,624.5263794748835,0.0
seismic,2020-08-08 01:22:58.019,47.5119,-70.1064,14.03,2.0,7.362699032019303,517.956
seismic,2020-08-08 11:05:39.960,36.4935,-81.072,9.26,2.08,347.6512135610577,68.317
seismic,2020-08-08 11:12:32.600,36.4651667,-81.0861667,2.74,2.3,349.7699379157752,71.728
seismic,2020-08-08 12:35:22.800,36.4763333,-81.1155,5.86,1.83,351.9009803384439,71.69
seismic,2020-08-08 20:34:45.350,36.2341667,-89.4306667,7.56,1.1,627.1069272685347,0.0
seismic,2020-08-08 20:42:28.290,36.4625,-81.1323333,1.12,1.83,353.778865171278,73.737
seismic,2020-08-09 01:42:30.030,36.5466667,-89.6166667,7.07,1.65,664.8962825499749,0.0
seismic,2020-08-09 04:43:39.990,36.4593333,-81.1056667,13.72,2.26,351.6167881664699,73.04
seismic,2020-08-09 05:57:15.800,36.4783333,-81.089,4.08,2.62,349.5832213271039,70.487
seismic,2020-08-09 06:02:15.550,36.452,-81.1053333,6.75,1.96,351.82953671204297,73.773
seismic,2020-08-09 06:06:55.440,36.4736667,-81.0961667,6.33,2.17,350.34315522516295,71.228
seismic,2020-08-09 12:07:37.650,36.4743333,-81.0865,4.14,5.1,349.4999697230496,70.803
seismic,2020-08-09 15:45:56.700,36.433,-81.1075,5.22,1.8,352.6458412771076,75.791
seismic,2020-08-09 15:58:34.930,36.4748333,-81.1536667,6.55,1.72,355.1959677769904,73.357
seismic,2020-08-10 01:41:35.621,45.8483,-77.1211,14.59,2.4,210.73843822556475,591.391
seismic,2020-08-10 06:05:09.750,36.4545,-81.124,5.3,1.97,353.33196341914515,74.221
seismic,2020-08-10 08:43:06.430,36.4731667,-81.0748333,0.03,2.15,348.5464465328073,70.502
seismic,2020-08-10 11:10:03.650,36.4825,-81.0468333,0.04,2.21,345.8644390813927,68.562
seismic,2020-08-10 21:33:38.330,36.4725,-81.1015,2.68,1.89,350.8342230149228,71.546
seismic,2020-08-11 09:09:33.150,36.0293333,-83.7018333,18.95,2.02,468.8108526847127,202.652
seismic,2020-08-11 10:50:17.650,36.4788333,-81.1065,2.74,2.22,351.05524348436643,71.092
seismic,2020-08-11 20:45:27.130,36.4721667,-81.1086667,3.14,2.87,351.4542015008754,71.85
seismic,2020-08-12 00:20:01.350,36.4656667,-81.1108333,1.74,2.15,351.8490028467053,72.59
seismic,2020-08-12 06:11:45.490,36.4581667,-81.1095,0.05,2.15,351.980514735429,73.301
seismic,2020-08-12 06:53:27.970,36.4616667,-89.6193333,1.56,1.75,655.6835276838397,0.0
seismic,2020-08-12 08:09:28.060,36.4693333,-81.0991667,1.76,1.4,350.7385466928529,71.781
seismic,2020-08-12 08:54:15.350,36.2276667,-89.4293333,7.71,1.58,626.3703444776123,0.0
seismic,2020-08-12 12:03:55.480,36.4375,-89.759,5.1,2.09,656.0536474802703,0.0
seismic,2020-08-12 21:55:52.400,36.541,-89.6485,10.85,1.44,664.9285002836285,0.0
seismic,2020-08-13 02:56:38.840,36.5508333,-89.6198333,7.59,2.24,665.4147879132979,0.0
seismic,2020-08-13 23:42:22.070,36.5135,-81.0736667,0.59,1.65,347.162844652842,66.34
seismic,2020-08-14 06:59:09.382,47.5973,-70.216,12.4,2.9,1.2494636750644017,526.39
seismic,2020-08-14 16:57:49.940,36.4098333,-89.4953333,7.2,1.18,647.5592311471207,0.0
seismic,2020-08-15 07:41:27.880,36.476,-81.1101667,2.06,2.13,351.458139052972,71.519
seismic,2020-08-15 16:32:22.900,36.242,-89.4565,5.47,1.55,628.4585125971832,0.0
seismic,2020-08-15 22:18:43.660,36.0618333,-89.8163333,7.09,1.95,616.8184110766917,0.0
seismic,2020-08-16 03:30:07.290,36.5045,-89.5503333,5.11,1.76,658.97379807895,0.0
seismic,2020-08-17 01:58:23.530,36.4738333,-81.0888333,1.1,1.62,349.7144677877618,70.94
seismic,2020-08-17 05:01:30.070,36.1048333,-89.7595,7.79,2.59,620.0761495649738,0.0
seismic,2020-08-17 15:55:04.579,40.5381,-75.0379,2.21,1.7,58.46923825882556,391.195
seismic,2020-08-17 23:28:04.130,36.4093333,-89.4986667,6.96,1.93,647.5686368408636,0.0
seismic,2020-08-19 06:16:38.035,45.8979,-73.781,14.0,2.3,22.56064565801952,404.988
seismic,2020-08-20 11:08:03.539,45.6538,-71.4234,5.0,2.2,107.67258419080837,311.136
seismic,2020-08-20 20:28:26.640,36.4828333,-81.0991667,1.41,1.54,350.3032261834168,70.409
seismic,2020-08-20 20:37:28.130,36.266,-89.4846667,7.65,1.36,631.6293758484053,0.0
seismic,2020-08-20 21:46:55.970,36.5041667,-81.105,2.95,2.33,350.12458903473646,68.478
seismic,2020-08-21 11:57:31.000,34.936,-80.9375,0.04,1.96,230.894668529927,186.657
seismic,2020-08-21 14:44:35.750,36.4976667,-81.1073333,1.78,1.89,350.5273625460324,69.223
seismic,2020-08-21 22:55:09.777,41.9125,-83.3179,9.2,3.2,624.5102768690841,351.553
seismic,2020-08-22 23:57:09.130,36.4843333,-81.1068333,1.81,2.09,350.9075111628482,70.549
seismic,2020-08-23 02:58:31.210,36.5011667,-81.0945,0.94,1.24,349.32412375669594,68.376
seismic,2020-08-23 03:56:44.490,35.1968333,-85.1328333,0.11,1.2,492.4042210085469,295.731
seismic,2020-08-24 11:40:07.480,36.5193333,-81.1346667,0.27,1.02,352.18548676944886,68.16
seismic,2020-08-24 16:12:14.140,36.175,-89.4596667,9.86,1.28,621.1971192816343,0.0
seismic,2020-08-25 09:22:31.669,41.6591,-80.3756,5.0,2.0,414.4057378619281,446.284
seismic,2020-08-25 10:39:05.500,36.2655,-89.4866667,7.68,1.27,631.6139389133284,0.0
seismic,2020-08-26 00:35:43.435,47.8165,-69.8493,13.71,1.2,4.576149610472307,553.941
seismic,2020-08-26 06:51:37.060,36.4881667,-81.109,2.79,1.89,350.9697912496916,70.246
seismic,2020-08-26 08:54:02.560,36.2555,-89.4651667,6.03,1.36,630.1020514806729,0.0
seismic,2020-08-26 21:10:26.660,36.3695,-89.5416667,10.66,1.27,644.0587900454473,0.0
seismic,2020-08-27 07:11:24.940,36.497,-81.1038333,2.78,2.42,350.25026902422104,69.155
seismic,2020-08-28 03:53:47.600,36.2363333,-83.4501667,14.04,2.44,476.26823098540046,187.095
seismic,2020-08-28 08:03:44.263,44.228,-70.1847,5.61,1.7,36.22605428328676,159.888
seismic,2020-08-30 11:30:27.490,36.3205,-89.514,6.86,1.15,638.1596958379785,0.0
seismic,2020-08-30 14:35:22.870,36.481,-81.0945,0.8,1.33,349.9650911960672,70.421
seismic,2020-08-31 01:34:43.750,36.5076667,-80.7663333,0.1,1.94,321.24103952288874,59.263
seismic,2020-08-31 07:05:23.620,36.4718333,-81.1181667,2.24,1.78,352.2726148821736,72.247
seismic,2020-08-31 14:28:00.880,36.101,-89.7626667,6.57,2.71,619.7377545815326,0.0
seismic,2020-08-31 17:20:32.820,35.313,-84.2223333,10.74,1.99,437.6258813982944,275.722
seismic,2020-09-01 01:46:21.150,36.4795,-89.5328333,7.43,1.44,655.9005785672618,0.0
seismic,2020-09-01 14:10:28.700,36.6948333,-89.4971667,5.97,1.67,678.799882743368,0.0
seismic,2020-09-02 17:27:45.090,35.5028333,-89.9673333,8.6,1.89,561.2600589385379,3.408
seismic,2020-09-03 07:15:07.180,35.9078333,-89.954,13.58,1.78,603.8888026815929,0.0
seismic,2020-09-03 15:07:53.153,31.0271,-87.1846,4.0,3.8,48.95232195135696,0.0
seismic,2020-09-03 15:24:15.960,35.5391667,-84.4621667,9.98,2.06,470.75112177439286,250.384
seismic,2020-09-03 18:17:54.795,30.9764,-87.1931,5.0,1.8,43.38158573723814,0.0
seismic,2020-09-05 03:41:09.170,35.7001667,-84.3481667,14.83,1.98,476.4503173246622,232.166
seismic,2020-09-07 00:05:42.830,45.6098,-74.4402,17.67,1.3,7.14999992192482,412.442
seismic,2020-09-08 01:20:11.348,43.6745,-70.2035,5.0,1.2,2.431599263928882,102.92
seismic,2020-09-09 01:49:31.490,36.0963333,-89.7643333,8.15,1.93,619.2738760195697,0.0
seismic,2020-09-09 06:00:13.553,40.3023,-74.2892,5.61,3.1,17.24431331508497,388.765
seismic,2020-09-09 16:44:35.190,36.2518333,-89.4958333,8.57,1.36,630.3016632397373,0.0
seismic,2020-09-09 17:02:31.140,36.3856667,-89.5743333,11.08,1.31,646.4794720171735,0.0
seismic,2020-09-10 06:07:33.260,36.207,-89.6196667,6.63,1.66,627.975517508904,0.0
seismic,2020-09-11 01:12:43.760,36.0793333,-89.7853333,10.83,1.66,617.9452471529493,0.0
seismic,2020-09-11 12:43:26.007,47.6367,-70.0527,13.74,1.3,4.843329571421822,532.139
seismic,2020-09-12 01:50:54.200,36.266,-83.4631667,9.34,2.4,479.7180511434566,183.579
seismic,2020-09-12 01:50:58.750,36.2831667,-89.5208333,4.99,1.73,634.219498047915,0.0
seismic,2020-09-12 03:22:26.512,47.4755,-70.4055,11.37,1.7,2.247807629553948,511.691
seismic,2020-09-12 04:19:39.540,36.2783333,-89.5341667,8.23,1.78,633.9597724993774,0.0
seismic,2020-09-13 11:45:06.680,35.7063333,-83.9168333,18.34,2.47,451.4454268179671,234.491
seismic,2020-09-14 03:27:33.840,36.041,-89.3838333,10.89,2.03,605.0805780729946,0.118
seismic,2020-09-19 13:32:42.990,36.5056667,-89.5843333,10.43,1.92,659.7730924990597,0.0
seismic,2020-09-20 00:41:47.300,45.8077,-65.9837,5.0,1.8,38.201898720438,504.701
seismic,2020-09-20 05:38:56.840,36.0976667,-89.759,10.16,2.22,619.2906951409641,0.0
seismic,2020-09-20 10:15:58.970,36.3311667,-89.5661667,11.1,1.73,640.3705835727437,0.0
seismic,2020-09-20 19:36:04.850,37.5986667,-77.9975,0.01,2.0,69.89593992314127,0.0
seismic,2020-09-20 20:10:49.870,36.1803333,-81.2736667,5.17,2.05,351.91517943593766,107.677
seismic,2020-09-21 16:28:47.340,36.4795,-89.5428333,7.74,1.76,656.0954624468452,0.0
seismic,2020-09-22 00:30:07.510,36.501,-89.5771667,5.29,2.57,659.1208393100843,0.0
seismic,2020-09-22 07:36:45.990,36.2981667,-89.531,8.92,1.64,636.0600516674169,0.0
seismic,2020-09-23 03:01:45.650,36.479,-81.084,2.07,2.19,349.1366356891795,70.235
seismic,2020-09-23 03:34:28.520,36.244,-89.4188333,6.78,1.6,627.9594662685432,0.0
seismic,2020-09-24 07:26:52.280,36.243,-89.4176667,6.9,2.23,627.8280524453161,0.0
seismic,2020-09-24 11:01:04.910,36.3503333,-89.5403333,11.08,1.81,641.9400813703049,0.0
seismic,2020-09-25 00:41:19.620,36.2451667,-89.416,6.48,2.26,628.0339593162291,0.0
seismic,2020-09-25 05:36:00.713,47.1649,-70.6523,13.13,1.6,1.4712365032322572,476.301
seismic,2020-09-25 05:56:12.820,36.4968333,-89.5451667,9.31,1.67,658.0351042747359,0.0
seismic,2020-09-26 06:07:26.150,36.5345,-89.5026667,5.25,2.04,661.3390300409233,0.457
seismic,2020-09-26 11:23:33.140,36.877,-80.738,21.75,2.19,308.78966182758273,18.024
seismic,2020-09-26 21:54:35.340,36.2436667,-89.4178333,6.92,2.1,627.9041732648916,0.0
seismic,2020-09-26 23:15:11.910,36.2441667,-89.4176667,7.14,2.47,627.9557810002805,0.0
seismic,2020-09-27 01:24:50.584,43.0241,-68.9149,10.0,1.6,102.54137785146078,150.864
seismic,2020-09-27 11:29:09.560,36.1228333,-89.7415,6.95,1.8,621.5951216439619,0.0
seismic,2020-09-28 04:04:21.480,36.5321667,-89.5895,10.5,1.84,662.7687132168555,0.0
seismic,2020-09-28 15:10:34.270,36.2441667,-89.4188333,6.88,1.36,627.9777157272894,0.0
seismic,2020-09-29 01:27:52.010,36.4648333,-89.5768333,11.21,2.24,655.1665651140479,0.0
seismic,2020-09-30 12:28:58.430,36.1636667,-89.6768333,6.61,1.76,624.529832712122,0.0
seismic,2020-10-01 07:32:33.010,36.1493333,-89.3971667,8.59,1.31,617.1884267304288,0.0
seismic,2020-10-01 08:34:21.260,36.225,-89.4395,8.09,1.26,626.2725389853877,0.0
seismic,2020-10-01 19:53:14.320,36.49,-81.3025,4.23,2.63,367.4113011711395,78.677
seismic,2020-10-01 23:39:46.040,36.489,-89.5631667,9.52,1.61,657.5329453357997,0.0
seismic,2020-10-02 04:47:29.450,36.5503333,-89.6515,7.93,2.25,666.0072578322234,0.0
seismic,2020-10-02 09:02:35.300,36.344,-89.465,5.03,1.96,639.7776628668139,0.0
seismic,2020-10-03 16:36:34.340,36.0963333,-89.5425,14.78,2.3,614.2982140600907,0.0
seismic,2020-10-06 00:13:45.750,35.5796667,-89.8268333,12.82,2.31,565.4205084020681,6.654
seismic,2020-10-06 02:40:52.550,36.4623333,-89.5485,8.84,1.34,654.331156279841,0.0
seismic,2020-10-06 04:30:26.316,40.38,-79.2074,1.0,2.9,246.0156807915748,278.074
seismic,2020-10-06 08:45:43.230,36.4755,-89.5588333,9.56,1.31,655.9730032325784,0.0
seismic,2020-10-06 09:31:09.120,36.2146667,-89.6113333,6.22,1.41,628.6299390116236,0.0
seismic,2020-10-07 04:08:32.020,36.246,-89.455,7.43,1.25,628.8669513696616,0.0
seismic,2020-10-08 07:50:50.720,38.8388333,-82.7571667,13.62,2.29,467.7211706853729,157.677
seismic,2020-10-08 18:25:50.050,36.2406667,-89.486,9.76,1.38,628.8880222819952,0.0
seismic,2020-10-09 09:01:58.846,43.7888,-74.8465,5.4,1.9,135.29176526421423,329.194
seismic,2020-10-09 09:29:14.775,45.877,-75.4981,16.63,2.1,93.92014996397722,492.275
seismic,2020-10-09 10:14:38.390,36.2225,-89.4378333,7.74,1.26,625.9671773070941,0.0
seismic,2020-10-09 20:24:02.590,36.1018333,-83.6378333,16.48,2.3,472.3528002423001,196.191
seismic,2020-10-10 13:14:29.700,36.2761667,-89.5078333,9.11,1.36,633.1964786192713,0.0
seismic,2020-10-10 16:36:23.340,36.2091667,-89.4773333,6.7,1.13,625.2766351789442,0.0
seismic,2020-10-11 07:01:39.940,36.54,-89.5971667,8.36,1.34,663.7767915531126,0.0
seismic,2020-10-12 01:33:33.900,36.5676667,-89.6171667,9.13,1.53,667.1971519033158,0.0
seismic,2020-10-12 04:16:27.060,36.2958333,-89.5341667,9.91,1.39,635.8690282377115,0.0
seismic,2020-10-12 05:37:13.920,36.2971667,-89.5356667,10.26,1.45,636.0446810651434,0.0
seismic,2020-10-12 11:33:20.900,36.345,-89.5166667,5.33,1.33,640.8881511319091,0.0
seismic,2020-10-12 14:41:42.180,36.1688333,-89.4633333,11.87,2.06,620.5953885483426,0.0
seismic,2020-10-13 00:54:37.140,36.1415,-89.4576667,11.47,1.25,617.4981725571588,0.0
seismic,2020-10-13 02:53:52.940,36.4555,-81.1975,6.82,1.97,359.5453124475607,77.102
seismic,2020-10-13 02:58:24.110,36.4606667,-81.1805,7.6,1.27,357.933027325314,75.872
seismic,2020-10-13 03:36:45.610,36.4655,-81.184,7.44,1.38,358.07550803731846,75.544
seismic,2020-10-13 09:14:42.920,36.4653333,-81.1805,7.7,1.78,357.7830697952185,75.412
seismic,2020-10-13 12:51:07.130,36.4395,-81.1933333,6.24,2.4,359.71174523210425,78.501
seismic,2020-10-13 19:33:11.600,36.0683333,-89.8033333,6.88,1.94,617.1984661916049,0.0
seismic,2020-10-14 00:13:02.350,36.1251667,-89.7156667,10.16,1.83,621.2458619973836,0.0
seismic,2020-10-15 07:51:00.170,33.6503333,-87.9511667,0.07,2.55,324.687549861014,190.495
seismic,2020-10-16 02:28:36.570,36.1175,-89.7346667,9.95,2.16,620.8587349423983,0.0
seismic,2020-10-16 09:38:42.350,37.715,-89.703,2.49,1.77,794.4066076464493,0.0
seismic,2020-10-17 07:12:44.060,35.3668333,-85.2135,17.99,2.26,509.5486079086405,278.842
seismic,2020-10-17 20:09:11.850,36.6013333,-89.5796667,10.79,1.22,670.1280483388163,0.0
seismic,2020-10-19 05:15:25.090,36.2095,-89.4761667,6.33,1.59,625.2900739634334,0.0
seismic,2020-10-19 20:19:38.490,36.224,-82.8171667,17.27,2.31,449.1100464479367,199.11
seismic,2020-10-19 20:31:16.660,36.4196667,-89.499,7.78,1.3,648.7050957117359,0.0
seismic,2020-10-20 04:56:57.790,36.458,-89.5321667,8.67,1.48,653.5377830801658,0.0
seismic,2020-10-20 18:50:21.800,36.2675,-89.5233333,8.84,2.33,632.5598183439818,0.0
seismic,2020-10-21 03:00:08.800,36.3136667,-89.5361667,9.5,1.23,637.8551014766795,0.0
seismic,2020-10-21 04:55:51.350,36.5456667,-89.649,8.01,1.61,665.4472686916234,0.0
seismic,2020-10-21 06:57:01.534,44.3049,-70.5639,5.18,1.8,65.37345652137259,160.459
seismic,2020-10-21 15:38:34.380,36.8671667,-83.2428333,9.37,2.25,527.6359197686178,133.46
seismic,2020-10-21 20:28:42.930,36.525,-89.5691667,6.85,1.69,661.5830811193017,0.0
seismic,2020-10-21 21:49:45.720,36.0705,-89.8023333,6.84,2.14,617.4073233467242,0.0
seismic,2020-10-22 16:23:54.878,41.4771,-73.801,8.73,2.2,22.196772963658425,273.335
seismic,2020-10-23 04:09:18.260,36.3328333,-89.4846667,4.93,1.65,638.9338989923191,0.0
seismic,2020-10-25 03:08:32.000,36.5165,-81.0826667,1.42,2.81,347.83675276154565,66.374
seismic,2020-10-25 04:10:03.240,36.5016667,-81.0851667,1.16,1.48,348.513436709834,67.972
seismic,2020-10-25 17:18:57.880,35.6668333,-84.0246667,18.54,2.45,454.27327884370106,237.591
seismic,2020-10-26 04:08:11.800,35.6151667,-89.6906667,1.51,1.86,565.6507480835605,16.66
seismic,2020-10-26 08:35:34.140,36.2531667,-89.4175,6.88,2.03,628.9380037744847,0.0
seismic,2020-10-27 06:25:24.260,36.1253333,-89.3751667,8.54,1.54,614.1479864695922,0.0
seismic,2020-10-28 02:39:52.520,36.4998333,-81.124,0.2,1.03,351.8792699067956,69.664
seismic,2020-10-28 14:36:22.690,36.464,-89.5168333,7.38,1.64,653.8963824592789,0.0
seismic,2020-10-29 14:12:04.900,36.3531667,-89.5245,8.62,1.9,641.9346949633704,0.0
seismic,2020-10-30 18:28:42.260,48.4066,-78.5086,2.38,3.6,445.6753558479271,850.958
seismic,2020-10-31 05:42:29.950,36.5123333,-81.0881667,0.69,1.22,348.4350972883983,67.005
seismic,2020-10-31 10:46:51.870,36.5113333,-81.0768333,0.46,1.14,347.5003207542787,66.678
seismic,2020-10-31 15:53:45.740,36.2076667,-82.87,4.69,2.37,449.3903903182109,204.069
seismic,2020-10-31 19:38:59.890,36.5005,-81.0821667,0.0,1.73,348.29473019547885,67.978
seismic,2020-11-01 02:28:21.810,34.5126667,-86.6156667,13.07,2.62,437.1847466352698,298.785
seismic,2020-11-02 07:31:53.900,35.6846667,-84.6765,19.82,2.36,495.9066408682258,235.403
seismic,2020-11-02 10:23:28.980,35.5911667,-84.3743333,12.36,1.45,469.2741283563041,244.38
seismic,2020-11-05 07:30:48.430,36.5171667,-81.089,0.1,1.18,348.35612065889137,66.549
seismic,2020-11-05 22:29:27.300,36.3015,-89.5313333,10.12,1.15,636.4304821884436,0.0
seismic,2020-11-06 06:01:24.330,36.5046667,-81.0988333,2.33,1.27,349.5834686794599,68.189
seismic,2020-11-06 10:55:08.880,36.5323333,-89.5925,7.82,1.8,662.8467607023139,0.0
seismic,2020-11-06 13:00:58.410,36.5351667,-89.5926667,7.69,2.13,663.1593473828876,0.0
seismic,2020-11-06 15:39:52.270,39.9101667,-88.2708333,2.38,2.4,948.1744097187702,18.507
seismic,2020-11-06 21:38:48.210,36.5381667,-89.6005,9.05,1.38,663.6434729834539,0.0
seismic,2020-11-06 21:41:27.770,36.5373333,-89.6016667,8.47,1.04,663.5759324312355,0.0
seismic,2020-11-07 03:10:39.000,36.2525,-89.418,7.07,2.01,628.8743913708672,0.0
seismic,2020-11-07 15:13:33.740,36.5141667,-81.0963333,0.16,1.51,349.074379858263,67.134
seismic,2020-11-08 08:26:47.200,36.5435,-89.601,7.64,1.52,664.2354933359298,0.0
seismic,2020-11-08 14:10:06.958,41.5208,-70.9546,10.0,3.6,1.2378890181898363,132.741
seismic,2020-11-09 02:59:47.040,36.4841667,-81.0735,2.85,1.62,348.0774988907397,69.326
seismic,2020-11-09 07:35:35.360,37.1836667,-81.8298333,0.0,2.65,400.215147428045,77.3
seismic,2020-11-09 08:17:57.660,37.1793333,-81.832,0.0,2.42,400.4369987140177,77.564
seismic,2020-11-09 12:12:55.830,36.483,-81.0756667,1.51,1.15,348.2992622196069,69.524
seismic,2020-11-10 06:25:13.287,43.2838,-78.8149,5.0,1.5,378.8839768640269,593.459
seismic,2020-11-10 08:58:10.250,36.2783333,-89.5346667,8.28,1.45,633.9698593713689,0.0
seismic,2020-11-10 22:32:22.730,36.4798333,-81.089,0.65,1.32,349.53489798064385,70.335
seismic,2020-11-11 07:58:01.850,36.5431667,-89.5985,8.04,1.2,664.1490663551521,0.0
seismic,2020-11-11 14:08:36.540,35.6643333,-83.3913333,9.33,2.37,419.3858347775328,249.395
seismic,2020-11-12 10:32:08.830,36.2775,-89.535,8.02,1.16,633.8856826298318,0.0
seismic,2020-11-14 05:27:52.680,33.0943333,-80.1996667,5.33,1.95,36.05277477651563,2.189
seismic,2020-11-14 23:50:02.390,32.945,-80.1668333,1.54,1.48,23.22123352888912,0.0
seismic,2020-11-15 00:36:33.150,47.7445,-70.1368,10.0,1.3,8.345480090735885,543.194
seismic,2020-11-15 01:04:50.120,43.7431,-72.2039,7.32,2.0,137.37811110625455,140.042
seismic,2020-11-15 10:09:02.320,36.4988333,-89.5398333,7.82,1.49,658.1497758188846,0.0
seismic,2020-11-16 08:44:32.870,35.036,-84.9153333,8.92,1.52,465.94068513979886,310.074
seismic,2020-11-16 08:45:10.280,35.034,-84.9171667,6.56,2.5,465.9456936828466,310.318
seismic,2020-11-19 02:06:35.220,34.1198333,-89.5263333,10.43,2.0,402.1877855359511,141.916
seismic,2020-11-20 00:22:16.980,36.0446667,-89.8318333,7.78,1.53,615.3566865745644,0.0
seismic,2020-11-20 07:16:57.550,36.0876667,-89.7765,9.37,1.45,618.6305123335636,0.0
seismic,2020-11-20 13:59:48.600,36.1416667,-89.7225,11.56,2.47,623.1885673624911,0.0
seismic,2020-11-21 16:49:47.940,36.2106667,-89.4383333,7.77,1.13,624.682439828067,0.0
seismic,2020-11-22 05:48:44.297,41.5406,-70.9933,5.13,2.0,1.390525056555434,130.764
seismic,2020-11-22 07:34:48.740,45.5329,-70.1461,5.0,2.3,151.33641461030922,300.854
seismic,2020-11-22 09:36:06.661,42.4279,-80.2592,4.9,2.1,467.1727361151949,522.984
seismic,2020-11-22 18:56:28.783,36.4826,-81.0858,5.0,1.3,349.17381671889075,69.934
seismic,2020-11-24 02:30:29.880,36.4408333,-89.4755,5.45,1.32,650.5737831119642,0.0
seismic,2020-11-25 10:17:37.280,35.6858333,-84.3713333,13.37,1.58,476.71109031635257,233.78
seismic,2020-11-25 10:23:20.590,35.6865,-84.3718333,13.6,1.08,476.7960958427966,233.706
seismic,2020-11-27 10:06:18.220,38.383,-83.592,23.5,1.77,539.1216974596044,70.023
seismic,2020-11-27 21:41:18.370,36.2771667,-89.5113333,7.58,1.61,633.3751774901749,0.0
seismic,2020-12-01 06:27:36.730,38.5898333,-88.0411667,17.97,2.22,877.6329719012389,0.0
seismic,2020-12-01 13:49:51.190,36.311,-89.5256667,8.85,1.46,637.3540287315703,0.0
seismic,2020-12-01 20:04:09.330,36.2656667,-89.4708333,6.48,1.13,631.3232884894077,0.0
seismic,2020-12-03 00:37:45.170,35.6031667,-88.3158333,9.82,1.81,543.6459401318174,104.621
seismic,2020-12-03 03:43:41.800,33.743,-88.4085,2.71,1.87,336.8277902872568,179.88
seismic,2020-12-03 07:16:17.390,36.2653333,-89.4711667,6.68,1.43,631.2933152537547,0.0
seismic,2020-12-03 11:55:20.631,40.5721,-75.0839,1.99,2.1,62.4722640776652,391.46
seismic,2020-12-03 15:24:38.800,36.2648333,-89.4755,6.0,1.12,631.3229019676639,0.0
seismic,2020-12-04 02:49:37.490,34.6918333,-87.2803333,7.05,2.11,446.5215559068869,237.919
seismic,2020-12-04 09:15:16.230,36.1765,-89.4853333,7.3,1.62,621.8680343400762,0.0
seismic,2020-12-05 08:33:49.450,36.5335,-89.6323333,6.29,2.32,663.7791481062936,0.0
seismic,2020-12-05 20:28:48.240,36.2043333,-89.4191667,7.83,1.28,623.624045766911,0.0
seismic,2020-12-07 09:27:13.380,36.2901667,-89.5298333,7.25,1.16,635.1636679334622,0.0
seismic,2020-12-09 10:44:52.340,45.1027,-67.1597,5.0,2.4,1.6542469247785347,383.883
seismic,2020-12-09 12:31:16.046,45.0951,-67.1595,7.72,3.0,2.401891422487993,383.354
seismic,2020-12-10 01:33:53.730,34.2265,-84.0448333,0.85,2.17,349.8216087873505,310.63
seismic,2020-12-10 18:07:32.221,45.7754,-66.3677,5.0,2.1,44.43314261625522,479.623
seismic,2020-12-11 02:34:33.800,35.719,-82.8913333,6.72,2.1,401.2594742021676,238.499
seismic,2020-12-11 10:50:27.650,36.2711667,-89.5055,8.83,1.34,632.6042554109098,0.0
seismic,2020-12-12 01:37:34.710,34.0148333,-81.0203333,0.73,2.37,163.59734224438336,85.412
seismic,2020-12-13 23:53:13.850,36.1105,-89.3975,10.62,2.81,612.9448285529944,0.0
seismic,2020-12-14 14:37:39.701,47.4619,-70.4597,5.0,2.1,2.7553371627549192,509.892
seismic,2020-12-14 16:25:21.670,36.3755,-89.5963333,10.92,1.33,645.8207662896855,0.0
seismic,2020-12-15 09:58:12.500,36.2928333,-89.5335,9.71,1.63,635.5282949017308,0.0
seismic,2020-12-16 03:20:40.850,35.9571667,-83.925,7.14,2.25,473.9535620438908,206.615
seismic,2020-12-16 07:36:50.690,36.2793333,-89.5095,5.36,1.35,633.5753018790954,0.0
seismic,2020-12-19 04:50:58.080,35.4391667,-84.962,23.53,2.23,496.76636060994986,266.162
seismic,2020-12-20 08:42:21.410,38.269,-89.2778333,2.24,2.12,849.2922716840875,0.0
seismic,2020-12-21 01:10:04.450,35.0768333,-84.6973333,14.52,2.18,452.8227222240965,303.308
seismic,2020-12-21 05:28:25.280,35.9946667,-89.8858333,8.25,1.24,611.3628492058247,0.0
seismic,2020-12-21 05:54:57.090,36.446,-89.501,6.9,1.29,651.6236006931388,0.0
seismic,2020-12-21 21:08:55.150,36.2438333,-89.4581667,6.52,1.25,628.6911480251998,0.0
seismic,2020-12-22 17:21:53.740,35.6886667,-84.1275,11.45,2.31,462.1740124725347,234.25
seismic,2020-12-24 06:51:46.530,36.348,-89.4266667,7.7,1.98,639.4948812122996,0.0
seismic,2020-12-26 05:11:52.010,35.0748333,-84.6941667,14.48,2.1,452.4593082097016,303.506
seismic,2020-12-27 05:17:10.310,33.6866667,-82.5588333,5.5,2.38,203.37391287688732,161.972
seismic,2020-12-27 07:51:17.810,36.2943333,-89.535,8.7,1.16,635.722127607522,0.0
seismic,2020-12-27 08:07:59.590,36.1613333,-89.6758333,8.9,1.72,624.2544740536957,0.0
seismic,2020-12-27 11:28:42.120,36.2176667,-89.4591667,9.2,1.45,625.8500162392745,0.0
seismic,2020-12-28 14:19:50.178,47.6094,-70.2532,12.89,2.7,4.339337827794807,527.437
seismic,2020-12-29 02:49:58.701,47.5454,-70.3124,12.92,1.9,7.450416824648931,519.979
seismic,2020-12-29 03:31:55.890,36.5388333,-89.6488333,6.61,1.31,664.6993096036567,0.0
seismic,2020-12-29 13:40:17.350,34.7948333,-85.0403333,4.96,1.99,460.3812239625989,338.438
seismic,2020-12-30 01:50:48.180,36.491,-89.5511667,8.56,1.87,657.5151255614091,0.0
seismic,2020-12-30 06:43:43.100,35.648,-84.3216667,17.53,1.63,470.5709041904561,238.016
seismic,2020-12-30 11:55:05.570,35.1181667,-85.0556667,19.52,2.25,481.6106493085434,303.016
seismic,2020-12-31 04:32:14.742,45.4738,-75.2992,18.82,1.9,69.77042210297172,451.51
seismic,2020-12-31 11:39:29.400,36.3926667,-89.5586667,12.31,1.28,646.9271331473129,0.0
seismic,2020-12-31 20:53:47.792,47.7027,-70.3218,6.45,1.7,14.360016664289448,537.218
seismic,2021-01-01 06:53:41.750,36.408,-89.5266667,9.29,1.16,647.9667970793454,0.0
seismic,2021-01-01 23:00:33.690,36.1428333,-89.4016667,8.94,1.27,616.5620856207643,0.0
seismic,2021-01-04 07:18:16.860,36.445,-89.5168333,7.84,1.2,651.8190183735054,0.0
seismic,2021-01-04 15:09:54.380,36.4398333,-89.5118333,8.18,1.28,651.1574984687438,0.0
seismic,2021-01-05 21:51:06.900,35.8248333,-84.1251667,15.54,2.05,473.5827947684716,219.077
seismic,2021-01-05 22:26:16.220,35.4176667,-84.815,18.77,1.94,485.0709018174401,266.536
seismic,2021-01-06 23:12:05.440,36.5396667,-89.6465,10.12,2.31,664.742006203775,0.0
seismic,2021-01-06 23:24:22.780,35.6576667,-84.2245,10.86,2.05,465.4139821139375,237.167
seismic,2021-01-10 18:30:43.660,34.7868333,-85.1248333,9.24,2.38,466.446000796376,340.608
seismic,2021-01-11 01:53:36.320,35.5243333,-84.5565,10.09,1.86,475.7159249957422,252.436
seismic,2021-01-11 03:37:53.430,36.4501667,-89.5105,7.59,2.01,652.2617049891247,0.0
seismic,2021-01-11 19:55:12.950,36.1443333,-89.7085,4.54,1.73,623.1545896439513,0.0
seismic,2021-01-12 15:49:48.620,36.4363333,-89.519,7.29,1.21,650.9135810698399,0.0
seismic,2021-01-13 09:15:04.455,45.9251,-65.8495,5.0,2.1,52.68477792195815,521.041
seismic,2021-01-15 02:30:15.457,45.9477,-65.509,17.82,2.2,54.761877536756046,543.23
seismic,2021-01-15 07:42:41.620,36.3741667,-89.5365,9.93,1.32,644.4655078719154,0.0
seismic,2021-01-15 18:17:00.770,35.9416667,-89.9153333,8.43,2.8,606.462713642083,0.0
seismic,2021-01-16 03:05:29.820,36.4336667,-89.5303333,9.02,1.71,650.8429447110082,0.0
seismic,2021-01-16 05:49:14.370,38.3153333,-79.3345,2.08,2.32,171.46179533834146,91.865
seismic,2021-01-17 17:51:00.280,36.3611667,-89.5895,12.6,1.23,644.1182669801284,0.0
seismic,2021-01-17 18:37:41.934,44.6871,-67.6285,5.0,2.9,7.532333203044084,326.043
seismic,2021-01-18 08:44:33.350,37.0086667,-88.903,16.73,2.02,704.98767542823,15.995
seismic,2021-01-18 10:52:50.750,34.0311667,-80.3835,6.9,2.05,126.46780803789402,91.665
seismic,2021-01-18 11:27:06.880,36.661,-89.5273333,5.37,2.63,675.6515840328216,0.0
seismic,2021-01-20 00:16:02.870,36.2341667,-89.4203333,6.7,1.44,626.9112970243795,0.0
seismic,2021-01-20 07:33:51.810,31.638,-89.5161667,0.0,2.14,141.0343532059164,0.0
seismic,2021-01-20 08:13:32.350,36.5068333,-89.6241667,10.89,1.58,660.7053316229017,0.0
seismic,2021-01-20 23:32:52.660,36.077,-89.789,6.82,1.91,617.782651271548,0.0
seismic,2021-01-22 02:28:25.750,36.2826667,-89.5076667,8.7,1.24,633.9029100021565,0.0
seismic,2021-01-22 02:53:02.230,36.2738333,-83.7898333,5.13,2.12,495.8925881100151,174.194
seismic,2021-01-22 05:22:23.180,40.7225,-84.1427,5.61,2.4,631.2945650918267,212.366
seismic,2021-01-22 08:20:27.080,36.4318333,-89.5275,8.97,1.57,650.5872373734309,0.0
seismic,2021-01-22 22:05:10.200,35.1336667,-85.7155,9.51,2.35,518.3473033818913,317.319
seismic,2021-01-23 13:36:17.770,36.4106667,-89.526,9.06,1.59,648.2450888087083,0.0
seismic,2021-01-24 21:07:59.710,36.5738333,-89.6161667,6.24,2.54,667.8497971780332,0.0
seismic,2021-01-25 17:28:57.190,36.7833333,-89.3856667,4.39,2.65,686.5715797809743,0.0
seismic,2021-01-25 18:16:19.268,45.717,-76.4027,16.19,2.2,154.54067276205026,536.73
seismic,2021-01-26 06:43:57.848,47.3633,-70.4217,10.94,1.6,0.8760926634617471,499.235
seismic,2021-01-26 14:24:41.800,36.2833333,-89.4633333,4.97,1.31,633.1098902658837,0.0
seismic,2021-01-26 16:49:23.970,36.2813333,-89.4668333,4.95,1.17,632.9586437878554,0.0
seismic,2021-01-27 06:04:26.668,44.799,-73.9949,8.22,2.0,47.282650143687405,324.705
seismic,2021-01-27 06:19:45.276,44.6798,-67.6255,5.0,1.8,6.788300522753006,325.73
seismic,2021-01-27 11:52:32.910,36.206,-89.4635,9.35,1.19,624.6593691420936,0.0
seismic,2021-01-27 15:45:45.572,44.702,-67.6046,5.21,1.6,7.576288556790655,328.554
seismic,2021-01-29 08:24:21.110,36.2835,-89.4658333,5.01,1.9,633.1762714387211,0.0
seismic,2021-01-29 08:55:37.400,36.504,-89.5695,10.15,1.41,659.2962526291499,0.0
seismic,2021-01-29 09:18:59.720,36.2753333,-89.4533333,5.07,1.14,632.0429849723131,0.0
seismic,2021-01-29 11:20:32.510,36.2906667,-89.501,6.16,1.17,634.6448668240612,0.0
seismic,2021-01-29 22:53:59.540,36.2888333,-89.4878333,5.38,1.17,634.1862324622755,0.0
seismic,2021-01-30 04:18:17.140,36.2926667,-89.4591667,5.47,1.3,634.0506528050848,0.0
seismic,2021-01-30 08:15:44.391,46.8179,-70.4276,18.52,2.1,22.625601382261607,439.062
seismic,2021-01-30 21:36:45.060,35.2313333,-84.6146667,19.71,2.08,457.8235573958752,285.494
seismic,2021-02-01 03:18:12.785,45.1124,-79.0605,5.0,1.7,342.2565386744327,693.328
seismic,2021-02-01 06:19:25.600,34.8016667,-85.0456667,2.65,2.06,461.19628522800485,337.761
seismic,2021-02-01 19:53:45.890,36.2856667,-89.4845,6.26,1.09,633.77511702449,0.0
seismic,2021-02-03 09:47:34.840,36.2395,-89.494,9.99,1.4,628.9185678724065,0.0
seismic,2021-02-04 04:03:04.190,36.4913333,-81.1313333,1.54,2.56,352.77107301554554,70.808
seismic,2021-02-04 04:33:59.200,36.4795,-81.1266667,0.77,2.17,352.7494373152994,71.806
seismic,2021-02-05 07:09:37.090,35.651,-84.5711667,8.6,1.55,486.50523806216745,238.364
seismic,2021-02-05 11:36:18.930,36.248,-89.4645,6.88,1.31,629.2692469129115,0.0
seismic,2021-02-06 00:37:26.620,36.1158333,-89.743,7.45,2.3,620.8740445714178,0.0
seismic,2021-02-06 03:32:22.490,36.3176667,-89.5306667,9.34,1.96,638.1815138119018,0.0
seismic,2021-02-08 07:16:35.040,36.2915,-89.4953333,5.29,1.54,634.6244668758522,0.0
seismic,2021-02-08 19:49:08.770,36.4876667,-89.5485,8.87,1.74,657.0986782894619,0.0
seismic,2021-02-09 00:31:10.520,36.4613333,-81.068,0.04,1.79,348.35343297531165,71.476
seismic,2021-02-09 03:43:41.606,43.0887,-78.0196,5.0,1.9,339.2643841080543,570.511
seismic,2021-02-09 12:31:08.510,36.0913333,-89.4118333,11.06,1.97,611.1226303026389,0.0
seismic,2021-02-10 17:48:01.584,43.8396,-66.464,15.05,2.6,23.653470031227396,364.718
seismic,2021-02-12 00:47:35.740,37.1765,-81.8111667,0.0,2.35,398.6297866431433,75.805
seismic,2021-02-12 00:51:32.370,37.192,-81.8221667,0.0,2.13,399.4829809960991,76.495
seismic,2021-02-12 03:54:52.320,37.1713333,-81.827,0.0,2.58,400.0582938599407,77.273
seismic,2021-02-12 08:27:31.090,36.0648333,-82.4821667,2.92,2.79,418.4675428216625,185.474
seismic,2021-02-12 19:13:02.150,36.224,-89.4396667,8.3,1.84,626.1663494973055,0.0
seismic,2021-02-12 22:16:32.210,35.9626667,-89.8963333,8.41,1.83,608.2085859540573,0.0
seismic,2021-02-13 05:27:16.910,36.0705,-83.6256667,19.6,2.53,468.8264036346995,199.862
seismic,2021-02-14 01:03:37.810,33.0251667,-80.161,5.05,2.11,27.9891302850015,0.0
seismic,2021-02-14 09:18:57.283,47.7676,-69.9876,15.26,1.6,2.075977954969055,547.109
seismic,2021-02-14 11:48:28.626,46.1433,-72.9309,15.23,2.2,0.044057574065737,396.272
seismic,2021-02-15 04:04:17.753,44.7149,-72.5138,5.0,1.6,111.87056118772716,240.473
seismic,2021-02-19 07:31:31.240,36.226,-89.4415,8.04,1.35,626.4202339519918,0.0
seismic,2021-02-19 10:49:39.006,45.8749,-74.9434,16.8,1.8,56.04341953190073,460.831
seismic,2021-02-20 18:48:49.070,36.4065,-89.521,8.74,1.54,647.6920065897782,0.0
seismic,2021-02-21 01:46:15.270,36.3053333,-89.514,8.15,1.77,636.5034588125477,0.0
seismic,2021-02-21 02:08:05.300,36.3025,-89.5071667,8.68,1.24,636.0589178644409,0.0
seismic,2021-02-21 05:01:33.900,36.0551667,-82.479,0.12,2.4,417.5134428158932,185.958
seismic,2021-02-21 05:41:45.570,36.3045,-89.5133333,8.36,1.31,636.3992587198582,0.0
seismic,2021-02-21 08:23:38.699,47.0058,-66.5641,7.67,2.5,91.80940689222544,569.63
seismic,2021-02-21 10:30:06.205,44.8682,-68.1088,4.95,1.8,38.61657369416945,311.156
seismic,2021-02-23 08:18:26.940,36.2103333,-89.5063333,4.5,1.42,625.9805746423824,0.0
seismic,2021-02-23 13:15:09.140,36.4331667,-89.5516667,9.37,1.84,651.2083960938978,0.0
seismic,2021-02-24 00:47:00.120,35.419,-84.1421667,12.14,1.3,440.9005874965549,264.257
seismic,2021-02-24 13:27:43.050,36.4456667,-89.5358333,9.0,1.25,652.2617370167086,0.0
seismic,2021-02-25 19:11:19.250,36.2633333,-89.4668333,7.1,1.32,630.9906747556809,0.0
seismic,2021-02-25 19:42:01.560,36.4646667,-81.1026667,0.18,2.19,351.1877273675377,72.386
seismic,2021-02-25 23:29:06.370,36.4855,-89.5638333,9.27,1.2,657.1639175639486,0.0
seismic,2021-02-26 12:52:43.640,35.7306667,-81.0788333,0.05,1.63,302.8307868915682,149.938
seismic,2021-02-27 01:50:16.820,36.4603333,-81.081,0.03,1.53,349.48974180123804,72.038
seismic,2021-02-27 15:43:00.380,36.3155,-89.5355,9.73,1.98,638.0417860198394,0.0
seismic,2021-02-27 22:12:45.100,36.3133333,-89.5381667,9.57,1.6,637.858877538746,0.0
seismic,2021-02-28 05:08:48.670,36.4143333,-89.5011667,7.59,1.74,648.1635344706693,0.0
seismic,2021-02-28 10:21:05.828,47.4985,-70.0352,18.03,1.4,2.1004100059091333,517.179
seismic,2021-02-28 13:07:00.040,36.2823333,-89.5638333,8.59,1.09,634.999702570648,0.0
seismic,2021-03-01 04:14:43.350,35.706,-84.1281667,17.56,1.78,463.6709139442098,232.311
seismic,2021-03-02 04:29:24.130,36.5343333,-89.6183333,8.73,1.63,663.5848808681145,0.0
seismic,2021-03-03 01:32:01.330,35.7751667,-83.9463333,19.76,2.46,459.0922642556289,226.49
seismic,2021-03-03 01:35:13.340,35.7693333,-83.9428333,18.89,2.05,458.3872490635209,227.18
seismic,2021-03-03 11:40:55.020,36.5036667,-89.5515,7.56,1.65,658.9055725504019,0.0
seismic,2021-03-04 07:13:54.890,36.4581667,-81.091,0.08,2.0,350.40984361335217,72.619
seismic,2021-03-04 11:59:21.280,36.4968333,-89.558,8.24,1.73,658.2865980451322,0.0
seismic,2021-03-04 16:06:23.700,36.6593333,-89.539,7.88,1.83,675.6886613483689,0.0
seismic,2021-03-05 06:14:13.552,41.7355,-72.7692,1.76,1.9,49.55968512649225,186.933
seismic,2021-03-06 02:07:53.430,36.3785,-89.5905,11.63,1.44,646.0278253457523,0.0
seismic,2021-03-06 18:01:55.700,43.2554,-71.6667,5.02,1.7,76.96614558154513,71.616
seismic,2021-03-08 00:12:56.040,35.3861667,-82.5335,10.15,1.6,353.39351688623765,243.569
seismic,2021-03-08 22:19:59.126,45.9273,-75.4857,16.77,1.8,95.2386315786652,495.283
seismic,2021-03-10 05:11:33.642,45.3845,-73.8869,11.62,1.4,0.85606263885875,364.892
seismic,2021-03-10 12:27:51.800,35.7303333,-83.9748333,2.34,1.98,456.8256524909511,231.105
seismic,2021-03-10 14:59:53.170,36.6691667,-89.5321667,10.47,1.18,676.636411944923,0.0
seismic,2021-03-11 17:50:27.210,36.051,-89.8203333,10.1,1.57,615.7517053896039,0.0
seismic,2021-03-12 16:51:48.970,36.4291667,-89.5423333,8.99,1.1,650.5870251076959,0.0
seismic,2021-03-12 21:52:29.250,36.2948333,-89.4766667,6.44,1.17,634.6247361845933,0.0
seismic,2021-03-14 00:50:03.829,44.9518,-75.5209,10.13,2.7,63.8613648385768,432.387
seismic,2021-03-14 02:48:13.810,36.064,-89.8126667,7.87,1.49,616.9611854555852,0.0
seismic,2021-03-14 03:17:38.470,36.0645,-89.812,7.74,1.19,616.9985866203297,0.0
seismic,2021-03-14 11:22:09.370,35.0455,-85.1281667,17.41,2.52,482.3489343664528,312.233
seismic,2021-03-14 23:39:42.512,46.6607,-71.1316,20.84,1.7,14.979755021740107,420.523
seismic,2021-03-15 16:39:27.670,36.4106667,-89.5231667,9.04,1.34,648.1896500051345,0.0
seismic,2021-03-16 08:38:41.760,35.4238333,-84.1455,10.24,1.51,441.4978508095818,263.697
seismic,2021-03-17 14:59:49.510,36.5491667,-89.5355,4.71,2.04,663.5689551773042,0.0
seismic,2021-03-18 05:32:49.400,36.5066667,-89.5731667,4.83,1.05,659.6600749853908,0.0
seismic,2021-03-19 15:15:59.892,43.081,-70.2715,10.0,2.4,27.89922573305964,49.256
seismic,2021-03-20 22:22:43.338,42.6947,-74.0928,14.5,1.9,155.2294714599655,252.702
seismic,2021-03-20 22:39:12.023,42.6828,-74.0989,14.95,2.0,153.94340286971936,253.293
seismic,2021-03-21 01:11:39.786,44.5049,-78.6828,5.0,1.4,318.517762314297,645.238
seismic,2021-03-21 06:54:04.510,36.5411667,-89.6463333,10.07,1.98,664.9020132157309,0.0
seismic,2021-03-21 10:39:03.700,36.5355,-89.647,9.97,1.66,664.298324663709,0.0
seismic,2021-03-21 11:05:22.370,36.5356667,-89.6455,9.91,1.5,664.2855673919271,0.0
seismic,2021-03-21 11:56:41.770,36.5418333,-89.6496667,10.35,2.05,665.0433547014504,0.0
seismic,2021-03-21 13:19:49.200,36.5346667,-89.6473333,10.08,1.82,664.2144097989064,0.0
seismic,2021-03-21 13:24:19.290,36.5418333,-89.6513333,10.31,2.37,665.0777567841925,0.0
seismic,2021-03-21 15:00:04.230,36.5361667,-89.6466667,9.99,1.63,664.3640917509384,0.0
seismic,2021-03-21 16:58:35.150,36.5421667,-89.6501667,10.2,1.64,665.0899956293928,0.0
seismic,2021-03-21 17:08:35.130,36.5356667,-89.6483333,9.8,1.67,664.343993558396,0.0
seismic,2021-03-21 17:15:54.839,47.4555,-70.2101,15.45,2.3,4.738111139502313,510.861
seismic,2021-03-21 18:08:44.740,36.1688333,-89.4155,9.58,1.48,619.6698439632144,0.0
seismic,2021-03-22 02:24:58.025,47.5351,-69.8878,10.0,1.4,1.5190730983017031,522.795
seismic,2021-03-22 12:27:46.310,37.9641667,-88.7773333,7.05,2.3,810.3727631021156,0.0
seismic,2021-03-22 13:36:18.640,36.256,-89.537,7.96,1.02,631.5811243314765,0.0
seismic,2021-03-22 19:01:42.770,36.5393333,-89.652,10.01,2.23,664.819177710222,0.0
seismic,2021-03-23 05:01:59.490,36.1291667,-89.7226667,9.76,2.28,621.8405313826258,0.0
seismic,2021-03-23 07:01:24.060,36.1205,-89.4251667,4.19,1.77,614.5690598628512,0.0
seismic,2021-03-23 10:36:53.090,36.5508333,-89.6466667,8.2,1.5,665.9622064579427,0.0
seismic,2021-03-24 06:56:40.590,36.8298333,-83.885,18.93,2.42,553.1294066771553,111.743
seismic,2021-03-25 11:46:34.070,33.6193333,-82.4631667,5.46,1.75,191.7961393605377,151.3
seismic,2021-03-25 12:12:51.653,47.001,-66.9669,6.49,1.8,110.01053586103096,551.077
seismic,2021-03-25 16:05:03.050,36.2651667,-89.5258333,7.41,1.08,632.3554556229863,0.0
seismic,2021-03-25 16:06:18.970,36.2661667,-89.5266667,8.15,1.13,632.4813275250269,0.0
seismic,2021-03-26 22:54:57.800,36.7326667,-89.4955,11.81,1.26,682.917511415412,0.0
seismic,2021-03-28 19:41:29.190,36.5438333,-89.6633333,5.16,1.48,665.5442554473348,0.0
seismic,2021-03-29 10:12:07.010,36.1918333,-89.4818333,9.49,1.37,623.4725513044332,0.0
seismic,2021-03-29 15:57:08.060,36.0051667,-89.8741667,10.88,2.0,612.1875357777388,0.0
seismic,2021-03-31 04:20:03.619,45.7553,-72.9168,15.69,1.7,28.28440131318725,356.909
seismic,2021-03-31 05:53:13.320,36.0638333,-89.8138333,8.38,1.98,616.9719890236848,0.0
seismic,2021-04-01 04:59:02.480,36.4413333,-89.542,8.9,1.71,651.9093738572376,0.0
seismic,2021-04-01 06:28:09.811,46.9917,-66.5952,5.0,2.0,94.34571106187867,566.947
seismic,2021-04-01 17:17:01.980,36.54,-89.638,8.95,1.11,664.6036567069511,0.0
seismic,2021-04-01 23:59:42.850,36.3915,-89.5305,9.25,2.07,646.2397021219272,0.0
seismic,2021-04-02 08:16:27.910,36.2553333,-89.4973333,8.93,1.79,630.713547927333,0.0
seismic,2021-04-02 09:32:13.040,36.5461667,-89.6401667,9.24,1.25,665.32018138859,0.0
seismic,2021-04-04 10:07:18.620,37.1323333,-88.8175,15.22,2.05,717.9188813806766,0.484
seismic,2021-04-04 21:48:00.280,35.775,-84.0835,8.49,1.38,466.911928699862,224.984
seismic,2021-04-04 23:53:59.820,35.649,-83.8345,12.74,2.04,441.8033598031643,241.978
seismic,2021-04-06 04:27:40.950,36.3601667,-89.4688333,6.12,1.74,641.619477298102,0.0
seismic,2021-04-07 06:37:11.120,34.6013333,-85.4793333,4.37,2.09,461.7991417099091,352.304
seismic,2021-04-07 08:58:59.070,36.0728333,-82.4578333,1.82,1.62,417.5264417530304,183.237
seismic,2021-04-08 08:49:53.744,47.6787,-69.9678,14.07,1.8,4.950061473235652,537.591
seismic,2021-04-10 08:51:13.950,36.107,-89.759,9.33,1.62,620.2981601814714,0.0
seismic,2021-04-13 03:28:20.230,36.2191667,-89.4578333,9.24,1.57,625.9880856808595,0.0
seismic,2021-04-14 03:05:42.708,47.5646,-70.2347,11.87,2.5,2.1127928826382463,522.653
seismic,2021-04-14 09:43:36.860,36.5475,-89.5698333,6.98,1.05,664.0539020845267,0.0
seismic,2021-04-14 10:50:28.880,36.5371667,-89.5656667,6.75,1.28,662.8432437366918,0.0
seismic,2021-04-15 00:21:08.858,47.5525,-70.076,13.19,1.5,8.20422899582856,522.692
seismic,2021-04-15 02:44:11.160,35.754,-84.0145,8.11,2.2,461.1358439437487,228.012
seismic,2021-04-15 14:26:47.251,45.5774,-74.4614,15.8,1.9,6.632835736642488,410.968
seismic,2021-04-16 05:57:44.530,36.4931667,-89.5571667,8.67,1.51,657.8696910332106,0.0
seismic,2021-04-17 01:18:37.730,36.0945,-89.4318333,12.61,1.75,611.8567386955015,0.0
seismic,2021-04-17 02:17:54.520,35.613,-84.398,10.0,1.7,472.5073670188767,241.962
seismic,2021-04-17 08:33:38.420,35.7763333,-80.945,0.08,1.96,298.5789578038424,142.626
seismic,2021-04-18 03:20:51.240,33.7503333,-82.648,5.3,2.27,214.2237025897009,172.049
seismic,2021-04-18 06:59:35.832,45.7378,-66.4009,5.0,2.1,43.06956307358857,474.922
seismic,2021-04-18 10:19:16.610,36.4141667,-89.5101667,9.65,1.63,648.3191775035023,0.0
seismic,2021-04-18 23:04:15.840,35.5176667,-84.3831667,16.41,1.57,464.00072586440666,252.615
seismic,2021-04-19 02:01:08.260,36.5388333,-89.5965,8.4,1.81,663.6361263596035,0.0
seismic,2021-04-19 11:04:03.690,36.2971667,-89.4751667,6.36,1.48,634.8507883012913,0.0
seismic,2021-04-20 11:53:05.680,36.4855,-81.103,0.31,1.74,350.5441042057811,70.284
seismic,2021-04-20 19:39:04.590,35.7506667,-84.1111667,17.72,2.0,466.447739257785,227.46
seismic,2021-04-21 13:03:30.910,36.1143333,-89.7376667,4.82,1.28,620.5867803288313,0.0
seismic,2021-04-21 14:18:39.631,44.9848,-67.9727,5.0,1.8,45.20505185946066,327.934
seismic,2021-04-21 17:13:48.720,35.574,-84.3343333,9.36,1.88,465.3876750073477,246.292
seismic,2021-04-21 19:24:39.010,36.4636667,-81.0668333,0.08,2.3,348.1776204695822,71.195
seismic,2021-04-22 03:43:53.519,44.9734,-67.9697,5.87,1.5,43.92773424818284,327.193
seismic,2021-04-22 07:55:05.040,36.3056667,-89.5196667,9.13,1.24,636.6523389276824,0.0
seismic,2021-04-24 08:11:31.960,36.165,-89.6588333,10.02,1.44,624.272403319719,0.0
seismic,2021-04-24 18:35:51.350,36.0661667,-89.4436667,13.5,1.72,608.9942446293834,0.0
seismic,2021-04-24 20:09:19.840,35.899,-84.3858333,17.06,1.8,495.1486317801462,209.928
seismic,2021-04-25 06:52:23.759,43.8012,-71.3767,5.0,2.0,85.75232162075282,108.661
seismic,2021-04-26 06:53:24.430,36.2658333,-89.4966667,8.38,1.14,631.8470777450435,0.0
seismic,2021-04-27 02:05:48.210,36.1615,-89.4711667,12.78,1.69,619.9489901145855,0.0
seismic,2021-04-28 01:32:41.610,35.899,-84.3858333,17.21,1.54,495.1486317801462,209.928
seismic,2021-04-28 02:20:08.610,36.113,-89.7496667,9.78,2.33,620.7250303055918,0.0
seismic,2021-04-28 23:19:33.150,36.482,-81.0651667,0.08,1.94,347.4388068675221,69.251
seismic,2021-04-29 01:36:04.570,36.5061667,-89.5525,8.58,1.75,659.1983000282356,0.0
seismic,2021-04-29 15:18:34.550,36.3008333,-89.5175,8.86,1.68,636.0815782184371,0.0
seismic,2021-05-01 18:10:46.070,36.0716667,-89.7938333,11.38,1.6,617.3254819233861,0.0
seismic,2021-05-03 22:05:57.570,35.0315,-84.7613333,13.55,2.15,454.3810133906903,308.906
seismic,2021-05-04 18:35:59.080,36.2221667,-89.4413333,8.75,1.66,625.9977715285067,0.0
seismic,2021-05-05 04:32:56.130,36.2223333,-89.4396667,8.62,1.3,625.9840457322007,0.0
seismic,2021-05-06 21:00:56.800,36.2936667,-89.533,10.93,1.67,635.6091758885684,0.0
seismic,2021-05-06 23:09:01.834,45.7389,-68.773,5.02,1.8,130.925615654043,358.926
seismic,2021-05-07 01:43:49.435,45.7492,-68.7737,5.0,1.8,132.06879859267323,359.914
seismic,2021-05-07 09:07:50.250,36.4065,-89.5281667,9.13,1.3,647.8323427521177,0.0
seismic,2021-05-08 21:14:20.590,35.927,-83.9898333,22.91,2.57,474.8194281650818,209.117
seismic,2021-05-11 06:11:02.350,36.4775,-89.5515,9.25,2.0,656.0468868571589,0.0
seismic,2021-05-12 08:00:48.660,34.4735,-80.7223333,9.99,1.77,181.0020134038621,134.596
seismic,2021-05-12 15:40:22.770,36.5383333,-89.5955,8.81,2.98,663.5615636489478,0.0
seismic,2021-05-12 15:47:47.190,36.5305,-89.5978333,7.43,1.56,662.7533908726749,0.0
seismic,2021-05-13 02:58:55.060,36.3216667,-89.4488333,4.97,1.25,637.0268386906858,0.0
seismic,2021-05-14 08:59:44.640,36.2976667,-89.5343333,8.54,1.42,636.0724205215039,0.0
seismic,2021-05-17 11:03:22.854,45.8075,-73.5278,12.09,3.3,8.673195881731665,385.683
seismic,2021-05-18 09:16:17.530,36.5381667,-89.5915,8.65,1.55,663.4635257910682,0.0
seismic,2021-05-18 15:13:52.512,45.8122,-73.5166,12.69,2.1,8.595948477912474,385.648
seismic,2021-05-18 23:22:49.190,36.6815,-89.5148333,15.6,2.43,677.6638255447432,0.0
seismic,2021-05-19 19:29:54.180,36.0506667,-89.8318333,11.71,2.38,616.0018262386303,0.0
seismic,2021-05-20 02:51:32.770,36.558,-89.8533333,6.41,1.83,671.2435683256452,0.0
seismic,2021-05-20 22:03:01.560,36.4661667,-89.5593333,9.85,2.25,654.9636761328896,0.0
seismic,2021-05-20 22:08:06.160,36.4641667,-89.5585,9.71,1.22,654.7287830354854,0.0
seismic,2021-05-21 04:53:11.190,38.5753333,-82.422,19.43,2.49,437.6658252620947,165.898
seismic,2021-05-22 04:33:24.574,44.2583,-68.4029,5.0,1.9,0.3670607411093877,248.206
seismic,2021-05-23 06:58:49.204,45.0007,-67.014,5.0,1.0,1.3478928069006326,385.765
seismic,2021-05-24 13:07:56.003,45.844,-74.7704,18.3,1.8,43.72376113782542,449.015
seismic,2021-05-25 06:25:35.450,35.5096667,-84.501,9.51,1.79,470.96810993652105,253.839
seismic,2021-05-25 10:20:28.580,35.5923333,-84.4046667,18.24,1.64,471.27949084173366,244.286
seismic,2021-05-26 07:44:15.460,38.5893333,-83.4793333,16.15,2.14,528.9154473358943,93.764
seismic,2021-05-26 20:29:38.990,36.4716667,-84.1101667,11.76,2.83,530.2424933441897,147.212
seismic,2021-05-28 00:41:27.996,42.6493,-77.8474,5.32,2.4,352.88031256243937,522.237
seismic,2021-05-28 08:33:30.870,36.296,-89.468,5.58,1.72,634.5848798056707,0.0
seismic,2021-05-29 06:20:05.790,36.4138333,-89.523,9.96,1.13,648.5324102913415,0.0
seismic,2021-05-29 22:39:58.920,36.4841667,-89.5605,8.95,1.11,656.9524160164041,0.0
seismic,2021-05-30 09:42:36.810,35.8935,-83.7845,12.38,2.21,460.7153977735979,215.909
seismic,2021-05-30 15:52:06.940,36.607,-89.6098333,5.59,1.37,671.3426080405674,0.0
seismic,2021-05-30 23:16:45.790,36.2488333,-89.5095,7.66,1.56,630.2457004993637,0.0
seismic,2021-05-31 02:09:51.460,36.4913333,-89.548,8.42,1.71,657.4894978052339,0.0
seismic,2021-05-31 22:53:24.780,33.8921667,-81.4483333,1.69,2.57,160.6947509872383,89.369
seismic,2021-05-31 22:56:33.330,33.8818333,-81.4386667,5.1,1.99,159.30538715440164,87.912
seismic,2021-06-01 03:08:11.105,47.6637,-70.1661,13.56,2.5,1.8334977576310283,534.083
seismic,2021-06-01 03:50:33.770,36.4686667,-89.5575,8.19,2.37,655.200406869902,0.0
seismic,2021-06-01 06:09:08.350,36.4998333,-89.5525,7.73,2.01,658.5063263916226,0.0
seismic,2021-06-02 04:44:03.710,36.254,-89.4916667,6.74,1.15,630.456019748392,0.0
seismic,2021-06-02 16:48:08.552,46.3829,-87.7137,0.0,2.6,1023.9741381850488,698.342
seismic,2021-06-06 09:36:49.530,36.4641667,-89.5526667,9.3,1.39,654.6135065786367,0.0
seismic,2021-06-08 08:57:17.400,36.5511667,-89.8351667,5.0,2.11,670.0878173114788,0.0
seismic,2021-06-09 05:54:54.130,36.5131667,-89.556,7.15,1.19,660.0316547055962,0.0
seismic,2021-06-09 11:52:35.851,39.5974,-74.3345,5.0,2.4,1.9591517939115668,366.25
seismic,2021-06-09 11:56:55.330,36.4923333,-81.0813333,4.46,1.88,348.48260014813195,68.778
seismic,2021-06-09 23:02:58.610,36.3201667,-89.5358333,9.28,1.38,638.5577331674755,0.0
seismic,2021-06-10 05:43:46.180,36.2943333,-89.5196667,6.4,1.44,635.4150959442546,0.0
seismic,2021-06-10 05:44:31.320,36.371,-89.5336667,4.99,1.3,644.0635443013995,0.0
seismic,2021-06-10 06:49:04.070,36.2935,-89.5188333,6.29,1.35,635.3075271655937,0.0
seismic,2021-06-10 20:29:45.840,36.14,-89.3781667,8.8,1.83,615.810192123489,0.0
seismic,2021-06-11 07:31:00.660,36.5461667,-89.6458333,8.01,1.6,665.4365481026746,0.0
seismic,2021-06-11 10:56:51.210,36.5328333,-89.6421667,6.37,1.7,663.9082015159543,0.0
seismic,2021-06-11 16:24:19.660,36.5338333,-89.6198333,8.44,1.39,663.5607884972469,0.0
seismic,2021-06-11 17:09:42.560,36.2366667,-89.5116667,7.81,1.65,628.9611693311141,0.0
seismic,2021-06-13 00:12:51.570,36.5483333,-89.604,7.25,1.85,664.8230615987773,0.0
seismic,2021-06-13 02:02:52.676,45.6979,-76.1758,15.22,2.2,138.43604391954457,521.061
seismic,2021-06-13 02:59:39.790,36.2866667,-89.4991667,7.2,1.88,634.1718454884184,0.0
seismic,2021-06-13 03:00:45.780,36.2858333,-89.495,7.17,1.28,633.9988602632146,0.0
seismic,2021-06-13 07:52:40.390,36.2248333,-89.4398333,3.83,2.12,626.2606874139635,0.0
seismic,2021-06-13 09:23:23.840,37.0005,-82.2748333,19.81,2.44,441.047242481336,119.818
seismic,2021-06-13 16:51:34.940,36.1548333,-89.4441667,11.45,2.45,618.69070468001,0.0
seismic,2021-06-14 03:47:15.680,36.1013333,-89.7651667,9.27,1.64,619.8333215032052,0.0
seismic,2021-06-14 05:19:27.900,35.9435,-89.9231667,9.37,1.82,606.8670172030872,0.0
seismic,2021-06-14 09:45:40.670,36.2706667,-89.5141667,8.62,1.4,632.722022271289,0.0
seismic,2021-06-14 13:29:04.300,35.1205,-84.273,10.19,1.85,426.3447828077678,297.117
seismic,2021-06-14 14:19:12.535,47.1434,-70.6889,11.97,2.6,0.1368125855198262,473.819
seismic,2021-06-15 01:50:03.030,36.0843333,-89.7908333,9.01,2.12,618.6174491997855,0.0
seismic,2021-06-15 10:29:17.980,44.7578,-74.7858,5.0,1.8,27.483448015995297,371.831
seismic,2021-06-16 08:01:21.570,36.3223333,-89.5355,9.81,2.01,638.7875013289065,0.0
seismic,2021-06-16 09:19:36.960,36.7093333,-81.14,4.98,2.0,347.3839581992925,50.284
seismic,2021-06-16 13:24:31.150,35.5368333,-84.9176667,19.23,2.09,500.7593432731466,254.709
seismic,2021-06-17 02:43:10.050,36.706,-81.1358333,9.02,2.26,347.10656318132203,50.373
seismic,2021-06-17 10:32:55.920,36.0865,-89.7783333,7.92,1.87,618.548836346413,0.0
seismic,2021-06-17 19:18:02.410,39.8305,-87.2866667,6.26,3.82,864.2784002044784,0.0
seismic,2021-06-18 15:40:39.350,36.2133333,-89.4661667,7.49,1.82,625.512799158574,0.0
seismic,2021-06-18 16:21:03.420,36.0876667,-89.7761667,8.01,1.71,618.6224934897936,0.0
seismic,2021-06-18 19:48:39.595,29.7433,-79.3493,0.0,3.9,168.41845188670518,292.429
seismic,2021-06-19 22:33:17.830,36.5326667,-89.6373333,7.79,1.87,663.7907436853751,0.0
seismic,2021-06-21 04:30:48.860,36.3375,-81.1701667,1.33,1.81,359.6456776892184,87.833
seismic,2021-06-21 04:34:37.480,36.3373333,-81.1648333,1.5,1.62,359.3392712360734,87.654
seismic,2021-06-21 09:27:57.790,36.3635,-89.5556667,9.98,1.67,643.6843931513263,0.0
seismic,2021-06-22 03:46:04.880,37.789,-77.5366667,10.37,2.24,54.40239296704544,25.443
seismic,2021-06-22 09:43:37.270,36.4953333,-89.548,7.23,1.38,657.9265539954309,0.0
seismic,2021-06-22 13:00:30.072,47.5994,-70.0298,11.87,2.5,9.241743553831364,528.28
seismic,2021-06-23 08:54:04.480,36.4856667,-89.544,8.71,1.89,656.7920994179431,0.0
seismic,2021-06-25 04:29:32.284,47.4614,-70.4843,3.84,1.8,1.84826422085223,509.711
seismic,2021-06-25 10:40:49.782,47.5121,-70.454,4.37,2.1,7.390803440506888,515.454
seismic,2021-06-25 19:40:45.277,39.3046,-76.7089,2.5,2.6,8.886124623847557,194.17
seismic,2021-06-26 06:05:38.350,35.3155,-84.3026667,14.77,1.68,443.0528445871411,275.251
seismic,2021-06-26 07:20:36.900,36.4318333,-89.5158333,8.27,1.31,650.3602561773762,0.0
seismic,2021-06-27 05:29:07.370,32.898,-83.5875,0.03,2.26,250.8117848421039,249.197
seismic,2021-06-27 05:53:33.509,39.2977,-76.6954,5.0,1.6,7.497461353623542,194.284
seismic,2021-06-27 12:25:55.571,47.5016,-70.4237,4.75,2.1,5.430319487514914,514.462
seismic,2021-06-29 03:04:19.585,45.3115,-66.6753,5.0,1.5,21.42979433531899,428.025
seismic,2021-06-29 05:44:08.400,36.286,-89.4963333,7.38,1.41,634.0432706141453,0.0
seismic,2021-06-30 00:50:48.165,45.2877,-70.9774,5.0,1.5,159.822058821464,267.794
seismic,2021-06-30 03:16:14.620,36.3223333,-89.5223333,9.34,1.34,638.5249479105257,0.0
seismic,2021-07-02 11:43:57.730,36.2865,-89.5423333,9.34,1.41,635.0156218349085,0.0
seismic,2021-07-02 22:38:15.740,36.5921667,-84.1543333,26.29,2.48,543.5664555611017,133.321
seismic,2021-07-04 06:08:20.770,36.1833333,-89.469,6.9,1.36,622.2907733402918,0.0
seismic,2021-07-05 20:14:16.810,35.9723333,-89.8955,8.0,2.18,609.2218214066729,0.0
seismic,2021-07-06 04:05:13.401,45.8941,-74.79,8.31,1.3,48.849611579044215,454.105
seismic,2021-07-07 00:28:39.715,45.7073,-76.6914,15.78,1.8,173.81474030764704,554.792
seismic,2021-07-07 05:51:13.889,45.904,-75.8139,19.73,1.6,118.01560644273304,512.831
seismic,2021-07-08 03:17:04.266,45.3283,-76.2185,16.4,1.6,123.79519691044082,501.01
seismic,2021-07-08 08:35:30.750,36.0558333,-89.8206667,9.72,2.08,616.2799623000933,0.0
seismic,2021-07-10 12:42:38.890,36.2516667,-89.497,6.82,1.28,630.3065536440505,0.0
seismic,2021-07-10 12:43:18.260,36.2523333,-89.4961667,6.73,1.22,630.3628597024331,0.0
seismic,2021-07-10 14:11:22.010,36.2548333,-89.5075,6.31,1.18,630.8607670340729,0.0
seismic,2021-07-11 11:36:11.220,35.8815,-84.441,8.55,2.15,497.00016057289633,212.013
seismic,2021-07-11 17:40:46.350,36.243,-89.4525,6.46,1.83,628.490746275687,0.0
seismic,2021-07-11 20:21:58.060,35.771,-84.0045,21.63,2.28,462.0290851691951,226.238
seismic,2021-07-11 20:47:08.000,35.778,-84.0025,21.15,2.0,462.5198387884765,225.484
seismic,2021-07-13 06:53:57.084,45.4712,-76.0277,15.61,1.6,115.74802185054963,497.138
seismic,2021-07-14 23:35:50.149,44.9611,-74.9924,7.06,2.8,22.41617872941529,398.035
seismic,2021-07-15 00:55:47.410,37.2403333,-80.8243333,20.37,2.76,311.6022363135835,0.0
seismic,2021-07-16 17:48:33.533,30.0852,-79.3251,0.0,3.9,186.54323913374512,260.626
seismic,2021-07-17 03:17:21.760,32.9368333,-80.148,3.97,1.95,21.248097696419908,0.0
seismic,2021-07-18 02:27:29.280,35.2258333,-85.0725,9.25,1.84,489.9200346109649,291.462
seismic,2021-07-18 06:19:10.447,45.0102,-67.1739,5.0,1.6,6.273590800084927,376.502
seismic,2021-07-18 07:35:30.045,44.9611,-74.9556,5.0,1.2,19.57774979841499,395.659
seismic,2021-07-18 13:25:58.830,36.5456667,-89.608,7.84,1.53,664.6124372650056,0.0
seismic,2021-07-19 20:24:05.470,36.5343333,-89.6378333,6.7,1.22,663.9826364178579,0.0
seismic,2021-07-21 09:05:22.270,36.5433333,-89.6641667,5.03,1.19,665.5071364960278,0.0
seismic,2021-07-22 11:09:40.210,32.9551667,-80.1373333,3.54,1.31,21.39794346109908,0.0
seismic,2021-07-22 11:18:21.540,32.9413333,-80.12,3.74,1.09,19.213406556775087,0.0
seismic,2021-07-22 16:22:18.900,35.7045,-84.1251667,18.86,1.98,463.367268351443,232.501
seismic,2021-07-23 08:56:56.150,36.299,-89.5161667,8.02,1.31,635.8549298850817,0.0
seismic,2021-07-24 02:27:58.243,45.4441,-74.1342,16.83,1.9,2.446597373723472,382.686
seismic,2021-07-24 05:53:06.290,36.186,-89.4243333,7.69,1.45,621.7163591664532,0.0
seismic,2021-07-24 10:48:45.750,36.2973333,-89.5113333,8.01,2.0,635.5770686424289,0.0
seismic,2021-07-25 04:41:41.896,42.528,-70.9543,5.0,1.4,5.590162814425913,21.142
seismic,2021-07-26 14:35:11.270,36.2355,-89.4195,6.54,1.21,627.0415293613319,0.0
seismic,2021-07-27 05:02:08.480,35.839,-80.5421667,4.82,2.13,281.37027074382803,133.671
seismic,2021-07-27 16:27:55.100,36.485,-89.5403333,8.33,2.38,656.6476655956736,0.0
seismic,2021-07-30 03:21:31.517,47.4558,-70.154,16.59,1.7,7.671899122533591,511.371
seismic,2021-07-30 03:32:48.057,41.687,-81.4505,5.0,2.0,483.36676216433534,457.113
seismic,2021-07-30 14:36:11.150,36.4518333,-81.0786667,0.04,1.65,349.57253580950754,72.828
seismic,2021-07-31 05:48:55.700,36.6503333,-89.5933333,5.39,1.69,675.7492979330253,0.0
seismic,2021-07-31 23:57:09.160,36.1135,-83.7721667,16.14,2.12,480.1343273854772,192.045
seismic,2021-08-01 00:18:06.130,36.1135,-83.7743333,16.05,1.78,480.2440279038733,192.002
seismic,2021-08-01 23:52:30.700,36.1541667,-89.4695,12.88,1.68,619.1152023495988,0.0
seismic,2021-08-02 04:06:19.400,36.4808333,-89.5538333,8.86,1.63,656.4568968119889,0.0
seismic,2021-08-02 12:12:41.420,36.4816667,-89.5413333,8.0,2.1,656.3029169101749,0.0
seismic,2021-08-02 23:31:13.400,36.7683333,-83.2386667,0.57,2.05,520.1440961317713,142.623
seismic,2021-08-03 07:24:25.520,35.3495,-84.7621667,4.48,2.12,476.51276788643867,273.541
seismic,2021-08-04 06:10:57.145,39.1939,-76.9665,6.57,2.1,30.276228384759246,170.94
seismic,2021-08-04 14:41:39.450,35.9851667,-89.8975,7.36,1.57,610.6484080475796,0.0
seismic,2021-08-04 23:45:30.452,42.535,-70.9204,5.0,1.2,3.334874986295425,19.649
seismic,2021-08-05 07:19:07.660,35.9598333,-83.9566667,21.82,1.97,475.9085919247055,205.889
seismic,2021-08-05 07:44:57.570,35.9228333,-83.8736667,11.56,2.2,468.1179577375888,211.169
seismic,2021-08-06 06:35:37.126,47.7014,-69.9169,12.95,1.4,6.714622805149555,540.619
seismic,2021-08-06 10:31:23.550,36.258,-89.4788333,7.47,1.62,630.6411440274405,0.0
seismic,2021-08-06 18:42:38.340,36.0476667,-89.8255,9.3,1.44,615.5214555925846,0.0
seismic,2021-08-07 22:43:08.010,36.2583333,-89.4793333,7.51,1.6,630.6873339785556,0.0
seismic,2021-08-08 10:34:50.960,35.6865,-84.1458333,20.67,1.48,463.08183922377685,234.364
seismic,2021-08-08 10:41:21.940,35.6861667,-84.1456667,20.65,1.45,463.0440082318019,234.402
seismic,2021-08-08 19:55:18.252,30.1465,-79.6066,0.0,3.9,163.1360271103552,241.272
seismic,2021-08-09 20:10:51.875,46.3594,-72.2706,19.97,2.7,6.606674719228316,401.356
seismic,2021-08-10 16:10:02.460,36.4228333,-89.5083333,7.89,1.98,649.2311927875547,0.0
seismic,2021-08-11 02:37:53.560,36.0755,-89.7976667,8.82,1.62,617.8318817914303,0.0
seismic,2021-08-11 05:53:38.754,43.2991,-71.568,2.83,1.8,70.36096353029117,68.804
seismic,2021-08-11 08:34:29.020,36.4226667,-89.5051667,7.79,1.6,649.1518574208711,0.0
seismic,2021-08-12 15:35:54.510,35.7403333,-84.0463333,5.12,1.93,461.797299384119,229.195
seismic,2021-08-13 11:57:17.150,35.8766667,-84.8981667,0.03,3.09,525.1265693996443,216.956
seismic,2021-08-13 11:57:34.970,35.9163333,-84.8531667,0.17,4.3,525.3547217739462,211.857
seismic,2021-08-15 05:06:04.990,39.3209,-76.7279,4.8,1.7,11.27344641092686,194.611
seismic,2021-08-15 05:27:10.990,36.1005,-89.4065,9.1,2.46,612.0226274808001,0.0
seismic,2021-08-15 22:34:19.770,36.5311667,-89.593,9.61,1.83,662.7294212257267,0.0
seismic,2021-08-17 03:31:28.440,36.2655,-89.4695,7.36,1.62,631.2792041463947,0.0
seismic,2021-08-17 13:19:28.950,35.8048333,-81.6848333,5.6,2.65,347.3031650401326,161.916
seismic,2021-08-18 04:12:06.590,35.9061667,-84.2936667,13.4,2.13,490.3056529676842,209.151
seismic,2021-08-18 11:20:18.283,47.2223,-71.2826,16.58,2.0,33.3436547751341,483.219
seismic,2021-08-18 12:52:48.150,36.3646667,-89.5116667,8.42,1.16,642.938457949713,0.0
seismic,2021-08-18 19:19:56.002,42.5259,-70.92,5.0,1.3,2.891423819761387,20.637
seismic,2021-08-18 21:09:17.740,36.1333333,-89.394,8.72,2.27,615.3773462613452,0.0
seismic,2021-08-19 10:00:59.640,36.4443333,-89.5158333,7.92,1.74,651.7267860217395,0.0
seismic,2021-08-19 11:35:07.860,36.2081667,-89.4313333,10.59,1.17,624.2749868673061,0.0
seismic,2021-08-19 18:04:00.390,35.6505,-84.2673333,7.05,2.03,467.4349295406043,237.827
seismic,2021-08-19 22:50:16.730,35.5331667,-84.4926667,11.42,1.53,472.2502309673428,251.175
seismic,2021-08-20 07:14:09.556,45.4328,-74.5514,17.69,1.4,19.101777316791573,404.555
seismic,2021-08-21 00:16:43.595,46.1884,-66.2633,11.76,1.9,82.78590803091319,516.845
seismic,2021-08-21 10:02:23.210,32.9625,-80.178,1.97,1.75,25.05706040021198,0.0
seismic,2021-08-21 12:27:38.000,36.541,-89.6723333,9.96,1.88,665.4233992387194,0.0
seismic,2021-08-21 12:50:14.470,34.7581667,-85.3683333,3.16,2.29,480.72268091531777,348.318
seismic,2021-08-22 04:18:10.994,43.2533,-70.9638,5.0,1.7,23.82003231117416,41.264
seismic,2021-08-22 04:48:09.480,36.5093333,-89.594,10.93,1.59,660.3667660445032,0.0
seismic,2021-08-23 05:26:11.820,36.4648333,-81.1035,0.16,1.77,351.2530869484199,72.4
seismic,2021-08-23 10:43:05.930,36.478,-81.1056667,0.28,1.46,351.0111422922492,71.145
seismic,2021-08-23 12:10:07.480,34.6568333,-85.2723333,10.62,1.43,470.7675248466102,357.452
seismic,2021-08-24 07:53:59.710,36.0443333,-89.8376667,7.49,1.97,615.466725345158,0.0
seismic,2021-08-24 08:16:16.230,35.4458333,-82.3065,0.05,2.08,350.9834567713226,225.941
seismic,2021-08-24 21:04:08.060,36.2605,-89.4533333,6.48,1.53,630.4205834058046,0.0
seismic,2021-08-25 03:17:33.880,36.4336667,-89.5468333,9.19,1.64,651.1673277629517,0.0
seismic,2021-08-25 06:19:18.300,35.5558333,-86.5498333,13.46,2.29,553.9804362121841,235.266
seismic,2021-08-26 09:06:05.820,36.3321667,-89.5556667,11.4,1.8,640.2663666315059,0.0
seismic,2021-08-26 17:56:48.330,32.9418333,-80.1746667,3.37,1.71,23.722209795905805,0.0
seismic,2021-08-27 15:49:29.298,46.8485,-76.5006,14.41,3.3,217.4425868491822,622.174
seismic,2021-08-28 06:43:53.810,38.1608333,-78.9965,12.07,2.34,144.8572844996274,58.033
seismic,2021-08-29 17:45:10.240,36.4363333,-89.4986667,7.22,1.37,650.521560885213,0.0
seismic,2021-08-30 13:13:26.550,35.385,-84.4296667,18.37,2.78,456.7191202054986,267.538
seismic,2021-08-31 03:56:26.390,35.913,-83.859,18.92,2.42,466.449139590378,212.485
seismic,2021-09-02 00:52:09.476,46.1938,-66.3128,5.0,1.6,84.36117263286366,514.551
seismic,2021-09-02 13:43:12.076,47.5416,-70.0473,15.07,1.8,5.8667079967791045,521.777
seismic,2021-09-03 04:55:24.170,45.7088,-74.7882,18.91,1.7,35.8296272601721,439.231
seismic,2021-09-03 05:11:50.130,36.2731667,-89.5006667,9.39,1.47,632.7269756321606,0.0
seismic,2021-09-03 15:51:17.350,36.3078333,-89.5321667,9.33,1.45,637.138326892686,0.0
seismic,2021-09-04 02:55:04.982,44.689,-68.5654,5.0,1.9,20.69104744437877,271.928
seismic,2021-09-05 10:04:23.840,36.1261667,-89.2916667,3.99,1.96,612.7280543841757,0.896
seismic,2021-09-05 10:48:40.750,36.1233333,-89.7373333,8.46,2.33,621.5515355145368,0.0
seismic,2021-09-05 23:46:44.506,45.5699,-74.4854,14.5,1.7,8.322396402698802,411.667
seismic,2021-09-06 17:07:31.509,47.472,-70.132,16.11,2.0,7.57116026560638,513.345
seismic,2021-09-07 11:57:53.890,36.6473333,-89.5451667,12.09,2.01,674.4922645381624,0.0
seismic,2021-09-08 12:28:45.250,34.9426667,-84.6518333,6.54,1.55,440.5002145652736,317.95
seismic,2021-09-09 12:53:30.340,36.4783333,-89.5498333,9.92,1.73,656.1051614071265,0.0
seismic,2021-09-09 13:37:56.352,47.4371,-70.2307,12.05,2.4,5.901876933069384,508.674
seismic,2021-09-09 18:15:51.110,36.2551667,-89.505,8.67,1.47,630.8474147120752,0.0
seismic,2021-09-10 11:29:03.750,36.6098333,-89.6963333,4.68,1.63,673.4188080093955,0.0
seismic,2021-09-11 12:08:51.800,34.8593333,-85.5466667,3.62,2.33,489.51736386000425,341.581
seismic,2021-09-12 02:05:13.630,36.4946667,-89.5468333,8.66,2.14,657.8309046103733,0.0
seismic,2021-09-12 17:51:28.540,36.5675,-89.6093333,6.46,1.11,667.0215218261905,0.0
seismic,2021-09-13 04:04:58.610,36.2423333,-89.41,9.36,3.28,627.6113025896844,0.0
seismic,2021-09-14 02:27:08.100,36.2855,-89.5006667,7.29,1.31,634.0739681265196,0.0
seismic,2021-09-15 03:33:41.120,36.2973333,-89.4716667,5.83,1.53,634.8013669419188,0.0
seismic,2021-09-15 05:53:16.400,36.3755,-89.4876667,6.42,2.23,643.6571095751323,0.0
seismic,2021-09-16 13:36:35.600,36.2186667,-89.4533333,8.49,1.14,625.8462273271729,0.0
seismic,2021-09-17 05:18:28.280,36.3131667,-89.5031667,7.39,1.22,637.1452645928591,0.0
seismic,2021-09-18 07:59:22.850,36.5361667,-89.6165,9.56,1.41,663.7476799038218,0.0
seismic,2021-09-18 22:42:21.980,36.0473333,-89.388,8.96,2.06,605.8529815836496,0.119
seismic,2021-09-19 07:21:20.005,40.8331,-71.3025,10.0,2.3,41.21814788610023,212.654
seismic,2021-09-19 07:40:32.350,36.5545,-89.6475,7.51,1.49,666.378904958627,0.0
seismic,2021-09-19 09:15:41.002,41.049,-71.4807,10.0,2.0,12.867881411032869,192.184
seismic,2021-09-19 09:57:57.510,36.2213333,-89.4686667,6.72,1.89,626.4358280805044,0.0
seismic,2021-09-19 11:40:21.470,35.4858333,-84.1496667,22.31,1.5,446.7647765216681,256.748
seismic,2021-09-20 02:52:35.890,36.4903333,-89.5596667,8.55,1.76,657.6094579911858,0.0
seismic,2021-09-20 16:35:19.610,36.7283333,-89.4951667,12.25,1.5,682.4362874023261,0.0
seismic,2021-09-21 00:23:10.020,36.2618333,-89.4826667,6.86,1.13,631.134960378954,0.0
seismic,2021-09-25 01:26:15.390,38.43,-89.666,13.01,2.05,872.4777092642371,0.0
seismic,2021-09-25 04:23:42.349,43.5824,-70.1738,6.74,2.1,2.147383730291705,95.437
seismic,2021-09-25 06:48:37.160,36.416,-89.5063333,8.87,1.17,648.4454409201439,0.0
seismic,2021-09-25 08:29:25.510,35.7333333,-82.8563333,5.88,2.48,401.20108216369374,235.088
seismic,2021-09-25 09:44:00.750,36.5691667,-89.6146667,6.49,1.93,667.3104817189636,0.0
seismic,2021-09-25 19:47:47.660,35.7605,-84.068,10.9,1.89,464.7753884013216,226.74
seismic,2021-09-26 08:22:56.850,36.0446667,-89.8315,9.77,1.55,615.3483649211994,0.0
seismic,2021-09-27 13:37:24.600,37.2785,-80.201,12.41,2.56,256.7039483491997,10.836
seismic,2021-09-27 16:49:14.620,33.0441667,-80.1621667,5.79,2.82,29.570030106756818,0.0
seismic,2021-09-27 16:57:19.450,33.0408333,-80.167,5.13,1.96,29.613806529663076,0.0
seismic,2021-09-27 22:21:57.620,32.944,-80.154,6.75,3.27,22.10947611484502,0.0
seismic,2021-09-29 05:35:16.990,36.4953333,-89.5541667,8.5,1.66,658.0473972383195,0.0
seismic,2021-09-30 10:49:06.570,36.2395,-89.4473333,7.31,1.73,628.0086610597131,0.0
seismic,2021-09-30 22:56:23.300,36.3386667,-89.5348333,9.87,1.91,640.5568526767901,0.0
seismic,2021-10-02 05:48:45.850,36.0743333,-83.4033333,16.43,2.22,458.5585906220446,205.54
seismic,2021-10-02 06:04:23.730,36.0778333,-83.4036667,16.83,2.32,458.9090971398909,205.163
seismic,2021-10-02 07:39:10.220,36.0796667,-83.4026667,15.44,2.39,459.0383790902061,205.001
seismic,2021-10-03 05:54:57.440,36.4083333,-83.1398333,5.45,1.97,480.0316619451848,181.396
seismic,2021-10-03 14:41:15.520,36.197,-89.4093333,8.99,1.47,622.6355286128443,0.0
seismic,2021-10-04 15:32:59.390,36.2763333,-89.503,8.71,1.42,633.1189198501258,0.0
seismic,2021-10-05 07:03:34.110,36.2806667,-89.4926667,7.3,1.17,633.3886170901312,0.0
seismic,2021-10-05 08:13:07.990,36.519,-89.5725,12.26,2.15,660.9936211924927,0.0
seismic,2021-10-05 09:09:38.100,35.5565,-84.1093333,14.51,1.23,450.0768934595675,249.13
seismic,2021-10-06 01:51:50.780,36.4155,-83.6628333,20.84,2.0,503.21384897805984,161.874
seismic,2021-10-07 09:13:38.070,36.2155,-89.4561667,9.89,1.59,625.5549386433324,0.0
seismic,2021-10-08 22:12:54.210,36.309,-89.5411667,8.56,1.49,637.4464439810432,0.0
seismic,2021-10-08 22:42:13.870,36.3078333,-89.5278333,9.16,1.37,637.0516247785353,0.0
seismic,2021-10-11 00:56:32.260,36.3013333,-89.4813333,6.13,1.69,635.4257757682132,0.0
seismic,2021-10-13 01:25:51.010,36.4518333,-89.5153333,7.22,1.23,652.5371226288886,0.0
seismic,2021-10-13 08:41:01.980,36.5366667,-89.6521667,5.51,1.81,664.5321325907211,0.0
seismic,2021-10-13 10:53:18.920,36.3005,-89.488,5.84,1.2,635.4644021163128,0.0
seismic,2021-10-13 20:22:15.110,35.1688333,-85.4403333,18.66,2.33,513.4711317982694,305.646
seismic,2021-10-14 21:53:22.590,35.0915,-84.3813333,13.68,2.26,431.6226210667469,300.307
seismic,2021-10-16 09:06:17.230,36.1065,-89.7526667,7.58,2.13,620.0940133896577,0.0
seismic,2021-10-16 17:23:17.216,45.6485,-69.0135,5.0,1.9,122.07638258738729,341.518
seismic,2021-10-16 17:59:48.220,36.1636667,-89.4791667,12.78,1.77,620.3442958097764,0.0
seismic,2021-10-16 23:36:50.800,35.536,-84.4645,11.12,1.91,470.65376103315583,250.746
seismic,2021-10-17 07:01:56.990,33.8551667,-82.411,5.38,2.05,205.78532953370237,156.542
seismic,2021-10-17 07:55:29.020,36.3005,-89.5258333,8.24,1.03,636.2112630955618,0.0
seismic,2021-10-17 15:19:34.310,36.2563333,-89.5003333,8.42,1.19,630.8821499708118,0.0
seismic,2021-10-19 03:54:40.003,42.6829,-79.834,5.0,2.4,466.470419033441,540.408
seismic,2021-10-19 04:52:59.356,47.7631,-69.8984,15.92,2.7,2.767212148569796,547.561
seismic,2021-10-21 17:13:34.970,36.0255,-89.873,3.89,1.84,614.3387526963494,0.0
seismic,2021-10-21 17:14:08.360,36.0438333,-89.8943333,5.69,1.38,616.8529510785256,0.0
seismic,2021-10-24 10:22:52.650,36.7088333,-89.5033333,11.45,1.57,680.4472703535615,0.0
seismic,2021-10-24 17:55:10.730,35.518,-83.9618333,7.62,2.72,438.00465209259687,254.819
seismic,2021-10-24 21:43:25.973,46.9932,-66.5491,4.92,2.2,90.82852178218056,569.222
seismic,2021-10-25 16:41:41.060,34.3466667,-81.2978333,3.8,2.16,205.9101738587404,128.199
seismic,2021-10-25 18:29:59.110,36.4851667,-89.5513333,8.49,1.07,656.881122032613,0.0
seismic,2021-10-26 01:00:03.140,36.2415,-89.444,7.91,1.77,628.1635103308475,0.0
seismic,2021-10-26 09:50:41.840,34.3191667,-81.2358333,0.03,1.77,201.82281160650408,123.455
seismic,2021-10-26 10:29:59.740,36.8943,-82.9601,0.0,3.1,502.4864713304787,147.583
seismic,2021-10-26 15:28:08.820,36.1156667,-89.7428333,6.75,2.79,620.8521277937476,0.0
seismic,2021-10-26 18:48:55.750,36.2986667,-89.523,8.81,1.48,635.9545852295183,0.0
seismic,2021-10-28 06:26:07.216,40.5029,-81.2577,5.0,2.6,398.5897790037903,323.633
seismic,2021-10-28 10:28:31.630,34.3561667,-81.2875,1.81,1.84,206.76437219658797,128.884
seismic,2021-10-28 10:30:48.570,34.3561667,-81.2785,0.04,1.73,206.6054627807915,128.616
seismic,2021-10-28 22:21:42.820,34.3318333,-81.2556667,4.16,2.07,203.5419644239245,125.368
seismic,2021-10-31 08:23:19.360,34.3396667,-81.2988333,0.05,2.26,205.1619840247335,127.494
seismic,2021-10-31 17:58:05.660,36.2328333,-89.442,8.13,1.72,627.1772322112245,0.0
seismic,2021-11-01 00:21:19.340,36.5396667,-89.5973333,7.6,1.58,663.7437487774046,0.0
seismic,2021-11-01 07:31:49.590,36.5336667,-89.5971667,8.13,1.68,663.0856121325816,0.0
seismic,2021-11-01 14:59:09.290,34.3138333,-81.2473333,5.13,2.0,201.4242775113774,123.218
seismic,2021-11-01 21:19:36.720,36.0141667,-89.7741667,19.11,1.68,610.6514644649847,0.0
seismic,2021-11-02 08:47:06.400,36.5035,-89.5528333,8.67,1.25,658.9134655903127,0.0
seismic,2021-11-02 10:16:10.450,36.2751667,-89.4988333,8.24,1.15,632.9092016387161,0.0
seismic,2021-11-05 12:03:06.490,36.4301667,-81.097,10.31,2.01,351.8516804408536,75.703
seismic,2021-11-06 06:50:03.810,32.8736667,-86.6723333,4.61,2.36,254.62120395937188,130.828
seismic,2021-11-07 06:12:39.460,32.9571667,-88.046,0.5,2.38,247.2141767254469,115.019
seismic,2021-11-07 18:40:13.695,40.3232,-76.0401,5.0,1.7,77.06918405057637,319.67
seismic,2021-11-08 00:03:16.040,36.1608333,-89.6846667,8.53,2.11,624.399092935816,0.0
seismic,2021-11-08 07:39:44.240,33.9055,-84.146,7.37,2.06,340.7724156679281,309.087
seismic,2021-11-08 07:43:19.800,36.6676667,-89.5216667,14.18,1.96,676.2756533904666,0.0
seismic,2021-11-08 23:23:22.650,36.1585,-89.6883333,7.52,2.59,624.2291391221635,0.0
seismic,2021-11-09 03:00:00.490,43.926,-71.2168,6.98,2.0,80.63498831618776,118.646
seismic,2021-11-09 16:46:54.360,36.2436667,-89.4153333,8.58,1.39,627.8572172827651,0.0
seismic,2021-11-09 23:38:03.920,32.9646667,-80.1698333,3.78,1.5,24.52336007860549,0.0
seismic,2021-11-10 01:34:53.680,37.5296667,-78.1631667,0.88,2.18,80.77589302680245,10.962
seismic,2021-11-12 02:52:26.950,36.5735,-89.6196667,6.13,1.56,667.8839020439638,0.0
seismic,2021-11-12 07:06:38.348,40.3853,-76.0675,1.16,1.5,83.65612465615172,324.131
seismic,2021-11-13 03:47:21.518,40.3176,-76.0356,3.0,2.1,76.35935420258157,319.37
seismic,2021-11-14 17:44:06.350,35.9003333,-89.9235,4.57,1.36,602.2635649674373,0.0
seismic,2021-11-16 08:25:41.320,34.8195,-82.6708333,5.41,2.2,304.6479174022793,240.852
seismic,2021-11-19 15:53:52.250,36.2606667,-89.524,7.9,1.35,631.8275991772803,0.0
seismic,2021-11-19 19:05:02.051,40.5121,-81.265,5.0,2.6,399.587348905697,324.746
seismic,2021-11-21 04:52:02.630,36.5605,-89.5873333,5.96,1.07,665.8189376642058,0.0
seismic,2021-11-21 09:25:05.500,36.4561667,-89.4681667,4.79,1.65,652.1148595038621,0.0
seismic,2021-11-21 09:42:29.650,36.2828333,-89.5028333,9.6,1.37,633.8254762504741,0.0
seismic,2021-11-21 11:04:12.110,36.6318333,-82.0253333,4.53,2.56,425.8263016827837,115.257
seismic,2021-11-21 13:58:57.020,36.0531667,-80.2638333,2.04,2.41,286.4106104896157,113.596
seismic,2021-11-22 00:43:22.236,44.0429,-72.7624,5.0,1.5,164.90552392273253,195.564
seismic,2021-11-22 23:54:57.750,36.431,-89.5233333,7.55,1.26,650.4149066856238,0.0
seismic,2021-11-23 03:23:25.069,45.1797,-75.4121,11.92,1.8,58.52960771978894,439.025
seismic,2021-11-24 09:05:32.340,36.0566667,-80.2845,1.25,2.33,287.72974724037647,112.779
seismic,2021-11-24 09:12:18.070,36.0953333,-80.3403333,0.74,1.66,294.0665186792228,107.473
seismic,2021-11-24 09:14:52.960,36.042,-80.2828333,1.97,1.99,286.26584537367546,114.412
seismic,2021-11-24 11:10:42.500,36.6601667,-89.5415,6.92,1.77,675.8271342646314,0.0
seismic,2021-11-25 00:38:40.310,36.1748333,-80.465,0.23,1.49,307.6182975803335,96.839
seismic,2021-11-25 06:35:08.129,44.6543,-70.8383,3.71,2.0,106.41588679535695,197.277
seismic,2021-11-25 08:01:07.150,47.5518,-70.0412,10.0,1.6,6.554905216056728,522.955
seismic,2021-11-26 01:39:40.430,36.1555,-89.6865,7.43,2.13,623.8626820450912,0.0
seismic,2021-11-26 03:43:41.290,36.4863333,-89.548,7.6,2.04,656.9431999094885,0.0
seismic,2021-11-27 12:55:46.090,36.0591667,-80.2786667,1.98,1.88,287.6864577887723,112.628
seismic,2021-11-27 21:13:55.920,36.2368333,-89.4258333,6.88,1.31,627.3070867481144,0.0
seismic,2021-11-28 08:05:05.580,36.2578333,-89.4515,6.87,1.17,630.093742622958,0.0
seismic,2021-11-28 23:03:30.360,36.3796667,-89.5083333,7.8,2.27,644.5125476929431,0.0
seismic,2021-11-29 03:47:50.550,36.4895,-89.5576667,8.32,1.97,657.4790254765634,0.0
seismic,2021-11-29 12:24:39.627,45.2154,-69.101,5.0,1.4,76.60667808767413,295.52
seismic,2021-11-30 09:04:28.429,43.298,-71.5518,4.66,1.9,69.07121916802438,67.789
seismic,2021-11-30 16:15:43.500,36.4601667,-89.6168333,12.7,2.39,655.4687008480236,0.0
seismic,2021-12-01 02:45:21.250,36.4106667,-89.5288333,8.22,2.34,648.3006279552432,0.0
seismic,2021-12-01 06:00:41.130,45.5384,-70.1535,1.98,2.3,152.17745736735952,301.339
seismic,2021-12-01 07:09:48.560,35.1683333,-84.5103333,12.38,1.61,446.07607527620377,292.037
seismic,2021-12-01 08:16:37.040,35.9526667,-89.9236667,11.22,2.64,607.8602473716816,0.0
seismic,2021-12-02 17:03:04.530,36.4855,-89.5471667,7.1,1.51,656.8358339862395,0.0
seismic,2021-12-03 11:09:58.940,35.5946667,-84.7368333,9.27,2.1,492.9344820144237,246.017
seismic,2021-12-03 13:42:51.980,36.4928333,-89.5446667,5.93,1.46,657.5882379119947,0.0
seismic,2021-12-04 04:06:12.490,36.2093333,-89.6203333,4.9,1.82,628.243451484844,0.0
seismic,2021-12-04 17:05:38.340,36.1988333,-89.6351667,5.91,1.32,627.423957457126,0.0
seismic,2021-12-05 03:29:16.960,36.5463333,-89.6088333,7.49,1.53,664.7019292541527,0.0
seismic,2021-12-05 09:48:16.210,36.2723333,-89.4761667,6.96,1.28,632.1555900673801,0.0
seismic,2021-12-05 12:51:46.220,35.313,-82.491,0.09,2.25,344.3555610377836,247.749
seismic,2021-12-05 22:18:31.310,36.4846667,-89.5451667,6.93,1.01,656.7056425353958,0.0
seismic,2021-12-07 07:02:56.340,36.273,-89.479,7.4,1.49,632.2836106896837,0.0
seismic,2021-12-07 10:06:15.620,37.512,-80.3885,1.49,1.86,273.4405186720778,0.0
seismic,2021-12-07 10:12:11.598,43.3084,-70.0048,10.0,2.6,30.19405470926927,81.719
seismic,2021-12-08 06:31:34.680,36.35,-89.5855,11.25,1.58,642.8191408577488,0.0
seismic,2021-12-08 06:44:35.000,35.841,-83.8845,9.05,2.48,461.43009594988513,220.037
seismic,2021-12-08 07:20:00.966,47.4608,-70.0081,16.3,2.3,1.894224636994378,513.334
seismic,2021-12-08 07:54:43.793,43.2861,-69.9643,10.0,2.4,34.29045203192554,82.789
seismic,2021-12-09 01:42:53.250,36.1071667,-89.7568333,8.62,2.23,620.2647283225044,0.0
seismic,2021-12-10 13:14:37.505,45.3731,-73.8636,14.52,2.2,0.9149115162872712,362.742
seismic,2021-12-11 10:32:32.110,36.324,-89.5346667,9.66,1.83,638.95271855442,0.0
seismic,2021-12-11 18:34:41.300,34.579,-85.8915,23.39,2.21,455.230405881108,331.494
seismic,2021-12-12 16:05:17.020,36.2108333,-89.6211667,4.45,1.78,628.424418723913,0.0
seismic,2021-12-12 17:52:56.070,38.691,-83.5815,14.51,3.04,537.8587410541571,97.8
seismic,2021-12-13 13:08:29.010,36.2473333,-89.4671667,7.91,1.0,629.2481195558805,0.0
seismic,2021-12-13 16:17:20.200,36.1963333,-89.4691667,9.16,1.55,623.7141494949299,0.0
seismic,2021-12-16 21:17:17.240,36.4815,-89.4988333,6.15,1.75,655.4660630696959,0.064
seismic,2021-12-17 17:31:01.650,36.2011667,-89.497,7.25,1.5,624.7932947458742,0.0
seismic,2021-12-18 05:55:37.040,36.5626667,-89.7846667,12.29,1.6,670.1978818598888,0.0
seismic,2021-12-18 07:11:45.750,36.2896667,-89.4781667,4.83,1.0,634.0890471625585,0.0
seismic,2021-12-19 17:45:52.850,38.5765,-89.086,12.54,2.43,881.3670017719603,0.0
seismic,2021-12-20 00:47:48.760,36.2901667,-89.5293333,9.05,1.0,635.1536339396273,0.0
seismic,2021-12-20 01:30:07.580,36.2906667,-89.5278333,8.98,1.73,635.1781148202157,0.0
seismic,2021-12-20 06:54:05.490,32.9491667,-80.1355,2.75,1.13,20.898359164650053,0.0
seismic,2021-12-20 10:35:03.010,36.249,-89.461,6.7,1.1,629.3107984157351,0.0
seismic,2021-12-21 21:29:08.860,36.4791667,-89.5383333,8.57,1.34,655.9711875299619,0.0
seismic,2021-12-22 06:20:48.490,32.7843333,-86.7655,0.01,3.1,243.69194500441523,117.68
seismic,2021-12-23 05:36:26.540,36.2715,-82.9356667,0.15,1.96,458.3384727145474,203.89
seismic,2021-12-23 08:32:58.000,37.6441667,-83.2306667,9.63,2.33,517.936986721723,81.879
seismic,2021-12-23 10:28:58.010,37.5326667,-82.3761667,11.56,2.47,447.3979730791876,125.018
seismic,2021-12-23 19:24:00.930,36.4751667,-89.497,4.72,2.38,654.7382225708865,0.271
seismic,2021-12-24 07:16:22.455,45.6375,-69.2042,1.48,1.9,123.88190267933837,334.224
seismic,2021-12-24 09:56:29.187,47.6149,-70.0079,13.77,1.7,8.822998030177205,530.197
seismic,2021-12-26 01:56:57.440,36.1353333,-89.3886667,7.78,1.54,615.495796329736,0.0
seismic,2021-12-26 18:17:05.413,47.2712,-70.3737,11.51,2.4,9.085568391425117,489.384
seismic,2021-12-27 19:18:54.190,34.1823333,-80.7196667,3.07,3.3,161.42404761067928,102.082
seismic,2021-12-27 22:38:21.700,34.175,-80.716,1.33,2.57,160.6866643635184,101.281
seismic,2021-12-27 23:22:50.180,34.155,-80.729,0.74,2.3,160.43708564998963,98.991
seismic,2021-12-28 03:03:16.220,34.1908333,-80.7005,2.67,1.74,160.50522253895414,103.133
seismic,2021-12-28 09:15:01.630,35.9595,-89.9186667,11.27,1.94,608.4581658131824,0.0
seismic,2021-12-28 23:18:30.170,36.5416667,-89.604,9.64,1.48,664.0956139755165,0.0
seismic,2021-12-29 09:12:05.170,34.1696667,-80.7236667,1.57,2.29,160.93535586677524,100.65
seismic,2021-12-30 02:10:50.610,36.4963333,-89.5041667,5.7,1.71,657.190507704292,0.0
seismic,2021-12-30 12:11:31.310,34.1685,-80.7225,2.51,2.51,160.77410369723813,100.525
seismic,2021-12-30 19:11:56.610,34.148,-80.7315,3.78,2.41,160.2017434584316,98.199
seismic,2021-12-31 08:59:04.080,36.7841667,-89.4635,13.19,1.76,687.9968240193698,0.0
