3.30  -73.5000  41.4000  0.0 1701 11 30 00 00        NCEER 
3.30  -71.1000  42.4000  0.0 1705 06 27 00 00        NCEER 
5.10  -70.6000  42.8000  0.0 1727 11 10 03 40        NCEER 
3.30  -70.6000  42.8000  0.0 1728 05 16 00 00        NCEER 
3.30  -70.6000  42.8000  0.0 1728 07 30 15 00        NCEER 
3.50  -70.6000  42.8000  0.0 1729 02 10 14 00        NCEER 
3.30  -70.6000  42.8000  0.0 1729 03 30 19 00        NCEER 
3.30  -73.5000  41.4000  0.0 1729 08 06 00 00        NCEER 
3.30  -70.6000  42.8000  0.0 1729 09 19 20 30        NCEER 
3.30  -70.6000  42.8000  0.0 1729 10 10 21 30        NCEER 
3.30  -70.6000  42.8000  0.0 1729 11 25 13 00        NCEER 
3.30  -70.6000  42.8000  0.0 1730 02 20 01 00        NCEER 
3.30  -70.6000  42.8000  0.0 1730 04 24 01 00        NCEER 
3.30  -70.6000  42.8000  0.0 1730 12 07 01 20        NCEER 
3.30  -70.6000  42.8000  0.0 1731 01 13 00 00        NCEER 
3.30  -70.6000  42.8000  0.0 1731 07 16 10 00        NCEER 
3.30  -70.6000  42.8000  0.0 1731 10 13 04 00        NCEER 
3.30  -70.6000  42.8000  0.0 1732 02 19 00 00        NCEER 
5.80  -73.6000  45.5000  0.0 1732 09 16 16 00        NCEER 
3.30  -70.6000  42.8000  0.0 1734 11 23 05 00        NCEER 
3.30  -70.6000  42.8000  0.0 1736 02 13 22 45        NCEER 
3.30  -70.6000  42.8000  0.0 1736 10 12 06 30        NCEER 
3.30  -70.6000  42.8000  0.0 1736 11 23 07 00        NCEER 
3.30  -71.0000  42.4000  0.0 1737 02 17 21 30        NCEER 
3.30  -70.6000  42.8000  0.0 1737 09 20 15 20        NCEER 
5.20  -74.0000  40.8000  0.0 1737 12 19 03 45        NCEER 
3.30  -70.6000  42.8000  0.0 1739 08 13 07 30        NCEER 
3.30  -70.6000  42.8000  0.0 1741 02 05 20 50        NCEER 
3.30  -71.2000  46.8000  0.0 1744 05 27 00 00        NCEER 
4.60  -70.9000  42.5000  0.0 1744 06 14 15 15        NCEER 
3.60  -76.3000  40.0000  0.0 1752 12 17 23 30       aSRA   
5.80  -70.3000  42.7000  0.0 1755 11 18 09 12        NCEER 
3.30  -71.1000  42.3000  0.0 1757 07 08 19 15        NCEER 
3.50  -76.5000  38.9000  0.0 1758 04 25 02 30        NCEER 
3.30  -71.0000  42.3500  0.0 1759 02 02 07 00        NCEER 
4.30  -71.0000  42.5000  0.0 1761 03 12 07 15        NCEER 
3.30  -71.5000  43.1000  0.0 1761 11 02 01 00        NCEER 
3.50  -66.0000  45.3000  0.0 1764 09 30 00 00        NCEER 
3.30  -70.3000  43.7000  0.0 1766 01 23 10 00        NCEER 
3.30  -70.7700  43.0700  0.0 1766 03 02 08 00        NCEER 
3.30  -70.8000  43.1000  0.0 1766 12 17 11 48        NCEER 
3.30  -70.3000  43.7000  0.0 1769 10 19 00 00        NCEER 
4.60  -77.4000  37.2000  0.0 1774 02 21 19 00        NCEER 
3.30  -78.8000  37.7000  0.0 1775 03 16 19 15        NCEER 
4.00  -82.0000  39.9000  0.0 1775 11 30 00 00        NCEER 
3.30  -83.0000  35.2000  0.0 1776 11 05 00 00        NCEER 
3.30  -84.0000  36.0000  0.0 1777 11 16 07 00        NCEER 
3.80  -87.2000  30.4000  0.0 1780 02 06 00 00        NCEER 
3.30  -70.9000  42.5000  0.0 1780 11 29 00 00        NCEER 
4.90  -74.5000  41.0000  0.0 1783 11 30 03 50        NCEER 
3.30  -71.2000  46.8000  0.0 1784 01 02 10 00        NCEER 
3.30  -78.8000  37.7000  0.0 1791 01 13 09 00        NCEER 
3.30  -77.5000  37.5000  0.0 1791 01 15 10 00        NCEER 
4.50  -72.4000  41.5000  0.0 1791 05 16 13 22        NCEER 
6.00  -70.5000  47.4000  0.0 1791 12 06 20 00        NCEER 
3.30  -72.5000  41.5000  0.0 1792 08 29 03 00        NCEER 
3.30  -72.5000  41.5000  0.0 1794 03 06 19 00        NCEER 
3.40  -89.9000  39.0000  0.0 1795 01 08 09 00        NCEER 
4.00  -79.0000  42.9000  0.0 1796 12 26 11 00        NCEER 
4.40  -80.0000  32.9000  0.0 1799 04 11 08 20        NCEER 
4.10  -76.3000  40.0000  0.0 1800 11 20 10 00       aSRA   
3.30  -72.3000  43.7000  0.0 1800 12 20 00 00        NCEER 
3.30  -71.1000  41.9000  0.0 1800 12 25 00 00        NCEER 
3.30  -70.8000  43.1000  0.0 1801 03 01 20 30        NCEER 
3.50  -79.1000  37.4000  0.0 1802 08 23 10 00        NCEER 
3.30  -70.9000  42.5000  0.0 1803 01 18 14 50        NCEER 
4.40  -87.8000  42.0000  0.0 1804 08 20 20 10       aUSHIS 
4.20  -89.0000  42.0000  0.0 1804 08 24 20 10        NCEER 
3.30  -70.9000  42.5000  0.0 1805 04 25 00 00        NCEER 
3.30  -69.0000  44.5000  0.0 1805 06 12 12 30        NCEER 
3.30  -72.5000  41.5000  0.0 1805 12 30 11 00        NCEER 
3.30  -71.1000  43.0000  0.0 1807 01 14 04 00        NCEER 
3.50  -79.1000  37.4000  0.0 1807 05 01 09 00        NCEER 
3.30  -70.5000  43.5000  0.0 1807 05 06 18 00        NCEER 
3.50  -69.0000  44.4000  0.0 1808 06 26 02 50        NCEER 
3.90  -70.9000  43.0000  0.0 1810 11 10 02 15        NCEER 
3.30  -80.2000  36.1000  0.0 1811 11 27 08 00        NCEER 
3.30  -77.4000  37.6000  0.0 1812 02 02 09 30        NCEER 
7.40  -89.6000  36.5000  0.0 1812 02 07 09 45        NCEER 
3.30  -77.5000  37.5000  0.0 1812 04 22 04 00        NCEER 
4.00  -70.3000  43.7000  0.0 1814 11 29 00 14        NCEER 
3.00  -89.5000  36.6000  0.0 1816 07 25 15 00        NCEER 
5.20  -73.6000  45.5000  0.0 1816 09 09 00 00        NCEER 
5.00  -80.0000  32.9000  0.0 1817 01 08 09 00       aUSHIS 
4.70  -67.2000  45.0000  0.0 1817 05 22 20 00        NCEER 
4.20  -71.2000  42.5000  0.0 1817 10 05 16 45        NCEER 
3.10  -84.5000  38.5000  0.0 1817 12 11 00 00        NCEER 
3.00  -90.2000  38.6000  0.0 1818 04 11 20 00        NCEER 
3.30  -71.2000  46.9000  0.0 1818 10 11 00 00        NCEER 
3.30  -76.5000  44.0000  0.0 1818 12 07 00 00        NCEER 
4.20  -89.7000  37.7000  0.0 1819 09 02 08 30       aSRA   
3.10  -89.8000  38.1000  0.0 1819 09 17 04 00        NCEER 
3.00  -89.5000  36.6000  0.0 1819 11 30 00 00        NCEER 
3.30  -79.3000  33.4000  0.0 1820 09 03 08 30        NCEER 
3.40  -89.5000  37.3000  0.0 1820 11 09 22 00        NCEER 
3.80  -68.8000  44.8000  0.0 1821 05 05 12 30        NCEER 
3.30  -70.0000  43.9000  0.0 1823 03 07 15 00        NCEER 
3.50  -68.8000  44.8000  0.0 1823 06 10 17 00        NCEER 
3.80  -70.6000  42.9000  0.0 1823 07 23 11 55        NCEER 
3.50  -66.5000  46.5000  0.0 1824 07 09 00 00        NCEER 
4.10  -80.5000  39.7000  0.0 1824 07 15 16 20        NCEER 
3.30  -81.5600  30.0800  0.0 1826 02 26 14 00        NCEER 
3.30  -81.2000  36.1000  0.0 1827 05 11 00 00        NCEER 
4.80  -87.5000  38.0000  0.0 1827 07 05 11 30        NCEER 
4.80  -88.0000  38.0000  0.0 1827 08 07 04 30        NCEER 
4.00  -85.8000  38.3000  0.0 1827 08 07 07 00        NCEER 
3.30  -72.1000  41.4000  0.0 1827 08 23 00 00        NCEER 
4.80  -80.0000  37.0000  0.0 1828 03 09 00 00        NCEER 
3.30  -70.0000  43.9000  0.0 1828 07 25 11 00        NCEER 
3.30  -69.8000  44.2000  0.0 1829 08 27 21 45        NCEER 
5.20  -70.5000  47.3000  0.0 1831 05 08 00 00        NCEER 
5.00  -70.1000  47.6000  0.0 1831 07 14 00 00        NCEER 
4.00  -85.6000  42.3000  0.0 1833 02 04 00 00        NCEER 
3.30  -70.1700  47.6500  0.0 1833 02 28 00 00        NCEER 
3.30  -70.2000  47.7000  0.0 1833 03 31 00 00        NCEER 
4.60  -78.0000  37.7000  0.0 1833 08 27 11 00        NCEER 
3.80  -76.1400  39.8500  0.0 1834 02 05 22 30        NCEER 
3.40  -86.0000  38.0000  0.0 1834 11 20 19 40        NCEER 
3.10  -81.7000  41.5000  0.0 1836 07 09 02 15        NCEER 
3.30  -70.9000  42.5000  0.0 1837 01 15 07 00        NCEER 
3.50  -72.7000  41.7000  0.0 1837 04 12 00 00        NCEER 
5.00  -88.0000  38.5000  0.0 1838 06 09 14 45        NCEER 
3.10  -83.8000  38.6000  0.0 1839 09 05 00 00        NCEER 
3.70  -75.0000  43.0000  0.0 1840 01 16 20 00        NCEER 
3.70  -72.9000  41.5000  0.0 1840 08 09 20 30        NCEER 
4.00  -79.8500  43.2000  0.0 1840 09 10 00 00        NCEER 
3.30  -74.2500  40.7900  0.0 1841 01 25 05 30        NCEER 
4.20  -89.2000  36.6000  0.0 1841 12 28 05 50        NCEER 
3.10  -89.2000  36.6000  0.0 1842 05 28 05 00        NCEER 
3.40  -89.2000  36.6000  0.0 1842 11 04 06 30        NCEER 
3.80  -73.2000  46.0000  0.0 1842 11 09 00 00        NCEER 
5.40  -89.6000  35.5000  0.0 1843 01 05 02 45        NCEER 
3.10  -90.3000  38.8000  0.0 1843 02 16 00 00        NCEER 
4.40  -90.5000  35.5000  0.0 1843 02 17 05 00        NCEER 
3.30  -72.5000  44.4000  0.0 1843 03 14 00 00        NCEER 
4.10  -87.1000  35.6000  0.0 1843 08 09 00 00        NCEER 
3.30  -71.2000  41.1000  0.0 1843 10 24 00 00        NCEER 
3.50  -78.3300  43.0500  0.0 1844 10 22 07 00        NCEER 
3.30  -73.6000  45.5000  0.0 1844 10 31 00 00        NCEER 
3.60  -83.2700  35.7900  0.0 1844 11 28 08 00        NCEER 
4.20  -84.0000  36.0000  0.0 1844 11 28 13 00       aUSHIS 
3.80  -73.6700  41.2200  0.0 1845 10 26 23 15        NCEER 
3.30  -70.3000  42.7000  0.0 1846 05 30 18 30        NCEER 
4.10  -70.8000  42.5000  0.0 1846 08 25 09 45        NCEER 
3.30  -69.1000  44.2000  0.0 1847 02 02 00 00        NCEER 
4.20  -70.1000  41.7000  0.0 1847 08 08 15 00        NCEER 
3.70  -82.5300  39.6500  0.0 1848 04 06 00 00        NCEER 
4.40  -73.8500  41.1100  0.0 1848 09 09 00 00        NCEER 
3.40  -89.2000  36.6000  0.0 1849 01 24 00 00        NCEER 
4.30  -88.0000  37.0000  0.0 1850 04 05 02 05        NCEER 
3.10  -81.7000  41.5000  0.0 1850 10 01 10 25        NCEER 
3.30  -78.4000  37.3000  0.0 1850 10 17 00 00        NCEER 
3.30  -69.6000  44.6000  0.0 1851 01 04 04 30        NCEER 
3.30  -71.4000  41.2000  0.0 1852 01 10 11 40        NCEER 
4.90  -81.6000  36.6000  0.0 1852 04 29 18 00        NCEER 
3.30  -82.0000  33.4800  0.0 1852 08 25 02 40        NCEER 
4.40  -78.6000  37.6000  0.0 1852 11 02 23 35        NCEER 
3.70  -70.9000  43.0000  0.0 1852 11 28 04 45        NCEER 
4.50  -75.5000  43.7000  0.0 1853 03 12 07 00        NCEER 
3.30  -79.4000  43.1000  0.0 1853 03 13 10 00        NCEER 
4.40  -79.5000  38.5000  0.0 1853 05 02 14 20        NCEER 
4.00  -81.9600  33.4900  0.0 1853 05 20 05 10        NCEER 
3.30  -70.2000  43.5000  0.0 1853 07 17 10 30        NCEER 
3.30  -71.9000  43.0000  0.0 1853 11 28 00 00        NCEER 
4.10  -89.2000  36.6000  0.0 1853 12 12 00 00        NCEER 
3.00  -83.8000  37.2000  0.0 1854 02 12 00 00        NCEER 
3.60  -84.0000  37.6000  0.0 1854 02 28 00 00        NCEER 
4.00  -84.5000  37.6000  0.0 1854 02 28 09 00       aSRA   
3.10  -85.2000  38.2000  0.0 1854 03 08 00 00        NCEER 
3.30  -83.6200  32.8200  0.0 1854 03 20 06 15        NCEER 
3.30  -72.3000  42.9000  0.0 1854 10 24 00 00        NCEER 
3.40  -70.8000  43.0000  0.0 1854 12 11 05 30        NCEER 
4.00  -71.0000  44.0000  0.0 1855 01 16 23 00        NCEER 
3.90  -78.6000  37.0000  0.0 1855 02 02 08 00        NCEER 
3.30  -69.6000  44.6000  0.0 1855 02 19 00 00        NCEER 
3.10  -89.2000  37.0000  0.0 1855 05 03 03 33        NCEER 
3.30  -71.6000  44.7000  0.0 1855 05 29 10 00        NCEER 
3.30  -65.5000  44.7000  0.0 1855 05 31 00 00        NCEER 
3.30  -73.7000  43.3000  0.0 1855 12 17 19 00        NCEER 
3.30  -78.2000  39.2000  0.0 1856 01 16 08 00        NCEER 
3.30  -72.6000  41.4000  0.0 1856 03 13 03 00        NCEER 
4.40  -89.5000  36.6000  0.0 1856 11 09  0  0       aSRA   
3.10  -74.7500  40.0800  0.0 1857 02 10 23 30        NCEER 
3.90  -81.0500  42.2200  0.0 1857 02 27 20 30        NCEER 
3.30  -80.6000  41.8000  0.0 1857 03 01 01 40        NCEER 
3.40  -83.1800  33.0000  0.0 1857 03 01 22 45        NCEER 
5.10  -89.2000  38.7000  0.0 1857 10 08 10 00        NCEER 
4.00  -78.9700  42.7400  0.0 1857 10 23 20 15        NCEER 
3.30  -68.0000  46.7000  0.0 1857 12 08 20 00        NCEER 
4.10  -80.7300  32.7800  0.0 1857 12 19 08 50        NCEER 
3.90  -70.2000  44.1000  0.0 1857 12 23 18 30        NCEER 
3.30  -78.5000  42.9000  0.0 1858 01 01 07 00        NCEER 
3.10  -81.3000  41.7000  0.0 1858 04 10 11 30        NCEER 
3.30  -72.1000  45.5000  0.0 1858 05 17 20 00        NCEER 
3.30  -73.0000  41.3000  0.0 1858 07 01 03 45        NCEER 
4.00  -89.2000  36.5000  0.0 1858 09 21 00 00        NCEER 
3.10  -81.5000  37.1000  0.0 1859 03 22 00 00        NCEER 
4.50  -94.8000  46.0000  0.0 1859 11 30 00 00        NCEER 
4.30  -80.5700  33.6800  0.0 1860 01 19 18 00        NCEER 
3.30  -70.5000  42.2000  0.0 1860 03 17 02 30        NCEER 
4.00  -83.6400  35.0800  0.0 1860 04 24 20 00        NCEER 
4.30  -87.5000  37.5000  0.0 1860 08 07 15 30        NCEER 
6.00  -70.1000  47.5000  0.0 1860 10 17 11 15        NCEER 
3.20  -82.6400  34.1300  0.0 1860 10 22 05 00        NCEER 
4.30  -83.3600  35.0900  0.0 1861 01 03 16 30        NCEER 
5.00  -75.4000  45.4000  0.0 1861 07 12 00 00        NCEER 
5.20  -82.3000  36.1800  0.0 1861 08 31 05 00        NCEER 
5.00  -81.1000  36.1000  0.0 1861 08 31 10 22       aUSHIS 
3.50  -73.7000  45.6000  0.0 1861 09 30 00 00        NCEER 
3.30  -72.5000  41.5000  0.0 1862 02 03 01 00        NCEER 
3.30  -73.0000  44.5000  0.0 1863 06 09 21 30        NCEER 
3.80  -71.2000  46.9000  0.0 1864 04 20 18 15        NCEER 
3.30  -73.6000  45.5000  0.0 1864 10 21 09 10        NCEER 
4.60  -89.5000  36.5000  0.0 1865 08 17 15 00        NCEER 
3.30  -71.2000  46.8000  0.0 1866 11 09 16 10        NCEER 
5.20  -96.3000  39.2000  0.0 1867 04 24 20 22        NCEER 
3.10  -95.8000  40.7000  0.0 1867 04 28 00 00        NCEER 
4.70  -75.1500  44.6500  0.0 1867 12 18 08 00        NCEER 
3.30  -80.0000  32.9000  0.0 1868 11 30 00 00        NCEER 
3.40  -84.5000  38.1000  0.0 1869 02 20 00 00        NCEER 
5.10  -67.2000  45.0000  0.0 1869 10 22 11 00        NCEER 
4.00  -70.5000  47.5000  0.0 1869 11 30 00 00        NCEER 
3.30  -69.8000  44.1000  0.0 1870 02 08 00 00        NCEER 
3.30  -66.5000  45.5000  0.0 1870 03 17 11 00        NCEER 
6.50  -70.5000  47.4000  0.0 1870 10 20 16 30        NCEER 
3.00  -89.2000  36.6000  0.0 1870 12 14 00 00        NCEER 
3.50  -74.6000  45.6000  0.0 1871 01 03 00 00        NCEER 
3.30  -71.2000  46.8000  0.0 1871 05 20 07 00        NCEER 
3.30  -71.5000  43.2000  0.0 1871 07 20 00 00        NCEER 
3.40  -90.0000  38.5000  0.0 1871 07 25 06 40        NCEER 
3.80  -75.5000  39.7000  0.0 1871 10 09 14 40        NCEER 
3.40  -83.8000  43.5000  0.0 1872 02 06 14 00        NCEER 
3.00  -89.2000  37.0000  0.0 1872 02 08 11 00        NCEER 
3.70  -78.0000  37.7000  0.0 1872 06 05 03 00        NCEER 
3.00  -83.2200  33.0600  0.0 1872 06 17 14 30        NCEER 
3.10  -93.5000  39.8000  0.0 1872 07 09 02 30        NCEER 
3.00  -73.8000  40.9000  0.0 1872 07 11 10 25        NCEER 
3.60  -97.0000  42.7000  0.0 1872 10 09 16 00        NCEER 
3.40  -71.6000  43.2000  0.0 1872 11 18 19 00        NCEER 
3.00  -84.2000  39.7000  0.0 1873 04 23 04 14        NCEER 
3.50  -74.2000  44.8000  0.0 1873 04 25 19 00        NCEER 
3.10  -79.9000  43.3000  0.0 1873 04 30 00 00        NCEER 
3.30  -74.7000  45.0000  0.0 1873 04 30 00 00        NCEER 
3.00  -97.7000  30.2000  0.0 1873 05 01 04 30        NCEER 
3.70  -89.6000  36.0000  0.0 1873 05 03 21 00        NCEER 
4.00  -78.9400  42.6900  0.0 1873 07 06 00 00        NCEER 
3.30  -76.0000  46.5000  0.0 1873 09 30 11 50        NCEER 
3.30  -73.2000  45.5000  0.0 1873 09 30 11 50        NCEER 
3.60  -78.2000  37.2000  0.0 1873 10 03 12 45        NCEER 
3.20  -83.9000  33.0000  0.0 1873 10 04 00 00        NCEER 
3.30  -71.2000  43.6000  0.0 1874 01 06 00 00        NCEER 
3.30  -71.4000  42.6000  0.0 1874 01 25 17 00        NCEER 
3.30  -71.5000  43.0000  0.0 1874 01 26 07 00        NCEER 
3.30  -82.1000  35.7000  0.0 1874 02 22 00 00        NCEER 
3.70  -67.2800  45.1800  0.0 1874 02 28 03 40        NCEER 
3.30  -82.1000  35.7000  0.0 1874 03 17 00 00        NCEER 
3.30  -82.1000  35.7000  0.0 1874 04 14 00 00        NCEER 
3.00  -89.2000  37.0000  0.0 1874 07 09 22 00        NCEER 
3.30  -69.1000  48.6000  0.0 1874 07 31 09 00        NCEER 
3.00  -70.9000  42.7000  0.0 1874 11 24 00 00        NCEER 
3.40  -73.8000  40.9000  0.0 1874 12 11 03 25        NCEER 
3.40  -82.5100  35.2900  0.0 1875 04 10 00 00        NCEER 
4.70  -84.0000  40.2000  0.0 1875 06 18 12 43       aUSHIS 
3.40  -73.0000  41.9000  0.0 1875 07 28 09 10        NCEER 
4.10  -89.6000  36.1000  0.0 1875 10 07 00 00        NCEER 
3.10  -90.0000  35.1000  0.0 1875 10 28 03 00        NCEER 
4.80  -82.9000  33.4900  0.0 1875 11 01 22 30        NCEER 
4.30  -82.5000  33.8000  0.0 1875 11 02 02 55       aUSHIS 
3.80  -95.7000  39.0000  0.0 1875 11 08 10 40        NCEER 
3.60  -84.0000  36.0000  0.0 1875 11 12 07 00        NCEER 
3.30  -72.3000  42.9000  0.0 1875 12 01 09 00        NCEER 
4.80  -78.5000  37.6000  0.0 1875 12 23 04 45        NCEER 
3.40  -84.2000  40.4000  0.0 1876 05 31 00 00        NCEER 
3.10  -99.6000  44.1000  0.0 1876 08 17 05 25        NCEER 
3.60  -71.3000  41.5000  0.0 1876 09 22 04 30        NCEER 
4.70  -87.0000  38.5000  0.0 1876 09 25 06 15        NCEER 
3.30  -80.0000  32.9000  0.0 1876 12 12 00 00        NCEER 
3.30  -77.5000  37.4000  0.0 1876 12 23 04 45        NCEER 
3.40  -83.5000  38.8000  0.0 1877 01 23 21 00        NCEER 
3.60  -84.0000  36.0000  0.0 1877 05 25 00 00        NCEER 
3.00  -87.9000  38.2000  0.0 1877 05 26 21 00        NCEER 
4.20  -89.7000  36.8000  0.0 1877 07 15 00 40        NCEER 
3.10  -83.3000  42.3000  0.0 1877 08 17 16 50        NCEER 
3.30  -74.9000  40.3000  0.0 1877 09 10 14 59        NCEER 
4.70  -73.9000  45.2000  0.0 1877 11 04 00 00        NCEER 
4.90  -74.0000  44.5000  0.0 1877 11 04 06 56       aUSHIS 
5.00  -97.0000  41.0000  0.0 1877 11 15 17 45        NCEER 
4.00  -84.0000  36.0000  0.0 1877 11 16 07 20       aSRA   
3.70  -84.0000  35.5000  0.0 1877 11 16 07 38        NCEER 
3.00  -89.2000  37.0000  0.0 1877 11 19 11 10        NCEER 
3.50  -76.8500  45.7000  0.0 1877 12 18 10 00        NCEER 
3.00  -89.2000  37.0000  0.0 1878 01 09 04 30        NCEER 
3.90  -89.1000  36.8000  0.0 1878 03 12 10 00        NCEER 
3.40  -74.0000  41.5000  0.0 1878 10 04 07 30        NCEER 
5.20  -90.7000  35.5000  0.0 1878 11 19 05 52        NCEER 
3.30  -99.1000  39.6000  0.0 1879 02 28 00 00        NCEER 
3.30  -75.5000  39.2000  0.0 1879 03 26 00 30        NCEER 
3.30  -73.6000  45.6000  0.0 1879 06 11 00 00        NCEER 
3.30  -79.2000  43.2000  0.0 1879 08 21 08 00        NCEER 
3.70  -90.3000  35.3000  0.0 1879 09 26 03 10        NCEER 
3.30  -71.5000  43.0000  0.0 1879 10 26 02 30        NCEER 
3.10  -81.0800  34.3700  0.0 1879 10 26 20 00        NCEER 
3.60  -97.3000  42.9000  0.0 1879 12 29 06 30        NCEER 
3.40  -71.0000  42.7000  0.0 1880 05 12 12 45        NCEER 
3.30  -75.3000  45.2000  0.0 1880 05 31 00 00        NCEER 
3.70  -90.3000  35.3000  0.0 1880 07 14 02 30        NCEER 
3.30  -71.5000  43.0000  0.0 1880 07 20 00 00        NCEER 
3.30  -73.8000  45.2000  0.0 1880 09 06 05 30        NCEER 
3.30  -70.5000  47.4500  0.0 1880 11 28 13 30        NCEER 
3.00  -97.2000  49.0000  0.0 1880 12 28 07 15        NCEER 
3.30  -70.0000  44.0000  0.0 1881 01 21 02 40        NCEER 
3.10  -85.8000  41.6000  0.0 1881 04 20 00 00        NCEER 
4.00  -89.1000  41.3000  0.0 1881 05 27 00 00        NCEER 
3.30  -70.2000  47.6000  0.0 1881 10 01 06 40        NCEER 
3.30  -71.6000  43.2000  0.0 1881 10 06 05 03        NCEER 
3.10  -90.0000  35.1000  0.0 1881 10 07 16 52        NCEER 
3.10  -84.2000  40.4000  0.0 1882 02 09 20 00        NCEER 
3.30  -71.7000  43.2000  0.0 1882 04 17 00 00        NCEER 
3.40  -89.2000  36.9000  0.0 1882 07 20 10 00        NCEER 
3.90  -90.6000  37.6000  0.0 1882 07 28 00 00        NCEER 
3.30  -67.4000  49.3000  0.0 1882 08 15 15 30        NCEER 
4.40  -89.5000  38.7000  0.0 1882 09 27 10 20        NCEER 
4.80  -95.6000  33.6000  0.0 1882 10 22 22 15        NCEER 
6.20 -105.5000  40.5000  0.0 1882 11 08 01 30        NCEER 
3.10  -79.2500  43.0000  0.0 1882 11 27 23 30        NCEER 
3.60  -71.4000  43.2000  0.0 1882 12 19 22 24        NCEER 
3.50  -67.0000  45.0000  0.0 1883 01 01 02 55        NCEER 
3.30  -67.7000  44.6000  0.0 1883 01 01 07 58        NCEER 
4.70  -88.5000  37.0000  0.0 1883 01 11 07 12        NCEER 
4.70  -85.6000  42.3000  0.0 1883 02 04 11 00        NCEER 
3.30  -71.2000  43.6000  0.0 1883 02 04 20 05        NCEER 
3.60  -71.3000  41.5000  0.0 1883 02 28 03 30        NCEER 
3.10  -76.4000  39.5000  0.0 1883 03 11 23 57        NCEER 
3.30  -74.5000  45.1000  0.0 1883 03 12 00 00        NCEER 
4.50  -89.2000  37.0000  0.0 1883 04 12 08 30        NCEER 
3.10  -82.6000  38.4000  0.0 1883 05 23 04 30        NCEER 
4.00  -90.0000  35.1000  0.0 1883 06 11 18 16        NCEER 
3.70  -89.1000  37.0000  0.0 1883 07 14 07 30        NCEER 
3.10  -90.2000  38.7000  0.0 1883 11 15 03 14        NCEER 
4.00  -91.2000  35.7000  0.0 1883 12 05 15 20        NCEER 
3.30  -71.7000  43.2000  0.0 1884 01 18 07 00        NCEER 
3.70  -77.5900  34.5900  0.0 1884 01 18 08 00        NCEER 
3.10 -100.7000  41.1000  0.0 1884 03 17 20 00        NCEER 
3.60  -83.0500  32.8000  0.0 1884 03 21 04 30        NCEER 
5.20  -74.0000  40.6000  0.0 1884 08 10 19 07        NCEER 
3.30  -83.8300  36.0700  0.0 1884 08 24 19 45        NCEER 
4.80  -84.1000  40.7000  0.0 1884 09 19 19 14       aUSHIS 
3.70  -71.7000  43.2000  0.0 1884 11 23 05 30        NCEER 
3.50  -89.7000  35.5000  0.0 1884 11 30 05 00        NCEER 
3.30  -71.5000  43.7000  0.0 1884 12 17 07 00        NCEER 
3.90  -77.5000  39.2000  0.0 1885 01 03 02 12        NCEER 
3.40  -73.9000  41.3000  0.0 1885 01 04 11 06        NCEER 
3.50  -81.6000  41.1600  0.0 1885 01 18 10 30        NCEER 
3.30  -81.1000  36.9000  0.0 1885 02 02 12 10        NCEER 
3.30  -66.1000  45.1000  0.0 1885 05 31 15 00        NCEER 
3.40  -81.8300  36.1200  0.0 1885 08 06 09 00        NCEER 
4.40  -78.8000  37.7000  0.0 1885 10 10 04 35        NCEER 
3.60  -82.7100  33.1700  0.0 1885 10 17 18 20        NCEER 
3.30  -71.5000  42.9000  0.0 1886 01 06 00 10        NCEER 
3.30  -73.8000  41.6000  0.0 1886 01 25 00 04        NCEER 
3.50  -88.0000  32.8000  0.0 1886 02 05 01 00        NCEER 
3.30  -81.5200  35.9300  0.0 1886 02 05 02 00        NCEER 
3.00  -85.5000  39.0000  0.0 1886 03 01 16 00        NCEER 
4.20  -89.2000  37.0000  0.0 1886 03 18 05 59        NCEER 
3.80  -82.2400  39.3600  0.0 1886 05 03 03 00        NCEER 
3.30  -67.4000  49.3000  0.0 1886 05 18 19 30        NCEER 
3.30  -74.0000  46.0000  0.0 1886 08 12 00 00        NCEER 
3.00  -86.1000  39.7000  0.0 1886 08 14 00 00        NCEER 
3.30  -81.7000  30.4000  0.0 1886 09 01 00 00        NCEER 
6.80  -80.0000  32.9000  0.0 1886 09 01 02 51        NCEER 
4.40  -81.9400  33.9300  0.0 1886 09 01 08 55        NCEER 
4.20  -82.8600  34.3000  0.0 1886 09 01 09 45        NCEER 
4.30  -81.5600  33.4100  0.0 1886 09 01 23 50        NCEER 
3.60  -81.2300  34.7200  0.0 1886 09 02 23 00        NCEER 
3.30  -72.5000  41.5000  0.0 1886 09 05 00 00        NCEER 
4.10  -80.9700  33.0500  0.0 1886 09 07 11 42        NCEER 
4.30  -80.6800  32.7000  0.0 1886 09 07 17 00        NCEER 
3.70  -80.9600  32.2300  0.0 1886 09 19 00 00        NCEER 
3.20  -80.0500  36.7000  0.0 1886 09 25 02 00        NCEER 
3.40  -81.6200  34.7000  0.0 1886 09 27 22 00        NCEER 
4.10  -81.6600  34.7100  0.0 1886 10 22 00 00        NCEER 
5.20  -81.0100  33.8700  0.0 1886 10 22 14 45        NCEER 
3.90  -80.3900  33.9000  0.0 1886 10 31 14 20        NCEER 
5.30  -80.4200  33.4000  0.0 1886 11 05 12 25        NCEER 
3.80  -81.0600  33.0400  0.0 1886 12 02 02 20        NCEER 
3.60  -82.0600  34.1800  0.0 1886 12 11 16 00        NCEER 
3.60  -97.0600  30.1500  0.0 1887 01 05 17 57       aSRA   
3.10  -82.4200  34.3500  0.0 1887 01 12 06 00        NCEER 
4.50  -88.5000  39.0000  0.0 1887 02 06 22 15        NCEER 
3.10  -80.0000  45.3500  0.0 1887 02 19 00 00        NCEER 
3.30  -67.4000  49.3000  0.0 1887 02 22 22 59        NCEER 
3.30  -70.5000  47.5000  0.0 1887 03 11 00 00        NCEER 
3.70  -80.3700  33.9000  0.0 1887 05 22 20 45        NCEER 
4.00  -70.5000  47.4500  0.0 1887 05 27 06 15        NCEER 
3.60  -81.0000  34.0000  0.0 1887 06 03 08 45        NCEER 
3.30  -71.5000  43.2000  0.0 1887 06 30 22 00        NCEER 
3.70  -80.7700  33.7400  0.0 1887 07 10 13 05        NCEER 
3.80  -78.8300  34.4100  0.0 1887 08 02 01 00        NCEER 
4.60  -88.5000  37.2000  0.0 1887 08 02 18 36        NCEER 
3.90  -79.9500  33.8300  0.0 1887 08 10 07 01        NCEER 
4.20  -80.6200  32.4900  0.0 1887 08 26 23 45        NCEER 
4.00  -81.2200  33.5200  0.0 1887 08 27 04 56        NCEER 
3.90  -80.8600  33.6600  0.0 1887 08 28 22 57        NCEER 
3.30  -77.1000  45.8000  0.0 1888 01 11 09 00        NCEER 
4.40  -80.1700  34.1800  0.0 1888 01 12 09 55        NCEER 
3.30  -70.1000  44.6500  0.0 1888 02 01 00 00        NCEER 
3.00  -82.5000  36.4000  0.0 1888 03 17 00 00        NCEER 
3.30  -70.5000  47.4500  0.0 1888 04 19 05 30        NCEER 
3.30  -70.0000  44.3000  0.0 1888 08 15 01 15        NCEER 
3.10  -81.0800  34.3700  0.0 1888 08 15 18 30        NCEER 
3.50  -83.3500  33.4200  0.0 1888 09 17 21 30        NCEER 
3.10  -90.4000  35.4000  0.0 1888 11 03 00 00        NCEER 
3.30  -68.7000  48.5000  0.0 1888 12 07 14 25        NCEER 
3.90  -79.2000  33.1600  0.0 1889 02 05 19 40        NCEER 
3.30  -71.6000  43.5000  0.0 1889 03 08 00 00        NCEER 
4.10  -76.0000  40.0000  0.0 1889 03 08 23 40        NCEER 
3.70  -88.1000  35.9000  0.0 1889 06 06 16 25        NCEER 
4.40  -80.3300  32.4000  0.0 1889 07 11 21 47        NCEER 
4.00  -90.0000  35.2000  0.0 1889 07 20 01 32        NCEER 
3.30  -73.7000  43.4000  0.0 1889 08 10 00 00        NCEER 
3.50  -84.8700  35.0300  0.0 1889 09 29 00 00        NCEER 
3.10  -82.6000  34.7200  0.0 1889 10 24 10 00        NCEER 
3.80  -95.2000  31.7000  0.0 1891 01 08 06 00        NCEER 
3.00  -90.0000  35.1000  0.0 1891 01 14 00 00        NCEER 
3.70  -71.6000  43.2000  0.0 1891 05 02 00 10        NCEER 
4.20  -87.5000  37.9000  0.0 1891 07 27 02 28        NCEER 
5.50  -88.5000  38.3000  0.0 1891 09 27 04 55        NCEER 
3.30  -80.0000  32.9000  0.0 1891 10 13 05 55        NCEER 
3.30  -71.7000  44.3000  0.0 1892 12 11 16 30        NCEER 
3.30  -74.0000  40.6000  0.0 1893 03 09 05 30        NCEER 
3.30  -72.7000  42.3000  0.0 1893 03 14 00 00        NCEER 
3.30  -81.7000  30.4000  0.0 1893 06 21 07 07        NCEER 
3.30  -80.0000  32.9000  0.0 1893 07 05 08 10        NCEER 
3.30  -80.0000  32.9000  0.0 1893 09 19 07 05        NCEER 
3.30  -80.0000  32.9000  0.0 1893 11 08 04 40        NCEER 
5.20  -73.3000  45.5000  0.0 1893 11 27 16 50        NCEER 
3.30  -80.0000  32.9000  0.0 1893 12 27 06 51        NCEER 
3.30  -66.8000  49.7000  0.0 1894 01 11 09 00        NCEER 
3.30  -80.0000  32.9000  0.0 1894 01 30 04 05        NCEER 
3.30  -72.5000  41.6000  0.0 1894 04 10 00 00        NCEER 
3.30  -80.0000  32.9000  0.0 1894 06 16 02 16        NCEER 
4.30 -106.3000  42.9000  0.0 1894 06 25 00 00        NCEER 
3.30  -80.0000  32.9000  0.0 1894 12 11 05 27        NCEER 
3.30  -73.8000  42.5000  0.0 1894 12 17 00 00        NCEER 
3.30  -80.0000  32.9000  0.0 1895 01 08 05 40        NCEER 
3.30  -80.0000  32.9000  0.0 1895 04 27 07 40        NCEER 
3.30  -80.0000  32.9000  0.0 1895 07 25 04 01        NCEER 
3.00  -88.2000  35.2000  0.0 1895 07 27 00 00        NCEER 
4.30  -74.3000  40.4600  0.0 1895 09 01 11 09        NCEER 
3.30  -80.0000  32.9000  0.0 1895 10 06 06 25        NCEER 
3.50  -77.5000  35.9000  0.0 1895 10 07 04 30        NCEER 
3.50 -103.3000  43.9000  0.0 1895 10 11 23 55        NCEER 
5.40  -89.4000  37.0000  0.0 1895 10 31 11 08        NCEER 
3.30  -80.0000  32.9000  0.0 1895 11 12 23 33        NCEER 
3.30  -78.6000  36.3000  0.0 1896 02 11 01 45        NCEER 
3.10  -84.2000  40.3000  0.0 1896 03 15 07 00        NCEER 
3.30  -80.0000  32.9000  0.0 1896 03 19 08 22        NCEER 
3.80  -67.2000  45.2000  0.0 1896 03 23 00 56        NCEER 
3.30  -66.6000  45.9000  0.0 1896 05 16 04 00        NCEER 
3.30  -80.0000  32.9000  0.0 1896 08 11 05 58        NCEER 
3.30  -71.8000  44.3000  0.0 1896 10 22 10 30        NCEER 
3.30  -80.0000  32.9000  0.0 1896 11 14 08 15        NCEER 
3.30  -66.8000  44.5000  0.0 1897 01 28 00 00        NCEER 
3.10  -79.2000  43.1000  0.0 1897 03 07 00 00        NCEER 
5.00  -73.6000  45.5000  0.0 1897 03 23 23 07        NCEER 
3.70  -89.6000  35.8000  0.0 1897 04 26 04 00        NCEER 
3.30  -89.0000  37.0000  0.0 1897 05 01 04 00        NCEER 
4.50  -73.5000  44.5000  0.0 1897 05 28 03 16        NCEER 
5.00  -80.7000  37.3000  0.0 1897 05 31 18 58        NCEER 
3.30  -71.6000  43.7000  0.0 1897 07 01 09 20        NCEER 
3.30  -72.5000  41.5000  0.0 1897 09 05 00 00        NCEER 
4.10  -68.7000  44.7000  0.0 1897 09 25 18 05        NCEER 
4.10  -81.1000  36.9000  0.0 1897 10 22 03 20        NCEER 
4.50 -106.3000  42.9000  0.0 1897 11 14 00 00        NCEER 
3.30  -77.5000  37.7000  0.0 1897 11 27 20 56        NCEER 
4.00  -97.7000  37.7000  0.0 1897 12 02 07 10        NCEER 
4.60  -77.5000  37.7000  0.0 1897 12 18 23 45        NCEER 
3.30  -74.3000  45.1000  0.0 1898 01 07 06 00        NCEER 
3.30  -66.8000  44.7000  0.0 1898 01 11 09 00        NCEER 
3.10  -90.6000  34.6000  0.0 1898 01 27 01 35        NCEER 
4.30  -81.0000  37.0000  0.0 1898 02 05 20 00        NCEER 
3.30  -72.6000  42.8000  0.0 1898 06 11 06 45        NCEER 
4.50  -88.5000  36.5000  0.0 1898 06 14 15 26       aUSHIS 
3.10  -97.3000  42.6000  0.0 1898 09 16 09 59        NCEER 
4.30  -81.0000  37.0000  0.0 1898 11 25 20 00        NCEER 
4.40  -81.0000  37.0000  0.0 1899 02 13 09 30        NCEER 
3.30  -76.3000  36.9000  0.0 1899 03 03 00 00        NCEER 
3.30  -80.0000  32.9000  0.0 1899 03 10 05 45        NCEER 
4.60  -87.4000  38.5000  0.0 1899 04 30 02 05        NCEER 
3.60  -72.6000  41.6000  0.0 1899 05 17 01 15        NCEER 
3.30  -69.5000  44.0000  0.0 1899 10 05 11 30        NCEER 
3.60  -86.5000  42.1000  0.0 1899 10 11 02 00       aSRA   
3.10  -83.0000  39.3000  0.0 1899 11 12 14 00        NCEER 
3.10  -94.4000  36.8000  0.0 1899 12 01 18 50        NCEER 
3.30  -80.0000  32.9000  0.0 1899 12 04 12 48        NCEER 
3.50  -99.0000  44.5000  0.0 1899 12 06 12 00        NCEER 
3.00  -89.5000  45.5000  0.0 1900 03 14 03 00        NCEER 
4.00  -81.8000  41.4000  0.0 1900 04 09 13 00        NCEER 
3.50  -81.7000  30.4000  0.0 1900 10 31 16 15        NCEER 
3.10  -96.8000  36.0000  0.0 1900 11 30 00 00        NCEER 
3.50  -94.0000  37.8000  0.0 1901 01 04 03 12        NCEER 
3.80  -90.0000  36.0000  0.0 1901 02 15 00 15        NCEER 
4.20  -83.0000  38.7500  0.0 1901 05 17 06 00       aUSHIS 
4.30  -82.6600  38.9500  0.0 1901 05 17 07 00        NCEER 
3.30  -80.0000  32.9000  0.0 1901 12 02 00 26        NCEER 
4.30  -89.0000  42.3000  0.0 1902 01 24 10 18        NCEER 
4.50  -90.3000  38.6000  0.0 1902 01 24 10 48       aUSHIS 
3.00  -85.2000  39.9000  0.0 1902 03 10 06 00        NCEER 
3.40  -80.6000  37.3000  0.0 1902 05 18 04 00        NCEER 
4.20  -85.3000  35.1000  0.0 1902 05 29 07 30        NCEER 
3.30  -81.4000  40.3000  0.0 1902 06 14 07 00        NCEER 
4.20  -97.5000  42.5000  0.0 1902 07 28 18 00        NCEER 
3.60  -97.6000  30.1000  0.0 1902 10 09 19 00       aSRA   
3.20  -85.3000  35.0000  0.0 1902 10 18 22 00        NCEER 
4.10  -80.0000  32.9000  0.0 1903 01 24 01 00        NCEER 
4.10  -81.1000  32.0990  0.0 1903 01 24 01 15       aUSHIS 
4.80  -89.3000  37.8000  0.0 1903 02 09 00 21        NCEER 
3.00  -89.5000  39.1000  0.0 1903 03 17 11 50        NCEER 
3.00  -71.0000  42.7000  0.0 1903 04 24 12 30        NCEER 
3.10  -86.3000  39.4000  0.0 1903 09 20 00 00        NCEER 
3.10  -88.1000  38.7000  0.0 1903 09 21 00 00        NCEER 
3.70  -90.2000  38.3000  0.0 1903 10 05 02 56        NCEER 
3.00  -89.3000  37.8000  0.0 1903 11 03 18 00        NCEER 
4.90  -89.8000  36.5000  0.0 1903 11 04 19 14        NCEER 
3.90  -89.5000  37.0000  0.0 1903 11 27 07 00        NCEER 
3.50  -75.5000  44.7000  0.0 1903 12 25 12 30        NCEER 
3.40  -83.5000  35.7000  0.0 1904 03 05 00 30        NCEER 
5.00  -67.2000  45.0000  0.0 1904 03 21 06 04        NCEER 
3.80 -100.2000  37.5000  0.0 1904 10 28 04 06       aSRA   
3.40  -91.1000  30.5000  0.0 1905 02 03 00 00        NCEER 
3.40  -87.7000  45.1000  0.0 1905 03 13 16 30        NCEER 
3.60  -91.6000  40.4000  0.0 1905 04 13 16 30        NCEER 
4.40  -70.0000  44.2000  0.0 1905 07 15 10 10        NCEER 
4.50  -88.4000  47.3000  0.0 1905 07 27 00 20        NCEER 
5.20  -89.3000  37.2000  0.0 1905 08 22 05 08        NCEER 
3.40  -70.7000  43.1000  0.0 1905 08 30 22 40        NCEER 
3.30  -72.2000  44.9000  0.0 1905 10 22 00 00        NCEER 
3.30  -71.3000  41.5000  0.0 1905 11 26 00 30        NCEER 
4.90  -96.5000  39.2000  0.0 1906 01 08 00 15        NCEER 
3.10  -91.4000  39.7000  0.0 1906 03 06 00 00        NCEER 
3.40  -83.6000  40.7000  0.0 1906 04 23 07 12        NCEER 
3.60  -85.8000  39.5000  0.0 1906 05 08 06 58        NCEER 
3.30  -72.5000  41.5000  0.0 1906 05 08 13 30        NCEER 
3.00  -75.7000  38.7000  0.0 1906 05 08 17 41        NCEER 
3.10  -85.9000  39.2000  0.0 1906 05 09 06 38        NCEER 
4.20 -101.3000  43.0000  0.0 1906 05 10 00 27        NCEER 
3.30  -87.2000  38.5000  0.0 1906 05 11 06 15        NCEER 
3.40  -88.4000  38.7000  0.0 1906 05 21 19 00        NCEER 
3.30  -88.4000  47.3000  0.0 1906 05 26 14 42        NCEER 
3.20  -81.6000  40.4000  0.0 1906 06 27 21 10        NCEER 
3.70  -88.4000  47.3000  0.0 1906 08 08 00 00        NCEER 
3.10  -86.8000  39.7000  0.0 1906 08 13 13 19        NCEER 
3.80  -87.7000  38.2000  0.0 1906 09 07 16 33        NCEER 
4.00  -70.5000  43.5000  0.0 1906 10 20 16 00        NCEER 
3.30  -75.4100  45.6100  0.0 1906 11 17 14 00        NCEER 
3.30  -77.1000  41.2000  0.0 1907 01 10 09 45        NCEER 
3.10  -97.0000  37.1000  0.0 1907 01 11 07 45        NCEER 
3.40  -86.6000  39.5000  0.0 1907 01 30 05 30        NCEER 
3.60  -89.5000  38.9000  0.0 1907 01 31 05 30       aSRA   
4.00  -78.3000  37.7000  0.0 1907 02 11 13 22        NCEER 
3.90  -80.0000  32.9000  0.0 1907 04 19 08 30        NCEER 
3.30  -70.5000  43.5000  0.0 1907 06 29 00 00        NCEER 
3.40  -90.4000  37.8000  0.0 1907 07 04 09 20       aSRA   
3.30  -70.1600  47.6500  0.0 1907 08 05 12 43        NCEER 
3.50  -71.0000  42.8000  0.0 1907 10 16 00 10        NCEER 
3.30  -76.6800  45.4700  0.0 1907 11 14 05 00        NCEER 
3.10  -89.8000  42.3000  0.0 1907 11 28 16 30        NCEER 
3.10  -90.2000  38.6000  0.0 1907 12 11 04 32        NCEER 
3.30  -70.5000  47.4500  0.0 1908 03 10 00 00        NCEER 
3.10  -75.5000  40.6000  0.0 1908 05 31 17 42        NCEER 
3.50  -74.8000  45.1000  0.0 1908 06 16 20 41        NCEER 
3.30  -76.3500  45.4300  0.0 1908 07 17 07 10        NCEER 
3.50  -67.6000  46.3000  0.0 1908 08 08 12 00        NCEER 
3.50  -77.9000  37.5000  0.0 1908 08 23 09 30        NCEER 
3.50  -89.6000  36.6000  0.0 1908 09 28 19 34        NCEER 
3.60  -89.2000  37.0000  0.0 1908 10 28 00 27        NCEER 
3.80  -93.2000  38.7000  0.0 1908 11 12 12 00       aSRA   
3.30  -71.7000  43.5000  0.0 1908 11 23 13 00        NCEER 
3.70  -88.0000  37.5000  0.0 1908 12 27 21 15        NCEER 
3.40  -88.6000  47.2000  0.0 1909 01 23 03 15        NCEER 
3.30  -97.8000  42.3000  0.0 1909 01 26 20 15        NCEER 
3.30  -73.5700  45.5100  0.0 1909 02 01 08 20        NCEER 
3.50  -78.0000  39.4000  0.0 1909 04 02 07 25        NCEER 
3.30  -74.3000  46.1000  0.0 1909 05 10 01 20        NCEER 
5.50 -104.0000  49.0000  0.0 1909 05 16 04 15        NCEER 
5.00  -88.1000  41.6000  0.0 1909 05 26 14 42        NCEER 
3.30  -74.2800  46.0500  0.0 1909 06 08 08 25        NCEER 
4.30  -90.7000  40.3000  0.0 1909 07 19 04 34        NCEER 
3.80  -90.1000  38.3000  0.0 1909 08 16 22 45        NCEER 
3.70  -86.5000  38.7000  0.0 1909 09 22 00 00        NCEER 
4.80  -87.4000  39.5000  0.0 1909 09 27 09 45        NCEER 
3.30  -85.0000  34.9000  0.0 1909 10 08 10 00        NCEER 
3.10  -90.6000  37.6000  0.0 1909 10 22 22 00        NCEER 
3.30  -89.7000  41.8000  0.0 1909 10 22 22 30        NCEER 
4.30  -89.5000  37.0000  0.0 1909 10 23 07 10        NCEER 
3.90  -87.8000  39.0000  0.0 1909 10 23 09 47        NCEER 
3.30  -75.6000  45.4000  0.0 1909 12 10 06 24        NCEER 
3.80  -70.0000  48.0000  0.0 1910 01 31 00 00        NCEER 
3.20  -78.7000  38.8000  0.0 1910 02 08 14 00        NCEER 
3.10  -79.8000  43.2000  0.0 1910 02 25 00 00        NCEER 
3.80  -97.4000  41.4000  0.0 1910 02 26 08 00        NCEER 
3.50  -78.4000  37.7000  0.0 1910 05 08 21 10        NCEER 
3.20  -96.0000  30.1000  0.0 1910 05 12 00 00        NCEER 
4.30 -109.3000  41.5000  0.0 1910 07 26 01 30       aDNAG  
3.30  -71.1000  42.7000  0.0 1910 08 21 18 45        NCEER 
3.30  -72.1000  43.4000  0.0 1910 08 30 14 30        NCEER 
3.30  -68.8000  44.3000  0.0 1910 10 20 21 50        NCEER 
4.00  -69.8000  47.6000  0.0 1910 10 25 09 30        NCEER 
3.30  -79.4000  36.6000  0.0 1911 02 10 10 22        NCEER 
3.10  -90.3000  38.7000  0.0 1911 02 28 09 00        NCEER 
3.30  -71.5000  43.2000  0.0 1911 03 02 21 30        NCEER 
4.60  -91.8000  34.0000  0.0 1911 03 31 16 57        NCEER 
3.50  -92.2000  33.8000  0.0 1911 03 31 18 10        NCEER 
3.30  -75.5000  38.3000  0.0 1911 04 08 01 00        NCEER 
3.50  -82.7000  35.1000  0.0 1911 04 20 22 00        NCEER 
4.20  -98.2000  44.2000  0.0 1911 06 02 22 34        NCEER 
3.30  -87.6000  41.8000  0.0 1911 07 29 00 00        NCEER 
4.70  -89.0000  42.3000  0.0 1912 01 02 16 21        NCEER 
3.40  -79.7000  43.2000  0.0 1912 05 27 12 52        NCEER 
4.90  -80.0000  32.9000  0.0 1912 06 12 10 30        NCEER 
3.50  -81.0000  32.0000  0.0 1912 06 20 00 00        NCEER 
3.30  -78.4000  37.7000  0.0 1912 08 08 01 00        NCEER 
3.00  -89.1000  42.3000  0.0 1912 09 25 00 00        NCEER 
3.30  -68.0000  49.5000  0.0 1912 10 23 00 00        NCEER 
3.30  -83.5000  32.7000  0.0 1912 10 23 01 15        NCEER 
3.30  -80.0000  32.9000  0.0 1912 11 17 12 30        NCEER 
3.30  -81.7000  34.7000  0.0 1912 12 07 19 10        NCEER 
5.00  -81.7000  34.7000  0.0 1913 01 01 18 28        NCEER 
3.30  -85.0000  34.5000  0.0 1913 03 13 05 00        NCEER 
4.00  -83.7000  36.2000  0.0 1913 03 28 21 50        NCEER 
3.70  -84.2000  35.3000  0.0 1913 04 17 16 30        NCEER 
4.40  -75.3300  44.8700  0.0 1913 04 29 00 28        NCEER 
3.30  -74.4000  45.6800  0.0 1913 06 08 06 30        NCEER 
3.70  -88.9000  35.8000  0.0 1913 06 09 15 30        NCEER 
3.80  -84.0000  36.0000  0.0 1913 08 03 16 45        NCEER 
3.40  -74.0000  44.0000  0.0 1913 08 10 05 15        NCEER 
3.70  -89.7000  41.8000  0.0 1913 10 17 02 15        NCEER 
3.30  -71.5000  41.5000  0.0 1913 11 03 14 30        NCEER 
3.10  -85.8000  38.2000  0.0 1913 11 11 14 00        NCEER 
3.30  -67.2000  45.1000  0.0 1914 01 13 08 00        NCEER 
3.50  -84.5000  35.6000  0.0 1914 01 24 03 24        NCEER 
5.50  -75.0000  46.0000  0.0 1914 02 10 18 31        NCEER 
3.50  -73.6000  46.4000  0.0 1914 02 14 09 34        NCEER 
3.80  -70.5000  45.0000  0.0 1914 02 22 19 15        NCEER 
4.60  -83.5000  33.5000  0.0 1914 03 05 20 05        NCEER 
3.30  -79.8000  34.2000  0.0 1914 03 07 01 20        NCEER 
3.30  -67.6100  49.3100  0.0 1914 04 12 00 00        NCEER 
3.30  -80.0000  32.9000  0.0 1914 07 14 01 53        NCEER 
4.30  -80.0000  32.9000  0.0 1914 09 22 07 04        NCEER 
3.10  -89.4000  43.1000  0.0 1914 10 07 21 00        NCEER 
3.50  -95.9000  30.5000  0.0 1914 12 30 01 00        NCEER 
3.60  -82.2000  36.6000  0.0 1915 01 14 09 20        NCEER 
3.10  -88.6000  37.7000  0.0 1915 02 05 06 55        NCEER 
3.10  -89.2000  37.1000  0.0 1915 02 19 04 35        NCEER 
3.50  -71.4000  42.7000  0.0 1915 02 21 01 20        NCEER 
3.30  -73.4000  44.7000  0.0 1915 02 21 23 41        NCEER 
3.00  -88.4000  47.3000  0.0 1915 03 03 07 45        NCEER 
3.70  -88.1000  38.7000  0.0 1915 04 15 13 20        NCEER 
3.10  -89.5000  36.5000  0.0 1915 04 28 23 40        NCEER 
3.10 -103.6000  48.1000  0.0 1915 08 08 15 15        NCEER 
3.00  -99.3000  42.8000  0.0 1915 09 16 19 00        NCEER 
3.30  -88.4000  47.3000  0.0 1915 10 04 14 02        NCEER 
3.70  -95.3000  35.7000  0.0 1915 10 08 16 50        NCEER 
3.80 -101.5000  43.8000  0.0 1915 10 23 06 05        NCEER 
3.40  -88.6000  36.7000  0.0 1915 10 26 07 40        NCEER 
4.40  -90.0000  36.0000  0.0 1915 12 07 18 40        NCEER 
4.00  -73.7000  43.7000  0.0 1916 01 05 13 56        NCEER 
3.70  -87.0000  39.1000  0.0 1916 01 07 19 45        NCEER 
4.10  -74.0000  43.0000  0.0 1916 02 03 04 24       aUSHIS 
5.20  -83.5500  35.6200  0.0 1916 02 21 22 39        NCEER 
3.30  -70.9000  46.8000  0.0 1916 02 29 05 15        NCEER 
3.30  -82.7000  34.5000  0.0 1916 03 02 05 02        NCEER 
4.00  -77.0000  47.0000  0.0 1916 04 24 16 07        NCEER 
3.60  -89.5000  36.6000  0.0 1916 05 21 18 24        NCEER 
3.30  -73.8000  41.0000  0.0 1916 06 08 21 15        NCEER 
3.50  -89.2000  37.0000  0.0 1916 08 24 09 00        NCEER 
3.60  -81.0000  36.0000  0.0 1916 08 26 19 36        NCEER 
5.20  -86.2000  33.5000  0.0 1916 10 18 22 03        NCEER 
3.50  -73.7000  43.3000  0.0 1916 11 02 02 32        NCEER 
3.70  -89.2000  36.6000  0.0 1916 12 19 05 42        NCEER 
3.40  -83.5000  36.1000  0.0 1917 01 25 21 15        NCEER 
3.50  -74.5000  46.8000  0.0 1917 01 26 19 35        NCEER 
3.10  -95.0000  47.9000  0.0 1917 02 06 17 26        NCEER 
3.30  -72.5000  41.5000  0.0 1917 02 16 09 00        NCEER 
3.40  -84.0000  36.0000  0.0 1917 03 05 02 07        NCEER 
3.60  -83.5000  36.1000  0.0 1917 03 25 19 15        NCEER 
3.80 -101.3000  35.3000  0.0 1917 03 27 19 56        NCEER 
4.90  -90.0000  37.0000  0.0 1917 04 09 20 52        NCEER 
3.10  -90.2000  38.1000  0.0 1917 04 09 23 38        NCEER 
3.90  -90.4000  36.8000  0.0 1917 05 09 09 00       aSRA   
3.90  -75.6000  45.1000  0.0 1917 05 22 09 00        NCEER 
3.80  -89.4000  36.8000  0.0 1917 06 09 13 14        NCEER 
4.00  -68.0000  49.0000  0.0 1917 06 12 02 00        NCEER 
3.80  -83.0000  36.0000  0.0 1917 06 21 00 00        NCEER 
3.40  -87.5000  32.7000  0.0 1917 06 30 01 23        NCEER 
4.20  -94.8000  46.3000  0.0 1917 09 03 21 30        NCEER 
3.00  -97.7000  35.5000  0.0 1917 11 30 00 00        NCEER 
3.30  -83.9000  35.9000  0.0 1918 01 16 15 45        NCEER 
3.70  -89.2000  37.0000  0.0 1918 02 17 08 10        NCEER 
3.10  -84.2000  42.8000  0.0 1918 02 22 00 00        NCEER 
4.70  -78.4000  38.7000  0.0 1918 04 10 02 09        NCEER 
3.50  -84.1000  36.1000  0.0 1918 06 22 01 00        NCEER 
3.10  -91.4000  39.7000  0.0 1918 07 01 19 02        NCEER 
3.30  -71.3500  46.8500  0.0 1918 07 23 12 00        NCEER 
4.20  -70.5000  44.2000  0.0 1918 08 21 04 11 54    aUSHIS 
3.60  -98.0000  35.5000  0.0 1918 09 10 16 30        NCEER 
4.00  -91.1000  35.0000  0.0 1918 10 04 09 21        NCEER 
3.50  -91.0000  36.1000  0.0 1918 10 13 09 30        NCEER 
4.20  -90.0000  36.0000  0.0 1918 10 16 02 15        NCEER 
3.50  -87.5000  37.8000  0.0 1919 02 11 03 37        NCEER 
3.00  -91.3000  36.2000  0.0 1919 04 08 12 30        NCEER 
3.70  -89.2000  36.6000  0.0 1919 05 23 12 30        NCEER 
3.80  -87.5000  38.3000  0.0 1919 05 25 09 45        NCEER 
4.20  -97.3000  37.7000  0.0 1919 05 27 03 06       aSRA   
3.70  -89.5000  36.4000  0.0 1919 05 28 13 45        NCEER 
3.30  -70.0000  43.9000  0.0 1919 07 11 01 40        NCEER 
3.30  -70.3000  43.7000  0.0 1919 07 23 11 50        NCEER 
3.80  -97.3000  37.7000  0.0 1919 07 26 12 55       aSRA   
3.80  -78.2000  38.8000  0.0 1919 09 06 02 46        NCEER 
3.30  -70.0000  47.6000  0.0 1919 10 26 10 28        NCEER 
3.60  -91.0000  36.3000  0.0 1919 11 03 20 40        NCEER 
3.30  -69.7100  48.1500  0.0 1920 02 06 00 00        NCEER 
4.30  -93.3000  37.2000  0.0 1920 02 29 03 02       aSRA   
3.70  -88.2000  36.3000  0.0 1920 04 07 20 45        NCEER 
3.50  -89.1000  38.6000  0.0 1920 04 30 15 12        NCEER 
3.90  -89.6000  38.0000  0.0 1920 05 01 15 15        NCEER 
3.30  -71.5000  43.1000  0.0 1920 05 23 08 00        NCEER 
3.30  -70.5000  43.5000  0.0 1920 06 07 08 00        NCEER 
3.50 -103.2000  43.2000  0.0 1920 07 14 23 00        NCEER 
3.30  -78.4000  38.7000  0.0 1920 07 24 00 00        NCEER 
3.70  -94.3000  38.6000  0.0 1920 10 03 14 15        NCEER 
3.40  -73.4300  46.0100  0.0 1920 11 08 00 00        NCEER 
3.30  -67.1000  45.0000  0.0 1920 11 09 00 40        NCEER 
3.40  -85.0000  36.0000  0.0 1920 12 24 07 30        NCEER 
3.30  -89.5000  36.4000  0.0 1921 01 09 21 54        NCEER 
3.20  -74.9100  40.0100  0.0 1921 01 26 23 40        NCEER 
3.70  -89.2000  37.0000  0.0 1921 02 27 22 16        NCEER 
4.00  -88.0000  40.0000  0.0 1921 03 14 12 15        NCEER 
3.00  -96.7000  43.5000  0.0 1921 03 16 23 45        NCEER 
3.10  -87.8000  37.9000  0.0 1921 03 31 20 03        NCEER 
3.30  -70.4000  42.5000  0.0 1921 07 29 21 14        NCEER 
3.80  -78.4000  37.8000  0.0 1921 08 07 06 30        NCEER 
3.40  -76.0000  47.0000  0.0 1921 08 27 08 12        NCEER 
3.50  -90.1000  38.3000  0.0 1921 09 09 03 00        NCEER 
3.10  -98.7000  43.7000  0.0 1921 09 24 00 30        NCEER 
3.50  -88.6000  37.7000  0.0 1921 10 01 09 00        NCEER 
3.70  -90.1000  38.3000  0.0 1921 10 09 07 50        NCEER 
3.30  -67.0000  44.8000  0.0 1921 10 10 13 00        NCEER 
3.40  -84.6000  35.8000  0.0 1921 12 15 13 20        NCEER 
4.00  -99.3000  43.8000  0.0 1922 01 02 14 50        NCEER 
3.70  -87.8000  37.9000  0.0 1922 01 11 03 42        NCEER 
4.60  -88.4000  37.9000  0.0 1922 03 22 22 30        NCEER 
4.60  -89.4000  37.4000  0.0 1922 03 23 02 22       aUSHIS 
3.80  -88.9000  37.0000  0.0 1922 03 23 21 45        NCEER 
3.80  -90.4000  36.7000  0.0 1922 03 28 16 42        NCEER 
3.10  -86.7000  35.5000  0.0 1922 03 30 01 20        NCEER 
3.30  -82.3000  36.8000  0.0 1922 03 30 03 21        NCEER 
3.90  -89.6000  36.1000  0.0 1922 03 30 16 53        NCEER 
3.30  -82.2000  36.5000  0.0 1922 03 30 22 20        NCEER 
3.30  -71.4000  43.4000  0.0 1922 05 07 22 40        NCEER 
3.50  -66.6000  46.5000  0.0 1922 07 02 22 25        NCEER 
3.40  -88.5000  43.8000  0.0 1922 07 07 00 00        NCEER 
4.60  -88.2000  37.4000  0.0 1922 11 27 03 31        NCEER 
3.50  -75.1000  44.4000  0.0 1922 12 08 21 24        NCEER 
3.90  -89.4000  38.9000  0.0 1923 03 09 02 45       aSRA   
3.70  -89.7000  34.6000  0.0 1923 03 27 08 00        NCEER 
3.70  -89.2000  37.0000  0.0 1923 05 06 07 50        NCEER 
3.00  -96.2000  41.7000  0.0 1923 09 10 06 30        NCEER 
4.10  -90.0000  35.3000  0.0 1923 10 28 17 10        NCEER 
3.30  -89.9000  40.0000  0.0 1923 11 10 04 00        NCEER 
3.60  -90.4000  35.5000  0.0 1923 11 26 23 25        NCEER 
3.10  -89.2000  37.0000  0.0 1923 11 29 23 20        NCEER 
3.30  -82.5000  34.8000  0.0 1923 12 31 20 06        NCEER 
4.30  -90.0000  36.0000  0.0 1924 01 01 03 05        NCEER 
3.30  -78.1000  39.1000  0.0 1924 01 05 00 00        NCEER 
3.50  -70.2000  47.8000  0.0 1924 03 04 19 15        NCEER 
4.00  -88.8000  37.0000  0.0 1924 04 02 11 15        NCEER 
3.70  -89.8000  36.5000  0.0 1924 06 07 05 42        NCEER 
3.70  -76.5000  45.7000  0.0 1924 07 15 00 10        NCEER 
3.40 -104.5000  36.0000  0.0 1924 08 13 04 23        NCEER 
3.10 -100.1000  40.9000  0.0 1924 09 24 11 00        NCEER 
4.40  -82.6000  35.0000  0.0 1924 10 20 08 30        NCEER 
4.00  -82.2000  36.6000  0.0 1924 11 13 10 30        NCEER 
3.30  -76.3000  45.5000  0.0 1924 11 14 01 32        NCEER 
3.50  -79.9000  37.3000  0.0 1924 12 26 04 30        NCEER 
3.60 -103.5000  43.5000  0.0 1924 12 30 22 10        NCEER 
3.90  -70.6000  42.6000  0.0 1925 01 07 13 07        NCEER 
3.60  -91.7000  36.2000  0.0 1925 01 27 22 42        NCEER 
6.60  -69.8400  47.7600  0.0 1925 03 01 02 19        NCEER 
3.30  -71.5000  42.9000  0.0 1925 03 09 00 00        NCEER 
3.40  -83.9000  39.5000  0.0 1925 03 27 04 06        NCEER 
3.60  -70.8000  41.7000  0.0 1925 04 24 07 56        NCEER 
4.90  -88.2000  38.0000  0.0 1925 04 27 04 05        NCEER 
3.30  -70.9000  42.5000  0.0 1925 05 04 17 51        NCEER 
3.80  -88.6000  36.7000  0.0 1925 05 13 11 00       aSRA   
3.50  -77.5000  37.3000  0.0 1925 05 16 01 30        NCEER 
3.50  -93.2000  36.2000  0.0 1925 07 08 16 00        NCEER 
3.80  -90.0000  38.8000  0.0 1925 07 13 00 00        NCEER 
3.30  -77.5000  37.6000  0.0 1925 07 14 21 20        NCEER 
3.10 -101.2000  34.5000  0.0 1925 07 29 11 30        NCEER 
3.40 -100.3000  34.5000  0.0 1925 07 30 08 00        NCEER 
4.80 -101.3000  35.4000  0.0 1925 07 30 12 17        NCEER 
3.10  -97.4000  42.8000  0.0 1925 08 25 06 27        NCEER 
4.50  -87.2000  37.9000  0.0 1925 09 02 11 55        NCEER 
3.30  -71.2200  46.8200  0.0 1925 10 09 05 00        NCEER 
4.00  -71.1000  43.7000  0.0 1925 10 09 13 55        NCEER 
3.30  -70.2000  44.1000  0.0 1925 10 18 21 30        NCEER 
3.50  -73.0000  47.0000  0.0 1925 10 19 12 05        NCEER 
3.40  -72.4000  41.7000  0.0 1925 11 14 13 04        NCEER 
3.30  -72.7000  41.8000  0.0 1925 11 16 06 20        NCEER 
4.30 -107.0000  44.6000  0.0 1925 11 18 01 50        NCEER 
3.30  -71.8000  41.6000  0.0 1926 01 04 00 00        NCEER 
4.00  -94.9000  35.6000  0.0 1926 01 20 00 00        NCEER 
3.50  -75.0000  40.0000  0.0 1926 01 26 23 40        NCEER 
3.30  -74.1000  44.3000  0.0 1926 01 27 00 00        NCEER 
3.30  -71.0000  47.7000  0.0 1926 02 19 20 20        NCEER 
3.50  -71.8000  42.8000  0.0 1926 03 18 21 09        NCEER 
3.50  -88.6000  37.8000  0.0 1926 03 22 14 30        NCEER 
3.90  -89.0000  36.2000  0.0 1926 04 28 02 16       aSRA   
3.00  -73.9000  40.9000  0.0 1926 05 12 03 30        NCEER 
4.00  -94.9000  35.6000  0.0 1926 06 20 14 20        NCEER 
3.50  -82.1000  35.9000  0.0 1926 07 08 09 50        NCEER 
3.30  -71.5000  47.0000  0.0 1926 07 18 06 00        NCEER 
3.30  -77.1000  45.8000  0.0 1926 08 23 16 40        NCEER 
3.40  -70.0000  44.7000  0.0 1926 08 28 21 00        NCEER 
3.50  -90.4000  36.7000  0.0 1926 10 27 16 22        NCEER 
3.40  -83.6000  41.7000  0.0 1926 10 28 08 42        NCEER 
3.80  -82.1000  39.1000  0.0 1926 11 05 16 53       aUSHIS 
3.30  -67.5000  45.0000  0.0 1926 11 24 19 30        NCEER 
3.70  -89.4000  36.7000  0.0 1926 12 13 23 03        NCEER 
3.50  -89.5000  36.4000  0.0 1926 12 17 00 00        NCEER 
3.60  -97.7000  38.3000  0.0 1927 01 07 09 30        NCEER 
3.90  -89.7000  37.4000  0.0 1927 02 02 01 30       aSRA   
3.80  -90.4000  36.7000  0.0 1927 02 03 08 00       aSRA   
3.10  -82.5000  40.7000  0.0 1927 02 17 05 30        NCEER 
3.40  -71.4000  43.3000  0.0 1927 03 09 04 08        NCEER 
3.30  -75.2000  44.6000  0.0 1927 03 12 22 12        NCEER 
3.90  -95.3000  39.9000  0.0 1927 03 18 17 25        NCEER 
3.30  -72.8000  41.7000  0.0 1927 03 30 00 00        NCEER 
3.50  -89.5000  36.3000  0.0 1927 04 18 10 30        NCEER 
4.70  -90.2000  36.0000  0.0 1927 05 07 08 28        NCEER 
3.90  -74.0000  40.3000  0.0 1927 06 01 12 23        NCEER 
3.60  -79.0000  38.0000  0.0 1927 06 10 07 16        NCEER 
3.60  -86.0000  34.7000  0.0 1927 06 16 12 00        NCEER 
4.00  -71.0000  47.3000  0.0 1927 07 25 00 56        NCEER 
4.10  -89.5000  36.4000  0.0 1927 08 13 16 10        NCEER 
3.30  -85.3000  35.1000  0.0 1927 10 08 04 30        NCEER 
3.10  -98.9000  41.6000  0.0 1927 10 14 16 10        NCEER 
3.30  -73.8000  44.7000  0.0 1927 10 24 11 00        NCEER 
3.30  -76.2000  36.3000  0.0 1927 10 27 00 00        NCEER 
3.40  -81.2000  40.9000  0.0 1927 10 29 00 00        NCEER 
3.10  -79.0600  43.1000  0.0 1927 11 13 00 50        NCEER 
3.40  -90.2000  32.3000  0.0 1927 11 13 16 21        NCEER 
3.30  -78.0000  33.9000  0.0 1927 11 23 00 50        NCEER 
3.50  -89.4000  28.9000  0.0 1927 12 15 04 30        NCEER 
3.30  -71.6000  41.2000  0.0 1928 01 13 19 50        NCEER 
3.10  -90.0000  42.0000  0.0 1928 01 23 09 19        NCEER 
3.30  -70.2000  48.0000  0.0 1928 01 27 00 00        NCEER 
3.50  -69.0000  45.3000  0.0 1928 02 08 00 00        NCEER 
3.50  -87.0000  35.6000  0.0 1928 03 07 02 45        NCEER 
3.30  -90.2000  38.6000  0.0 1928 03 17 21 15        NCEER 
4.10  -74.3000  44.5000  0.0 1928 03 18 15 20       aUSHIS 
3.30  -69.0000  45.3000  0.0 1928 03 22 13 30        NCEER 
3.10  -89.5000  36.6000  0.0 1928 04 15 11 00        NCEER 
3.10  -89.5000  37.3000  0.0 1928 04 15 15 05        NCEER 
3.10  -89.2000  36.5000  0.0 1928 04 23 11 00        NCEER 
3.80  -71.2000  44.5000  0.0 1928 04 25 23 38        NCEER 
3.10  -89.5000  36.6000  0.0 1928 05 31 22 40        NCEER 
3.70  -82.0000  41.5000  0.0 1928 09 09 21 00       aSRA   
3.00  -84.1000  40.4000  0.0 1928 10 27 00 00        NCEER 
3.40  -77.5000  37.5000  0.0 1928 10 30 11 45        NCEER 
4.60  -82.8300  36.1100  0.0 1928 11 03 04 02        NCEER 
3.10  -89.1000  39.5000  0.0 1928 11 08 14 15        NCEER 
3.10  -91.1000  36.1000  0.0 1928 11 10 06 20        NCEER 
3.50 -103.7000  44.1000  0.0 1928 11 16 13 45        NCEER 
3.20  -67.2000  45.0000  0.0 1928 11 20 02 30        NCEER 
3.70  -82.3000  35.8000  0.0 1928 11 20 03 45        NCEER 
4.00  -81.5000  50.0000  0.0 1928 12 01 00 00        NCEER 
3.30  -80.3000  35.3000  0.0 1928 12 23 02 30        NCEER 
3.10  -93.9000  47.6000  0.0 1928 12 23 06 10        NCEER 
3.10  -91.1000  36.1000  0.0 1928 12 26 03 25        NCEER 
3.30  -80.3000  33.9000  0.0 1929 01 03 12 05        NCEER 
3.30  -70.3000  44.0000  0.0 1929 02 05 19 09        NCEER 
3.20  -87.6000  38.3000  0.0 1929 02 14 20 12        NCEER 
3.10  -90.6000  37.6000  0.0 1929 02 26 08 15        NCEER 
3.70  -84.2000  40.4000  0.0 1929 03 08 09 06        NCEER 
3.30  -71.9000  45.4000  0.0 1929 05 11 09 30        NCEER 
3.50  -89.5000  36.4000  0.0 1929 05 13 03 50        NCEER 
3.40  -89.4000  28.9000  0.0 1929 07 28 17 00        NCEER 
5.20  -78.4000  42.9100  0.0 1929 08 12 11 24        NCEER 
3.40  -97.4000  42.8000  0.0 1929 10 06 12 30        NCEER 
4.00  -96.5000  39.2000  0.0 1929 10 21 21 25       aSRA   
3.30  -82.4000  34.3000  0.0 1929 10 28 02 15        NCEER 
3.10  -99.8000  37.2000  0.0 1929 11 26 16 20        NCEER 
3.40  -96.6000  39.2000  0.0 1929 12 07 08 02        NCEER 
3.60  -78.5000  38.1000  0.0 1929 12 26 02 56        NCEER 
4.00  -97.9000  35.5000  0.0 1929 12 28 00 30        NCEER 
4.60  -65.8300  46.7300  0.0 1930 01 04 14 30        NCEER 
3.10  -91.1000  36.1000  0.0 1930 01 26 21 00        NCEER 
3.00  -90.2000  37.0000  0.0 1930 02 25 12 45        NCEER 
3.30  -71.6000  43.3000  0.0 1930 03 19 00 15        NCEER 
3.50  -90.0000  35.1000  0.0 1930 03 26 08 56       aSRA   
3.10  -89.7000  36.1000  0.0 1930 04 02 09 39        NCEER 
3.60  -71.2200  45.7300  0.0 1930 06 19 12 06        NCEER 
3.20  -84.0000  40.5000  0.0 1930 06 26 21 45        NCEER 
3.10  -83.2000  40.6000  0.0 1930 07 11 00 15        NCEER 
3.10  -69.8300  47.5000  0.0 1930 07 13 04 52        NCEER 
3.10  -70.8000  41.5000  0.0 1930 08 01 02 00        NCEER 
3.10  -91.4000  39.7000  0.0 1930 08 08 18 31        NCEER 
3.50  -89.1000  37.0000  0.0 1930 08 29 06 26        NCEER 
3.50  -84.4000  35.9000  0.0 1930 08 30 09 28        NCEER 
3.70  -89.4000  36.6000  0.0 1930 09 01 20 27        NCEER 
3.50  -84.3000  40.3000  0.0 1930 09 30 20 40        NCEER 
3.90  -68.7000  48.9300  0.0 1930 10 08 01 08        NCEER 
3.60  -83.9000  36.0000  0.0 1930 10 16 21 50        NCEER 
4.20  -91.0000  30.1000  0.0 1930 10 19 12 12        NCEER 
3.30  -76.5000  39.1000  0.0 1930 11 01 01 34        NCEER 
3.30  -92.8000  34.3000  0.0 1930 11 16 12 30        NCEER 
3.50  -70.1700  47.6500  0.0 1930 12 13 23 18        NCEER 
3.20  -90.7000  38.5000  0.0 1930 12 23 14 44        NCEER 
3.10  -80.3000  34.5000  0.0 1930 12 26 03 00        NCEER 
3.50  -87.0000  39.0000  0.0 1931 01 06 02 51       aSRA   
5.40  -70.4000  47.3000  0.0 1931 01 08 00 13        NCEER 
3.10  -98.7000  43.7000  0.0 1931 01 17 18 45        NCEER 
3.00  -84.2000  40.4000  0.0 1931 03 21 15 48        NCEER 
3.50  -88.3000  36.9000  0.0 1931 04 01 23 20        NCEER 
3.10  -89.0000  36.8000  0.0 1931 04 06 15 37        NCEER 
4.80  -73.7800  43.4700  0.0 1931 04 20 19 54        NCEER 
3.10  -78.9000  42.9000  0.0 1931 04 22 00 00        NCEER 
4.20  -86.6000  33.7000  0.0 1931 05 05 12 18        NCEER 
3.00  -73.4000  41.6000  0.0 1931 07 01 02 45        NCEER 
3.30  -89.5000  36.6000  0.0 1931 07 18 14 52        NCEER 
3.30  -65.7700  44.6200  0.0 1931 08 07 00 00        NCEER 
3.80  -94.7000  39.1000  0.0 1931 08 09 06 18        NCEER 
4.70  -84.2700  40.4300  0.0 1931 09 20 23 04        NCEER 
4.50  -76.0700  47.0000  0.0 1931 09 23 22 47        NCEER 
3.40  -70.1700  47.3300  0.0 1931 11 14 14 02        NCEER 
3.30  -89.9000  35.9000  0.0 1931 12 10 08 11        NCEER 
4.70  -89.8000  34.1000  0.0 1931 12 17 03 36        NCEER 
3.10  -78.4000  37.6000  0.0 1932 01 05 04 05        NCEER 
3.10  -81.6000  41.1000  0.0 1932 01 21 00 00        NCEER 
3.80  -99.6000  39.0000  0.0 1932 01 29 00 15        NCEER 
3.80  -74.6700  46.4700  0.0 1932 03 09 05 23        NCEER 
3.90  -96.4000  31.7000  0.0 1932 04 09 10 17       aUSHIS 
3.40  -90.2000  36.0000  0.0 1932 11 22 07 56        NCEER 
3.20  -74.1000  44.4000  0.0 1932 12 07 03 15        NCEER 
3.20  -70.5000  47.4500  0.0 1933 01 11 23 32        NCEER 
3.80  -74.6500  45.3000  0.0 1933 01 21 16 04        NCEER 
3.30  -74.7000  40.2000  0.0 1933 01 25 02 00        NCEER 
3.80  -99.9000  39.8000  0.0 1933 02 20 17 00        NCEER 
3.30  -84.2000  40.3000  0.0 1933 02 23 03 20        NCEER 
3.40  -69.9300  47.4300  0.0 1933 02 25 09 43        NCEER 
3.10  -90.4000  36.7000  0.0 1933 03 11 12 48        NCEER 
3.40  -83.7000  38.6000  0.0 1933 05 28 15 10        NCEER 
3.30  -83.5000  33.3000  0.0 1933 06 09 11 30        NCEER 
3.00  -73.8000  41.0000  0.0 1933 06 26 14 10        NCEER 
3.30  -89.9000  37.9000  0.0 1933 07 13 14 42        NCEER 
3.90  -75.7000  45.4200  0.0 1933 07 14 04 48        NCEER 
3.10  -89.9000  37.9000  0.0 1933 08 04 04 34        NCEER 
3.30 -103.7000  41.9000  0.0 1933 08 08 00 00        NCEER 
3.40  -98.0000  35.5000  0.0 1933 08 19 19 30        NCEER 
3.10  -73.7000  43.0000  0.0 1933 10 29 00 00        NCEER 
3.30  -90.6000  38.6000  0.0 1933 11 16 09 29        NCEER 
3.10  -89.2000  42.9000  0.0 1933 12 07 05 55        NCEER 
4.00  -90.2000  35.8000  0.0 1933 12 09 08 50        NCEER 
3.50  -80.0000  32.9000  0.0 1933 12 23 09 40        NCEER 
3.10  -97.7000  45.9000  0.0 1934 01 29 12 30        NCEER 
3.30  -72.6000  41.8000  0.0 1934 01 30 10 30        NCEER 
3.60  -72.7000  44.0000  0.0 1934 04 11 03 00        NCEER 
3.90  -95.5000  33.9000  0.0 1934 04 12 01 40       aSRA   
3.90  -73.8000  44.7000  0.0 1934 04 15 02 58        NCEER 
3.30  -74.3000  44.8000  0.0 1934 04 15 18 05        NCEER 
3.20  -98.7000  41.5000  0.0 1934 05 11 10 40        NCEER 
3.00  -89.9000  37.9000  0.0 1934 05 15 14 28        NCEER 
3.10  -90.0000  35.2000  0.0 1934 07 03 03 10        NCEER 
4.30 -103.0000  42.7000  0.0 1934 07 30 07 20        NCEER 
3.20  -70.3000  43.7000  0.0 1934 08 02 14 59        NCEER 
4.30  -89.2000  36.9000  0.0 1934 08 20 00 47        NCEER 
3.00  -67.0000  44.9000  0.0 1934 08 26 11 36        NCEER 
3.10  -99.1000  43.4000  0.0 1934 08 30 03 50        NCEER 
3.20  -80.2000  42.0000  0.0 1934 10 29 20 07        NCEER 
3.30  -88.5000  37.5000  0.0 1934 10 30 02 25        NCEER 
3.40 -100.2000  42.6000  0.0 1934 11 08 04 45        NCEER 
3.90  -90.5000  41.5000  0.0 1934 11 12 14 45        NCEER 
3.30  -80.0000  32.9000  0.0 1934 12 09 09 00        NCEER 
3.40  -83.6000  35.1000  0.0 1935 01 01 08 15        NCEER 
3.00  -90.6000  41.5000  0.0 1935 01 05 18 40        NCEER 
3.30  -77.4000  37.2000  0.0 1935 02 10 23 45        NCEER 
4.80  -96.2000  40.3000  0.0 1935 03 01 10 59        NCEER 
3.30  -70.2000  42.2000  0.0 1935 04 24 01 24        NCEER 
3.10  -89.5000  36.4000  0.0 1935 07 24 01 38        NCEER 
6.20  -79.0700  46.7800  0.0 1935 11 01 06 03        NCEER 
3.30  -78.9000  38.9000  0.0 1935 11 01 08 30        NCEER 
4.90  -78.1700  47.2300  0.0 1935 11 02 14 31        NCEER 
3.30  -81.7000  29.6000  0.0 1935 11 14 03 30        NCEER 
3.10  -83.2000  41.2000  0.0 1936 01 31 19 30        NCEER 
3.10  -89.7000  36.2000  0.0 1936 02 17 05 05        NCEER 
3.40  -95.2000  34.0000  0.0 1936 03 14 17 20        NCEER 
4.00  -70.2500  47.3300  0.0 1936 03 29 00 49        NCEER 
3.40  -71.5000  43.5000  0.0 1936 06 14 05 40        NCEER 
4.40 -100.7700  35.3100  0.0 1936 06 20 03 24        NCEER 
3.30  -74.2000  44.7000  0.0 1936 06 21 04 20        NCEER 
3.00 -102.9000  36.9000  0.0 1936 07 12 00 23        NCEER 
3.90  -89.0000  36.7000  0.0 1936 08 02 22 16        NCEER 
3.30  -84.4000  39.3000  0.0 1936 10 08 16 30        NCEER 
3.10 -103.5000  43.5000  0.0 1936 10 30 10 30        NCEER 
3.30  -71.4000  43.6000  0.0 1936 11 10 02 46        NCEER 
3.20  -71.7000  44.7000  0.0 1936 11 10 04 02        NCEER 
3.30  -89.7000  36.2000  0.0 1937 01 30 08 57        NCEER 
3.60  -78.7000  37.7000  0.0 1937 02 03 01 26        NCEER 
4.90  -84.2700  40.4900  0.0 1937 03 02 14 47        NCEER 
3.30  -75.2000  44.6000  0.0 1937 03 10 05 29        NCEER 
4.00  -90.6000  36.1000  0.0 1937 05 17 00 49        NCEER 
3.20  -96.9000  35.3000  0.0 1937 06 08 14 26        NCEER 
3.50  -73.7100  40.7200  0.0 1937 07 19 03 51        NCEER 
4.50  -65.4300  47.8000  0.0 1937 09 30 07 58        NCEER 
4.00  -75.8200  46.7800  0.0 1937 11 06 14 31        NCEER 
3.70  -74.4700  46.1000  0.0 1937 11 12 16 57        NCEER 
4.00  -89.1000  38.6000  0.0 1937 11 17 17 04        NCEER 
3.50  -98.2000  44.5000  0.0 1938 01 02 17 05        NCEER 
3.20  -75.1800  44.9000  0.0 1938 01 06 13 28        NCEER 
3.00  -76.2700  45.5700  0.0 1938 01 24 05 29        NCEER 
3.80  -87.0000  41.6000  0.0 1938 02 12 06 27        NCEER 
3.20  -75.4000  46.3800  0.0 1938 02 23 17 56        NCEER 
3.10  -83.2000  42.4000  0.0 1938 03 13 16 10        NCEER 
3.30 -103.4000  42.7000  0.0 1938 03 24 13 11        NCEER 
3.60  -83.5000  35.6000  0.0 1938 03 31 10 10        NCEER 
3.20  -79.0800  46.7200  0.0 1938 04 12 18 55        NCEER 
3.10  -93.5000  34.2000  0.0 1938 04 26 05 42        NCEER 
3.00  -74.5000  45.3700  0.0 1938 05 05 00 33        NCEER 
3.00  -74.3000  44.8000  0.0 1938 05 05 00 35       aSRA   
3.90  -68.0000  49.0000  0.0 1938 05 17 18 32        NCEER 
3.00  -66.8000  46.5000  0.0 1938 06 15 05 07        NCEER 
3.20  -78.4300  40.6800  0.0 1938 07 15 22 46        NCEER 
3.10  -73.7000  41.0800  0.0 1938 08 02 09 02        NCEER 
3.80  -68.7900  44.8900  0.0 1938 08 22 12 48        NCEER 
3.80  -74.3600  40.0500  0.0 1938 08 23 05 04        NCEER 
3.00  -74.9000  45.8700  0.0 1938 09 07 23 18        NCEER 
4.80  -90.2540  35.4130  1.0 1938 09 17 03 34 28.3  aUSHIS 
3.20  -72.2000  41.5000  0.0 1938 09 20 00 00        NCEER 
4.10  -69.5800  48.7800  0.0 1938 09 28 04 33        NCEER 
3.80  -99.3000  43.8000  0.0 1938 10 01 22 15        NCEER 
3.80  -96.7000  43.5000  0.0 1938 10 11 09 37        NCEER 
3.30  -98.9000  43.2000  0.0 1938 11 04 22 10        NCEER 
3.50  -75.2500  44.7500  0.0 1938 11 18 22 19        NCEER 
4.20  -76.2000  47.0300  0.0 1938 11 26 07 47        NCEER 
3.90  -75.4000  47.6000  0.0 1938 12 25 07 46        NCEER 
3.30  -79.8500  43.2500  0.0 1939 01 14 08 10        NCEER 
3.60  -95.8000  46.8000  0.0 1939 01 28 17 55        NCEER 
3.00  -78.3000  42.9000  0.0 1939 02 24 00 20        NCEER 
3.60  -77.5000  46.4000  0.0 1939 03 16 20 21        NCEER 
3.60  -84.1000  40.4000  0.0 1939 03 18 13 03       aSRA   
3.40  -89.4000  36.8000  0.0 1939 04 15 17 30       aSRA   
3.30  -85.8000  33.7000  0.0 1939 05 05 02 45        NCEER 
3.90  -96.4000  35.0000  0.0 1939 06 01 07 30        NCEER 
3.10  -98.9000  43.0000  0.0 1939 06 10 18 30        NCEER 
3.40  -84.2000  40.4000  0.0 1939 06 18 02 20       aSRA   
4.10  -92.6000  34.1000  0.0 1939 06 19 21 43        NCEER 
3.40  -86.6000  34.7000  0.0 1939 06 24 10 27        NCEER 
4.50  -69.9800  47.5900  0.0 1939 06 24 17 20        NCEER 
5.60  -69.8000  47.8000  0.0 1939 10 19 11 53        NCEER 
4.10  -70.5000  47.8000  0.0 1939 11 07 02 40        NCEER 
3.80  -75.0500  39.5800  0.0 1939 11 15 02 53        NCEER 
4.90  -90.1400  38.1800  0.0 1939 11 23 15 14        NCEER 
3.50  -76.6000  39.5000  0.0 1939 11 26 05 20        NCEER 
3.60  -71.4000  47.9700  0.0 1939 12 08 01 17        NCEER 
3.00  -79.0800  46.7200  0.0 1940 01 05 00 34        NCEER 
3.40  -70.8000  41.6000  0.0 1940 01 28 23 12        NCEER 
4.00  -76.8300  46.5000  0.0 1940 02 10 20 57        NCEER 
3.50  -78.5000  38.8000  0.0 1940 03 26 00 01        NCEER 
3.80  -70.7300  47.7300  0.0 1940 04 13 08 13        NCEER 
3.60  -73.2000  45.8000  0.0 1940 05 16 14 00        NCEER 
3.40  -88.6000  37.1000  0.0 1940 05 31 19 03        NCEER 
3.10  -82.3000  40.9000  0.0 1940 06 16 04 30        NCEER 
3.10  -74.7800  46.2500  0.0 1940 08 04 16 20        NCEER 
3.00  -74.8300  45.7700  0.0 1940 08 07 23 57        NCEER 
3.50  -71.1300  47.0000  0.0 1940 09 11 01 06        NCEER 
4.70  -69.8000  47.8000  0.0 1940 10 13 19 50        NCEER 
3.30  -85.1000  34.7000  0.0 1940 10 19 05 54        NCEER 
5.00  -90.1000  38.2000  0.0 1940 11 23 21 15        NCEER 
3.10  -94.0000  33.0000  0.0 1940 12 02 16 16        NCEER 
5.50  -71.3700  43.8700  0.0 1940 12 20 07 27        NCEER 
3.20  -82.9000  35.9000  0.0 1940 12 25 06 05        NCEER 
3.60  -87.3000  37.9000  0.0 1940 12 29 02 30       aSRA   
3.40  -83.9000  36.0000  0.0 1941 03 04 06 15        NCEER 
3.00  -75.5000  46.2700  0.0 1941 03 05 07 29        NCEER 
3.30  -73.9200  44.7300  0.0 1941 04 04 08 10        NCEER 
3.30  -82.6000  35.6000  0.0 1941 05 10 11 12        NCEER 
3.70 -103.5000  43.5000  0.0 1941 05 25 06 25        NCEER 
3.00  -70.3400  47.3900  0.0 1941 06 22 09 59        NCEER 
4.10  -76.8300  47.4000  0.0 1941 06 26 04 05        NCEER 
3.00  -90.8000  32.3000  0.0 1941 06 28 18 30        NCEER 
3.70  -67.9000  46.1000  0.0 1941 08 30 10 21        NCEER 
3.00  -85.3000  35.0000  0.0 1941 09 08 09 45        NCEER 
4.00  -70.7300  47.6300  0.0 1941 10 06 16 34        NCEER 
3.30  -89.7000  36.2000  0.0 1941 10 08 07 51        NCEER 
3.00  -72.3000  42.3000  0.0 1941 10 11 08 15        NCEER 
3.20  -99.0000  35.4000  0.0 1941 10 18 07 48        NCEER 
3.30  -74.8000  44.7700  0.0 1941 10 21 06 10        NCEER 
3.30  -89.1000  37.0000  0.0 1941 10 21 16 53        NCEER 
3.60  -74.3000  45.7000  0.0 1941 10 24 14 13        NCEER 
3.10  -90.0000  35.1000  0.0 1941 11 15 03 07        NCEER 
4.20  -89.7000  35.5000  0.0 1941 11 17 03 08        NCEER 
3.30  -90.3000  38.4000  0.0 1942 01 14 18 05        NCEER 
3.30  -81.0000  26.5000  0.0 1942 01 19 00 00        NCEER 
3.10  -74.7700  46.8300  0.0 1942 02 18 07 55        NCEER 
3.60  -89.7000  41.2000  0.0 1942 03 01 14 43        NCEER 
3.20  -70.4000  44.2000  0.0 1942 03 08 23 37        NCEER 
3.00 -103.5000  44.4000  0.0 1942 03 11 16 55        NCEER 
3.00  -88.6000  37.7000  0.0 1942 03 29 12 43        NCEER 
4.40  -74.6700  45.7700  0.0 1942 05 20 12 19        NCEER 
3.90  -73.8000  44.7000  0.0 1942 05 24 11 33        NCEER 
3.50  -97.9000  36.4000  0.0 1942 06 12 04 50        NCEER 
3.70  -77.5000  46.8000  0.0 1942 08 26 17 54        NCEER 
3.10  -89.2000  37.0000  0.0 1942 08 31 09 28        NCEER 
3.10  -71.5000  46.9700  0.0 1942 09 05 14 30        NCEER 
3.40  -99.3000  38.8000  0.0 1942 09 10 09 00        NCEER 
3.70  -67.4000  49.2200  0.0 1942 09 11 11 05        NCEER 
3.30  -76.0000  46.7800  0.0 1942 09 15 22 32        NCEER 
3.00  -73.8000  42.5700  0.0 1942 10 02 22 29        NCEER 
3.30  -78.4000  37.6000  0.0 1942 10 07 02 15        NCEER 
3.40  -75.2500  40.9700  0.0 1942 10 24 17 27        NCEER 
3.60  -75.0500  46.4200  0.0 1942 11 16 00 13        NCEER 
3.00  -90.2000  38.6000  0.0 1942 11 17 18 18        NCEER 
4.20  -76.0700  46.9700  0.0 1942 12 05 21 10        NCEER 
4.40  -69.3300  45.1600  0.0 1943 01 14 21 32        NCEER 
3.70  -75.7700  46.5000  0.0 1943 02 28 16 40        NCEER 
4.40  -81.3100  41.6300  0.0 1943 03 09 03 25        NCEER 
3.90  -71.6000  43.7000  0.0 1943 03 14 14 02        NCEER 
3.10  -85.8000  38.3000  0.0 1943 04 13 17 00        NCEER 
3.20  -73.8300  44.7700  0.0 1943 05 09 11 03        NCEER 
3.10 -103.5000  43.5000  0.0 1943 05 16 19 40        NCEER 
3.00  -90.4000  38.6000  0.0 1943 06 08 19 50        NCEER 
4.00 -105.0000  48.5000  0.0 1943 06 25 04 25        NCEER 
3.80  -73.0300  44.8400  0.0 1943 07 06 22 10        NCEER 
3.30  -70.6500  47.5500  0.0 1943 09 25 05 52        NCEER 
3.80  -70.4000  47.2700  0.0 1943 09 28 16 30        NCEER 
3.90  -70.0800  47.3800  0.0 1943 11 06 00 06        NCEER 
3.20  -74.8700  47.6800  0.0 1943 12 06 07 19        NCEER 
3.00  -69.6000  44.6000  0.0 1943 12 19 09 00        NCEER 
3.30  -80.2000  33.0000  0.0 1943 12 28 10 25        NCEER 
3.20  -89.7000  37.5000  0.0 1944 01 07 05 18        NCEER 
4.25  -75.5000  39.8000  0.0 1944 01 08  0  0       aDNAG  
4.30  -76.7800  45.8300  0.0 1944 01 22 21 55        NCEER 
3.30  -80.0000  32.9000  0.0 1944 01 28 17 30        NCEER 
4.00  -70.5000  47.4000  0.0 1944 02 05 12 37        NCEER 
3.70  -76.2000  40.8000  0.0 1944 02 05 16 22        NCEER 
4.10  -78.9000  46.7000  0.0 1944 03 08 12 49        NCEER 
4.90  -67.4000  49.9000  0.0 1944 04 09 12 44        NCEER 
3.70  -70.2800  47.3000  0.0 1944 06 09 15 19        NCEER 
5.10  -67.7500  49.4200  0.0 1944 06 23 06 37        NCEER 
3.70  -74.2500  46.0000  0.0 1944 06 24 23 48        NCEER 
5.80  -74.7200  44.9600  0.0 1944 09 05 04 38        NCEER 
5.00 -107.5000  39.0000  0.0 1944 09 09 04 12 20    aDNAG  
3.90  -90.0000  37.9000  0.0 1944 09 25 11 37        NCEER 
4.20  -67.0000  48.5000  0.0 1944 10 14 13 26        NCEER 
4.40  -80.8000  48.7000  0.0 1944 11 05 19 07        NCEER 
4.10  -84.4000  40.4000  0.0 1944 11 13 11 52        NCEER 
3.10  -87.1000  45.7000  0.0 1944 12 10 11 00        NCEER 
3.60  -72.8000  41.6000  0.0 1944 12 14 03 15        NCEER 
3.10  -89.7000  36.2000  0.0 1944 12 23 07 23        NCEER 
3.20  -90.2000  37.8000  0.0 1945 01 16 02 00        NCEER 
3.30  -80.0000  32.9000  0.0 1945 01 30 20 20        NCEER 
3.70  -90.2000  38.6000  0.0 1945 03 28 01 45        NCEER 
3.10  -76.4000  43.0000  0.0 1945 04 15 13 15        NCEER 
3.70  -89.7000  36.4000  0.0 1945 05 02 10 22 12.6  aSRA   
3.10  -90.2000  38.6000  0.0 1945 05 21 07 51        NCEER 
4.30  -75.4000  47.0800  0.0 1945 06 12 07 58        NCEER 
3.60  -84.5000  35.0000  0.0 1945 06 14 03 25        NCEER 
4.70  -71.0900  47.3400  0.0 1945 06 18 15 20        NCEER 
3.90  -76.8000  48.4700  0.0 1945 07 02 13 29        NCEER 
3.30  -67.0000  44.9000  0.0 1945 07 15 10 44        NCEER 
4.00  -81.3800  33.7500  0.0 1945 07 26 10 32        NCEER 
3.10  -89.8000  37.0000  0.0 1945 09 23 06 22        NCEER 
4.70  -69.8100  47.9900  0.0 1945 10 09 13 18        NCEER 
3.30  -78.5000  37.5000  0.0 1945 10 12 19 00        NCEER 
3.10  -97.9000  43.0000  0.0 1945 11 10 08 00        NCEER 
3.70  -89.2000  37.0000  0.0 1945 11 13 08 21        NCEER 
3.00  -74.9000  45.0000  0.0 1945 12 02 15 22 32    aSRA   
4.30  -68.7000  49.4000  0.0 1946 01 17 08 04        NCEER 
3.30  -89.1000  38.6000  0.0 1946 02 25 00 52        NCEER 
3.80  -84.9000  35.2000  0.0 1946 04 07 05 00        NCEER 
3.60  -73.4300  45.7300  0.0 1946 04 21 05 05        NCEER 
4.00  -90.8000  36.6000  0.0 1946 05 15 06 10        NCEER 
3.00  -74.5300  44.6500  0.0 1946 06 27 21 06        NCEER 
4.00  -98.6000  44.1000  0.0 1946 07 23 06 45        NCEER 
3.30  -71.4700  47.3300  0.0 1946 09 01 04 39        NCEER 
3.00  -74.8800  44.9000  0.0 1946 09 04 19 30        NCEER 
3.20  -75.0000  47.7200  0.0 1946 09 19 00 53        NCEER 
3.40  -72.1500  46.4300  0.0 1946 09 26 21 19        NCEER 
4.00  -90.6000  37.5000  0.0 1946 10 08 01 12        NCEER 
3.10 -103.6000  48.1000  0.0 1946 10 26 20 37        NCEER 
3.60  -76.6000  41.5000  0.0 1946 10 28 20 36        NCEER 
3.10  -77.4500  42.8700  0.0 1946 11 10 11 41        NCEER 
3.00  -74.9000  45.0000  0.0 1946 11 11 10 20 47    aSRA   
3.10  -74.6800  45.1700  0.0 1946 11 24 10 20        NCEER 
3.00  -74.9000  44.9000  0.0 1946 12 25 04 48        NCEER 
3.30  -73.6000  41.0000  0.0 1947 01 04 18 51        NCEER 
3.90  -76.7000  46.8000  0.0 1947 01 19 00 45        NCEER 
4.20  -70.5300  47.6700  0.0 1947 02 02 16 50        NCEER 
3.10  -88.3000  42.1000  0.0 1947 03 16 15 30        NCEER 
4.00  -88.4000  37.0000  0.0 1947 03 26 00 00        NCEER 
4.00  -70.2300  47.3700  0.0 1947 03 29 12 28        NCEER 
3.50  -87.9000  43.0000  0.0 1947 05 06 21 27        NCEER 
3.10 -100.9000  46.0000  0.0 1947 05 14 05 02        NCEER 
3.00 -100.3000  44.4000  0.0 1947 05 16 05 45        NCEER 
3.40  -84.0000  36.0000  0.0 1947 06 06 12 55        NCEER 
4.20  -90.2000  38.4000  0.0 1947 06 30 04 23        NCEER 
4.40  -81.1000  46.5000  0.0 1947 08 08 05 39        NCEER 
4.50  -85.0000  41.9300  0.0 1947 08 10 02 46        NCEER 
3.10  -98.9000  43.1000  0.0 1947 08 25 14 00        NCEER 
4.30  -81.3000  47.0000  0.0 1947 09 14 19 29        NCEER 
3.30  -92.6000  31.9000  0.0 1947 09 20 21 30        NCEER 
3.80  -70.7200  47.5500  0.0 1947 10 22 09 36        NCEER 
3.30  -80.0000  32.9000  0.0 1947 11 02 04 30        NCEER 
4.50  -81.2000  45.7000  0.0 1947 11 03 19 51        NCEER 
4.20  -90.6000  36.7000  0.0 1947 12 01 08 47 33    aSRA   
4.00  -90.1000  35.6000  0.0 1947 12 16 03 27       aSRA   
3.20  -85.3000  35.0000  0.0 1947 12 27 19 00        NCEER 
3.80  -69.2000  45.2000  0.0 1947 12 28 19 58        NCEER 
4.50  -70.4000  47.3000  0.0 1948 01 01 18 33        NCEER 
3.30  -78.3000  37.7000  0.0 1948 01 05 02 45        NCEER 
3.50  -78.5000  37.5000  0.0 1948 01 05 03 20        NCEER 
3.10  -89.1000  38.6000  0.0 1948 01 06 01 34        NCEER 
3.10  -89.7000  43.1000  0.0 1948 01 15 17 40        NCEER 
3.70  -69.0000  50.0000  0.0 1948 01 16 06 02        NCEER 
3.40  -84.1000  36.4000  0.0 1948 02 10 00 04        NCEER 
4.60 -102.4800  36.2200  0.0 1948 03 12 04 29        NCEER 
3.10  -97.3000  37.7000  0.0 1948 04 03 03 00        NCEER 
3.10  -91.8000  41.7000  0.0 1948 04 20 14 17        NCEER 
3.20  -71.8000  41.4000  0.0 1948 05 04 02 23        NCEER 
4.00  -73.6900  45.8600  0.0 1948 05 07 12 02        NCEER 
3.70  -73.8700  45.2300  0.0 1948 06 09 03 04        NCEER 
3.30  -82.2000  26.5000  0.0 1948 11 08 17 44        NCEER 
3.50  -70.3000  46.7000  0.0 1948 11 13 16 49        NCEER 
3.00  -69.2000  45.2000  0.0 1948 11 29 04 56        NCEER 
3.60  -89.7000  36.4000  0.0 1949 01 14 03 45 19.6  aSRA   
3.30  -80.0000  32.9000  0.0 1949 02 02 10 52        NCEER 
3.60  -77.6000  37.6000  0.0 1949 05 08 11 01        NCEER 
3.30  -99.0000  42.5000  0.0 1949 05 13 04 15        NCEER 
3.10 -100.0000  45.0000  0.0 1949 06 03 00 00        NCEER 
3.30  -80.0000  32.9000  0.0 1949 06 27 06 53        NCEER 
3.20  -83.0000  36.7000  0.0 1949 09 17 09 30        NCEER 
4.70  -70.5800  44.8400  0.0 1949 10 05 02 33        NCEER 
4.20  -74.9000  45.4900  0.0 1949 10 16 23 33        NCEER 
3.40  -72.1200  46.4700  0.0 1949 10 30 20 51        NCEER 
5.00 -109.5000  35.7000  0.0 1950 01 17 00 51       aDNAG  
5.30 -110.5000  40.5000  0.0 1950 01 18 01 55 51    aUSHIS 
3.70  -92.7000  37.7000  0.0 1950 02 08 10 37        NCEER 
3.30  -95.2000  46.1000  0.0 1950 02 15 10 05        NCEER 
4.00  -74.5000  46.0000  0.0 1950 03 06 16 14        NCEER 
3.10  -97.1000  33.5000  0.0 1950 03 20 13 24        NCEER 
3.30  -75.8000  41.5000  0.0 1950 03 20 22 55        NCEER 
4.90  -75.5000  47.8300  0.0 1950 04 14 18 20        NCEER 
3.10  -84.2000  39.8000  0.0 1950 04 20 00 00        NCEER 
3.50  -84.0000  35.8000  0.0 1950 06 19 04 19        NCEER 
4.30  -68.1000  49.9000  0.0 1950 06 29 09 13        NCEER 
3.20  -70.2500  47.3300  0.0 1950 08 04 06 45        NCEER 
4.00  -74.7200  45.2000  0.0 1950 08 04 14 29        NCEER 
3.00  -89.9000  35.7000  0.0 1950 09 17 05 48        NCEER 
3.00  -77.1200  45.8200  0.0 1950 10 29 05 59        NCEER 
3.30  -78.3000  37.7000  0.0 1950 11 26 07 45        NCEER 
3.20  -72.5000  41.5000  0.0 1951 01 26 03 27        NCEER 
3.30  -80.0000  32.9000  0.0 1951 03 04 02 55        NCEER 
3.50  -77.6000  37.6000  0.0 1951 03 09 07 00        NCEER 
3.70  -71.5300  41.5200  0.0 1951 06 10 17 20        NCEER 
4.30 -103.0400  35.2200  0.0 1951 06 20 18 37        NCEER 
4.20  -67.5000  50.0000  0.0 1951 06 28 01 03        NCEER 
3.30  -71.3700  47.2000  0.0 1951 07 25 00 22        NCEER 
3.30  -74.6700  45.9300  0.0 1951 08 08 09 36        NCEER 
3.60  -73.8600  41.3500  0.0 1951 09 03 21 26        NCEER 
4.30  -66.2500  49.3000  0.0 1951 09 19 08 19        NCEER 
3.30  -89.9000  38.7000  0.0 1951 09 20 02 38        NCEER 
3.70  -75.3700  46.2200  0.0 1951 09 25 15 45        NCEER 
3.80  -74.7300  45.2700  0.0 1951 10 25 07 07        NCEER 
3.90  -73.5500  44.9200  0.0 1951 11 06 17 54        NCEER 
3.30  -75.5000  40.6000  0.0 1951 11 23 06 45        NCEER 
3.30  -80.0000  32.9000  0.0 1951 12 30 07 55        NCEER 
3.10  -73.2000  44.5000  0.0 1952 01 30 04 00        NCEER 
3.30  -69.3800  46.3300  0.0 1952 02 18 20 56        NCEER 
3.90  -89.5000  36.4000  0.0 1952 02 20 22 34        NCEER 
3.70  -70.2000  46.8000  0.0 1952 02 26 00 56        NCEER 
3.80  -76.1700  47.1000  0.0 1952 03 17 04 14        NCEER 
4.10  -69.8800  47.8300  0.0 1952 03 30 13 11        NCEER 
5.10  -97.8500  35.5200  0.0 1952 04 09 16 29        NCEER 
3.80  -70.5800  47.4700  0.0 1952 04 19 02 50        NCEER 
3.70  -78.5000  47.0000  0.0 1952 04 26 04 59        NCEER 
3.30  -89.7000  36.6000  0.0 1952 05 28 09 54        NCEER 
3.30  -82.3000  36.3000  0.0 1952 06 11 20 20        NCEER 
3.90  -82.0200  39.6400  0.0 1952 06 20 09 38        NCEER 
4.00  -89.6000  36.2000  0.0 1952 07 16 23 48        NCEER 
4.30  -75.8400  46.8700  0.0 1952 07 19 01 16        NCEER 
3.20  -74.5000  43.0000  0.0 1952 08 25 00 07        NCEER 
3.10  -96.5000  35.1000  0.0 1952 10 08 04 15        NCEER 
4.30  -74.0000  41.7000  0.0 1952 10 08 21 40       aDNAG  
4.90  -69.8000  47.8000  0.0 1952 10 14 22 03        NCEER 
3.10  -89.6000  36.2000  0.0 1952 10 17 04 16        NCEER 
3.10  -93.7000  30.1000  0.0 1952 10 17 15 48        NCEER 
3.10 -103.5000  44.1000  0.0 1952 11 15 00 00        NCEER 
3.30  -84.6000  30.6000  0.0 1952 11 18 20 12        NCEER 
3.10  -80.0000  32.9000  0.0 1952 11 19 00 00        NCEER 
3.10  -81.0000  43.8000  0.0 1952 12 25 00 00        NCEER 
3.60  -89.8000  35.9000  0.0 1952 12 25 04 23        NCEER 
4.60  -66.0000  49.0700  0.0 1953 01 24 09 58        NCEER 
3.10  -89.5000  36.0000  0.0 1953 01 26 23 18        NCEER 
3.30  -78.1000  37.7000  0.0 1953 02 07 07 05        NCEER 
3.30  -89.5000  36.5000  0.0 1953 02 11 10 50        NCEER 
3.10  -89.8000  36.1000  0.0 1953 02 17 11 45        NCEER 
3.50  -74.4300  48.0700  0.0 1953 02 28 06 24        NCEER 
4.20  -98.0000  35.6000  0.0 1953 03 17 14 25        NCEER 
3.30  -81.4000  28.6000  0.0 1953 03 26 00 00        NCEER 
3.00  -73.5000  41.1000  0.0 1953 03 27 08 50        NCEER 
3.60  -73.0000  43.7000  0.0 1953 03 31 02 50        NCEER 
3.00  -73.5000  44.7000  0.0 1953 04 26 01 17        NCEER 
3.10  -90.3000  35.6000  0.0 1953 05 12 18 50        NCEER 
3.10  -96.7000  34.7000  0.0 1953 06 06 17 40        NCEER 
3.50  -83.6000  41.7000  0.0 1953 06 12 00 00        NCEER 
4.30 -110.1630  38.9970  0.0 1953 07 30 05 45       aDNAG  
3.10  -74.0000  41.0000  0.0 1953 08 17 04 22        NCEER 
3.90  -90.1000  38.8000  0.0 1953 09 11 18 26        NCEER 
4.40  -65.2000  49.1000  0.0 1953 09 14 22 52        NCEER 
3.30  -83.9000  36.0000  0.0 1953 10 11 04 00        NCEER 
3.00 -102.9000  45.2000  0.0 1953 12 21 22 43        NCEER 
3.30  -89.1000  38.6000  0.0 1953 12 30 22 00        NCEER 
3.10  -99.3000  43.1000  0.0 1953 12 31 20 30        NCEER 
3.80  -83.2000  37.3000  0.0 1954 01 01 02 30        NCEER 
4.40  -83.7000  36.6000  0.0 1954 01 02 03 25        NCEER 
3.20  -76.0000  40.3000  0.0 1954 01 07 07 25        NCEER 
3.10  -68.2300  49.1700  0.0 1954 01 10 21 04        NCEER 
3.10  -89.4000  36.0000  0.0 1954 01 17 07 15        NCEER 
3.40 -105.5000  41.5000  0.0 1954 01 20 20 50        NCEER 
3.10  -84.4000  35.3000  0.0 1954 01 23 01 00        NCEER 
3.10  -77.3000  42.9000  0.0 1954 01 31 12 30        NCEER 
3.30  -76.6500  43.0300  0.0 1954 02 01 00 37        NCEER 
4.30  -90.3000  36.7000  0.0 1954 02 02 16 53        NCEER 
3.80  -70.2500  47.6000  0.0 1954 02 07 20 24        NCEER 
3.50  -70.6200  47.6700  0.0 1954 02 21 09 00        NCEER 
3.10  -96.4000  35.0000  0.0 1954 04 11 00 00        NCEER 
4.30  -76.1200  47.0000  0.0 1954 04 12 21 22        NCEER 
3.10  -73.5000  44.7000  0.0 1954 04 21 15 45        NCEER 
4.10  -79.2000  43.1000  0.0 1954 04 27 02 14        NCEER 
3.90  -90.0000  35.1000  0.0 1954 04 27 04 09        NCEER 
3.00  -74.2000  45.0000  0.0 1954 05 20 22 00        NCEER 
3.70  -70.1200  47.0000  0.0 1954 06 30 07 41        NCEER 
3.50  -70.7000  42.8100  0.0 1954 07 29 19 56        NCEER 
3.10  -87.3000  38.5000  0.0 1954 08 09 00 00        NCEER 
3.30  -76.0000  40.3000  0.0 1954 08 11 03 40        NCEER 
3.60  -68.3700  49.0300  0.0 1954 09 08 01 29        NCEER 
4.60  -75.6600  47.1800  0.0 1954 09 11 18 55        NCEER 
3.00  -74.6000  44.6000  0.0 1954 12 13 03 53        NCEER 
3.10  -88.4000  47.3000  0.0 1955 01 05 20 00        NCEER 
3.10  -82.2000  36.6000  0.0 1955 01 06 20 30        NCEER 
3.40  -88.6000  47.1000  0.0 1955 01 07 05 00        NCEER 
3.30  -78.4000  37.3000  0.0 1955 01 17 12 37        NCEER 
4.00  -73.8000  43.0000  0.0 1955 01 21 08 40       aDNAG  
4.30  -89.8300  36.0700  0.0 1955 01 25 07 24        NCEER 
3.10  -83.9000  36.0000  0.0 1955 01 25 19 34        NCEER 
4.00  -70.5000  47.6700  0.0 1955 02 01 12 40        NCEER 
4.10  -89.1000  30.4000  0.0 1955 02 01 14 45        NCEER 
4.30 -107.0000  40.5000  0.0 1955 02 10 17 30        NCEER 
3.30  -98.6000  41.3000  0.0 1955 02 25 01 45        NCEER 
4.30  -89.7800  38.2300  0.0 1955 04 09 13 01        NCEER 
3.20  -81.4000  41.3000  0.0 1955 05 26 18 09        NCEER 
3.10  -81.4000  41.3000  0.0 1955 06 29 01 16        NCEER 
3.00  -79.6300  43.7700  0.0 1955 06 29 01 17        NCEER 
3.50  -78.3000  42.9000  0.0 1955 08 16 07 35        NCEER 
3.40  -89.5000  36.0000  0.0 1955 09 06 01 45        NCEER 
3.10  -89.5000  36.4000  0.0 1955 09 24 18 45        NCEER 
3.50  -81.3000  36.6000  0.0 1955 09 28 07 01        NCEER 
3.50  -73.9000  45.2200  0.0 1955 10 07 18 09        NCEER 
3.40  -70.2000  48.9300  0.0 1955 10 20 21 31        NCEER 
3.50  -75.8700  46.5000  0.0 1955 11 01 07 45        NCEER 
3.40  -89.5000  36.0000  0.0 1955 12 13 07 43        NCEER 
3.30  -82.4000  34.3000  0.0 1956 01 05 08 00        NCEER 
4.00  -98.3500  37.5800  0.0 1956 01 06 11 58        NCEER 
3.80  -94.8000  29.3000  0.0 1956 01 07 23 30       aSRA   
3.30  -75.4700  45.6700  0.0 1956 01 10 12 08        NCEER 
3.70  -84.0000  40.5000  0.0 1956 01 27 11 03        NCEER 
3.90  -89.8000  35.7600  0.0 1956 01 29 04 44        NCEER 
3.70  -71.1700  47.0500  0.0 1956 01 30 09 43        NCEER 
3.10  -74.8200  45.4500  0.0 1956 02 02 19 24        NCEER 
3.90  -97.3000  35.4000  0.0 1956 02 16 23 30        NCEER 
3.10  -75.3800  44.8500  0.0 1956 03 06 23 38        NCEER 
3.70  -90.4000  40.5000  0.0 1956 03 13 15 05       aSRA   
3.50  -95.6000  34.2000  0.0 1956 04 02 16 03        NCEER 
3.30  -82.4000  34.3000  0.0 1956 05 19 19 00        NCEER 
3.90  -76.4300  47.1000  0.0 1956 06 15 00 53        NCEER 
3.10  -87.7000  43.6000  0.0 1956 07 18 21 30        NCEER 
3.40  -73.7800  44.7000  0.0 1956 07 27 01 34        NCEER 
3.60  -66.1700  49.4200  0.0 1956 08 03 12 52        NCEER 
4.00  -83.7900  36.4400  0.0 1956 09 07 13 35        NCEER 
4.20  -84.0000  35.5000  0.0 1956 09 07 13 49        NCEER 
3.20  -86.7000  35.8000  0.0 1956 09 09 22 45       aSRA   
3.80  -88.4000  31.9000  0.0 1956 09 27 14 15        NCEER 
3.10  -87.9000  42.9000  0.0 1956 10 13 00 00        NCEER 
3.40  -69.0000  48.2500  0.0 1956 10 27 14 40        NCEER 
3.40  -89.7000  36.1000  0.0 1956 10 29 09 23        NCEER 
4.00  -95.8000  36.2000  0.0 1956 10 30 10 36 21    aUSHIS 
4.00  -75.4200  45.9600  0.0 1956 11 04 11 53        NCEER 
4.30  -90.3900  36.9100  0.0 1956 11 26 04 12        NCEER 
3.00  -88.8000  43.5000  0.0 1957 01 08 16 00        NCEER 
4.00  -83.7000  36.6000  0.0 1957 01 25 18 15        NCEER 
3.50  -69.9300  48.4000  0.0 1957 02 19 05 18        NCEER 
3.30  -74.9000  44.9000  0.0 1957 02 20 15 45        NCEER 
4.00  -94.7000  32.6000  0.0 1957 03 19 16 37        NCEER 
3.50  -74.8000  40.6000  0.0 1957 03 23 19 02        NCEER 
3.10  -88.4000  37.0000  0.0 1957 03 26 08 27        NCEER 
4.30  -86.7200  33.7700  0.0 1957 04 23 09 23        NCEER 
3.30  -72.0000  44.4200  0.0 1957 04 24 00 41        NCEER 
4.40  -70.2500  43.5300  0.0 1957 04 26 11 40        NCEER 
4.10  -82.1400  35.8000  0.0 1957 05 13 14 24        NCEER 
3.30  -84.1000  35.9500  0.0 1957 06 23 06 34        NCEER 
3.10  -81.3000  42.9000  0.0 1957 06 29 11 25        NCEER 
3.90  -82.7000  35.6000  0.0 1957 07 02 09 33        NCEER 
3.70  -67.0800  46.5800  0.0 1957 08 04 12 40        NCEER 
4.00  -70.4200  47.4800  0.0 1957 08 06 23 50        NCEER 
3.30  -70.1200  46.7300  0.0 1957 08 17 01 30        NCEER 
3.10  -89.5000  36.2000  0.0 1957 08 17 23 00        NCEER 
3.00  -76.1700  44.8000  0.0 1957 08 21 02 40        NCEER 
3.10  -69.9000  48.4200  0.0 1957 10 09 14 16        NCEER 
3.20  -78.7500  46.3800  0.0 1957 10 27 08 48        NCEER 
3.30  -84.0000  36.0000  0.0 1957 11 07 17 15        NCEER 
3.50  -69.5500  48.6700  0.0 1957 11 13 20 49        NCEER 
3.90  -83.5000  35.0000  0.0 1957 11 24 20 06        NCEER 
3.10  -98.2000  43.8000  0.0 1957 12 03 07 30        NCEER 
4.50  -87.9000  38.4000  0.0 1958 01 08 02 41 43    aDNAG  
3.30  -74.9000  44.9000  0.0 1958 01 11 16 36        NCEER 
3.50  -81.3000  45.0000  0.0 1958 01 24 17 10        NCEER 
3.80  -89.7000  36.1000  0.0 1958 01 26 16 55        NCEER 
3.90  -89.2000  37.1000  0.0 1958 01 28 05 56        NCEER 
3.90  -76.0300  46.9000  0.0 1958 03 01 17 41        NCEER 
3.40  -77.8000  34.2000  0.0 1958 03 05 11 53        NCEER 
3.10  -77.1300  46.0000  0.0 1958 03 19 06 39        NCEER 
3.40  -67.1200  45.5500  0.0 1958 03 23 22 04        NCEER 
3.40  -89.2000  36.3000  0.0 1958 04 08 22 25        NCEER 
3.20  -89.5000  36.4000  0.0 1958 04 26 07 30        NCEER 
3.10  -81.8000  41.5000  0.0 1958 05 01 22 46        NCEER 
3.70  -70.3200  48.5700  0.0 1958 05 06 16 02        NCEER 
5.00  -76.8200  47.0900  0.0 1958 05 14 17 41        NCEER 
3.30  -82.6000  35.6000  0.0 1958 05 16 22 30        NCEER 
3.10  -90.4000  35.5000  0.0 1958 05 20 01 25        NCEER 
3.20  -71.4000  46.7000  0.0 1958 07 18 23 56        NCEER 
4.40  -79.5000  43.0000  0.0 1958 07 22 01 46        NCEER 
3.80  -75.8000  46.5700  0.0 1958 07 25 03 45        NCEER 
3.00  -70.3000  47.3200  0.0 1958 07 27 08 58        NCEER 
3.80  -80.0000  43.1300  0.0 1958 08 04 20 25        NCEER 
3.10 -106.0000  41.1000  0.0 1958 08 07 00 46        NCEER 
3.60  -70.3800  47.9300  0.0 1958 08 08 22 15        NCEER 
3.90  -69.3800  48.6000  0.0 1958 08 12 03 22        NCEER 
3.60  -79.0000  43.0000  0.0 1958 08 22 14 25        NCEER 
3.00  -70.2000  43.6000  0.0 1958 09 19 17 45        NCEER 
3.30  -69.2700  48.3800  0.0 1958 09 29 10 45        NCEER 
3.70  -73.7300  45.1800  0.0 1958 09 30 00 13        NCEER 
3.50  -82.7000  34.5000  0.0 1958 10 20 06 16        NCEER 
4.10  -68.0000  49.6000  0.0 1958 10 21 09 32        NCEER 
3.00  -81.9000  37.2000  0.0 1958 10 23 02 29        NCEER 
3.10  -90.1000  29.9000  0.0 1958 11 06 23 08        NCEER 
4.40  -88.0100  38.4400  0.0 1958 11 08 02 41        NCEER 
3.30  -91.2000  30.5000  0.0 1958 11 19 18 15        NCEER 
3.30  -71.7000  44.0000  0.0 1958 11 21 23 30        NCEER 
3.70  -69.8200  46.9800  0.0 1958 12 23 23 14        NCEER 
3.10  -98.1000  44.9000  0.0 1959 01 12 13 00        NCEER 
3.10  -89.5000  36.3000  0.0 1959 01 21 15 35        NCEER 
3.10  -81.0000  43.0000  0.0 1959 02 09 00 00        NCEER 
4.20 -100.9000  35.5000  0.0 1959 02 10 20 05        NCEER 
3.20  -89.5000  36.1000  0.0 1959 02 13 08 37        NCEER 
3.40  -73.2700  41.9200  0.0 1959 04 13 21 20        NCEER 
3.50  -70.3300  47.1200  0.0 1959 04 16 16 36        NCEER 
3.70  -80.6800  37.3900  0.0 1959 04 23 20 58        NCEER 
3.90  -76.4500  46.5500  0.0 1959 05 21 09 38        NCEER 
3.50  -79.2000  48.8000  0.0 1959 05 24 10 52        NCEER 
3.60  -84.3000  35.4000  0.0 1959 06 13 01 00       aSRA   
3.70  -96.7000  34.7000  0.0 1959 06 15 12 45        NCEER 
4.10  -98.0600  34.6400  0.0 1959 06 17 10 27        NCEER 
3.10  -80.7000  37.3000  0.0 1959 07 07 23 17        NCEER 
4.10  -68.3200  48.4200  0.0 1959 08 01 13 52        NCEER 
4.60  -80.1300  33.0500  0.0 1959 08 03 06 08        NCEER 
3.90  -86.5600  34.7900  0.0 1959 08 12 18 06        NCEER 
3.20  -80.7000  37.3000  0.0 1959 08 21 17 20        NCEER 
3.20  -70.7800  46.9500  0.0 1959 08 22 03 52        NCEER 
3.40  -93.1000  29.8000  0.0 1959 10 15 15 45        NCEER 
4.00  -80.2000  34.5000  0.0 1959 10 27 02 07        NCEER 
3.40  -89.3400  36.0300  0.0 1959 12 21 16 23        NCEER 
4.30 -106.2000  41.1000  0.0 1959 12 25 09 50        NCEER 
3.70  -75.6700  46.9700  0.0 1960 01 20 20 07        NCEER 
3.40  -75.5000  41.5000  0.0 1960 01 22 20 53 22    aSRA   
3.20  -89.5000  36.0000  0.0 1960 01 28 21 38        NCEER 
3.30  -70.3800  47.8000  0.0 1960 02 06 00 44        NCEER 
4.20  -80.1200  33.0700  0.0 1960 03 12 12 47        NCEER 
3.50  -84.0000  35.8000  0.0 1960 04 15 10 10        NCEER 
3.40  -89.5000  36.0000  0.0 1960 04 21 10 45        NCEER 
4.00  -70.3400  47.8800  0.0 1960 04 23 11 47        NCEER 
3.10  -92.0000  34.2000  0.0 1960 05 04 16 31        NCEER 
3.70  -80.0000  32.9000  0.0 1960 07 24 03 37        NCEER 
3.30  -79.3000  37.4000  0.0 1960 09 04 18 40        NCEER 
5.50 -107.6000  38.3000 49.0 1960 10 11 08 05 30.5  aUSHIS 
3.60  -95.5000  34.9000  0.0 1961 01 11 01 40        NCEER 
3.80  -66.9300  46.3800  0.0 1961 01 29 00 49        NCEER 
3.70  -83.3000  41.2000  0.0 1961 02 22 09 45        NCEER 
3.20  -75.2800  45.1700  0.0 1961 03 13 10 55        NCEER 
3.60  -99.7700  39.9800  0.0 1961 04 13 21 14        NCEER 
3.20  -74.8000  45.0000  0.0 1961 04 20 13 13        NCEER 
3.60  -95.0000  34.6000  0.0 1961 04 26 07 05        NCEER 
3.80  -95.3000  34.9000  0.0 1961 04 27 07 30        NCEER 
3.40  -70.5000  47.3300  0.0 1961 08 22 18 55        NCEER 
3.80  -90.1900  35.9600  0.0 1961 09 09 22 42        NCEER 
4.30  -75.5000  40.8000  0.0 1961 09 15 02 16 56    aDNAG  
3.10  -74.9000  44.9000  0.0 1961 09 29 06 30        NCEER 
3.80  -76.5800  48.6700  0.0 1961 10 07 22 36        NCEER 
3.90  -94.2400  39.3200  0.0 1961 12 25 12 58        NCEER 
3.30  -74.8000  40.5000  0.0 1961 12 27 17 06        NCEER 
4.00 -100.7200  44.2500  0.0 1961 12 31 16 36        NCEER 
3.80  -74.8500  45.9200  0.0 1962 01 27 12 11        NCEER 
3.50  -67.1300  47.5000  0.0 1962 01 31 14 32        NCEER 
4.30  -89.5100  36.3700  0.0 1962 02 02 06 43        NCEER 
3.00  -88.7000  37.0000  0.0 1962 02 16 00 00        NCEER 
3.30  -69.4700  47.1800  0.0 1962 03 23 02 02        NCEER 
4.00  -66.0200  47.5700  0.0 1962 03 25 05 15        NCEER 
3.00  -79.3000  43.0000  0.0 1962 03 27 06 35        NCEER 
4.30  -72.9700  44.1100  0.0 1962 04 10 14 30        NCEER 
3.30  -98.6000  35.3000  0.0 1962 04 28 06 09        NCEER 
3.00  -89.5000  36.5000  0.0 1962 05 24 00 00        NCEER 
3.20  -90.3900  35.3800  0.0 1962 06 01 11 23        NCEER 
3.20  -72.6400  45.4400  0.0 1962 06 21 02 06        NCEER 
5.40  -88.6400  37.9000  0.0 1962 06 27 01 28        NCEER 
3.20  -89.8200  36.5600  0.0 1962 07 14 02 23        NCEER 
3.60  -89.4000  36.0400  0.0 1962 07 23 06 05        NCEER 
3.90  -70.6700  47.2500  0.0 1962 07 27 17 56        NCEER 
3.20  -97.4000  34.8000  0.0 1962 08 10 20 47 19    aSRA   
3.60  -70.0500  47.5300  0.0 1962 08 11 03 05        NCEER 
3.30  -77.7000  39.5000  0.0 1962 09 04 23 40        NCEER 
3.30  -78.2000  39.7000  0.0 1962 09 07 14 00        NCEER 
3.10 -110.8900  39.2000  7.0 1962 09 07 16 50 23.8  aSRA   
3.20  -98.4000  34.7000  0.0 1962 09 07 22 53 44    aSRA   
3.30  -74.3000  44.8000  0.0 1962 10 02 23 45        NCEER 
3.00  -69.1300  45.5700  0.0 1962 12 01 21 29        NCEER 
3.40 -110.4200  39.3600  7.0 1962 12 11 10 28 13.5  aSRA   
3.00  -71.7000  42.8000  0.0 1962 12 29 06 19        NCEER 
3.30  -80.1000  37.3000  0.0 1963 01 17 14 26        NCEER 
3.00  -75.9000  44.0000  0.0 1963 01 30 14 50        NCEER 
3.40  -92.1000  34.4000  0.0 1963 02 07 21 18        NCEER 
4.30 -109.2000  42.6000 33.0 1963 02 25 18 45 16.5  aSRA   
3.00  -79.5700  43.2000  0.0 1963 02 27 06 00        NCEER 
3.40  -75.7300  41.5100  0.0 1963 03 02 20 24        NCEER 
4.80  -90.0500  36.6400  0.0 1963 03 03 17 30        NCEER 
3.10  -95.9000  34.6000  0.0 1963 03 13 09 33        NCEER 
3.90 -109.8000  45.1000 33.0 1963 04 03 09 55 12.6  aSRA   
3.10  -89.5800  36.4600  0.0 1963 04 06 08 12        NCEER 
3.10  -89.5400  36.6700  0.0 1963 05 02 01 09        NCEER 
3.30  -80.1900  32.9700  0.0 1963 05 04 21 01        NCEER 
3.00  -96.4000  34.3000  0.0 1963 05 07 20 03 29    aSRA   
3.50  -75.2000  43.5000  0.0 1963 05 19 19 14        NCEER 
4.40 -104.0000  39.3000  0.0 1963 06 05 00 13        NCEER 
4.00 -104.4000  36.6000  0.0 1963 06 06 08 05 33.00  SNMX  
3.30  -73.7500  42.3700  0.0 1963 07 01 19 59        NCEER 
3.10  -90.4700  36.9700  0.0 1963 07 08 23 51        NCEER 
3.00  -66.5000  46.8000  0.0 1963 08 01 06 34        NCEER 
4.40  -88.7700  36.9800  0.0 1963 08 03 00 37        NCEER 
3.50  -73.9500  45.1800  0.0 1963 08 26 16 29        NCEER 
4.30 -111.2200  38.1000  7.0 1963 09 30 09 17 39.3  aSRA   
3.20  -82.5000  33.9000  0.0 1963 10 08 06 01 43.4  aSRA   
3.60  -78.1970  39.6550  0.0 1963 10 10 14 59 52.3  aSRA   
4.50 -108.3000  42.2000 30.0 1963 10 14 08 31 23    aSRA   
4.20  -77.4700  46.3700  0.0 1963 10 15 13 59        NCEER 
3.80  -70.4200  42.4000  0.0 1963 10 16 15 30        NCEER 
3.70  -81.0000  36.7000  0.0 1963 10 28 22 38        NCEER 
3.40  -70.8000  42.7000  0.0 1963 10 30 22 36        NCEER 
3.20  -71.6000  43.6000  0.0 1963 12 04 21 32        NCEER 
3.20  -86.9700  37.1500  0.0 1963 12 05 06 51        NCEER 
3.40 -104.1333  35.1333  0.0 1963 12 19 16 47 28.00  SNMX  
3.90  -77.5300  46.2300  0.0 1964 01 08 10 03        NCEER 
3.30  -89.4600  36.8400  0.0 1964 01 16 05 09        NCEER 
3.10  -70.7000  46.9200  0.0 1964 01 20 18 57        NCEER 
3.00  -89.5000  36.5000  0.0 1964 01 25 19 54        NCEER 
3.40  -99.7000  35.1000  0.0 1964 02 02 08 23        NCEER 
3.30  -77.9600  40.3800  0.0 1964 02 13 19 46        NCEER 
3.30  -85.4000  34.7000  0.0 1964 02 17 22 47       aSRA   
3.30  -82.3900  33.7200  0.0 1964 03 07 18 02        NCEER 
3.90  -83.3100  33.1900  0.0 1964 03 13 01 20        NCEER 
3.50  -89.6000  36.2000  0.0 1964 03 17 02 16        NCEER 
3.50 -103.5000  43.5000  0.0 1964 03 24 06 12        NCEER 
3.40 -104.1000  42.7000  0.0 1964 03 28 03 00        NCEER 
4.50 -101.8000  43.0000  0.0 1964 03 28 10 08        NCEER 
4.30  -74.9000  44.9000  0.0 1964 03 29 09 16        NCEER 
3.10  -71.5000  43.6000  0.0 1964 04 01 11 21        NCEER 
3.80  -81.1000  46.4000  0.0 1964 04 05 13 21        NCEER 
3.70  -81.1000  33.8400  0.0 1964 04 20 19 04        NCEER 
3.60  -93.8100  31.4200  0.0 1964 04 24 07 33        NCEER 
3.20  -76.4100  40.3000  0.0 1964 05 12 06 45        NCEER 
3.90  -90.0200  36.5800  0.0 1964 05 23 11 25        NCEER 
4.20  -94.0000  31.3000  0.0 1964 06 02 23 00       aSRA   
3.00  -94.0000  31.0000  0.0 1964 06 03 09 37        NCEER 
3.30  -74.3000  40.9000  0.0 1964 06 16 00 00        NCEER 
3.80  -71.6800  43.4000  0.0 1964 06 26 11 04        NCEER 
3.70  -79.2000  47.8000  0.0 1964 06 27 19 17        NCEER 
3.80  -67.4200  49.4300  0.0 1964 07 01 21 41        NCEER 
3.40  -71.4100  46.7200  0.0 1964 07 12 00 00        NCEER 
3.30  -76.2500  46.6500  0.0 1964 07 24 10 34        NCEER 
3.00  -83.9000  36.0000  0.0 1964 07 28 00 00        NCEER 
4.00 -106.0000  39.7000  0.0 1964 08 04 11 13        NCEER 
3.00 -110.9200  38.9500  7.0 1964 08 05 15 17 56.2  aSRA   
3.00  -93.8000  31.4000  0.0 1964 08 16 11 35        NCEER 
4.50 -104.7000  42.9000  0.0 1964 08 22 03 28        NCEER 
3.00 -102.2500  43.7700  0.0 1964 08 26 16 58        NCEER 
3.10  -73.8700  48.4000  0.0 1964 09 09 06 16        NCEER 
4.10 -107.8000  41.9000 33.0 1964 09 10 06 19 50.7  aSRA   
4.00 -109.7000  50.0000 33.0 1964 09 19 20 51 05    aDNAG  
3.00  -91.1000  37.1000  0.0 1964 09 24 08 09        NCEER 
3.40  -96.4000  44.0000  0.0 1964 09 28 15 41        NCEER 
3.00  -89.8000  47.4000  0.0 1964 10 10 08 30        NCEER 
3.00  -90.3000  47.3000  0.0 1964 10 10 11 30        NCEER 
3.20  -83.9000  36.0000  0.0 1964 10 13 16 30        NCEER 
3.90  -67.2500  47.6700  0.0 1964 10 17 14 13        NCEER 
4.60  -89.5640  31.2290  0.0 1964 10 22 16 00 01.5  aSRA   
3.10  -73.7000  41.2000  0.0 1964 11 17 17 08        NCEER 
3.60  -81.6980  37.3940  6.0 1964 11 25 02 50 06.4  aSRA   
3.10 -110.9160  38.9230  7.0 1964 12 16 21 39 25.25 aDNAG  
3.00  -72.0000  43.5000  0.0 1965 01 03 17 05        NCEER 
3.50  -78.5000  48.0000  0.0 1965 01 08 12 29        NCEER 
3.30 -110.3500  39.4400  7.0 1965 01 14 12 30 10.8  aSRA   
3.40 -103.8000  35.1000  0.0 1965 02 03 11 32 34.00  SNMX  
3.00 -103.0000  31.9000  0.0 1965 02 03 19 59 32    aSRA   
3.30  -89.5900  36.5200  0.0 1965 02 11 03 40        NCEER 
3.00  -93.3000  36.9000  0.0 1965 02 14 20 03        NCEER 
3.10  -71.2500  47.5000  0.0 1965 03 01 02 22        NCEER 
3.20  -78.8300  47.7200  0.0 1965 03 05 12 11        NCEER 
4.00  -91.0300  37.4000  0.0 1965 03 06 21 08        NCEER 
3.10  -83.0000  45.0000  0.0 1965 03 06 21 13        NCEER 
3.10  -67.5300  49.7700  0.0 1965 03 18 12 09        NCEER 
3.70  -89.5200  36.4600  0.0 1965 03 25 12 59        NCEER 
3.40  -80.5000  46.0000  0.0 1965 04 01 06 30        NCEER 
3.50  -81.6000  37.3200  0.0 1965 04 26 15 26        NCEER 
3.30  -89.9000  36.1000  0.0 1965 05 25 07 15        NCEER 
4.30 -106.3000  39.4000 33.0 1965 05 30 17 31 04.1  aSRA   
3.00  -89.5000  36.5000  0.0 1965 06 01 07 24        NCEER 
4.70 -106.5000  43.6000 33.0 1965 06 03 19 30 25.8  aSRA   
3.30  -89.5000  36.5000  0.0 1965 07 08 07 03        NCEER 
3.00  -78.0800  43.0400  0.0 1965 07 16 11 06        NCEER 
3.10 -109.9000  39.5000 33.0 1965 07 18 03 55 51.4  aSRA   
3.90 -109.8000  44.7000 33.0 1965 08 06 15 39 49.2  aSRA   
3.80  -89.3100  37.2300  0.0 1965 08 14 13 13        NCEER 
3.30 -110.6000  42.3000 33.0 1965 08 22 17 54 33.3  aSRA   
3.10  -78.1000  43.0000  0.0 1965 08 28 01 55       aSRA   
3.50 -102.3000  32.1000  0.0 1965 08 30 05 17        NCEER 
3.20  -65.2800  46.0000  0.0 1965 08 31 08 38        NCEER 
3.20  -81.2000  34.7000  0.0 1965 09 09 14 42        NCEER 
3.80  -79.0500  46.7200  0.0 1965 09 15 17 56        NCEER 
3.30  -74.4000  41.4000  0.0 1965 09 29 20 57        NCEER 
3.90  -67.6600  49.7800  0.0 1965 10 05 14 36        NCEER 
3.30  -79.7500  40.0800  0.0 1965 10 08 02 17        NCEER 
3.10  -97.7000  36.1000  0.0 1965 10 10 23 51        NCEER 
4.90  -90.9400  37.4800  0.0 1965 10 21 02 04        NCEER 
3.00  -70.1000  41.3000  0.0 1965 10 24 17 45        NCEER 
3.40  -90.9200  37.0300  0.0 1965 11 04 07 43        NCEER 
4.20  -76.3600  47.2500  0.0 1965 11 07 20 57        NCEER 
3.30  -83.2000  33.2000  0.0 1965 11 08 12 58 01    aSRA   
3.70  -76.2800  46.9300  0.0 1965 11 24 21 28        NCEER 
3.20  -71.4000  41.7000  0.0 1965 12 08 03 02        NCEER 
4.10  -70.6000  47.8300  0.0 1965 12 16 13 53        NCEER 
3.80  -89.7600  36.0300  0.0 1965 12 19 22 19        NCEER 
3.90  -78.2500  42.8400  0.0 1966 01 01 13 23        NCEER 
3.90  -67.4700  48.9000  0.0 1966 01 14 15 29        NCEER 
3.60  -89.8700  35.9500  0.0 1966 02 12 04 32        NCEER 
3.48  -87.0000  33.6000  0.0 1966 02 13 06 29 43    aSRA   
3.60  -90.9000  37.0400  0.0 1966 02 13 23 19        NCEER 
3.00  -90.0000  36.2000  0.0 1966 03 13 14 24        NCEER 
3.20  -76.1600  46.5000  0.0 1966 03 20 23 45        NCEER 
4.70 -106.4600  39.3600  0.0 1966 04 03 16 21 34    aSRA   
3.40 -103.3333  35.2833  0.0 1966 04 21 14 14 19.00  SNMX  
3.30  -71.9000  44.1000  0.0 1966 04 28 12 02        NCEER 
4.30  -78.1300  37.6600  0.0 1966 05 31 06 18        NCEER 
3.10  -88.2000  38.6000  0.0 1966 06 22 11 27        NCEER 
3.40  -73.8300  45.1600  0.0 1966 06 25 00 05        NCEER 
3.10 -103.4300  44.3000  0.0 1966 06 26 11 59        NCEER 
3.30  -66.0000  49.5000  0.0 1966 07 12 01 06        NCEER 
3.70 -101.3300  35.6400  0.0 1966 07 20 09 04        NCEER 
3.20  -70.0000  47.7500  0.0 1966 07 20 20 08        NCEER 
4.20  -88.9000  47.5000  0.0 1966 07 23 08 30 00.00 aPDE   
3.00  -67.6000  44.5000  0.0 1966 07 24 01 59        NCEER 
3.70  -68.5500  49.6300  0.0 1966 07 24 22 19        NCEER 
3.10 -110.3600  39.4400  7.0 1966 07 30 03 25 31    aSRA   
4.30 -102.3390  32.1150  3.0 1966 08 14 15 25 53.7  aUSHIS 
3.00  -84.0000  35.8000  0.0 1966 08 24 06 00        NCEER 
4.20 -107.6000  38.3000 33.0 1966 09 04 09 52 34.5  aSRA   
3.10  -98.8100  41.3000  0.0 1966 09 09 09 50        NCEER 
3.10  -80.3000  39.3000  0.0 1966 09 28 00 00        NCEER 
3.20  -65.2500  46.9200  0.0 1966 09 28 20 11        NCEER 
3.00  -70.3300  47.6600  0.0 1966 10 01 17 23        NCEER 
4.50 -104.1000  37.4000  0.0 1966 10 03 02 26        NCEER 
3.00 -104.6000  39.3000  0.0 1966 10 13 00 33       aSRA   
3.20  -71.8000  43.0000  0.0 1966 10 23 23 05        NCEER 
3.90 -106.9000  40.2000 33.0 1966 11 01 07 40 28    aSRA   
3.60  -76.3000  47.0000  0.0 1966 11 13 15 43        NCEER 
3.00  -92.8000  38.9000  0.0 1966 12 06 08 00        NCEER 
3.40  -68.1700  49.0000  0.0 1966 12 12 21 04        NCEER 
3.70 -107.0167  36.9833  0.0 1966 12 16 02 00 40.00  SNMX  
3.30 -106.5000  39.0000  5.0 1966 12 19 20 52 33.3  aSRA   
4.40 -107.5100  38.9800 33.0 1967 01 12 03 52 06.2  aSRA   
4.10 -107.8600  37.6700 33.0 1967 01 16 09 22 45.9  aSRA   
3.80 -107.0500  40.0500 33.0 1967 01 18 06 12 00.6  aSRA   
3.60 -109.7700  44.7400 33.0 1967 01 21 00 18 16    aSRA   
3.10  -84.6000  42.7000  0.0 1967 02 02 06 30        NCEER 
3.30  -71.4000  41.4000  0.0 1967 02 02 13 40        NCEER 
3.00 -110.1000  39.5500 33.0 1967 02 05 10 07 16.6  aSRA   
3.10  -90.0000  36.0000  0.0 1967 02 12  0  0       aSRA   
3.40 -110.3700  39.2700  5.0 1967 02 15 15 02 16.5  aSRA   
3.10 -110.2800  42.0500  7.0 1967 03 10 02 20 33.2  aSRA   
3.60 -109.9000  45.1600 33.0 1967 03 28 20 31 35.4  aSRA   
3.00 -107.7500  38.3200 33.0 1967 04 04 22 53 39.5  aSRA   
3.70  -82.5300  39.6500  0.0 1967 04 08 05 40        NCEER 
3.00  -89.7000  36.1000  0.0 1967 04 11 23 44        NCEER 
3.40 -110.6180  41.5350  0.0 1967 04 24 17 07 28.40 aPDE   
4.70 -108.7700  43.4100  5.0 1967 04 26 10 17 59.4  aSRA   
4.80 -105.9000  43.6600  0.0 1967 05 11 21 15        NCEER 
3.20  -69.9000  42.3000  0.0 1967 05 15 22 47        NCEER 
4.30  -90.8400  33.5500  0.0 1967 06 04 16 14        NCEER 
3.70  -75.0300  46.5800  0.0 1967 06 11 01 49        NCEER 
3.90  -78.2300  42.8400  0.0 1967 06 13 19 08        NCEER 
3.80  -69.9000  44.4000  0.0 1967 07 01 16 11 18.9  aSRA   
3.40  -90.4000  35.8000  0.0 1967 07 06 16 43        NCEER 
4.60  -90.4400  37.4400  0.0 1967 07 21 09 14        NCEER 
3.10  -91.1000  37.1000  0.0 1967 08 25 19 15        NCEER 
3.40  -70.7000  46.9300  0.0 1967 09 23 16 27        NCEER 
4.70  -65.6300  49.4400  0.0 1967 09 30 22 39        NCEER 
3.00  -89.5000  36.5000  0.0 1967 10 18 05 08        NCEER 
3.40  -80.2200  32.8000  0.0 1967 10 23 09 04        NCEER 
3.20  -73.8000  41.2000  0.0 1967 11 22 22 10        NCEER 
3.50  -99.6000  43.5600  0.0 1967 11 23 06 23        NCEER 
5.10 -107.2100  36.6800  0.0 1967 12 10 19 30 00.1  aSRA   
3.50  -81.6000  37.3600  0.0 1967 12 16 12 23        NCEER 
3.10  -95.5500  34.8500  0.0 1968 01 04 22 30        NCEER 
3.80 -106.8000  42.7000 33.0 1968 01 09 02 16 39.3  aSRA   
3.30  -89.8000  36.2000  0.0 1968 01 23 16 16        NCEER 
3.80  -89.8600  36.5200  0.0 1968 02 10 01 34        NCEER 
3.20 -110.6100  41.7200  7.0 1968 02 20 06 34 26.4  aSRA   
3.40  -80.7700  37.2800  0.0 1968 03 08 05 38        NCEER 
3.10  -70.4900  47.9400  0.0 1968 03 30 15 28        NCEER 
4.50  -89.8500  38.0200  0.0 1968 03 31 17 58        NCEER 
3.50  -70.4000  47.6000  0.0 1968 04 11 09 18        NCEER 
3.80 -102.1000  37.8000  0.0 1968 04 21 07 08        NCEER 
3.30  -66.6600  46.9000  0.0 1968 05 27 19 21        NCEER 
3.50  -89.5000  36.5000  0.0 1968 05 30 01 59        NCEER 
3.30 -110.4500  39.2100  7.0 1968 06 02 18 59 23.2  aSRA   
3.00 -110.4700  41.9300  7.0 1968 06 14 21 11 15.3  aSRA   
3.80 -107.4100  39.3100 33.0 1968 06 23 20 16 13    aSRA   
3.70 -100.7400  46.5900  0.0 1968 07 08 16 50        NCEER 
3.10  -89.5000  36.5000  0.0 1968 07 14 04 21 25    aSRA   
3.00  -90.8000  35.7000  0.0 1968 07 15 04 21        NCEER 
3.10  -71.3000  47.0100  0.0 1968 07 24 23 16        NCEER 
3.00  -84.2000  40.4000  0.0 1968 07 26 15 02 53.7  aSRA   
3.10  -81.4800  34.1100  0.0 1968 09 22 21 41        NCEER 
3.30  -69.4500  45.1700  0.0 1968 09 23 15 38        NCEER 
3.40  -81.6600  45.8000  0.0 1968 10 10 20 10        NCEER 
3.50  -96.8000  34.0000  0.0 1968 10 14 14 42        NCEER 
3.20  -74.1000  45.3000  0.0 1968 10 19 10 37        NCEER 
3.60  -70.6000  47.5000  0.0 1968 10 20 02 36        NCEER 
5.00 -106.6400  47.9200  0.0 1968 10 30 17 00       aSRA   
3.70  -83.0000  43.0000  0.0 1968 10 31 00 00        NCEER 
3.30  -72.5000  41.4000  0.0 1968 11 03 08 33        NCEER 
3.10  -76.3000  46.1700  0.0 1968 11 03 20 50        NCEER 
5.50  -88.3700  37.9100  0.0 1968 11 09 17 01        NCEER 
3.30  -77.9000  34.1000  0.0 1968 11 25 20 00        NCEER 
3.20  -74.6000  39.7000  0.0 1968 12 10 09 12        NCEER 
3.40  -87.6000  37.8000  0.0 1968 12 11 15 00        NCEER 
3.00  -85.8000  38.3000  0.0 1968 12 11 16 00        NCEER 
4.40  -92.6900  34.9900  0.0 1969 01 01 23 35        NCEER 
3.40  -90.4000  37.8000  0.0 1969 01 20 19 25        NCEER 
3.50  -96.3000  34.2000  0.0 1969 04 13 06 27        NCEER 
3.30  -96.3100  35.2900  0.0 1969 05 02 11 33        NCEER 
3.60  -70.6500  47.4700  0.0 1969 05 10 18 43        NCEER 
3.50  -82.5800  33.9500  0.0 1969 05 18 00 00        NCEER 
3.10  -78.2450  39.6100  0.0 1969 05 22 14 59 51.6  aSRA   
3.50 -104.4000  40.4000  0.0 1969 05 26 01 30        NCEER 
3.00  -97.8000  34.8000  0.0 1969 05 30 14 08        NCEER 
3.10  -81.4500  49.6700  0.0 1969 06 04 09 36        NCEER 
3.00  -97.0000  37.4000  0.0 1969 07 01 03 36        NCEER 
4.10  -83.6900  36.1200  0.0 1969 07 13 21 51        NCEER 
3.80  -70.0900  47.8300  0.0 1969 07 14 03 06        NCEER 
3.10  -89.5000  36.5000  0.0 1969 07 27  0  0       aSRA   
3.50  -71.4000  43.8000  0.0 1969 08 06 16 02        NCEER 
3.20  -70.0700  47.4900  0.0 1969 08 31 07 20        NCEER 
5.30 -107.9500  39.4100  0.0 1969 09 10 21 00 00.1  aSRA   
3.30  -74.6000  41.1000  0.0 1969 10 06 00 00        NCEER 
3.10 -106.5800  48.2900  0.0 1969 10 06 20 24        NCEER 
4.50  -75.0600  46.3100  0.0 1969 10 10 00 07        NCEER 
4.60  -80.9300  37.4500  0.0 1969 11 20 01 00        NCEER 
3.60  -77.6700  37.8400  0.0 1969 12 11 23 44        NCEER 
3.70  -82.8500  35.0400  0.0 1969 12 13 10 19        NCEER 
3.10  -89.9000  35.2000  0.0 1970 01 07 17 45        NCEER 
3.80 -103.4167  35.9000  0.0 1970 01 12 11 21 15.00  SNMX  
3.10  -97.0000  31.0000  0.0 1970 02 03 00 00        NCEER 
4.00 -108.3100  37.9200 33.0 1970 02 03 05 59 35.6  aSRA   
3.40  -90.6000  37.9000  0.0 1970 02 06 04 53        NCEER 
3.10  -77.7800  48.2400  0.0 1970 02 27 08 08        NCEER 
3.30  -89.5400  36.6000  0.0 1970 03 27 03 44        NCEER 
3.10  -81.2200  49.7000  0.0 1970 04 25 00 46        NCEER 
3.20  -78.2750  39.6190  0.0 1970 05 27 17 59 41.4  aSRA   
3.70  -82.2060  36.9900 12.0 1970 07 30 15 15 16.9  aSRA   
3.50  -83.4000  37.7000  0.0 1970 07 31 00 31       aSRA   
3.30  -66.1200  45.8000  0.0 1970 08 08 00 10        NCEER 
3.20  -82.0500  38.2300  0.0 1970 08 11 06 14        NCEER 
3.20  -70.3000  47.9200  0.0 1970 09 07 21 39        NCEER 
3.10  -81.4200  36.0200  0.0 1970 09 10 01 41        NCEER 
3.00  -71.0300  48.7200  0.0 1970 10 09 16 35        NCEER 
3.30  -76.2500  47.0700  0.0 1970 10 15 18 56        NCEER 
3.00  -90.0000  36.0000  0.0 1970 11 05 10 25        NCEER 
4.40  -89.9500  35.8600  0.0 1970 11 17 02 13        NCEER 
3.00  -89.5000  36.3000  0.0 1970 11 30 04 46        NCEER 
3.00  -89.0000  36.0000  0.0 1970 12 08 23 16        NCEER 
4.90 -107.5500  43.9600 15.0 1970 12 12 15 57 19.1  aSRA   
3.40  -89.5500  36.7100  0.0 1970 12 24 10 17        NCEER 
3.00  -75.9600  47.1700  0.0 1971 01 06 06 22        NCEER 
3.80 -107.3100  39.4900 33.0 1971 01 07 20 39 52.1  aSRA   
3.10  -75.1800  46.9200  0.0 1971 01 19 13 44        NCEER 
3.10  -87.8500  38.5000  0.0 1971 02 12 12 44        NCEER 
3.00  -83.2000  37.1000  0.0 1971 02 19 23 11        NCEER 
3.60  -87.8400  33.1800  0.0 1971 03 14 17 27        NCEER 
3.70  -88.3000  32.8000  0.0 1971 03 16 02 37        NCEER 
4.40 -106.9700  40.7000 10.0 1971 03 18 09 08 59.9  aSRA   
3.00  -81.6000  37.4000  0.0 1971 04 01 05 05        NCEER 
3.00  -90.1000  35.8000  0.0 1971 04 13 14 00        NCEER 
3.20  -73.3700  45.1000  0.0 1971 05 14 06 20        NCEER 
3.70  -80.6600  33.3600  0.0 1971 05 19 12 54        NCEER 
4.10  -74.4800  43.9000  0.0 1971 05 23 06 24        NCEER 
3.00  -76.2800  46.5500  0.0 1971 07 06 17 47        NCEER 
3.10  -81.2000  46.7400  0.0 1971 07 09 05 05        NCEER 
3.70 -109.6000  40.2400  7.0 1971 07 10 17 22 36.8  aSRA   
3.40  -84.0000  36.0000  0.0 1971 07 13 02 03       aSRA   
3.40  -84.3000  36.0000  0.0 1971 07 13 03 03        NCEER 
3.60  -83.0000  34.8000  0.0 1971 07 13 11 42        NCEER 
3.30  -75.6000  39.7000  0.0 1971 07 14 00 00        NCEER 
3.60 -103.1700  31.6400  0.0 1971 07 30 01 45        NCEER 
3.80  -80.6300  33.3400  0.0 1971 07 31 20 16        NCEER 
3.60  -77.5900  38.1500  0.0 1971 09 12 00 06        NCEER 
3.20  -70.2400  47.5600  0.0 1971 09 12 08 31        NCEER 
3.00 -103.2000  31.6000  0.0 1971 09 24 01 01 54    aSRA   
3.20  -75.1700  45.7100  0.0 1971 09 27 08 47        NCEER 
4.10  -90.4900  35.7700  0.0 1971 10 01 18 49        NCEER 
3.70  -83.3700  35.8000  0.0 1971 10 09 16 43        NCEER 
3.00  -89.6000  36.7000  0.0 1971 10 18 06 39        NCEER 
3.70 -101.2600  43.6900  0.0 1971 10 19 21 07        NCEER 
3.40  -71.2000  42.7000  0.0 1971 10 21 00 54        NCEER 
3.30  -83.0000  36.0000  0.0 1971 10 22 21 55       aSRA   
3.00  -67.1300  49.2300  0.0 1971 10 27 07 13        NCEER 
4.00 -108.6800  38.9100  5.0 1971 11 12 09 30 44.6  aSRA   
3.00  -73.8700  45.0600  0.0 1971 11 15 10 38        NCEER 
3.00  -76.2800  47.2400  0.0 1971 11 22 05 29        NCEER 
3.00  -76.6200  45.8300  0.0 1971 11 23 16 32        NCEER 
4.10 -110.3400  42.4900  7.0 1971 12 03 07 44 59.2  aSRA   
4.00  -74.6700  46.0100  0.0 1971 12 18 15 36        NCEER 
3.30  -75.6000  39.7000  0.0 1971 12 29 00 00        NCEER 
3.70  -81.6000  37.4000  0.0 1972 01 09 23 24        NCEER 
3.70  -90.8500  36.3700  0.0 1972 02 01 05 42        NCEER 
4.50  -80.5800  33.3100  0.0 1972 02 03 23 11        NCEER 
3.30  -75.6000  39.7000  0.0 1972 02 11 00 16        NCEER 
4.30 -105.1200  44.2900  0.0 1972 02 18 11 43        NCEER 
3.70  -89.7400  36.1200  0.0 1972 03 29 20 38        NCEER 
3.30  -75.9900  46.6700  0.0 1972 04 25 03 24        NCEER 
3.40  -89.9700  35.9300  0.0 1972 05 07 02 12        NCEER 
3.90  -82.2000  37.0000  0.0 1972 05 20 19 39        NCEER 
3.10  -90.3700  37.6200  0.0 1972 06 09 19 15        NCEER 
4.50  -89.0800  37.0000  0.0 1972 06 19 16 15        NCEER 
3.00  -77.8600  47.9000  0.0 1972 07 17 01 58        NCEER 
4.30 -104.9300  49.3500  0.0 1972 07 26 03 58        NCEER 
3.10 -104.0333  32.6500  0.0 1972 07 26 04 35 40.00  SNMX  
3.30  -75.6000  39.7000  0.0 1972 08 14 01 09        NCEER 
3.00  -81.4000  33.2000  0.0 1972 08 14 15 05        NCEER 
3.90  -66.4700  49.5400  0.0 1972 08 22 19 17        NCEER 
3.40  -77.7000  37.6000  0.0 1972 09 05 16 00        NCEER 
3.20  -77.5600  46.1800  0.0 1972 09 12 09 15        NCEER 
4.40  -89.3700  41.6400  0.0 1972 09 15 05 22        NCEER 
3.70  -99.6000  42.3000  0.0 1972 10 16 05 47        NCEER 
3.00  -74.5600  44.7600  0.0 1972 11 02 05 15 08.8  aSRA   
3.30 -112.7400  49.1200 18.0 1972 11 21 06 08 46    aDNAG  
3.50  -76.2400  40.1400  0.0 1972 12 08 03 00        NCEER 
4.10 -108.3900  43.6500 20.0 1972 12 08 18 47 39.4  aSRA   
3.90  -75.1000  45.6400  0.0 1972 12 16 19 01        NCEER 
3.20  -87.2200  37.4000  0.0 1973 01 07 22 56        NCEER 
3.50  -90.6000  33.8000  0.0 1973 01 08 09 11        NCEER 
3.20  -90.4800  37.8900  0.0 1973 01 12 11 56        NCEER 
3.10  -70.0000  47.9800  0.0 1973 01 28 13 07        NCEER 
3.20 -110.4250  36.4300  5.0 1973 02 09 17 38 37    aSRA   
3.00  -70.0000  44.5000  0.0 1973 02 26 13 42       aSRA   
3.80  -75.4300  39.6900  0.0 1973 02 28 08 21        NCEER 
3.40  -77.7000  37.3000  0.0 1973 04 09 23 11        NCEER 
4.80 -107.8500  42.6400 33.0 1973 04 22 06 07 12.4  aSRA   
4.77 -108.3700  39.7900  0.0 1973 05 17 16 00       aSRA   
3.40  -90.8000  33.9000  0.0 1973 05 25 14 40        NCEER 
3.10  -66.5000  49.4800  0.0 1973 06 14 15 09        NCEER 
4.80  -71.1200  45.3100  0.0 1973 06 15 01 09        NCEER 
3.30  -75.7000  39.7000  0.0 1973 07 10 04 38        NCEER 
3.50  -74.4700  43.8700  0.0 1973 07 15 08 20        NCEER 
3.10  -66.9600  49.5600  0.0 1973 07 20 17 06        NCEER 
4.10 -106.8000  41.9500  0.0 1973 08 03 21 47 52    aSRA   
4.20 -104.5700  37.1500  0.0 1973 09 23 03 58        NCEER 
3.40  -90.0500  35.8700  0.0 1973 10 03 03 50        NCEER 
3.80  -89.6200  36.4900  0.0 1973 10 09 20 15        NCEER 
3.50  -80.6500  28.4800  0.0 1973 10 27 06 21        NCEER 
3.50  -84.1200  35.7600  0.0 1973 10 30 22 58        NCEER 
3.10  -69.0100  49.6000  0.0 1973 11 15 17 31        NCEER 
3.10  -70.2900  47.5500  0.0 1973 11 16 01 36        NCEER 
3.10  -94.7000  35.0000  0.0 1973 11 18 10 03        NCEER 
4.60  -83.9900  35.8900  0.0 1973 11 30 07 48        NCEER 
3.00  -80.2700  32.9700  0.0 1973 12 19 10 16        NCEER 
3.10  -89.6900  36.1400  0.0 1973 12 20 10 45        NCEER 
3.10  -98.3000  29.0000  0.0 1973 12 25 02 46        NCEER 
3.90  -89.4700  36.1800  0.0 1974 01 08 01 12        NCEER 
4.50 -100.6900  36.4000  0.0 1974 02 15 13 33        NCEER 
3.80  -93.0400  34.0300  0.0 1974 02 15 22 49        NCEER 
3.00  -67.0900  49.5400  0.0 1974 02 17 12 57        NCEER 
3.00  -90.4100  35.6900  0.0 1974 03 04 14 24        NCEER 
3.20  -89.8000  35.6400  5.0 1974 03 12 12 30 29.2  aSRA   
3.50 -107.0500  40.7000  5.0 1974 03 31 11 58 47.1  aSRA   
4.70  -88.0700  38.5500  0.0 1974 04 03 23 05        NCEER 
3.00  -98.0000  29.0000  0.0 1974 04 20 23 46 10    aSRA   
3.20  -75.9070  40.9740  0.0 1974 04 27 14 45 39.9  aSRA   
3.30  -75.6000  39.8000  0.0 1974 04 28 14 19        NCEER 
3.80  -89.3600  36.7400  0.0 1974 05 13 06 52        NCEER 
3.60  -80.5400  37.4600  0.0 1974 05 30 21 28        NCEER 
3.20  -84.7500  38.4800  0.0 1974 06 05 00 16        NCEER 
3.20  -89.9100  38.6500  0.0 1974 06 05 08 06        NCEER 
3.40  -98.0000  29.0000  0.0 1974 06 24 18 03 10    aSRA   
3.40  -67.2200  49.5800  0.0 1974 07 02 04 46        NCEER 
3.00  -98.0000  29.0000  0.0 1974 08 01 13 33 10    aSRA   
4.10  -82.5300  33.9100  0.0 1974 08 02 08 52        NCEER 
3.20  -76.0800  45.9300  0.0 1974 08 08 11 55        NCEER 
3.20  -91.1600  36.9300  0.0 1974 08 11 14 29        NCEER 
4.40 -107.3800  44.1100 10.0 1974 09 19 15 36 11.4  aSRA   
3.00  -83.4900  41.2100  0.0 1974 09 29 02 26        NCEER 
3.10  -82.4000  33.9000  0.0 1974 10 08 23 22        NCEER 
3.80  -81.6100  39.0600  0.0 1974 10 20 15 13        NCEER 
3.20  -75.4800  46.0800  0.0 1974 10 23 22 52        NCEER 
3.00  -81.9200  33.7900  0.0 1974 10 28 11 33        NCEER 
3.20  -75.0300  46.0700  0.0 1974 11 02 13 47        NCEER 
3.70  -82.2200  33.7300  0.0 1974 11 05 03 00        NCEER 
4.30  -80.1600  32.9200  0.0 1974 11 22 05 25        NCEER 
3.30  -79.1100  43.3300  0.0 1974 11 27 10 28 51.7  aSRA   
4.00 -104.0167  32.6333  0.0 1974 11 28 03 35 20.00  SNMX  
3.50  -75.5000  46.2500  0.0 1974 12 02 10 58        NCEER 
3.60  -82.5000  33.9500  0.0 1974 12 03 08 25        NCEER 
3.20  -87.4600  31.2300  0.0 1974 12 10 06 01        NCEER 
3.10  -91.8600  34.4900  0.0 1974 12 13 05 03        NCEER 
3.00  -69.8000  42.3700  0.0 1974 12 22 20 46 48.7  aSRA   
3.50  -67.4400  49.1400  0.0 1974 12 27 00 50        NCEER 
3.70 -103.1100  30.9200  0.0 1974 12 30 08 05        NCEER 
3.00  -90.9000  34.9000  0.0 1975 01 02 09 19        NCEER 
3.20  -91.0290  38.1100  0.0 1975 01 10 15 31 01.5  aSRA   
3.10  -74.6000  44.9000  0.0 1975 01 15 19 16        NCEER 
4.05 -108.6500  39.2700  5.0 1975 01 30 14 48 40.3  aSRA   
3.00 -103.1000  35.0667  0.0 1975 02 02 20 39 23.00  SNMX  
3.30  -83.2000  41.3000  0.0 1975 02 03 10 31        NCEER 
3.40  -89.5900  36.5500  0.0 1975 02 13 19 43        NCEER 
3.00  -82.3500  38.8800  0.0 1975 02 16 23 21        NCEER 
3.50  -87.9800  33.5500  0.0 1975 03 01 11 50        NCEER 
3.00  -80.4800  37.3200  0.0 1975 03 07 12 45        NCEER 
4.80 -108.1000  42.6700 10.0 1975 03 25 14 59 58    aSRA   
3.10  -74.2400  45.7300  0.0 1975 04 03 19 03        NCEER 
3.00  -80.2200  33.0000  0.0 1975 04 28 05 46        NCEER 
3.30  -98.5000  42.0700  0.0 1975 05 13 07 53        NCEER 
3.10 -103.7000  43.2000  0.0 1975 05 16 05 57        NCEER 
3.20  -75.1900  47.2300  0.0 1975 05 29 21 19        NCEER 
3.70 -108.8000  41.9100  5.0 1975 06 07 04 36 21.7  aSRA   
3.50  -73.6500  44.8700  0.0 1975 06 09 18 39        NCEER 
3.90  -89.6800  36.5400  0.0 1975 06 13 22 40        NCEER 
3.50  -89.4400  36.2100  7.0 1975 06 20 07 29 06.6  aDNAG  
3.70  -87.8400  33.7000  0.0 1975 06 24 11 11        NCEER 
3.00  -79.7700  43.4000  0.0 1975 06 30 20 15        NCEER 
4.60  -96.1000  45.5000  0.0 1975 07 09 14 54        NCEER 
4.20  -76.3100  46.5400  0.0 1975 07 12 12 37        NCEER 
3.10  -66.8100  49.1600  0.0 1975 07 18 04 21        NCEER 
3.10  -70.1800  47.4400  0.0 1975 08 21 04 29        NCEER 
3.60  -78.1180  48.1230  1.0 1975 08 21 21 42 51.1  aPDE   
3.00  -89.8400  36.0500  0.0 1975 08 25 07 11        NCEER 
3.00  -65.3400  46.8000  0.0 1975 08 27 22 28        NCEER 
4.40  -86.5900  33.6600  0.0 1975 08 29 04 22        NCEER 
3.30  -69.7400  48.2900  0.0 1975 09 02 06 21        NCEER 
3.80 -104.3800  48.3700  0.0 1975 09 05 20 47        NCEER 
3.00  -89.3000  30.7000  0.0 1975 09 09 11 52        NCEER 
3.20  -97.2200  34.1300  0.0 1975 09 13 01 25        NCEER 
3.20  -97.7000  35.5000  0.0 1975 10 12 02 58        NCEER 
3.10  -65.8900  45.1100  0.0 1975 10 15 03 26        NCEER 
3.30  -83.0000  34.9000  0.0 1975 10 18 04 31        NCEER 
3.10  -68.1300  49.1300  0.0 1975 10 21 20 50        NCEER 
4.10  -68.6200  49.8300  0.0 1975 10 23 21 17        NCEER 
4.00  -74.6500  43.9100  0.0 1975 11 03 20 54        NCEER 
3.50  -87.3300  33.3100  0.0 1975 11 07 23 39        NCEER 
3.20  -80.8900  37.2200  0.0 1975 11 11 08 10        NCEER 
3.20  -82.9000  34.9300  0.0 1975 11 25 15 17        NCEER 
3.50  -97.4200  34.6800  0.0 1975 11 29 14 29        NCEER 
3.30  -94.6200  38.2400  0.0 1975 12 04 18 59 59.9  aSRA   
3.60  -78.8900  47.0100  0.0 1975 12 19 15 25        NCEER 
3.50 -107.6500  42.8500  0.0 1975 12 19 23 26 19.5  aSRA   
4.60 -108.2117  35.8167  0.0 1976 01 05 06 23 33.90  SNMX  
3.40  -92.1600  35.9000  0.0 1976 01 16 19 42        NCEER 
3.30 -103.1000  31.9000  0.0 1976 01 19 04 03        NCEER 
3.80  -83.8600  36.8700  0.0 1976 01 19 06 20        NCEER 
3.40  -83.7300  41.8800  0.0 1976 02 02 21 14        NCEER 
3.60  -84.7000  34.9700  0.0 1976 02 04 19 53        NCEER 
3.50  -71.2100  41.5600  0.0 1976 03 11 08 29        NCEER 
3.10  -69.9700  41.6600  0.0 1976 03 14 23 12        NCEER 
3.10  -95.6000  35.4300  0.0 1976 03 16 07 39        NCEER 
3.50 -104.2700  49.3900  0.0 1976 03 25 00 12        NCEER 
4.90  -90.4800  35.5800  0.0 1976 03 25 00 41        NCEER 
3.30  -67.8600  49.3400  0.0 1976 03 29 21 23        NCEER 
3.00  -86.7000  39.3000  0.0 1976 04 08 07 38        NCEER 
3.20  -74.0300  40.8000  0.0 1976 04 13 15 39        NCEER 
3.30  -87.3100  37.3800  0.0 1976 04 15 07 03        NCEER 
3.50  -99.7900  36.0400  0.0 1976 04 19 04 42        NCEER 
3.50 -109.1000  35.3900  5.0 1976 04 19 23 35 45.5  aSRA   
3.00 -103.1400  32.2700  0.0 1976 05 01 11 13 40.8  aSRA   
3.10  -73.9000  49.5600  0.0 1976 05 05 03 01        NCEER 
3.10  -79.9000  39.6000  0.0 1976 05 06 18 46        NCEER 
3.30  -68.6200  49.8400  0.0 1976 05 15 21 06        NCEER 
3.20  -89.8300  36.0300  0.0 1976 05 22 07 40        NCEER 
3.00 -104.0200  37.4100  5.0 1976 05 30 01 43 37.3  aSRA   
3.30  -81.6000  37.3400  0.0 1976 06 19 05 54        NCEER 
3.00 -103.2833  35.6167  0.0 1976 06 24 15 27 32.00  SNMX  
3.10  -74.1000  45.1800  0.0 1976 07 13 03 51        NCEER 
3.10 -110.3000  40.7500  7.0 1976 07 30 22 19 00.2  aSRA   
3.00 -103.0200  31.5700  0.0 1976 08 05 18 53 09    aSRA   
3.10  -74.9800  49.7700  0.0 1976 08 07 07 50        NCEER 
3.40 -106.5700  45.0300  5.0 1976 08 10 13 54 57.5  aSRA   
4.50 -106.1500  44.0400 10.0 1976 09 03 04 18 16.2  aSRA   
4.30  -80.7700  36.6200  0.0 1976 09 13 18 54        NCEER 
3.00 -103.1000  32.2100  0.0 1976 09 17 02 47 45.4  aSRA   
3.10 -102.5000  31.4000  0.0 1976 09 17 03 56 29    aDNAG  
3.40  -67.1000  49.3600  0.0 1976 09 18 00 40        NCEER 
3.50  -90.4700  35.5800  0.0 1976 09 25 14 06        NCEER 
3.50 -106.5700  45.0300  0.0 1976 10 08 13 54       aSRA   
3.00  -97.0600  35.3800  0.0 1976 10 22 17 15        NCEER 
3.00  -78.0500  48.1600  0.0 1976 10 22 18 50        NCEER 
3.10  -88.9800  32.0000  0.0 1976 10 23 00 40        NCEER 
4.20  -69.7800  47.8200  0.0 1976 10 23 20 58        NCEER 
3.00  -75.9600  47.1100  0.0 1976 11 06 06 09        NCEER 
4.20  -91.0400  38.1000  0.0 1976 12 11 07 05        NCEER 
3.50  -90.2600  37.8100  0.0 1976 12 13 08 35        NCEER 
3.70  -82.5000  32.0600  0.0 1976 12 27 06 57        NCEER 
3.60  -89.7100  37.5800  0.0 1977 01 03 22 56        NCEER 
3.00  -80.1700  33.0600  0.0 1977 01 18 18 29        NCEER 
4.50  -66.7300  46.8800 18.0 1977 02 06 09 01 19    aDNAG  
3.10  -70.4200  47.5400  0.0 1977 02 14 00 35        NCEER 
3.40  -78.6300  37.9000  0.0 1977 02 27 20 05        NCEER 
3.13 -109.9030  44.6080  1.0 1977 03 02 18 07 24.2  aDNAG  
3.85 -107.1500  41.2400  5.0 1977 03 03 17 50 28    aSRA   
4.20 -108.2217  35.7483  0.0 1977 03 05 03 00 55.80  SNMX  
3.67 -107.0000  44.6000  0.0 1977 03 24 08 55       aDNAG  
3.30 -103.1000  31.9000  0.0 1977 04 26 09 03        NCEER 
3.30  -88.4400  31.9600  0.0 1977 05 04 02 00        NCEER 
3.60  -94.1700  34.5600  0.0 1977 06 02 23 29        NCEER 
3.20  -84.7100  40.7100  0.0 1977 06 17 15 39        NCEER 
3.10  -70.1600  47.7700  0.0 1977 06 20 05 05        NCEER 
3.40  -74.3800  46.0400  0.0 1977 07 14 07 39        NCEER 
3.00 -102.7000  31.8000  0.0 1977 07 22 04 01 10    aDNAG  
3.50  -84.4100  35.4200  0.0 1977 07 27 22 03        NCEER 
3.10  -80.7000  33.3700  0.0 1977 08 04 04 20        NCEER 
3.90  -67.0500  49.7700  0.0 1977 08 08 23 08        NCEER 
3.10  -80.6900  33.3900  0.0 1977 08 25 04 20        NCEER 
3.50 -107.3100  39.3100  5.0 1977 09 24 11 16 48.4  aSRA   
4.75 -110.4700  40.4700  6.0 1977 09 30 10 19 20.4  aUSHIS 
3.00  -73.8200  46.5200  0.0 1977 10 16 21 29        NCEER 
3.00  -67.0500  47.0000  0.0 1977 10 24 18 09        NCEER 
3.40  -89.1730  33.9280 16.0 1977 11 04 11 21 10.2  aSRA   
3.00  -75.1500  46.2700  0.0 1977 11 07 20 48        NCEER 
3.00  -75.8600  46.6900  0.0 1977 11 25 18 47        NCEER 
3.10  -92.9100  34.3900  0.0 1977 11 26 04 18        NCEER 
3.00  -80.1800  32.8800  0.0 1977 12 15 19 16        NCEER 
3.10  -70.6800  41.7900  0.0 1977 12 20 17 44        NCEER 
3.50  -76.9100  46.8400  0.0 1977 12 22 14 57        NCEER 
3.20  -71.6400  43.2000  0.0 1977 12 25 15 35        NCEER 
3.20  -70.5500  44.0700  0.0 1978 01 04 19 28        NCEER 
3.10  -88.2100  32.7000  0.0 1978 01 08 11 34        NCEER 
3.75  -81.6000  28.1000  0.0 1978 01 12 21 10       aDNAG  
3.00 -105.3100  42.4300  5.0 1978 01 16 03 50 03.1  aSRA   
3.00  -88.0100  38.2440  5.0 1978 01 28 16 40 58.8  aDNAG  
3.30 -109.7000  42.5000 30.0 1978 02 07 05 03 10.4  aSRA   
4.10  -74.1100  46.3500  0.0 1978 02 18 14 48        NCEER 
3.50 -102.5000  31.5500  0.0 1978 03 02 10 04        NCEER 
3.10  -90.0000  36.6300  0.0 1978 04 03 12 24        NCEER 
3.00  -69.8900  47.7510 22.0 1978 04 08 08 21 45    aPDE   
3.10  -78.2400  39.7000 15.0 1978 04 26 19 30 23.3  aSRA   
3.60 -101.9500  42.2600  0.0 1978 05 07 16 06        NCEER 
3.20  -69.9900  47.7200  0.0 1978 05 26 02 31        NCEER 
3.00 -107.3200  39.2800  5.0 1978 05 29 16 45 18    aSRA   
3.20  -88.4600  38.4100  0.0 1978 06 02 02 07        NCEER 
3.85 -107.8300  43.6300  5.0 1978 06 06 21 23 34.7  aSRA   
3.30  -88.5950  32.0420  2.0 1978 06 09 23 15 19.6  aSRA   
3.40 -101.9400  31.0500  0.0 1978 06 29 20 58 45.1  aDNAG  
3.20  -68.3900  48.7500  0.0 1978 06 30 00 17        NCEER 
3.10  -76.2200  39.9000  0.0 1978 07 16 06 39        NCEER 
3.10 -105.0400  34.6800  0.0 1978 07 21 05 02 36.20  SNMX  
3.40  -65.6100  49.3000  0.0 1978 07 29 13 56        NCEER 
3.60  -74.4400  45.6800  0.0 1978 07 30 10 54        NCEER 
3.00  -70.2200  47.6690 18.0 1978 08 14 22 55 58    aPDE   
3.10  -74.5100  44.5200  0.0 1978 08 21 08 47        NCEER 
3.00  -76.4300  47.1700  0.0 1978 08 26 03 54        NCEER 
3.50 -111.4800  48.4900  5.0 1978 08 30 16 33 21.2  aSRA   
3.50  -89.4400  36.0900  0.0 1978 08 31 00 31        NCEER 
3.00  -90.2800  38.5800  0.0 1978 09 20 12 24        NCEER 
3.10  -91.9200  33.9600  0.0 1978 09 23 07 34        NCEER 
3.00  -76.1500  40.0800  0.0 1978 10 06 19 25        NCEER 
3.75  -82.6500  30.2000  0.0 1978 11 06 23 00       aDNAG  
3.30  -67.6200  48.9600  0.0 1978 12 02 08 36        NCEER 
3.50  -88.3700  38.5600  0.0 1978 12 05 01 48        NCEER 
3.50  -88.4700  31.9100  0.0 1978 12 11 02 06        NCEER 
3.30 -107.8600  40.8200  5.0 1979 01 20 06 59 08.4  aSRA   
3.00  -74.2600  40.3200  0.0 1979 01 30 16 30        NCEER 
3.20  -90.1000  35.8400  0.0 1979 02 05 05 31        NCEER 
3.30 -113.2990  49.2330  5.0 1979 02 24 15 49 15.5  aPDE   
3.40  -91.2000  35.9600  0.0 1979 02 27 22 54        NCEER 
3.20  -74.5000  40.7200  0.0 1979 03 10 04 49        NCEER 
3.00  -76.4600  45.8400  0.0 1979 03 18 16 31        NCEER 
3.10 -108.9000  40.1800  2.0 1979 03 19 14 59 29.7  aSRA   
3.20  -70.1000  47.6900  0.0 1979 03 23 22 53        NCEER 
3.20 -112.4100  48.5900  5.0 1979 04 14 09 39 06.4  aSRA   
3.10  -95.5400  46.7000 20.0 1979 04 16 06 40 16.7  aSRA   
4.00  -69.7900  43.9700  0.0 1979 04 18 02 34        NCEER 
3.20  -66.0300  45.2400  0.0 1979 04 20 10 32        NCEER 
3.10  -71.2400  43.0400  0.0 1979 04 23 00 05        NCEER 
3.80 -111.0200  37.8800  7.0 1979 04 30 02 07 10.3  aSRA   
3.30  -75.6800  46.1800  0.0 1979 05 26 21 58        NCEER 
3.00  -74.9900  45.0000  0.0 1979 05 29 20 48        NCEER 
3.30  -67.5400  49.3700  0.0 1979 06 05 08 58        NCEER 
3.00  -99.7600  35.2200  0.0 1979 06 07 07 39        NCEER 
3.10  -73.8600  44.4300  0.0 1979 06 07 13 45        NCEER 
3.80  -89.6400  36.1500  0.0 1979 06 11 04 12        NCEER 
3.00 -110.9040  37.8610  7.0 1979 06 16 01 08 44.74 aDNAG  
3.00  -74.3800  41.3500  0.0 1979 06 20 19 20 17.8  aSRA   
3.00  -90.4500  35.5600  0.0 1979 06 25 17 11        NCEER 
3.00  -97.2900  39.9200  0.0 1979 06 30 20 46        NCEER 
3.80  -76.6000  46.8700  0.0 1979 07 08 01 29        NCEER 
3.10  -89.3100  36.9100  0.0 1979 07 08 12 35        NCEER 
3.70  -74.6500  46.5400  0.0 1979 07 09 08 16        NCEER 
3.20 -100.3200  40.1800  0.0 1979 07 16 00 03        NCEER 
3.10 -110.5910  37.5920  7.0 1979 07 25 23 56 11.7  aDNAG  
3.50  -70.4400  43.2900  0.0 1979 07 28 23 29        NCEER 
3.00  -81.3580  34.3330  3.0 1979 08 07 19 32 17.2  aSRA   
3.80 -111.4700  48.4900  5.0 1979 08 09 17 12 55.4  aSRA   
3.70  -84.3600  35.2100  0.0 1979 08 13 05 18        NCEER 
4.60  -69.9000  47.6700  0.0 1979 08 19 22 49        NCEER 
3.70  -82.9560  34.9160  1.0 1979 08 26 01 31 45    aUSHIS 
3.75  -91.5000  36.3000  0.0 1979 08 26 11 28       aDNAG  
3.20  -83.2400  35.3000  0.0 1979 09 06 20 38        NCEER 
3.20  -83.9100  35.5800  0.0 1979 09 12 06 24        NCEER 
3.40  -99.4700  35.1900  0.0 1979 09 13 00 49        NCEER 
3.60  -82.0800  36.4400  5.0 1979 10 08 08 53 52.8  aSRA   
3.50 -110.9300  37.8900  7.0 1979 10 23 04 17 19.9  aSRA   
3.20  -91.0400  36.4600  0.0 1979 11 05 16 35        NCEER 
3.60  -82.8100  38.4900  0.0 1979 11 09 21 29        NCEER 
3.30  -98.4100  35.6300  0.0 1979 11 27 09 10        NCEER 
3.80  -66.7200  49.4300  0.0 1979 12 19 18 58        NCEER 
3.50  -91.2200  49.6200  0.0 1980 02 27 06 13        NCEER 
3.10  -74.2000  42.5800 12.0 1980 02 29 05 53 56.1  aSRA   
3.70  -71.8700  46.7900  0.0 1980 03 11 04 15        NCEER 
3.30  -75.0900  40.1500  0.0 1980 03 11 06 00        NCEER 
3.00  -88.4400  37.8900  0.0 1980 03 13 02 23        NCEER 
3.30  -86.7600  37.6000  0.0 1980 03 23 21 38        NCEER 
4.00  -67.9500  48.7700  0.0 1980 04 03 16 57        NCEER 
3.20  -68.3600  44.7100  0.0 1980 04 10 15 36        NCEER 
4.10  -81.6400  49.6400  0.0 1980 04 13 22 40        NCEER 
3.60 -112.3400  48.7900  5.0 1980 04 14 03 27 33.8  aSRA   
3.00  -81.3240  34.3290  3.0 1980 04 24 06 16 57.2  aSRA   
3.00  -75.0000  40.3000  0.0 1980 05 02 19 02        NCEER 
3.40  -74.5500  44.8900  0.0 1980 05 23 08 39        NCEER 
3.50  -75.2300  43.5600  0.0 1980 06 06 13 15        NCEER 
3.40 -101.0100  35.4800  0.0 1980 06 09 22 37        NCEER 
3.00  -82.8100  35.4600  0.0 1980 06 10 23 47        NCEER 
3.30  -84.0300  35.7300  0.0 1980 06 25 18 02        NCEER 
3.40  -70.7500  47.5600  0.0 1980 07 01 03 06        NCEER 
3.10  -70.3300  47.3000  0.0 1980 07 02 07 50        NCEER 
3.50  -89.6000  36.5600  0.0 1980 07 05 08 54        NCEER 
3.20  -99.7000  35.1800  0.0 1980 07 18 14 29        NCEER 
3.10  -74.1700  45.1400  0.0 1980 07 25 06 22        NCEER 
3.10  -87.4400  33.9400  0.0 1980 07 25 15 30 12.5  aSRA   
5.20  -83.8900  38.1900  0.0 1980 07 27 18 52        NCEER 
3.20  -81.3640  34.3510  1.0 1980 07 29 01 10 22.7  aSRA   
3.00  -82.0400  49.9000  0.0 1980 07 31 10 10        NCEER 
3.10  -74.1500  40.4300  8.0 1980 08 02 17 20 59.7  aSRA   
3.30  -75.1600  43.5400  0.0 1980 08 11 14 54        NCEER 
3.20  -82.9900  41.9900  0.0 1980 08 20 09 34        NCEER 
3.10  -84.8700  37.9800  0.0 1980 08 23 03 49        NCEER 
3.00  -74.9000  39.8000  0.0 1980 08 30 09 19        NCEER 
3.20  -73.7800  41.1100 13.0 1980 09 04 04 30 55.8  aSRA   
3.20  -69.0000  44.6700  0.0 1980 09 08 05 59        NCEER 
3.20 -105.1200  41.1800  0.0 1980 09 12 22 33 55.4  aSRA   
3.20  -74.0200  43.6300  0.0 1980 09 21 20 52 45.1  aDNAG  
3.00  -69.9000  47.6700  0.0 1980 09 30 18 26        NCEER 
3.40  -80.5700  43.1500  0.0 1980 10 14 00 58        NCEER 
3.10  -72.9000  41.3000  0.0 1980 10 24 17 27        NCEER 
3.00  -97.7600  35.4600  0.0 1980 11 02 10 00        NCEER 
3.00  -79.9000  38.1800  0.0 1980 11 05 21 48        NCEER 
3.80  -89.4300  36.1700  0.0 1980 12 02 08 59        NCEER 
3.40  -78.4400  37.7200  0.0 1981 02 11 13 44        NCEER 
3.75  -91.8000  30.0000  0.0 1981 02 13 02 15       aDNAG  
3.30  -74.9300  45.9600  0.0 1981 02 19 07 07        NCEER 
3.50  -89.3800  38.8700  1.0 1981 04 08 01 53 13    aSRA   
3.30  -82.0500  35.5100  0.0 1981 04 09 07 10        NCEER 
3.70  -65.7000  45.9300  0.0 1981 04 13 17 31        NCEER 
3.50  -82.4200  35.3300  0.0 1981 05 05 21 21        NCEER 
3.00  -91.6300  36.7600  1.0 1981 05 25 22 50 18.2  aSRA   
3.00 -110.3700  36.8300  1.0 1981 05 29 03 09 02.2  aSRA   
3.00  -81.6700  36.1800  1.0 1981 06 03 20 54 22.4  aSRA   
3.20  -94.3200  31.9900  0.0 1981 06 09 01 46        NCEER 
3.40  -89.0300  37.8200  0.0 1981 06 09 14 15        NCEER 
3.75  -89.9000  43.9000  0.0 1981 06 12 15 30       aDNAG  
3.70  -70.0000  47.4700  0.0 1981 06 16 17 55        NCEER 
3.50  -90.0700  35.8500  0.0 1981 06 26 08 33        NCEER 
3.10  -71.5500  43.5700  0.0 1981 06 28 22 42        NCEER 
3.70  -74.6200  45.1400  0.0 1981 07 04 23 16        NCEER 
3.50  -97.7300  34.8500  0.0 1981 07 11 21 09        NCEER 
3.70  -66.8000  49.8200  0.0 1981 07 13 04 48        NCEER 
3.00 -110.3100  36.8200  0.0 1981 07 14 19 29 51    aSRA   
4.00  -89.1800  36.0300  0.0 1981 08 07 11 53        NCEER 
3.00  -73.5400  44.0700  1.0 1981 08 10 23 06 59.33 aDNAG  
3.30  -72.2400  48.6600  0.0 1981 08 23 23 17        NCEER 
3.30  -80.5900  43.1500  0.0 1981 08 28 10 51        NCEER 
3.00  -85.1700  34.6300  0.0 1981 09 04 17 21        NCEER 
3.10  -81.4100  42.8000  0.0 1981 09 05 05 49        NCEER 
3.10 -100.5200  42.8900  5.0 1981 09 07 00 38 09.1  aSRA   
3.10 -110.5600  37.5000  2.0 1981 09 10 07 55 09    aSRA   
3.40 -101.8500  43.0400  0.0 1981 09 13 22 16        NCEER 
3.10  -66.1100  49.5300  0.0 1981 09 18 02 24        NCEER 
3.50  -75.0200  46.1100  0.0 1981 09 18 07 16        NCEER 
3.50  -75.5600  46.3700  0.0 1981 09 30 23 41        NCEER 
3.30  -98.5400  41.1700  0.0 1981 10 09 21 54        NCEER 
3.00 -112.9200  49.2900 18.0 1981 10 20 03 47 36    aDNAG  
3.70  -72.5700  41.1400  0.0 1981 10 21 16 49        NCEER 
3.90  -65.2500  49.8300  0.0 1981 10 28 19 56        NCEER 
3.20  -95.2600  32.0200  0.0 1981 11 06 12 36        NCEER 
3.00  -89.3900  36.0900  0.0 1981 11 08 17 11        NCEER 
3.40  -77.0400  46.9800  0.0 1981 11 12 18 40        NCEER 
3.70  -66.6100  47.0300  0.0 1981 11 28 05 12        NCEER 
3.30  -72.6400  45.3800  0.0 1981 12 06 16 11        NCEER 
3.10  -86.4300  35.1800  0.0 1982 01 02 02 00        NCEER 
3.90 -102.4900  31.1800  0.0 1982 01 04 16 56        NCEER 
5.70  -66.6000  47.0000  0.0 1982 01 09 12 53        NCEER 
4.70  -71.6200  43.5100  0.0 1982 01 19 00 14        NCEER 
4.30  -92.2200  35.2200  0.0 1982 01 24 03 22        NCEER 
3.30  -70.3800  47.4500  0.0 1982 01 27 01 35        NCEER 
3.00  -70.9400  41.8700  0.0 1982 01 27 18 50        NCEER 
3.40  -81.3900  32.9800  7.0 1982 01 28 04 52 51.9  aSRA   
3.00  -67.4800  49.1800 18.0 1982 01 30 15 44 35    aDNAG  
3.10  -90.0600  35.9200  0.0 1982 02 02 09 26        NCEER 
3.30 -104.0300  48.5100  0.0 1982 03 09 13 10        NCEER 
3.00  -82.4800  46.6500  0.0 1982 03 13 04 34        NCEER 
3.10 -103.2700  35.3600  0.0 1982 03 16 11 03        NCEER 
3.00  -79.8800  46.3000  0.0 1982 03 19 16 48        NCEER 
3.40 -113.2500  49.0700 18.0 1982 03 21 21 43 21    aDNAG  
3.00  -98.4600  29.8500  0.0 1982 03 28 23 24        NCEER 
3.00  -82.0400  36.5100  0.0 1982 04 13 13 04        NCEER 
3.00 -111.3000  38.2200  9.0 1982 04 17 06 00 12.5  aSRA   
3.50  -92.2400  35.1800  0.0 1982 04 21 21 17        NCEER 
3.10  -96.4700  33.9900  0.0 1982 05 03 07 54        NCEER 
3.40 -109.7000  44.6400 11.0 1982 05 09 21 07 36.5  aSRA   
3.00  -77.9600  40.4100  0.0 1982 05 12 18 29 33    aSRA   
3.50  -92.2300  35.2000  0.0 1982 05 31 18 21        NCEER 
3.50  -76.9500  47.3800  0.0 1982 06 23 00 22        NCEER 
3.50  -92.2100  35.2200  0.0 1982 07 05 04 13        NCEER 
3.60  -96.7200  44.0100  0.0 1982 07 11 19 42        NCEER 
3.80  -74.5500  46.0900  0.0 1982 07 13 02 18        NCEER 
3.00  -69.0200  46.0800  6.0 1982 07 15 07 27 55.4  aSRA   
3.10  -81.5500  34.3200  2.0 1982 07 16 14 16 02.9  aSRA   
3.70  -75.4600  45.8900  0.0 1982 08 06 06 29        NCEER 
3.20  -92.2400  35.1900  4.0 1982 08 09 11 12 31.6  aSRA   
3.10  -88.7300  37.2500  0.0 1982 08 11 10 32        NCEER 
3.70  -78.6100  46.6700  0.0 1982 08 13 01 06        NCEER 
4.30 -105.3800  49.0600  0.0 1982 08 17 04 49        NCEER 
3.40  -70.3800  47.3700  0.0 1982 08 29 02 07        NCEER 
3.00  -74.1900  43.2000  0.0 1982 08 31 10 16        NCEER 
3.20 -108.8500  42.7200  5.0 1982 08 31 22 02 18.5  aSRA   
3.00  -82.9000  34.9600  3.0 1982 09 02 21 52 45.5  aSRA   
3.70  -76.6100  45.6700  0.0 1982 09 03 23 14        NCEER 
3.20  -84.5100  35.1900  0.0 1982 09 05 10 11        NCEER 
3.40  -84.2500  35.6800  0.0 1982 09 24 22 19        NCEER 
3.50  -92.2300  35.2100  5.0 1982 09 25 23 17 05.5  aSRA   
3.00  -73.0570  43.1250  8.0 1982 09 28 22 24 12.54 aDNAG  
3.90 -102.5700  36.1000  0.0 1982 10 14 12 52        NCEER 
3.30  -65.3000  49.8200  0.0 1982 10 29 21 50        NCEER 
3.10  -84.8900  32.6400  0.0 1982 10 31 03 12        NCEER 
3.30 -108.6950  35.3050  0.0 1982 11 03 17 54  1.90  SNMX  
3.10 -100.2000  35.2000  0.0 1982 11 07 00 04 19    aSRA   
4.30  -97.8500  43.0100  0.0 1982 11 15 02 58        NCEER 
3.50  -92.0800  35.2500  0.0 1982 11 21 16 35        NCEER 
3.00  -73.4300  45.3400  5.0 1982 11 24 07 34 39    aPDE   
3.00  -71.5200  43.6200  6.0 1982 12 01 22 52 22.9  aSRA   
3.90  -70.2200  47.5400  0.0 1982 12 04 16 08        NCEER 
3.00  -83.5300  32.8500  0.0 1982 12 11 00 25        NCEER 
3.30  -78.8300  46.8200  0.0 1983 01 10 21 31        NCEER 
4.10  -67.0600  49.1100  0.0 1983 01 17 19 35        NCEER 
3.90  -92.1600  35.2800  0.0 1983 01 19 02 30        NCEER 
3.10  -83.4500  48.7200  0.0 1983 01 20 09 16        NCEER 
3.10  -67.8600  47.4600  0.0 1983 01 20 14 17        NCEER 
3.30  -81.0200  41.7500  0.0 1983 01 22 07 46        NCEER 
3.50  -83.5600  32.8500  0.0 1983 01 26 14 07        NCEER 
3.10  -83.6300  36.0600  0.0 1983 01 27 22 09        NCEER 
3.30 -110.6740  37.7780  7.0 1983 01 27 23 37 11.8  aSRA   
3.20  -88.3100  34.7300  0.0 1983 02 05 13 08        NCEER 
3.50  -68.3300  48.9800  0.0 1983 02 11 15 46        NCEER 
4.00 -105.7290  42.2320  5.0 1983 02 13 13 44 44    aSRA   
3.50 -112.3730  48.5390 14.0 1983 02 16 06 22 09.3  aSRA   
3.60  -89.6000  36.1900  0.0 1983 02 23 08 51        NCEER 
3.00  -73.6600  41.5500  0.0 1983 02 26 19 59        NCEER 
4.40  -99.4100  44.2100  0.0 1983 03 04 06 32        NCEER 
3.40  -71.7200  42.9600  0.0 1983 03 24 14 27        NCEER 
3.30  -82.4600  35.3300  0.0 1983 03 25 02 47        NCEER 
3.20  -92.1500  35.2000  0.0 1983 03 30 04 15        NCEER 
3.40 -102.3800  35.3200  0.0 1983 04 03 04 55        NCEER 
3.00  -66.9800  49.3400 18.0 1983 04 13 16 06 53    aDNAG  
3.00 -110.6330  38.3050  2.0 1983 05 03 12 43 37.7  aSRA   
3.30 -102.1980  42.9550  5.0 1983 05 06 06 14 46.9  aSRA   
3.90  -66.6000  47.0000  0.0 1983 05 13 23 40        NCEER 
4.30  -89.5700  38.7700  0.0 1983 05 15 05 16        NCEER 
3.80  -69.8900  47.7000  0.0 1983 05 16 02 01        NCEER 
3.00  -92.3600  38.4800  0.0 1983 05 16 14 03        NCEER 
3.70  -69.4600  45.5400  0.0 1983 05 27 23 04        NCEER 
4.40  -70.4000  44.4900  0.0 1983 05 29 05 45        NCEER 
3.40  -70.2200  47.4500  0.0 1983 06 02 06 30        NCEER 
3.00  -69.6500  47.4600  0.0 1983 06 04 05 00        NCEER 
3.50  -66.6800  47.0400  0.0 1983 06 28 08 05        NCEER 
3.00  -90.9400  37.1000  0.0 1983 07 08 09 41        NCEER 
3.40  -84.1500  35.5500  0.0 1983 07 08 19 29        NCEER 
3.00  -74.9100  46.0600  0.0 1983 07 17 22 47        NCEER 
3.00  -70.9500  46.5300  0.0 1983 07 23 03 25        NCEER 
3.40  -98.1310  28.7430  5.0 1983 07 23 15 24 38.2  aSRA   
3.70  -67.6800  44.9700  0.0 1983 08 12 14 08        NCEER 
3.50  -82.7700  38.4700  0.0 1983 08 17 14 03        NCEER 
3.40 -104.3140  37.4690  5.0 1983 08 17 15 03 27.6  aSRA   
3.10  -83.8200  36.6800  0.0 1983 08 28 22 45        NCEER 
3.10 -104.4300  34.9217  0.0 1983 09 15 23 25 37.50  SNMX  
4.10 -108.8370  40.7890  5.0 1983 09 24 16 57 45.7  aSRA   
3.10  -79.7900  43.4400  0.0 1983 10 04 17 18        NCEER 
5.20  -74.3100  44.0300  0.0 1983 10 07 10 18        NCEER 
4.20  -75.7700  45.2100  0.0 1983 10 11 04 10        NCEER 
3.10  -75.0500  45.6200  0.0 1983 10 16 03 00        NCEER 
3.80  -93.3900  30.2400  0.0 1983 10 16 19 40        NCEER 
3.20  -66.3100  47.2100  0.0 1983 10 17 22 58        NCEER 
3.10  -77.9700  48.1400  0.0 1983 10 24 01 00        NCEER 
3.50  -73.9000  45.6800  0.0 1983 11 01 10 16        NCEER 
3.30  -80.1600  32.9400  0.0 1983 11 06 09 02        NCEER 
3.00 -105.9550  43.0160  5.0 1983 11 15 12 33 12.1  aSRA   
3.80  -66.6000  47.0000  0.0 1983 11 17 15 32        NCEER 
3.30  -69.1600  45.1900  0.0 1983 12 04 10 48        NCEER 
3.00  -67.1700  45.1100  0.0 1983 12 08 12 23        NCEER 
3.00  -92.7040  33.1830  5.0 1983 12 09 20 52 10.5  aSRA   
3.20  -76.2900  46.6900  0.0 1983 12 14 01 52        NCEER 
3.10  -73.9700  45.2400  0.0 1983 12 21 15 04        NCEER 
3.40  -76.3300  47.0100  0.0 1983 12 28 12 24        NCEER 
3.00  -89.7500  37.5900  2.0 1984 01 12 02 48 15.7  aSRA   
3.50  -67.1600  44.8800  0.0 1984 01 14 09 09        NCEER 
3.00  -83.4300  41.6500  0.0 1984 01 14 20 14        NCEER 
3.30 -110.8450  47.1490  5.0 1984 01 16 19 50 25.2  aSRA   
3.10  -75.1200  45.5600  0.0 1984 01 17 19 04        NCEER 
3.20  -89.9200  36.6100  1.0 1984 01 28 21 29 22.1  aSRA   
3.20  -97.3600  34.6700  0.0 1984 02 03 04 38        NCEER 
3.60  -83.7400  36.1300  0.0 1984 02 14 20 54        NCEER 
3.60  -89.0000  37.2100  0.0 1984 02 14 22 56        NCEER 
3.70  -66.6000  47.0000  5.0 1984 02 24 03 17 14    aPDE   
3.20 -108.6380  41.5390  2.0 1984 03 01 18 13 00.9  aSRA   
3.80  -98.4610  28.8520  5.0 1984 03 03 01 03 26.5  aSRA   
3.00  -84.0500  35.8300  0.0 1984 03 17 23 26        NCEER 
3.00  -66.4900  46.9100  5.0 1984 03 27 22 56 24    aDNAG  
3.20  -66.4600  49.6100 18.0 1984 03 29 22 52 50    aDNAG  
3.40 -102.4000  35.3200  0.0 1984 04 03 04 55 24    aSRA   
3.80  -67.5200  49.3000 18.0 1984 04 11 19 07 42    aDNAG  
3.10  -66.6000  47.0000  5.0 1984 04 13 15 35 51    aDNAG  
3.40  -88.4400  38.3800  0.0 1984 04 17 04 44        NCEER 
3.10 -107.1900  39.2810  5.0 1984 04 22 17 30 56.7  aSRA   
4.10  -76.3700  39.9500  0.0 1984 04 23 01 36        NCEER 
3.20 -107.2280  39.3220  5.0 1984 05 14 10 14 17.2  aSRA   
3.40 -102.4000  35.4000  0.0 1984 05 21 13 30 14    aSRA   
3.10 -102.2280  35.0670  5.0 1984 05 21 13 31 13.5  aSRA   
3.60 -102.1550  39.2200  5.0 1984 05 27 23 30 19.3  aSRA   
3.20  -66.3300  49.6000 18.0 1984 05 28 21 04 52    aDNAG  
3.00 -107.3940  39.1430  1.0 1984 06 12 04 48 54.1  aSRA   
3.40  -87.4640  38.9180  3.0 1984 06 12 18 26 48.2  aSRA   
3.50  -80.7800  46.6300  1.0 1984 06 20 16 10 22    aPDE   
3.20  -89.3900  36.1000  0.0 1984 06 26 15 15        NCEER 
3.10  -75.6800  46.2300  0.0 1984 06 28 03 08 49    aDNAG  
3.80  -88.4700  37.7000  0.0 1984 06 29 07 58        NCEER 
3.00  -66.6000  47.0000  5.0 1984 07 02 05 24 54    aDNAG  
4.13  -81.1700  46.5300  1.0 1984 07 06 17 24 52    aPDE   
3.00  -89.5300  36.5000  0.0 1984 07 16 03 50        NCEER 
4.00  -87.0700  39.2200  0.0 1984 07 28 23 39        NCEER 
3.00  -90.9200  37.8200  0.0 1984 07 30 07 33        NCEER 
3.00  -67.0500  45.3200 18.0 1984 08 03 13 41 11    aDNAG  
3.00  -98.3620  29.1330  5.0 1984 08 08 01 31 27.3  aSRA   
3.20  -86.3000  34.6200  0.0 1984 08 09 02 42        NCEER 
4.20  -78.3240  37.8680  8.0 1984 08 17 18 05 46.9  aSRA   
3.20  -73.4800  44.8750 11.0 1984 08 20 10 58 17    aSRA   
3.10  -87.4500  39.1100  0.0 1984 08 29 06 50        NCEER 
3.10  -84.3400  35.5700  0.0 1984 08 30 16 26        NCEER 
5.03 -106.1100  44.1380 15.0 1984 09 08 00 59 31.1  aUSHIS 
3.20 -100.6970  31.9910  5.0 1984 09 11 14 47 33.5  aSRA   
3.20 -108.5820  41.6100  2.0 1984 09 14 19 04 26.3  aSRA   
3.40  -92.2100  35.2500  0.0 1984 09 27 13 03        NCEER 
3.00  -91.7000  35.7200  0.0 1984 09 27 13 16        NCEER 
4.20  -85.2000  34.7500  0.0 1984 10 09 11 54        NCEER 
3.00  -66.5900  47.0800  5.0 1984 10 13 01 45 15    aDNAG  
3.30  -65.6600  44.7200 18.0 1984 10 13 12 53 45    aDNAG  
5.44 -105.7350  42.3170 22.0 1984 10 18 15 30 22    aUSHIS 
3.20  -81.6800  36.3600  0.0 1984 10 22 18 58        NCEER 
3.50  -73.9300  43.5900  0.0 1984 10 23 06 26        NCEER 
4.67 -108.9190  42.5340  5.0 1984 11 03 09 30 08.4  aUSHIS 
3.10  -97.4100  34.7100  0.0 1984 11 20 10 57        NCEER 
3.20  -75.0500  45.1900 14.0 1984 11 26 09 03 49    aPDE   
3.20 -108.6920  41.5950  0.0 1984 11 27 20 00 07.2  aSRA   
3.70  -66.5800  46.9800 14.0 1984 11 30 05 54 22    aPDE   
3.00  -89.7000  36.1600  0.0 1984 12 03 11 55        NCEER 
3.60  -66.0400  47.5200  1.0 1984 12 09 18 12 21    aDNAG  
3.49  -82.6000  46.5000  0.0 1984 12 17 09 38 36    aPDE   
3.00  -70.2500  47.4000 19.0 1984 12 22 12 46 30    aDNAG  
3.00  -89.9100  35.9300  9.0 1985 01 30 09 35 12.4  aSRA   
3.10  -89.5100  36.2900  0.0 1985 02 07 23 44        NCEER 
3.00  -87.5000  38.4200  3.0 1985 02 13 10 22 24    aSRA   
3.30  -89.3400  37.2300  0.0 1985 02 15 15 56        NCEER 
3.20  -70.4800  47.3900 14.0 1985 03 03 12 15 17    aPDE   
3.20 -105.8500  38.5580  5.0 1985 03 16 21 55 02.4  aSRA   
3.10  -69.9600  47.5200 12.0 1985 04 10 05 52 57    aDNAG  
3.10  -70.7040  45.3640  2.0 1985 04 12 05 27 30.5  aSRA   
3.20  -80.4000  41.5900 18.0 1985 04 14 11 39 54    aDNAG  
3.40 -108.9200  35.2600  0.0 1985 04 14 21 48  2.90  SNMX  
3.10  -90.7700  36.2700  9.0 1985 05 04 07 07 12.5  aSRA   
3.20  -75.9000  46.8300 18.0 1985 05 16 13 39 07    aDNAG  
3.20  -80.4850  37.2480 11.0 1985 06 10 12 22 38.3  aSRA   
3.60  -82.0380  37.2220  1.0 1985 06 19 22 28 08.9  aSRA   
3.00  -85.1560  35.1980  3.0 1985 07 12 18 20 28.4  aSRA   
3.30  -92.2020  35.2190  5.0 1985 08 03 04 23 11.01 aDNAG  
3.50 -108.6490  41.8170  5.0 1985 08 13 20 57 00.8  aSRA   
4.30 -108.0600  42.8130 10.0 1985 08 16 06 05 22.6  aSRA   
3.10  -67.6700  49.3000  0.0 1985 08 16 22 48 37    aDNAG  
3.00 -110.2320  46.1090  5.0 1985 08 22 02 12 05    aSRA   
3.10  -76.6400  45.6700 18.0 1985 08 24 06 04 02    aPDE   
3.60  -93.1180  35.8090 10.0 1985 09 06 22 17 02.8  aSRA   
3.00  -88.0140  41.8480  5.0 1985 09 09 22 06 31    aSRA   
3.30  -97.0510  33.5480  5.0 1985 09 18 15 54 04.6  aSRA   
4.00  -66.6000  47.0000  5.0 1985 10 05 05 34 14    aPDE   
3.00 -109.4980  40.4070 21.0 1985 10 07 20 33 40.1  aSRA   
3.10  -71.4710  42.5280 13.0 1985 10 15 20 00 38.4  aSRA   
3.89  -73.8290  40.9830  6.0 1985 10 19 10 07 40.3  aUSHIS 
3.30  -73.4500  45.2900  5.0 1985 11 01 23 33 39    aPDE   
3.30  -92.1880  35.2230  4.0 1985 11 08 19 56 48.5  aSRA   
3.20 -113.3600  49.1800 18.0 1985 12 04 08 38 14    aDNAG  
3.85  -89.9900  35.8800  5.0 1985 12 05 22 59 41.2  aSRA   
3.00 -104.6650  35.4367  0.0 1985 12 15 07 14 52.60  SNMX  
3.10  -66.6000  47.0000  5.0 1985 12 21 06 03 11    aDNAG  
3.30  -83.7200  35.7010 13.0 1985 12 22 00 56 05    aSRA   
3.50  -88.9650  38.5520  5.0 1985 12 29 08 56 56.3  aSRA   
3.20  -84.7620  35.6090 22.0 1986 01 07 01 26 43.3  aSRA   
3.30  -77.3200  45.8000 18.0 1986 01 10 09 59 48    aPDE   
4.00  -70.1800  47.7000 18.0 1986 01 11 13 30 28    aPDE   
3.30 -100.6930  32.0660  5.0 1986 01 30 22 26 37    aSRA   
4.95  -81.1620  41.6500  2.0 1986 01 31 16 46 42.3  aUSHIS 
3.50  -82.9070  34.7930  5.0 1986 02 13 11 35 45.3  aSRA   
3.10 -102.5140  35.3080  5.0 1986 03 03 11 45 17.4  aSRA   
3.50  -66.6000  47.0000  5.0 1986 03 06 08 34 51    aPDE   
3.00  -85.5100  35.1870 27.0 1986 04 19 07 40 53    aSRA   
4.40  -87.3470  33.3350  1.0 1986 05 07 02 27 00.4  aSRA   
3.30  -66.1400  46.5400 18.0 1986 05 09 09 04 33    aPDE   
3.20 -110.3190  37.2940  8.0 1986 05 14 15 02 55.7  aSRA   
3.00  -92.2170  35.1780  5.0 1986 05 24 08 16 01.5  aSRA   
3.40  -89.8800  36.5800 10.0 1986 05 24 12 48 13.5  aSRA   
3.40  -98.2890  43.9370  5.0 1986 05 25 07 13 22.1  aSRA   
3.40  -66.6000  47.0000  5.0 1986 06 01 14 53 14    aPDE   
3.00  -99.7810  39.3440  5.0 1986 06 02 04 04 05.2  aSRA   
3.30  -75.0900  46.3400  8.0 1986 06 05 12 13 22    aPDE   
3.00 -105.6940  42.3970 20.0 1986 06 12 15 14 34    aSRA   
3.78  -84.9870  34.9370 13.0 1986 07 11 14 26 14.8  aUSHIS 
4.53  -84.3710  40.5370 10.0 1986 07 12 08 19 37.9  aUSHIS 
3.40  -68.1980  46.1700  9.0 1986 07 12 20 32 48.4  aSRA   
3.50  -75.2200  46.3700 18.0 1986 08 06 11 19 36    aPDE   
3.33  -74.2460  45.1310 24.0 1986 08 13 04 55 18.4  aPDE   
4.00 -110.5740  37.4200  5.0 1986 08 22 13 26 33.3  aSRA   
3.70  -89.7900  38.3200  5.0 1986 08 26 16 41 24.8  aSRA   
3.10 -105.1700  35.1200  0.0 1986 08 27 18 06 58.00  SNMX  
3.50 -107.0900  38.9120  5.0 1986 09 03 06 20 50.9  aSRA   
4.20  -70.3200  47.3000 22.0 1986 09 19 15 53 01    aPDE   
4.10  -66.6000  47.0000  5.0 1986 10 17 14 47 59    aPDE   
3.00 -101.3720  37.9180  5.0 1986 10 20 04 32 49    aSRA   
3.90  -71.5900  43.3990  5.0 1986 10 25 17 16 38.4  aSRA   
3.30 -108.8960  41.9220  5.0 1986 11 03 00 23 45    aSRA   
3.00 -110.2970  37.4300  1.0 1986 11 07 01 31 53.7  aSRA   
3.00  -82.8800  34.8980  9.0 1986 12 11 14 07 11.5  aSRA   
3.50  -89.5800  36.4200 14.0 1986 12 30 07 15 19.1  aSRA   
3.50 -103.4820  42.7880  5.0 1987 01 01 08 02 24.07 aPDE   
3.00  -89.9780  35.8930  5.0 1987 01 16 03 25 35.79 aPDE   
3.10  -98.0970  35.8280  5.0 1987 01 24 16 08 17    aPDE   
3.85 -110.6160  40.4420  1.0 1987 03 05 03 02 50.49 aPDE   
4.23  -84.2290  35.5670 19.0 1987 03 27 07 29 30.4  aUSHIS 
3.50  -80.9900  46.5400  1.0 1987 05 30 11 29 18.30 aPDE   
5.16  -87.9540  38.7130 10.0 1987 06 10 23 48 54.8  aUSHIS 
4.10  -89.6860  36.6050  5.0 1987 06 13 21 17 12.83 aPDE   
3.60  -89.1730  36.8390  5.0 1987 07 07 19 19 05.77 aPDE   
3.00  -98.2920  44.3320 10.0 1987 07 09 22 06 45.47 aPDE   
3.40  -83.8170  36.1030 25.0 1987 07 11 00 04 29.46 aPDE   
3.76  -80.7670  41.8960  5.0 1987 07 13 05 49 17.43 aPDE   
3.40  -79.4720  43.4910  6.0 1987 07 23 09 32 28.5  aPDE   
3.10  -89.6880  38.3080  5.0 1987 08 31 17 12 35.5  aPDE   
3.30  -84.3110  35.6230 19.0 1987 09 22 17 23 50.1  aPDE   
3.65  -74.5170  44.3750 10.0 1987 09 26 17 44 06.97 aPDE   
4.53  -89.2100  36.8400  5.0 1987 09 29 00 04 57.2  aUSHIS 
3.55 -107.3810  45.7710  5.0 1987 10 05 18 54 49.34 aPDE   
3.80  -88.7930  37.0490  5.0 1987 10 14 15 49 39.56 aPDE   
3.00  -98.5990  44.4720  5.0 1987 10 15 10 54 33.81 aPDE   
3.50  -83.0990  36.8480 14.0 1987 11 27 18 58 29.53 aPDE   
3.70  -98.0240  36.0550  5.0 1987 12 08 01 42 40.3  aPDE   
3.00  -82.6280  34.2440  5.0 1987 12 12 03 53 28.79 aPDE   
3.25  -87.9590  38.7420  5.0 1988 01 05 14 39 17.96 aPDE   
3.30  -84.2010  35.2750 12.0 1988 01 09 01 07 40.78 aPDE   
3.60  -89.6210  46.5590  5.0 1988 01 14 17 23 36.56 aPDE   
3.30  -80.1570  32.9350  7.0 1988 01 23 01 57 16.39 aPDE   
4.90  -65.5800  48.0000 18.0 1988 01 28 08 38 28    aPDE   
3.50  -90.4650  35.6810 10.0 1988 01 31 00 12 43.48 aPDE   
3.30 -108.5320  40.6260  5.0 1988 02 14 18 32 40.51 aPDE   
3.25  -82.3040  36.5610  5.0 1988 02 16 15 26 54.53 aPDE   
3.50  -83.8530  35.3660  5.0 1988 02 18 00 37 45.97 aPDE   
3.30  -66.6000  47.0000  5.0 1988 03 06 18 13 18.1  aPDE   
3.90  -75.7160  46.3410 18.0 1988 03 10 14 42 55.2  aPDE   
3.40  -99.1550  39.0930  5.0 1988 04 14 09 39 31.47 aPDE   
4.05  -81.9870  37.2380  0.0 1988 04 14 23 37 31.1  aPDE   
3.40  -66.6000  47.0000  5.0 1988 05 09 01 23 03.6  aPDE   
3.50  -75.5800  45.1700  7.0 1988 05 15 06 10 05.6  aPDE   
3.30  -92.7700  37.2880  5.0 1988 05 20 23 06 22.61 aPDE   
3.40  -81.6130  39.7530  0.0 1988 05 28 16 18 28.12 aPDE   
3.30 -110.4480  36.3740  5.0 1988 07 15 00 38 09.59 aPDE   
3.45  -74.9550  44.9950 10.0 1988 08 09 13 57 26.98 aPDE   
5.40 -110.8690  39.1280 10.0 1988 08 14 20 03 03.9  aUSHIS 
3.85  -66.5900  46.9900  5.0 1988 08 26 05 59 10.2  aPDE   
4.57  -83.8780  38.1430 10.0 1988 09 07 02 28 09.5  aUSHIS 
3.50  -87.9310  38.6900  5.0 1988 10 05 00 38 52.27 aPDE   
3.90  -71.1580  44.5390  5.0 1988 10 20 13 09 50.1  aUSHIS 
3.80  -70.3860  44.4240  5.0 1988 11 14 06 15 43.16 aPDE   
5.80  -71.1830  48.1170 28.0 1988 11 25 23 46 04.5  aPDE   
3.33  -92.7020  34.1890 13.0 1988 12 25 15 57 57.7  aPDE   
3.50  -69.3420  44.5140 10.0 1988 12 28 06 28 44.42 aPDE   
3.50  -89.4280  36.1850  5.0 1988 12 31 14 24 20.59 aPDE   
3.80  -67.3570  49.2640 18.0 1989 01 01 17 55 53.6  aPDE   
3.10 -112.8620  49.0560  5.0 1989 01 04 18 50 09.79 aPDE   
3.40 -104.1033  35.1833  0.0 1989 01 29 05 07 15.60  SNMX  
3.80 -101.8980  42.6850  5.0 1989 02 09 05 15 45.8  aPDE   
3.50  -87.0920  33.6430  0.0 1989 02 28 17 31 50.84 aPDE   
4.40  -69.9000  47.7000 18.0 1989 03 11 08 31 52.1  aPDE   
3.45  -71.1440  44.5110  5.0 1989 04 06 02 35 51.31 aPDE   
3.70 -105.6020  47.7160  5.0 1989 04 07 08 26 48.91 aPDE   
3.97  -82.0680  37.1360  0.0 1989 04 10 18 12 16    aPDE   
3.00  -89.7110  36.5570  5.0 1989 04 15 16 39 51.15 aPDE   
4.40  -89.7680  36.0060 10.0 1989 04 27 16 47 49.8  aUSHIS 
3.10 -108.9240  38.4730  7.0 1989 05 13 21 01 48.82 aPDE   
3.70  -89.7100  36.7400  2.0 1989 05 14 00 16 09.5  aPDE   
3.90  -99.4770  39.1650  5.0 1989 06 08 18 18 43.37 aPDE   
3.10  -83.5690  38.6070 10.0 1989 07 15 00 08 02.64 aPDE   
3.10  -98.8760  36.4340  5.0 1989 07 20 06 07 50.42 aPDE   
3.30  -79.5300  43.2100 18.0 1989 08 05 21 07 59.1  aPDE   
3.50  -65.8200  46.6500 18.0 1989 08 10 21 17 43.5  aPDE   
3.40  -87.0860  33.6320  0.0 1989 08 13 20 16 02.9  aPDE   
3.90  -87.6450  34.7360 10.0 1989 08 20 00 03 17.8  aUSHIS 
3.00  -70.8990  41.6140  5.0 1989 08 24 15 56 59.33 aPDE   
3.00 -108.9480  47.5470  5.0 1989 08 31 04 02 38.3  aPDE   
3.40  -89.6200  36.5450 11.0 1989 09 14 17 31 28    aPDE   
3.00 -107.0270  41.2070  5.0 1989 11 02 06 23 56.21 aPDE   
4.00  -76.5900  46.5700 18.0 1989 11 16 09 24 52    aPDE   
3.00 -107.7670  38.0550  5.0 1989 11 19 03 21 13.61 aPDE   
3.30  -99.9080  45.3170  5.0 1989 11 26 01 06 14.67 aPDE   
3.20  -90.7440  35.2450  5.0 1989 12 25 08 29 26.95 aPDE   
3.94  -86.4340  38.1330  5.0 1990 01 24 18 20 24.41 aPDE   
3.95 -102.5040  43.3130  5.0 1990 01 28 04 59 59.19 aPDE   
3.60  -89.2190  38.8680 10.0 1990 03 02 07 01 47.73 aPDE   
3.00  -91.4900  36.7200  5.0 1990 03 18 16 22 33    aPDE   
3.50  -68.2300  47.2800 18.0 1990 03 30 01 54 09    aPDE   
3.10 -112.3700  48.7170  6.0 1990 04 04 21 42 33.6  aPDE   
3.50 -109.5190  40.0820  3.0 1990 04 07 15 37 54.86 aPDE   
3.00  -84.8520  40.4600  5.0 1990 04 17 10 27 34.78 aPDE   
3.00  -88.2300  39.5560 10.0 1990 04 24 09 41 24.3  aPDE   
3.00 -110.8280  38.9520 11.0 1990 06 25 17 15 33.54 aPDE   
3.00  -98.9540  41.5070  5.0 1990 07 18 02 47 03.92 aPDE   
3.00  -89.2400  36.8500  6.0 1990 08 07 05 05 56.4  aPDE   
3.75  -83.3400  36.7940 10.0 1990 08 17 21 01 17.9  aPDE   
3.50  -89.6600  35.8300 13.0 1990 08 29 19 34 59.9  aPDE   
3.30  -83.7310  38.0610  5.0 1990 09 08 00 03 57.4  aPDE   
3.00 -106.2060  39.7010  5.0 1990 09 12 21 38 57.62 aPDE   
4.86  -89.5770  37.1650 12.0 1990 09 26 13 18 51.33 aPDE   
3.00 -101.5050  41.8150  5.0 1990 09 30 00 06 24.01 aPDE   
3.90  -75.1900  46.3200 17.0 1990 10 07 08 47 30.5  aPDE   
4.93  -75.5900  46.4700 13.0 1990 10 19 07 01 57.4  aPDE   
3.00  -75.5060  39.5120 10.0 1990 10 23 01 34 48.27 aPDE   
3.35  -88.9900  38.3100  5.0 1990 10 24 08 20 04.3  aPDE   
3.87  -98.4720  43.7940  5.0 1990 10 25 06 25 25.54 aPDE   
3.20  -83.0110  36.8770  1.0 1990 11 08 10 08 28.25 aPDE   
3.53  -89.6200  36.5400  8.0 1990 11 09 03 39 15.9  aPDE   
3.20  -80.1360  32.9470  3.0 1990 11 13 15 22 13.01 aPDE   
3.75  -97.5900  34.7600  5.0 1990 11 15 11 44 41.4  aPDE   
4.10  -76.2190  47.1280 18.0 1990 11 15 13 47 15.7  aPDE   
3.50  -66.6000  47.0000  5.0 1990 12 12 05 15 07.1  aPDE   
3.20  -87.0440  40.0680 10.0 1990 12 17 05 24 59.1  aPDE   
3.60  -86.6710  39.5700 10.0 1990 12 20 14 04 17.12 aPDE   
4.33  -72.5560  47.5790 18.0 1990 12 31 03 53 58.39 aPDE   
3.00  -88.8600  37.9460  5.0 1991 01 23 09 25 23.5  aPDE   
3.30  -81.4530  41.5360  5.0 1991 01 26 03 21 22.61 aPDE   
3.40 -111.4290  37.6810  9.0 1991 01 26 21 49 38.02 aPDE   
3.00  -89.9500  35.9800 14.0 1991 02 11 00 00 06.1  aPDE   
3.27 -109.4830  40.0910  1.0 1991 03 02 08 41 37.49 aPDE   
3.90  -76.8740  46.2820 18.0 1991 03 06 05 26 53.6  aPDE   
3.80  -77.9160  37.7460 17.0 1991 03 15 06 54 08.29 aPDE   
3.93  -66.5940  49.6980 18.0 1991 03 21 04 10 59.39 aPDE   
3.03 -106.8570  42.0310  5.0 1991 04 13 19 08 05.15 aPDE   
3.50  -80.2070  37.9410 14.0 1991 04 22 01 01 20.27 aPDE   
3.57  -66.6000  47.0000  5.0 1991 04 23 03 19 19    aPDE   
4.72  -89.8230  36.5640  5.0 1991 05 04 01 18 54.91 aPDE   
3.60  -74.4000  45.5000 18.0 1991 05 17 18 08 47    aPDE   
3.50  -99.4000  39.2000  5.0 1991 05 30 22 07 44    aPDE   
3.60 -112.0070  48.3740  5.0 1991 06 05 09 24 07.6  aPDE   
4.30  -76.7000  47.0000 18.0 1991 06 16 16 46 53    aPDE   
4.04  -74.6780  42.6300  5.0 1991 06 17 08 53 16.74 aPDE   
3.00 -110.3580  37.2090  1.0 1991 06 25 21 02 13.63 aPDE   
3.20  -81.6680  38.2760  5.0 1991 06 28 18 34 51.92 aPDE   
3.30  -91.7100  37.4900  5.0 1991 07 02 03 49 01.7  aPDE   
3.80  -73.8960  45.2320 18.0 1991 07 05 01 47 36.7  aPDE   
3.90  -91.6430  36.6580  5.0 1991 07 07 21 24 02.69 aPDE   
3.00  -89.4400  36.1400 12.0 1991 07 08 23 49 07.4  aPDE   
3.50  -98.0420  28.9080 10.0 1991 07 20 23 38 19.21 aPDE   
3.45 -108.8610  43.5020  5.0 1991 08 07 12 49 16.66 aPDE   
3.00  -77.6570  40.7860  1.0 1991 08 15 07 16 07.15 aPDE   
3.40 -100.5330  42.1620  5.0 1991 08 26 11 49 15.43 aPDE   
3.10  -84.0950  35.7110  5.0 1991 09 24 07 21 06.47 aPDE   
3.10  -89.4320  36.8410  5.0 1991 10 03 11 46 04.83 aPDE   
3.00  -73.5780  41.0700 10.0 1991 10 28 20 58 26.1  aPDE   
3.80  -87.8940  38.7130 10.0 1991 11 11 09 20 47.4  aPDE   
3.00  -90.2700  35.7200  9.0 1991 11 13 09 43 15.9  aPDE   
3.00 -108.8950  47.9520 10.0 1991 12 05 10 10 00.7  aPDE   
4.02  -69.8000  47.7000 18.0 1991 12 08 03 00 30    aPDE   
3.10 -106.9170  41.9360  5.0 1991 12 18 21 36 47.9  aPDE   
3.45 -106.7150  45.8200  5.0 1991 12 23 20 32 27.25 aPDE   
5.00 -103.1867  32.3017  0.0 1992 01 02 11 45 35.30  SNMX  
3.20  -82.4650  33.9460  5.0 1992 01 03 04 21 22.23 aPDE   
3.03  -74.3410  40.3630  7.0 1992 01 09 08 50 45.22 aPDE   
3.50  -81.2450  41.9110  5.0 1992 03 15 06 13 55.22 aPDE   
3.35  -89.4790  35.8280 12.0 1992 04 03 03 06 03.97 aPDE   
3.25 -104.7730  37.3350  5.0 1992 04 15 22 46 05.08 aPDE   
3.13  -90.4100  36.9200  5.0 1992 04 30 00 01 30.9  aPDE   
3.20  -70.4070  47.4460  2.0 1992 05 01 00 37 51.4  aPDE   
3.70  -74.9640  46.4440 18.0 1992 05 19 05 59 41    aPDE   
3.30  -99.5490  38.7600  5.0 1992 07 15 02 56 40.75 aPDE   
4.22  -80.1160  33.0500 10.0 1992 08 21 16 31 55.16 aPDE   
3.00 -102.7080  32.1730  5.0 1992 08 26 03 24 52.67 aPDE   
3.30  -89.6800  37.6300  5.0 1992 08 26 05 41 38.4  aPDE   
3.60 -107.0410  43.8250  5.0 1992 08 31 01 40 14.21 aPDE   
3.40  -71.5780  43.3240  5.0 1992 10 06 15 38 04    aPDE   
4.00 -108.2420  42.8190  5.0 1992 10 10 15 40 56.25 aPDE   
3.00 -104.3890  42.7400  5.0 1992 11 02 06 54 10.34 aPDE   
3.35 -112.6110  49.0010  5.0 1992 11 17 03 37 22.97 aPDE   
4.24  -74.8620  45.7640 18.0 1992 11 17 03 58 00.9  aPDE   
3.55  -97.5810  34.7440  5.0 1992 12 17 07 18 04.27 aPDE   
3.20  -89.6300  37.5000  5.0 1992 12 27 10 12 58.9  aPDE   
3.00  -82.0900  35.8770  3.0 1993 01 01 05 08 05.34 aPDE   
3.35 -112.1900  48.8970  5.0 1993 01 01 15 57 41.98 aPDE   
3.50  -90.0300  35.8300 21.0 1993 01 08 13 01 18.8  aPDE   
3.10  -98.2750  36.5950  5.0 1993 01 14 17 06 10.45 aPDE   
3.13  -84.9740  35.0750  1.0 1993 01 15 02 02 51.83 aPDE   
3.00  -89.6170  36.2220 13.0 1993 01 21 19 46 19.3  aPDE   
3.40 -112.4030  49.2120  5.0 1993 01 22 06 02 32.79 aPDE   
3.20  -89.0400  39.0380  5.0 1993 01 29 13 56 23.21 aPDE   
3.50  -89.7300  36.6600  7.0 1993 02 06 02 09 45.5  aPDE   
3.48 -101.4610  42.8300  5.0 1993 02 20 13 08 10.15 aPDE   
3.60 -105.2870  43.7120  0.0 1993 02 24 23 52 17.58 aPDE   
3.70 -106.0620  44.9320  5.0 1993 02 25 03 44 15.54 aPDE   
3.07  -89.4900  36.6700  8.0 1993 03 02 00 29 11.8  aPDE   
3.20 -106.6170  43.3990  5.0 1993 03 10 03 54 31.17 aPDE   
3.20  -90.5500  35.6700 10.0 1993 03 16 07 38 10.2  aPDE   
3.00 -104.4383  35.1500  0.0 1993 03 24 02 32  5.90  SNMX  
3.30  -89.4200  36.7900  5.0 1993 03 31 20 23 21.2  aPDE   
4.23  -98.1240  28.8110  5.0 1993 04 09 12 29 19.17 aPDE   
3.57  -89.4400  36.1900  7.0 1993 04 28 22 40 01.9  aPDE   
3.50  -75.5000  46.3000 18.0 1993 05 06 01 23 25.94 aPDE   
3.77 -107.5750  42.3040  5.0 1993 06 01 21 33 22.92 aPDE   
4.10  -96.2930  45.6740 10.0 1993 06 05 01 24 53    aPDE   
3.00 -105.3730  42.9850  5.0 1993 06 30 06 50 57.83 aPDE   
3.10 -106.7150  39.2270  5.0 1993 07 08 04 03 52.25 aPDE   
3.70  -88.3410  31.7470  5.0 1993 07 16 10 54 32.86 aPDE   
3.70 -105.7030  42.4780  5.0 1993 07 23 06 30 23.84 aPDE   
3.90  -74.1200  45.2600  8.0 1993 07 30 22 30 54    aPDE   
3.00  -89.8800  36.0000 11.0 1993 08 05 07 21 37.4  aPDE   
3.20  -81.5950  33.6330  5.0 1993 08 08 09 24 31.14 aPDE   
3.05 -109.9210  43.5760  5.0 1993 08 23 05 29 47.69 aPDE   
3.00 -106.8370  42.0330  5.0 1993 08 23 13 12 13.88 aPDE   
3.30  -90.3600  38.0900 16.0 1993 08 27 00 08 34    aPDE   
3.50  -75.0500  46.4570 15.0 1993 08 30 05 15 28.5  aPDE   
3.65  -74.6050  46.0650 18.0 1993 09 23 06 45 28.4  aPDE   
3.00 -103.5600  35.5683  0.0 1993 09 29 02 01 28.50  SNMX  
3.70 -105.8680  42.4210  5.0 1993 10 10 04 17 46.76 aPDE   
3.50  -81.0120  41.6980  5.0 1993 10 16 06 30 05.32 aPDE   
3.50 -107.3840  43.8840  5.0 1993 11 16 07 26 04.03 aPDE   
4.19  -73.4950  45.1820 17.0 1993 11 16 09 31 44.2  aPDE   
3.30 -103.1567  35.8083  0.0 1993 11 30 03 07 36.30  SNMX  
3.50  -70.0600  47.5300  8.0 1993 12 01 12 47 15    aPDE   
3.46 -105.4990  42.3330  5.0 1993 12 13 14 51 03.05 aPDE   
4.30  -75.6060  46.5060 18.0 1993 12 25 16 44 22.3  aPDE   
4.70 -110.1320  43.4830  8.0 1993 12 28 21 02 28.77 aPDE   
3.80  -70.3670  47.4530  7.0 1993 12 30 23 01 47.5  aPDE   
4.60  -76.0370  40.3300  5.0 1994 01 16 01 49 16.21 aPDE   
3.30 -100.1410  42.6270  5.0 1994 01 25 02 44 39.83 aPDE   
4.20  -89.1800  37.3700 16.0 1994 02 05 14 55 37.7  aPDE   
3.10  -95.0000  45.0000  5.0 1994 02 09 08 45 35.58 aPDE   
3.15  -82.0000  36.8000  5.0 1994 02 12 02 40 24.5  aPDE   
3.55  -77.8760  42.7820  1.0 1994 03 12 10 43 15.74 aPDE   
3.60  -65.7400  48.9900 18.0 1994 03 28 16 28 23    aPDE   
3.20  -85.4930  34.9610  5.0 1994 04 05 22 21 59.06 aPDE   
3.10  -89.2700  38.1230 10.0 1994 04 06 17 38 55.8  aPDE   
3.00  -87.1740  34.1980  5.0 1994 05 04 09 12 02.76 aPDE   
3.20  -92.6710  33.0130  5.0 1994 06 10 23 34 02.92 aPDE   
4.02  -66.6000  47.0000  5.0 1994 07 14 12 41 52    aPDE   
3.70  -76.7510  35.0670  5.0 1994 08 06 19 54 09.9  aPDE   
4.08 -111.3330  48.4890  5.0 1994 08 16 11 03 41.72 aPDE   
3.50  -91.0580  36.1360  5.0 1994 08 20 10 45 44.65 aPDE   
3.45  -84.6040  42.7980  5.0 1994 09 02 21 23 06.52 aPDE   
3.05  -69.2320  43.8610  5.0 1994 09 05 14 13 52.23 aPDE   
4.50 -107.9760  38.1510 10.0 1994 09 13 06 01 23.01 aPDE   
3.60  -68.2230  45.3060  5.0 1994 09 16 04 22 42.51 aPDE   
4.23  -69.9600  47.7700 17.0 1994 09 25 00 53 28    aPDE   
3.10 -107.4840  38.9310  1.0 1994 09 26 01 21 45.56 aPDE   
3.57  -88.9350  36.9290  5.0 1994 09 26 14 23 22.04 aPDE   
3.60  -72.2770  42.3470 10.0 1994 10 02 11 27 22.58 aPDE   
3.40 -108.2690  40.0400  5.0 1994 11 03 11 40 10.14 aPDE   
4.00 -104.8400  39.2990 10.0 1994 12 25 19 06 07.9  aPDE-W 
3.00 -107.4480  38.8710  1.0 1995 01 01 12 43 19.34 aPDE-W 
4.10  -97.5960  34.7740  5.0 1995 01 18 15 51 39.42 aPDE-W 
5.16 -109.6390  41.5270  1.0 1995 02 03 15 26 10.71 aPDE-W 
3.10  -94.9760  40.4960  5.0 1995 02 11 05 54 10.04 aPDE-W 
3.45  -75.0400  45.9000 18.0 1995 02 15 15 53 57    aPDE-W 
3.53  -83.4700  39.1200 10.0 1995 02 19 12 57 06    aPDE-W 
3.00  -74.4260  44.2330  4.0 1995 03 02 05 33 51.42 aPDE-W 
3.77  -83.1500  36.9830  1.0 1995 03 11 08 15 52.02 aPDE-W 
3.30  -84.9220  35.4250 17.0 1995 03 18 22 06 21    aPDE-W 
3.30 -104.2120  35.0000  5.0 1995 03 19 18 36 43.97 aPDE-W 
4.10 -108.9610  40.1950  5.0 1995 03 20 12 46 16.6  aPDE-W 
3.90  -80.0680  32.9470 10.0 1995 04 17 13 45 57.8  aPDE-W 
3.53  -89.4300  36.1700  6.0 1995 05 27 19 51 10.4  aPDE-W 
3.40  -87.8270  33.1910  1.0 1995 05 28 15 28 36.95 aPDE-W 
3.00  -96.7320  34.2870  5.0 1995 06 01 04 49 29.32 aPDE-W 
3.69  -76.2900  47.0200 18.0 1995 06 03 22 44 32    aPDE-W 
3.80  -71.9130  44.2870  5.0 1995 06 16 12 13 11.48 aPDE-W 
