7.30 -119.5000  39.5000  0.0 1852  1  1  0  0       aDNAG  
7.00 -114.5000  33.0000  0.0 1852 11 09  0  0       aDNAG  
6.50 -115.0000  32.5001  0.0 1852 11 29 20 00  0.00  CDMG  
5.50 -120.3000  39.5001  0.0 1855 01 25 06 00  0.00  CDMG  
4.90 -122.5000  38.1001  0.0 1855 08 27 11 00  0.00  CDMG  
5.50 -122.3000  37.5001  0.0 1856 02 15 13 25  0.00  CDMG  
7.90 -119.8000  35.3001  0.0 1857 01 09 16 00  0.00  CDMG  
6.00 -120.0000  39.3001  0.0 1857 09 03 03 05  0.00  CDMG  
6.10 -121.9000  37.5001  0.0 1858 11 26 08 35  0.00  CDMG  
7.00 -120.0000  39.0000  0.0 1860 03 15 18 45       aDNAG  
6.30 -119.5000  39.5001  0.0 1860 03 15 19 00  0.00  CDMG  
5.60 -122.0000  37.8001  0.0 1861 07 04 00 11  0.00  CDMG  
5.90 -117.2000  32.7001  0.0 1862 05 27 20 00  0.00  CDMG  
5.90 -121.7000  37.1001  0.0 1864 02 26 13 47  0.00  CDMG  
5.70 -122.0000  37.7001  0.0 1864 03 05 16 49  0.00  CDMG  
4.50 -121.0000  39.3001  0.0 1864 08 18 13 18  0.00  CDMG  
4.70 -122.6000  38.4001  0.0 1865 03 08 14 30  0.00  CDMG  
5.40 -124.1000  40.8001  0.0 1865 10 01 17 15  0.00  CDMG  
6.30 -121.9000  37.3001  0.0 1865 10 08 20 46  0.00  CDMG  
4.00 -120.9000  39.6001  0.0 1867 12 02 08 20  0.00  CDMG  
5.80 -119.7000  39.3001  0.0 1868 05 30 05 10  0.00  CDMG  
6.30 -118.0000  37.0000  0.0 1868 09 04 16 00       aDNAG  
5.20 -119.7000  38.6001  0.0 1868 09 17 16 55  0.00  CDMG  
6.80 -122.1000  37.7001  0.0 1868 10 21 15 53  0.00  CDMG  
5.00 -123.1000  39.1001  0.0 1869 10 08 09 30  0.00  CDMG  
4.80 -120.6000  39.5001  0.0 1869 12 21 04 00  0.00  CDMG  
6.70 -120.0000  39.5000  0.0 1869 12 27 01 30       aDNAG  
5.90 -124.2000  40.4001  0.0 1871 03 02 21 05  0.00  CDMG  
5.20 -118.0000  36.4001  0.0 1871 07 05 21 06  0.00  CDMG  
5.50 -117.5000  40.0000  0.0 1872 03 23 21 41       aUSHIS 
7.80 -118.1000  36.7001  0.0 1872 03 26 10 30  0.00  CDMG  
6.60 -118.5000  37.5001  0.0 1872 04 11 19 00  0.00  CDMG  
5.50 -115.0000  33.0001  0.0 1872 05 03 01 00  0.00  CDMG  
6.00 -117.0000  39.0000  0.0 1872 11 12  0  0       aUSHIS 
5.00 -112.5000  46.4000  0.0 1872 12 10 23 30       aUSHIS 
7.00 -120.3000  47.9000  0.0 1872 12 15 05 40       aUSHIS 
5.50 -118.0000  40.0000  0.0 1873 11 05 17 00       aUSHIS 
6.70 -124.0000  42.0001  0.0 1873 11 23 05 00  0.00  CDMG  
6.30 -124.5000  42.8000  0.0 1873 11 23 05 05       aDNAG  
5.80 -120.5000  40.2001  0.0 1875 01 24 12 00  0.00  CDMG  
5.50 -124.0000  40.7001  0.0 1875 09 30 12 30  0.00  CDMG  
4.20 -122.9000  38.4001  0.0 1876 05 29 18 55  0.00  CDMG  
5.00 -120.0000  39.3000  0.0 1877 07 10 07 10       aUSHIS 
6.33 -122.5000  45.5000  0.0 1877 10 12 17 00       aDNAG  
5.80 -124.0000  40.1001  0.0 1878 05 09 04 25  0.00  CDMG  
5.00 -122.0000  40.0001  0.0 1881 01 07 02 25  0.00  CDMG  
5.60 -120.5000  36.0001  0.0 1881 02 02 00 11  0.00  CDMG  
5.90 -121.4000  37.4001  0.0 1881 04 10 10 00  0.00  CDMG  
5.70 -121.2000  36.9001  0.0 1882 03 06 21 45  0.00  CDMG  
5.60 -121.6000  36.9001  0.0 1883 03 30 15 45  0.00  CDMG  
6.00 -119.9000  34.2001  0.0 1883 09 05 12 30  0.00  CDMG  
5.70 -123.6000  41.1001  0.0 1884 01 28 07 30  0.00  CDMG  
5.90 -122.2000  37.1001  0.0 1884 03 26 00 40  0.00  CDMG  
4.20 -122.3000  40.3001  0.0 1884 06 06 09 00  0.00  CDMG  
6.30 -111.2660  42.0000  0.0 1884 11 10 08 50       aDNAG  
5.70 -120.6000  40.4001  0.0 1885 01 31 05 45  0.00  CDMG  
6.20 -121.0000  36.4001  0.0 1885 04 12 04 05  0.00  CDMG  
7.37 -109.2500  30.8000  0.0 1887 05 03 09 00       aUSHIS 
6.30 -119.8000  39.2001  0.0 1887 06 03 10 48  0.00  CDMG  
4.90 -123.6000  39.3001  0.0 1887 12 03 18 55  0.00  CDMG  
5.70 -112.5220  37.0470  0.0 1887 12 05 15 30       aDNAG  
4.20 -122.7000  38.3001  0.0 1888 02 29 22 50  0.00  CDMG  
4.60 -120.5000  41.5001  0.0 1888 04 14 03 30  0.00  CDMG  
5.90 -120.7000  39.7001  0.0 1888 04 29 04 48  0.00  CDMG  
4.50 -121.8000  37.1001  0.0 1888 09 17 11 51  0.00  CDMG  
4.30 -122.3000  37.9001  0.0 1888 11 18 22 28  0.00  CDMG  
5.30 -116.7000  34.1001  0.0 1889 02 07 05 20  0.00  CDMG  
4.80 -121.9000  37.1001  0.0 1889 04 15 03 28  0.00  CDMG  
6.00 -121.9000  38.0001  0.0 1889 05 19 11 10  0.00  CDMG  
5.90 -120.7000  40.5001  0.0 1889 06 20 06 00  0.00  CDMG  
5.20 -117.9000  34.1001  0.0 1889 08 28 02 15  0.00  CDMG  
5.60 -118.7000  37.2001  0.0 1889 09 30 05 20  0.00  CDMG  
6.30 -116.3000  33.4001  0.0 1890 02 09 12 06  0.00  CDMG  
6.00 -121.6000  36.9001  0.0 1890 04 24 11 36  0.00  CDMG  
6.00 -124.2000  40.5001  0.0 1890 07 26 09 40  0.00  CDMG  
5.00 -121.5000  47.5000  0.0 1891 03 08 03 40       aUSHIS 
5.00 -122.7000  45.5000  0.0 1892 02 04 04 30       aUSHIS 
6.70 -116.3000  32.7001  0.0 1892 02 24 07 20  0.00  CDMG  
6.40 -122.0000  38.4001  0.0 1892 04 19 10 50  0.00  CDMG  
4.90 -117.5000  34.2001  0.0 1892 06 14 13 25  0.00  CDMG  
5.60 -121.5000  36.8001  0.0 1892 11 13 12 45  0.00  CDMG  
4.70 -119.3000  45.9000  0.0 1893 03 07 01 03       aUSHIS 
5.40 -118.6000  34.3001  0.0 1893 04 04 19 40  0.00  CDMG  
5.50 -119.4000  34.1001  0.0 1893 05 19 00 35  0.00  CDMG  
5.90 -117.6000  34.3001  0.0 1894 07 30 05 12  0.00  CDMG  
5.80 -123.7000  40.3001  0.0 1894 09 30 17 36  0.00  CDMG  
5.70 -116.8000  32.8001  0.0 1894 10 23 23 03  0.00  CDMG  
5.00 -112.5000  46.0000  0.0 1895 09 06 19 20       aUSHIS 
5.00 -123.2000  45.2000  0.0 1896 04 02 11 17       aUSHIS 
5.90 -118.3000  36.7001  0.0 1896 08 17 11 30  0.00  CDMG  
5.00 -112.0000  46.6000  0.0 1897 06 05 12 22       aUSHIS 
6.20 -121.5000  37.0001  0.0 1897 06 20 20 14  0.00  CDMG  
6.40 -112.6000  45.3000  0.0 1897 11 04 09 29       aUSHIS 
6.20 -122.4000  38.2001  0.0 1898 03 31 07 43  0.00  CDMG  
6.40 -123.8000  39.2001  0.0 1898 04 15 07 07  0.00  CDMG  
5.70 -124.4000  41.0001  0.0 1899 04 16 13 40  0.00  CDMG  
5.80 -121.5000  37.2001  0.0 1899 07 06 20 10  0.00  CDMG  
6.50 -117.5000  34.3001  0.0 1899 07 22 20 32  0.00  CDMG  
6.60 -117.0000  33.8001  0.0 1899 12 25 12 25  0.00  CDMG  
5.70 -112.1140  39.9520  0.0 1900 08 01 07 45       aDNAG  
5.50 -120.5000  36.0001  0.0 1901 03 03 07 45  0.00  CDMG  
6.90 -110.0000  25.0000  0.0 1901 03 05 10 45       aDNAG  
5.00 -115.7000  40.8000  0.0 1901 07 26 22 20       aUSHIS 
6.50 -112.0830  38.7690  0.0 1901 11 14 04 39       aDNAG  
7.10 -110.0000  26.0000  0.0 1901 12 09 02 17       aDNAG  
5.50 -121.9000  38.3001  0.0 1902 05 19 18 31  0.00  CDMG  
4.50 -117.1000  33.7001  0.0 1902 06 11 02 45  0.00  CDMG  
4.30 -112.6390  38.2790  0.0 1902 07 31 07 00       aDNAG  
5.50 -120.3000  34.7001  0.0 1902 07 31 09 20  0.00  CDMG  
6.30 -113.5200  37.3930  0.0 1902 11 17 19 50       aDNAG  
7.10 -114.0000  29.0000  0.0 1902 12 12 23 10       aDNAG  
7.00 -115.0000  31.5001  0.0 1903 01 24 05 00  0.00  CDMG  
5.50 -121.8000  37.6001  0.0 1903 06 11 13 12  0.00  CDMG  
4.50 -122.0000  39.5001  0.0 1903 07 24 20 26  0.00  CDMG  
4.00 -117.6000  33.8001  0.0 1903 09 16 12 10  0.00  CDMG  
5.30 -122.8000  48.5000  0.0 1904 03 17 04 20       aUSHIS 
4.50 -122.4000  40.5001  0.0 1904 04 16 09 20  0.00  CDMG  
4.50 -122.0000  38.5001  0.0 1904 07 30 10 26  0.00  CDMG  
4.00 -122.3000  37.9001  0.0 1904 12 14 15 10  0.00  CDMG  
5.00 -118.7000  35.5001  0.0 1905 01 06 14 30  0.00  CDMG  
4.00 -119.5000  34.0001  0.0 1905 03 19 04 40  0.00  CDMG  
6.30 -114.5000  42.9000  0.0 1905 11 11 21 26       aDNAG  
4.30 -112.7190  41.9700  0.0 1905 11 11 23 00       aDNAG  
5.00 -118.8000  35.3001  0.0 1905 12 23 22 23  0.00  CDMG  
4.50 -117.0000  33.0001  0.0 1906 03 03 20 25  0.00  CDMG  
8.20 -122.5000  37.7001  0.0 1906 04 18 13 12 21.00  CDMG  
6.00 -115.5000  32.5001  0.0 1906 04 19 00 30  0.00  CDMG  
4.00 -123.0000  41.0001  0.0 1906 05 10 14 57  0.00  CDMG  
4.00 -124.0000  40.0001  0.0 1906 05 19 04 54  0.00  CDMG  
4.30 -111.9590  41.2240  0.0 1906 05 24 21 10       aDNAG  
6.33 -107.0000  34.0000  0.0 1906 07 12 12 15       aDNAG  
6.00 -117.1000  34.2001  0.0 1907 09 20 01 54  0.00  CDMG  
7.20 -112.5000  28.0000  0.0 1907 10 16 14 57 18    aDNAG  
5.00 -113.0070  38.3930  0.0 1908 04 15  0  0       aDNAG  
4.50 -121.8000  36.6001  0.0 1908 04 25 11 33  0.00  CDMG  
4.00 -121.1000  38.8001  0.0 1908 05 30 19 38  0.00  CDMG  
5.00 -124.0000  40.8001  0.0 1908 08 18 10 59  0.00  CDMG  
6.50 -117.0000  36.0001  0.0 1908 11 04 08 37  0.00  CDMG  
6.00 -122.7000  49.0000  0.0 1909 01 11 23 44       aUSHIS 
4.50 -121.7000  38.1001  0.0 1909 02 14 15 55  0.00  CDMG  
5.50 -120.8000  39.4001  0.0 1909 06 23 07 24  0.00  CDMG  
6.30 -112.6660  41.7660  0.0 1909 10 06 02 50       aDNAG  
6.00 -124.2000  40.5001  0.0 1909 10 29 06 45  0.00  CDMG  
4.50 -121.4000  36.7001  0.0 1909 11 22 15 21  0.00  CDMG  
5.00 -112.1490  38.6820  0.0 1910 01 10 13 00       aDNAG  
5.50 -121.8000  36.9001  0.0 1910 03 11 06 52  0.00  CDMG  
6.00 -125.0000  40.0001  0.0 1910 03 19 00 11  0.00  CDMG  
5.40 -112.5000  46.0000  0.0 1910 04 19 08 30       aUSHIS 
5.50 -118.4200  37.3301  0.0 1910 05 06 16 40  0.00  CDMG  
6.00 -117.4000  33.7001  0.0 1910 05 15 15 47  0.00  CDMG  
5.70 -111.8490  40.7490  0.0 1910 05 22 14 28       aDNAG  
6.30 -118.0000  38.0000  0.0 1910 11 21 23 23       aDNAG  
5.00 -121.4200  36.8301  0.0 1910 12 31 12 11  0.00  CDMG  
4.00 -118.8000  34.1001  0.0 1911 05 10 13 40  0.00  CDMG  
6.60 -121.7500  37.2501  0.0 1911 07 01 22 00  0.00  CDMG  
4.50 -116.7000  33.8001  0.0 1911 08 11 23 40  0.00  CDMG  
5.50 -118.4200  37.3300  0.0 1912 01 05 03 52       aUSHIS 
5.70 -111.5000  36.5000  0.0 1912 08 18 21 12       aDNAG  
4.50 -120.3300  38.9201  0.0 1912 08 31 04 53  0.00  CDMG  
4.00 -120.6000  35.2001  0.0 1913 10 20 11 25  0.00  CDMG  
4.00 -118.0000  33.8001  0.0 1913 10 21 09 38  0.00  CDMG  
4.00 -122.4200  37.6701  0.0 1913 10 25 09 45  0.00  CDMG  
4.00 -122.4200  37.5801  0.0 1914 01 24 03 33  0.00  CDMG  
4.30 -111.9160  40.9830  0.0 1914 04 08 16 06       aDNAG  
6.40 -119.8000  39.5001  0.0 1914 04 24 08 34  0.00  CDMG  
4.50 -118.5000  34.0001  0.0 1914 11 08 11 40  0.00  CDMG  
5.50 -122.0000  37.1701  0.0 1914 11 09 02 31  0.00  CDMG  
4.30 -113.7130  37.5720  0.0 1914 12 14 05 30       aDNAG  
5.50 -120.3000  34.7001  0.0 1915 01 12 04 31  0.00  CDMG  
6.33 -121.8300  40.5800  0.0 1915 02 22  0  0       aDNAG  
5.00 -119.5000  38.5801  0.0 1915 04 05 23 11  0.00  CDMG  
5.00 -118.8200  36.0801  0.0 1915 05 29 06 46  0.00  CDMG  
6.20 -115.5000  32.8001  0.0 1915 06 23 03 59  0.00  CDMG  
5.00 -111.6550  40.2390  0.0 1915 07 15 22 00       aDNAG  
4.30 -112.1620  41.7440  0.0 1915 07 30 18 50       aDNAG  
4.30 -112.6500  40.5000  0.0 1915 08 11 10 20       aDNAG  
5.60 -121.4000  48.5000  0.0 1915 08 18 14 04       aUSHIS 
4.00 -122.3300  37.5001  0.0 1915 10 01 15 26  0.00  CDMG  
7.60 -117.5000  40.5001  0.0 1915 10 03 06 52 48.00  CDMG  
4.30 -114.0000  40.1000  0.0 1915 10 05 08 00       aDNAG  
4.50 -122.2500  37.8301  0.0 1915 10 08 05 26  0.00  CDMG  
7.10 -115.0000  32.0001  0.0 1915 11 21 00 13 42.00  CDMG  
4.00 -121.4200  36.8301  0.0 1915 12 27 07 23  0.00  CDMG  
4.30 -111.7810  39.9720  0.0 1916 02 05 06 25       aDNAG  
5.30 -116.5000  44.2000  0.0 1916 05 13 02 26       aUSHIS 
4.50 -124.2500  40.5801  0.0 1916 07 05 04 40  0.00  CDMG  
4.50 -117.0000  34.7001  0.0 1916 07 16 11 50  0.00  CDMG  
5.80 -116.5000  41.5000  0.0 1916 08 03 14 22 38    aUSHIS 
5.50 -121.2500  36.6701  0.0 1916 08 06 19 38  0.00  CDMG  
4.00 -121.9000  37.1001  0.0 1916 08 08 16 50  0.00  CDMG  
5.00 -116.5000  33.5001  0.0 1916 09 30 02 11  0.00  CDMG  
6.00 -118.9000  34.9001  0.0 1916 10 23 02 44  0.00  CDMG  
4.00 -121.1700  36.0001  0.0 1916 10 24 13 30  0.00  CDMG  
5.50 -117.0000  36.0001  0.0 1916 11 10 09 11  0.00  CDMG  
4.70 -117.8000  41.6000  0.0 1917 03 28 11 16       aUSHIS 
4.50 -119.5000  34.2501  0.0 1917 04 13 03 59  0.00  CDMG  
4.30 -114.8000  44.0000  0.0 1917 04 20 04 30       aSRA   
5.50 -115.3000  32.8001  0.0 1917 05 28 06 06  0.00  CDMG  
4.00 -121.3300  36.5801  0.0 1917 06 09 03 34  0.00  CDMG  
4.00 -121.4200  36.8301  0.0 1917 09 24 21 21  0.00  CDMG  
4.00 -121.7500  37.3301  0.0 1917 10 26 09 20  0.00  CDMG  
5.30 -111.3000  43.0000  0.0 1917 12 12 10 50       aUSHIS 
4.00 -118.5000  34.0001  0.0 1918 03 06 18 20  0.00  CDMG  
6.80 -117.0000  33.7501  0.0 1918 04 21 22 32 25.00  CDMG  
5.00 -115.5000  32.5001  0.0 1918 05 01 04 32  0.00  CDMG  
6.80 -111.0000  27.0000  0.0 1918 05 23 11 57 30    aDNAG  
6.33 -106.0000  35.5000  0.0 1918 05 28 11 30       aDNAG  
6.50 -125.0000  41.0001  0.0 1918 07 15 00 23  0.00  CDMG  
6.33 -121.8300  40.5800  0.0 1919 01 04 23 00       aDNAG  
5.00 -119.0000  35.0001  0.0 1919 02 16 15 57  0.00  CDMG  
4.50 -116.0000  32.7501  0.0 1919 02 19 04 58  0.00  CDMG  
4.50 -122.5000  38.3301  0.0 1919 02 25 22 39  0.00  CDMG  
4.50 -121.8300  37.0801  0.0 1919 11 25 11 03  0.00  CDMG  
5.20 -119.5000  38.3001  0.0 1919 12 19 13 59  0.00  CDMG  
5.00 -116.7000  33.2001  0.0 1920 01 01 02 35  0.00  CDMG  
5.50 -123.0000  48.8000  0.0 1920 01 24 07 09 16    aUSHIS 
4.50 -116.0000  33.0001  0.0 1920 05 18 06 25  0.00  CDMG  
4.50 -118.2500  33.5001  0.0 1920 06 18 10 08  0.00  CDMG  
4.90 -118.5000  34.0001  0.0 1920 06 22 02 48  0.00  CDMG  
4.30 -112.0150  41.5100  0.0 1920 09 18 20 10       aDNAG  
4.30 -113.5730  37.1060  0.0 1920 11 26  0  0       aDNAG  
4.50 -119.5000  34.5001  0.0 1920 12 05 11 58  0.00  CDMG  
4.50 -115.5000  33.0001  0.0 1920 12 20 14 47  0.00  CDMG  
4.00 -122.0000  36.7501  0.0 1921 06 12 03 42  0.00  CDMG  
5.00 -120.7500  40.6700  0.0 1921 07 21 20 15       aDNAG  
4.00 -121.6700  36.9201  0.0 1921 07 25 05 05  0.00  CDMG  
5.00 -115.5000  32.5001  0.0 1921 09 08 19 24  0.00  CDMG  
5.20 -112.1000  38.7000  0.0 1921 09 29 14 12       aUSHIS 
7.30 -125.5000  41.0001  0.0 1922 01 31 13 17 22.00  CDMG  
6.50 -120.2500  35.7501  0.0 1922 03 10 11 21 20.00  CDMG  
5.00 -120.5000  42.0001  0.0 1923 01 11 04 29  0.00  CDMG  
7.20 -124.5000  40.5001  0.0 1923 01 22 09 04 18.00  CDMG  
4.30 -106.5000  31.8000  0.0 1923 03 07 05 03       aSRA   
4.30 -113.2330  38.1660  0.0 1923 05 14 12 10       aDNAG  
4.30 -111.8300  41.7370  0.0 1923 06 07 04 15       aDNAG  
6.20 -117.2500  34.0001  0.0 1923 07 23 07 30 26.00  CDMG  
4.00 -121.8300  37.0001  0.0 1923 09 19 22 54  0.00  CDMG  
5.50 -115.5000  32.5001  0.0 1923 11 07 23 57  0.00  CDMG  
4.50 -121.6700  37.3301  0.0 1924 04 03 23 54  0.00  CDMG  
4.00 -121.6700  36.6701  0.0 1924 12 28 04 21  0.00  CDMG  
5.00 -120.3300  39.3300  0.0 1925 03 31 05 47       aDNAG  
6.00 -125.0000  41.5001  0.0 1925 06 04 12 02 52.00  CDMG  
6.69 -111.2400  46.4000 25.0 1925 06 28 01 21 05    aUSHIS 
6.20 -119.8000  34.3001  0.0 1925 06 29 14 42 16.00  CDMG  
4.00 -122.0000  37.2501 24.0 1925 07 19 19 24  0.00  CDMG  
4.50 -117.0000  33.5001  0.0 1925 08 08 10 13  0.00  CDMG  
4.80 -118.3000  38.0001 12.0 1925 08 21 11 14  0.00  CDMG  
5.00 -112.0300  46.6200  0.0 1925 09 30 09 18       aDNAG  
5.50 -116.0000  34.0001  0.0 1926 04 03 20 08  0.00  CDMG  
5.00 -118.8000  35.6001  0.0 1926 06 30 13 31  0.00  CDMG  
5.00 -120.8000  36.6001 15.0 1926 07 25 17 57 49.00  CDMG  
5.50 -123.0000  50.0000  0.0 1926 09 17 22 14 40    aDNAG  
6.10 -122.3500  36.6101  0.0 1926 10 22 12 35  7.00  CDMG  
5.00 -116.0000  47.5000  0.0 1926 11 28 01 25       aDNAG  
5.00 -120.3200  36.1701  0.0 1926 12 27 09 19  0.00  CDMG  
5.00 -120.2000  47.7000  0.0 1926 12 30 17 57       aDNAG  
5.70 -115.5000  32.5001  0.0 1927 01 01 08 16 45.00  CDMG  
5.00 -118.5000  34.0001  0.0 1927 08 04 12 24  0.00  CDMG  
5.00 -124.6000  41.0001  0.0 1927 08 20 20 05 44.00  CDMG  
6.00 -118.7500  37.5001  0.0 1927 09 18 02 07  7.00  CDMG  
7.50 -120.7000  34.9001  0.0 1927 11 04 13 50 53.00  CDMG  
5.00 -121.7000  47.8000  0.0 1928 02 02 12 52       aDNAG  
5.80 -125.3000  49.0000  0.0 1928 02 09 11 05       aDNAG  
4.90 -112.0000  46.5000  0.0 1928 02 29 22 38       aUSHIS 
4.70 -117.5000  38.3001  0.0 1928 03 26 16 27  0.00  CDMG  
4.50 -122.6700  39.8001  0.0 1928 04 15 21 57 15.00  CDMG  
4.50 -119.8200  39.5001  0.0 1928 04 17 10 39  0.00  CDMG  
4.50 -122.9200  40.7501  0.0 1928 06 04 05 30  0.00  CDMG  
4.00 -119.5000  35.2001  0.0 1928 06 09 08 22  0.00  CDMG  
5.20 -115.2000  42.1000  0.0 1928 09 05 05 36       aUSHIS 
5.00 -116.0000  34.0001  0.0 1928 09 05 14 42  0.00  CDMG  
5.00 -115.7000  32.9001  0.0 1928 10 02 19 01  0.00  CDMG  
4.20 -118.2000  38.1001  0.0 1928 10 16 04 17  0.00  CDMG  
6.30 -105.5000  27.0000  0.0 1928 11 01 04 12 49    aDNAG  
5.60 -111.3000  46.1000  0.0 1929 02 16 03 00       aUSHIS 
4.50 -119.0000  35.0001  0.0 1929 03 13 02 28  0.00  CDMG  
4.70 -118.1000  33.9001 13.0 1929 07 08 16 46  6.70  CDMG  
4.60 -116.8000  41.2000  0.0 1929 09 10 20 01       aUSHIS 
5.10 -116.5200  34.8301  0.0 1929 09 26 20 00 22.70  CDMG  
6.00 -110.5000  25.0000  0.0 1929 09 27 23 16 03    aDNAG  
4.40 -120.4700  35.7701  0.0 1929 11 09 02 30 42.10  CDMG  
4.50 -121.0000  36.4201  0.0 1929 11 26 08 05  0.00  CDMG  
5.50 -118.1900  36.9001  0.0 1929 11 28 19 49  0.00  CDMG  
4.50 -116.7000  32.0001  0.0 1929 12 02 11 24  0.00  CDMG  
4.50 -124.0000  40.5001  0.0 1929 12 04 12 29  0.00  CDMG  
4.50 -121.5000  36.8001  0.0 1930 01 09 08 06  0.00  CDMG  
5.20 -116.9200  34.1801  0.0 1930 01 16 00 24 33.90  CDMG  
4.50 -116.0000  32.0001  0.0 1930 02 07 23 23  0.00  CDMG  
4.00 -122.0000  37.4201  0.0 1930 02 11 21 21  0.00  CDMG  
5.00 -115.5000  33.0001  0.0 1930 02 26 02 30  0.00  CDMG  
5.00 -112.0000  46.5000  0.0 1930 03 16  0  0       aDNAG  
4.00 -124.2500  40.6701  0.0 1930 03 27 21 30  0.00  CDMG  
4.30 -120.0000  39.2001  0.0 1930 04 09 21 57  0.00  CDMG  
4.50 -118.8000  39.4001  0.0 1930 04 12 12 57  0.00  CDMG  
4.00 -122.9200  40.5801  0.0 1930 04 29 20 13  0.00  CDMG  
4.00 -116.3000  33.2001  0.0 1930 05 12 04 14  0.00  CDMG  
4.20 -116.7200  33.2001  0.0 1930 05 12 17 25 48.50  CDMG  
4.00 -124.1700  40.5001  0.0 1930 05 15 15 30  0.00  CDMG  
4.10 -117.2300  35.5001  0.0 1930 05 29 07 12 16.00  CDMG  
5.80 -111.0000  42.6000  0.0 1930 06 12 09 15       aDNAG  
4.50 -115.5000  32.5001  0.0 1930 06 26 22 09  0.00  CDMG  
4.50 -117.8000  35.7001  0.0 1930 07 07 12 09  0.00  CDMG  
5.00 -123.2000  45.0000  0.0 1930 07 19 02 38       aDNAG  
5.00 -119.5000  34.5001  0.0 1930 08 05 11 25  0.00  CDMG  
5.20 -118.6320  33.9501  0.0 1930 08 31 00 40 36.00  CDMG  
5.00 -124.1700  40.8301  0.0 1930 09 23 02 58  0.00  CDMG  
4.50 -121.9200  40.6701  0.0 1930 10 29 12 37  0.00  CDMG  
4.00 -122.4200  40.5801  0.0 1930 10 29 19 50  0.00  CDMG  
5.00 -106.6000  35.1000  0.0 1930 12 03 21 36       aDNAG  
5.00 -124.5000  40.0801  0.0 1930 12 11 09 00  0.00  CDMG  
4.50 -123.5700  39.8301  0.0 1930 12 12 09 32  0.00  CDMG  
4.00 -122.4200  37.5801  0.0 1931 01 05 09 43  0.00  CDMG  
4.00 -121.4000  36.5001  0.0 1931 01 06 23 28 40.00  CDMG  
6.50 -111.0000  26.7500  0.0 1931 01 17 02 50 14    aDNAG  
4.10 -118.0500  37.5801  0.0 1931 01 17 08 07 20.60  CDMG  
4.00 -123.3200  39.4201  0.0 1931 01 20 10 30  0.00  CDMG  
4.00 -121.8000  39.7501  0.0 1931 01 24 07 21  0.00  CDMG  
4.00 -117.3000  34.1001  0.0 1931 02 16 13 27  0.00  CDMG  
4.50 -120.6700  35.7701  0.0 1931 02 23 10 33  0.00  CDMG  
5.60 -125.0000  40.0001  0.0 1931 03 10 03 28 53.00  CDMG  
4.00 -117.8000  34.1001  0.0 1931 03 31 20 33  0.00  CDMG  
5.00 -122.2000  48.7000  0.0 1931 04 18 03 55       aDNAG  
4.30 -117.6000  35.4201  0.0 1931 04 23 23 34  7.30  CDMG  
4.40 -118.4800  33.7701  0.0 1931 04 24 18 27 54.80  CDMG  
4.00 -116.2800  34.3501  0.0 1931 04 27 23 07 58.60  CDMG  
4.00 -124.3200  40.2501  0.0 1931 06 05 11 30  0.00  CDMG  
4.00 -121.9200  37.3301  0.0 1931 06 10 12 20  0.00  CDMG  
4.00 -120.6700  35.2501  0.0 1931 07 21 12 08  0.00  CDMG  
5.80 -104.5750  30.5020  1.0 1931 08 16 11 40 22.3  aUSHIS 
5.30 -125.6000  40.2001  0.0 1931 08 23 18 01 35.00  CDMG  
4.50 -123.0000  41.8001  0.0 1931 09 02 15 34 28.00  CDMG  
4.00 -116.6000  33.8001  0.0 1931 09 10 04 36  0.00  CDMG  
4.50 -118.1700  37.0801  0.0 1931 09 23 08 25  0.00  CDMG  
6.00 -114.5000  30.0000  0.0 1931 10 01 11 45 38    aDNAG  
4.00 -121.6700  36.6701  0.0 1931 10 09 19 50  0.00  CDMG  
4.00 -121.6700  36.3301  0.0 1931 10 18 19 58  0.00  CDMG  
4.00 -118.3000  33.8001  0.0 1931 11 03 16 05  0.00  CDMG  
4.00 -121.6700  36.5001  0.0 1931 12 04 00 53  0.00  CDMG  
4.00 -120.5000  39.8301  0.0 1931 12 15 16 20  0.00  CDMG  
4.00 -123.0000  38.0001  0.0 1931 12 19 06 00  0.00  CDMG  
4.00 -118.0000  38.7500  0.0 1931 12 22 16 13       aSRA   
4.80 -123.0000  47.5000  0.0 1931 12 31 15 25       aUSHIS 
4.50 -124.4200  40.4201  0.0 1932 01 05 13 59  4.00  CDMG  
4.00 -121.3300  36.6701  0.0 1932 01 08 18 16 59.00  CDMG  
5.00 -110.8000  43.6000  0.0 1932 01 26 10 13       aDNAG  
4.50 -115.8330  32.0331  0.0 1932 01 28 17 17 49.00  CDMG  
4.20 -118.0000  38.5000  0.0 1932 02 08 03 56 40    aSRA   
4.00 -116.8500  34.4171  0.0 1932 02 11 23 11 20.00  CDMG  
4.00 -115.6670  32.5001  0.0 1932 02 12 02 30 21.00  CDMG  
5.00 -121.0000  36.0001  0.0 1932 02 26 16 58  0.00  CDMG  
4.00 -116.9670  35.6001  0.0 1932 03 23 00 20 14.10  CDMG  
4.50 -121.2200  36.6701  0.0 1932 04 16 18 48 10.00  CDMG  
4.00 -120.7500  36.7801  0.0 1932 04 22 00 08 16.00  CDMG  
4.00 -116.8830  34.9331  0.0 1932 04 27 23 35 18.30  CDMG  
4.00 -115.6670  32.2501  0.0 1932 04 29 16 52 33.00  CDMG  
4.00 -117.5000  37.3331  0.0 1932 05 22 08 16 56.10  CDMG  
6.40 -124.5000  40.7501  0.0 1932 06 06 08 44 22.00  CDMG  
4.50 -122.0800  37.2501  0.0 1932 06 14 09 44 17.00  CDMG  
4.00 -116.5000  33.1671  0.0 1932 06 23 02 25 52.70  CDMG  
4.00 -122.0000  36.0001  0.0 1932 06 27 05 17 25.00  CDMG  
4.50 -116.3330  31.8331  0.0 1932 06 27 10 07 20.00  CDMG  
6.75 -113.0000  29.0000  0.0 1932 07 07 16 15 51    aDNAG  
6.75 -110.0000  26.5000  0.0 1932 07 12 19 24 10    aDNAG  
5.20 -121.8300  47.7500  0.0 1932 07 18 06 01 55    aUSHIS 
4.50 -118.5330  35.8001  0.0 1932 07 26 06 51 58.30  CDMG  
4.50 -116.5830  34.8501  0.0 1932 07 30 07 13 59.70  CDMG  
4.00 -117.0000  38.0001  0.0 1932 08 03 05 47 25.00  CDMG  
4.00 -118.8170  37.3331  0.0 1932 08 24 09 08 38.30  CDMG  
4.50 -115.6670  32.0001  0.0 1932 09 10 09 57 29.80  CDMG  
4.50 -115.5000  32.6671  0.0 1932 10 09 22 51  0.00  CDMG  
4.50 -118.6670  37.3331  0.0 1932 10 25 03 28  0.00  CDMG  
4.00 -117.2500  34.0001  0.0 1932 11 01 04 45  0.00  CDMG  
7.20 -118.0000  38.7501  0.0 1932 12 21 06 10  5.00  CDMG  
4.50 -118.0000  38.0001  0.0 1933 01 02 01 34  0.00  CDMG  
4.50 -119.2500  38.2501  0.0 1933 01 05 07 43  0.00  CDMG  
5.00 -112.8270  37.8420  0.0 1933 01 20 13 10       aDNAG  
4.00 -116.7500  33.9171  0.0 1933 01 25 14 44  0.00  CDMG  
5.00 -118.8330  37.3330 16.0 1933 02 03 03 26       aUSHIS 
4.50 -115.7500  32.8331  0.0 1933 02 24 19 33  0.00  CDMG  
4.00 -118.1670  36.0001  0.0 1933 02 26 06 55  0.00  CDMG  
6.30 -117.9670  33.6171  0.0 1933 03 11 01 54  7.80  CDMG  
4.50 -118.0000  38.0000  0.0 1933 04 07 00 17 56    aUSHIS 
4.20 -118.0000  39.5000  0.0 1933 04 30 15 52 04    aSRA   
4.50 -118.1000  39.8000  0.0 1933 04 30 16 16 50    aUSHIS 
4.50 -122.0000  37.6001  0.0 1933 05 16 11 45 26.00  CDMG  
4.30 -115.5000  33.5001  0.0 1933 05 19 16 26 38.00  CDMG  
4.10 -119.7000  39.3000  0.0 1933 06 23 19 54 30    aSRA   
6.10 -119.3300  39.0801  0.0 1933 06 25 20 45 27.00  CDMG  
4.30 -119.8330  34.3331  0.0 1933 06 26 06 25 42.00  CDMG  
4.00 -118.0000  38.0000  0.0 1933 07 18 18 12       aSRA   
4.70 -116.3000  33.3331  0.0 1933 08 06 03 32  0.00  CDMG  
4.30 -118.3000  37.8000  0.0 1933 08 13 00 40       aSRA   
4.20 -115.5000  33.0001  0.0 1933 10 30 10 59  0.00  CDMG  
4.00 -115.6000  32.5001  0.0 1933 12 08 04 37  0.00  CDMG  
4.50 -115.0000  32.5001  0.0 1933 12 28 21 05  0.00  CDMG  
4.50 -117.6830  34.1001  0.0 1934 01 09 14 10  0.00  CDMG  
4.00 -116.4670  34.0831  0.0 1934 01 26 18 44  0.00  CDMG  
4.00 -116.6330  33.4671  0.0 1934 02 20 10 35  0.00  CDMG  
4.50 -115.9830  33.0831  0.0 1934 03 02 21 30  0.00  CDMG  
6.58 -112.8000  41.7000  0.0 1934 03 12 15 05 40    aUSHIS 
4.50 -116.6000  37.3000  0.0 1934 03 28 09 37       aUSHIS 
4.50 -115.3330  37.6671  0.0 1934 03 30 16 26  0.00  CDMG  
4.50 -116.3000  38.1000  0.0 1934 03 31 00 11 48    aUSHIS 
4.00 -115.0000  32.0001  0.0 1934 04 03 17 53  0.00  CDMG  
5.50 -111.5000  41.5000  0.0 1934 04 07 02 16       aUSHIS 
4.00 -116.2330  35.0831  0.0 1934 04 13 10 55  0.00  CDMG  
5.00 -115.0000  38.0000  0.0 1934 04 15 12 09       aUSHIS 
4.50 -117.0000  39.0001  0.0 1934 04 21 23 22  0.00  CDMG  
4.00 -122.0000  37.0001  0.0 1934 04 23 16 08  0.00  CDMG  
5.50 -114.5000  31.0001  0.0 1934 05 14 13 14  0.00  CDMG  
4.00 -114.0000  31.0001  0.0 1934 05 28 03 32  0.00  CDMG  
4.50 -121.0000  40.0001  0.0 1934 06 06 22 14  0.00  CDMG  
4.00 -116.0000  39.0000  0.0 1934 06 07 20 51       aSRA   
6.00 -120.3300  35.8001  0.0 1934 06 08 04 47  0.00  CDMG  
4.00 -121.0000  36.5001  0.0 1934 06 16 23 03  0.00  CDMG  
4.00 -119.4500  33.1501  0.0 1934 06 17 02 43  0.00  CDMG  
4.00 -115.0000  32.0001  0.0 1934 07 17 11 38  0.00  CDMG  
4.50 -115.0830  31.6671  0.0 1934 08 18 15 01  0.00  CDMG  
4.00 -117.0000  39.0001  0.0 1934 09 24 03 20  0.00  CDMG  
4.00 -116.6670  32.0831  0.0 1934 09 27 21 40  0.00  CDMG  
4.00 -122.8000  37.6001  0.0 1934 10 02 20 20  0.00  CDMG  
4.00 -114.0000  30.0001  0.0 1934 10 15 00 20  0.00  CDMG  
4.20 -117.7000  39.7000  0.0 1934 10 28 22 05 28    aSRA   
5.00 -114.0000  31.0001  0.0 1934 11 02 18 49  0.00  CDMG  
4.00 -116.0000  31.5001  0.0 1934 11 13 14 22  0.00  CDMG  
5.00 -116.6670  32.0831  0.0 1934 11 25 08 18  0.00  CDMG  
4.50 -121.5000  35.9501  0.0 1934 12 03 01 54  0.00  CDMG  
4.00 -119.0830  35.1001  0.0 1934 12 06 07 43  0.00  CDMG  
4.50 -120.3330  34.5831  0.0 1934 12 17 11 10  0.00  CDMG  
6.50 -115.5000  32.2501  0.0 1934 12 30 13 52  0.00  CDMG  
7.10 -114.7500  32.0001  0.0 1934 12 31 18 45  0.00  CDMG  
5.00 -114.2000  32.8000  0.0 1935 01 02 07 30       aDNAG  
5.80 -125.2500  40.2501  0.0 1935 01 02 22 40 58.00  CDMG  
5.00 -112.1000  36.0000  0.0 1935 01 10 08 10       aDNAG  
4.00 -119.2500  35.4501  0.0 1935 01 23 13 52  0.00  CDMG  
4.00 -118.0000  35.8331  0.0 1935 02 08 04 22  0.00  CDMG  
5.00 -106.8000  34.5000  0.0 1935 02 21 01 25       aDNAG  
4.00 -118.8330  35.3671  0.0 1935 03 17 20 26  0.00  CDMG  
4.00 -120.7830  34.5501  0.0 1935 03 19 03 59  0.00  CDMG  
5.00 -116.5000  31.7501  0.0 1935 04 29 20 08  0.00  CDMG  
4.50 -116.5000  30.5001  0.0 1935 04 30 04 36  0.00  CDMG  
5.00 -114.0000  30.0001  0.0 1935 05 09 01 13  0.00  CDMG  
4.50 -118.9170  37.3831  0.0 1935 05 16 03 25  0.00  CDMG  
5.00 -124.0000  41.0001  0.0 1935 06 03 17 08  0.00  CDMG  
4.00 -117.0170  33.2671  0.0 1935 06 07 16 33  0.00  CDMG  
4.00 -114.0000  31.0001  0.0 1935 06 08 04 31  0.00  CDMG  
4.00 -118.2050  35.6771 -1.4 1935 06 11 16 20 46.30  CDMG  
4.00 -118.9670  34.7171  0.0 1935 06 11 18 10  0.00  CDMG  
4.00 -121.4000  37.0001  0.0 1935 06 18 04 15  0.00  CDMG  
4.50 -118.5000  37.2501  0.0 1935 06 19 09 55  0.00  CDMG  
4.00 -117.5170  33.7171  0.0 1935 06 19 11 17  0.00  CDMG  
4.00 -121.0000  36.0001  0.0 1935 06 30 23 28  0.00  CDMG  
4.70 -117.9000  34.2001  0.0 1935 07 13 10 54 16.50  CDMG  
4.00 -115.4670  32.9171  0.0 1935 07 23 19 11  0.00  CDMG  
4.00 -121.1200  35.7001  0.0 1935 07 28 06 00  0.00  CDMG  
4.50 -117.3170  34.0331  0.0 1935 09 03 06 47  0.00  CDMG  
5.00 -115.2170  32.9001  0.0 1935 09 08 17 03  0.00  CDMG  
5.00 -111.9000  47.1000  0.0 1935 10 07 19 30       aDNAG  
4.00 -116.4170  33.1671  0.0 1935 10 14 15 50  0.00  CDMG  
6.25 -112.0000  46.6000  0.0 1935 10 19 04 48 02    aUSHIS 
5.10 -116.8000  34.1001  0.0 1935 10 24 14 48  7.60  CDMG  
4.00 -121.7500  36.9001  0.0 1935 10 25 20 56  0.00  CDMG  
4.50 -117.6670  32.1671  0.0 1935 10 29 10 17  0.00  CDMG  
4.50 -116.9170  33.5001  0.0 1935 11 04 03 55  0.00  CDMG  
4.00 -116.5830  33.1501  0.0 1935 12 02 03 19  0.00  CDMG  
5.00 -106.8000  34.7000  0.0 1935 12 16 18 00       aDNAG  
4.50 -118.0170  33.6001  0.0 1935 12 25 17 15  0.00  CDMG  
4.00 -117.0000  38.0001  0.0 1936 01 14 05 30  0.00  CDMG  
5.00 -110.5000  44.0000  0.0 1936 01 15 04 40       aDNAG  
4.30 -113.5000  36.3000  0.0 1936 01 22 03 38       aSRA   
4.10 -119.2000  40.3000  0.0 1936 01 26 22 09 38    aSRA   
4.50 -117.3380  34.1271 10.0 1936 02 23 22 20 42.70  CDMG  
4.50 -119.0000  41.0001  0.0 1936 02 27 00 40  0.00  CDMG  
4.00 -121.2000  36.6001  0.0 1936 03 17 01 55  0.00  CDMG  
4.00 -115.6000  37.1000  0.0 1936 04 10 05 59       aSRA   
4.00 -117.9500  36.1501  0.0 1936 04 24 19 00  0.00  CDMG  
4.00 -118.2630  35.6871 10.0 1936 05 03 14 21  1.80  CDMG  
4.50 -116.0830  33.1331  0.0 1936 05 07 11 47  0.00  CDMG  
4.30 -112.9580  37.2500  0.0 1936 05 09 10 25       aDNAG  
4.50 -121.6500  40.5000  0.0 1936 05 09 20 20 40    aUSHIS 
5.00 -118.3680  37.6101 10.0 1936 05 10 17 40 13.20  CDMG  
4.00 -120.9200  36.1701  0.0 1936 05 23 04 41  0.00  CDMG  
4.50 -121.1700  36.5001  0.0 1936 05 27 19 55  0.00  CDMG  
5.00 -112.7000  46.9000  0.0 1936 06 21 18 15       aDNAG  
4.00 -118.0000  38.0001  0.0 1936 07 02 01 40  0.00  CDMG  
5.00 -117.5000  39.2001  0.0 1936 07 02 16 29  0.00  CDMG  
4.00 -118.1000  36.6671  0.0 1936 07 11 03 47  0.00  CDMG  
5.75 -118.2120  45.9660  5.0 1936 07 16 07 07 48    aUSHIS 
4.00 -116.8980  33.4541 10.0 1936 07 29 14 22 52.80  CDMG  
4.00 -117.8170  33.7671  0.0 1936 08 22 05 21  0.00  CDMG  
4.50 -114.8000  36.0000  0.0 1936 09 07 11 48       aUSHIS 
4.00 -120.4670  34.4451 10.0 1936 09 09 04 54 57.90  CDMG  
4.50 -115.7100  32.8561 10.0 1936 09 18 14 40 32.10  CDMG  
4.70 -113.3000  38.0000  0.0 1936 09 21 06 20       aUSHIS 
4.70 -117.2800  40.4300  0.0 1936 09 22 10 39 07    aUSHIS 
4.30 -121.8800  37.6001  0.0 1936 09 24 03 09  0.00  CDMG  
4.00 -122.8800  37.6001  0.0 1936 09 24 14 11  0.00  CDMG  
4.00 -118.6670  37.2501  0.0 1936 10 06 12 33  0.00  CDMG  
4.00 -118.0000  38.0001  0.0 1936 10 07 15 01  0.00  CDMG  
5.00 -125.0000  41.0001  0.0 1936 10 10 01 25  0.00  CDMG  
4.00 -119.0000  39.0001  0.0 1936 10 13 12 28  0.00  CDMG  
4.20 -119.1000  38.3500  0.0 1936 10 13 13 28       aSRA   
4.00 -120.5830  34.8331  0.0 1936 10 16 15 30  0.00  CDMG  
4.00 -118.6230  34.3801 10.0 1936 10 29 22 35 36.10  CDMG  
4.50 -120.5210  34.4611 10.0 1936 11 18 18 02 18.50  CDMG  
4.00 -118.9880  34.8351 10.0 1936 11 29 05 54 45.30  CDMG  
4.33 -121.5000  40.5000  0.0 1936 12 25 16 05       aDNAG  
4.00 -116.5000  32.1001  0.0 1937 01 08 12 46  0.00  CDMG  
4.00 -118.0580  33.5611 10.0 1937 01 15 18 35 47.00  CDMG  
4.00 -118.1870  35.6481 10.0 1937 01 19 23 57 38.50  CDMG  
4.00 -114.7000  37.1000  0.0 1937 01 28 03 14       aSRA   
5.80 -125.2500  40.5001  0.0 1937 02 07 04 41 34.00  CDMG  
4.00 -118.1830  37.5271 10.0 1937 02 12 22 26 57.10  CDMG  
4.00 -117.7000  37.5000  0.0 1937 02 12 22 47       aDNAG  
4.00 -120.7740  34.8491 10.0 1937 02 16 17 40 48.50  CDMG  
4.50 -121.2000  36.7001  0.0 1937 02 17 03 33  0.00  CDMG  
4.30 -112.4330  37.8220  0.0 1937 02 18 04 15       aDNAG  
5.00 -118.3000  38.3001  0.0 1937 02 19 09 09  0.00  CDMG  
4.50 -118.0000  38.0001  0.0 1937 02 19 23 06  0.00  CDMG  
4.00 -120.4800  35.9301  0.0 1937 02 20 09 58  0.00  CDMG  
4.00 -121.5300  36.1701  0.0 1937 02 22 18 10  0.00  CDMG  
5.00 -116.5710  31.8671 10.0 1937 02 27 01 29 18.40  CDMG  
4.00 -116.2830  33.7831  0.0 1937 03 04 16 04  0.00  CDMG  
4.50 -121.7000  36.7001  0.0 1937 03 05 12 47  0.00  CDMG  
4.50 -122.2000  37.8001  0.0 1937 03 08 10 31  0.00  CDMG  
4.00 -117.0000  30.0001  0.0 1937 03 09 01 51  0.00  CDMG  
4.00 -118.7150  37.8761 10.0 1937 03 09 15 41 37.90  CDMG  
4.00 -117.4260  34.1121 10.0 1937 03 19 01 23 38.40  CDMG  
6.00 -116.2610  33.4081 10.0 1937 03 25 16 49  1.80  CDMG  
4.50 -117.0000  39.0001  0.0 1937 04 25 04 28  0.00  CDMG  
4.00 -116.6030  34.5781 10.0 1937 06 01 15 41 44.30  CDMG  
5.33 -120.0000  41.2500  0.0 1937 06 18 09 07 26    aUSHIS 
4.00 -118.2670  37.6001  0.0 1937 06 27 04 26  0.00  CDMG  
4.00 -117.9830  33.5671  0.0 1937 07 07 11 12  0.00  CDMG  
4.50 -120.1000  38.8001  0.0 1937 08 06 03 24  0.00  CDMG  
4.60 -118.2000  38.1000  0.0 1937 08 19 07 05 15    aUSHIS 
4.00 -120.0000  37.5001  0.0 1937 08 23 00 32  0.00  CDMG  
4.50 -117.5300  34.2111 10.0 1937 09 01 13 48  8.20  CDMG  
4.00 -117.9170  35.9671  0.0 1937 09 10 19 34  0.00  CDMG  
4.00 -118.7340  33.0381 10.0 1937 09 13 22 14 39.50  CDMG  
4.00 -118.4670  37.7001  0.0 1937 09 25 12 20  0.00  CDMG  
4.50 -121.5000  36.6001  0.0 1937 10 27 15 53  0.00  CDMG  
4.00 -122.0000  37.0001  0.0 1937 11 12 02 50  0.00  CDMG  
5.40 -113.9000  42.1000  0.0 1937 11 18 23 50       aDNAG  
4.50 -120.6230  34.3701 10.0 1937 11 22 04 12 53.80  CDMG  
4.00 -118.6500  38.5000  0.0 1937 11 27 20 40       aSRA   
4.00 -120.7100  33.9551 10.0 1937 12 03 15 28 12.80  CDMG  
4.00 -120.7000  36.8001  0.0 1937 12 05 01 37  0.00  CDMG  
4.50 -122.0000  37.0001  0.0 1938 02 12 20 00 14.00  CDMG  
4.50 -116.2570  34.1741 10.0 1938 02 15 07 45 39.80  CDMG  
4.00 -118.0000  38.0001  0.0 1938 03 14 21 21  0.00  CDMG  
4.00 -116.4670  34.7501  0.0 1938 03 31 17 03  0.00  CDMG  
4.00 -115.6170  32.4501  0.0 1938 04 17 03 47  0.00  CDMG  
4.50 -118.1720  32.7181 10.0 1938 04 28 06 07 28.00  CDMG  
4.50 -121.3000  36.2001  0.0 1938 05 10 10 32  0.00  CDMG  
4.00 -118.0330  33.6171  0.0 1938 05 21 09 44  0.00  CDMG  
5.50 -117.5110  33.6991 10.0 1938 05 31 08 34 55.40  CDMG  
4.00 -115.1670  32.2501  0.0 1938 06 03 14 38  0.00  CDMG  
5.00 -115.2170  32.9001  0.0 1938 06 06 02 42  0.00  CDMG  
4.00 -116.9500  34.1331  0.0 1938 06 10 14 40  0.00  CDMG  
5.00 -111.3000  45.9000  0.0 1938 06 14 05 32       aDNAG  
4.00 -116.8960  33.4561 10.0 1938 06 16 05 59 16.90  CDMG  
4.00 -115.6000  33.3831  0.0 1938 06 29 10 40  0.00  CDMG  
4.30 -111.8490  40.7490  0.0 1938 06 30 13 37       aDNAG  
5.00 -124.0000  41.0001  0.0 1938 07 01 18 13  0.00  CDMG  
4.00 -116.0550  32.7861 10.0 1938 07 04 21 59 45.30  CDMG  
4.00 -117.0720  35.5461  4.5 1938 07 26 06 34 57.90  CDMG  
4.50 -115.8000  37.6001  0.0 1938 07 28 00 38  0.00  CDMG  
4.50 -115.8000  38.3001  0.0 1938 07 31 10 37  0.00  CDMG  
4.00 -116.7500  33.9331  0.0 1938 08 06 02 28  0.00  CDMG  
4.50 -116.1430  34.8461 10.0 1938 08 18 07 39 45.40  CDMG  
4.50 -118.2530  33.7591 10.0 1938 08 31 03 18 14.20  CDMG  
5.50 -124.0000  40.0001  0.0 1938 09 12 06 10  0.00  CDMG  
5.00 -117.5130  35.6311 -2.0 1938 09 17 14 23  4.10  CDMG  
4.90 -108.5000  33.3000  0.0 1938 09 17 17 20 17    aUSHIS 
4.50 -118.0000  38.0001  0.0 1938 09 23 08 20  0.00  CDMG  
5.00 -121.2500  36.4501  0.0 1938 09 27 12 23  0.00  CDMG  
4.00 -120.7830  34.5501  0.0 1938 09 29 12 12  0.00  CDMG  
4.00 -119.5830  34.3331  0.0 1938 10 02 18 45  0.00  CDMG  
4.00 -116.6670  32.0831  0.0 1938 10 12 12 31  0.00  CDMG  
4.50 -116.0000  39.0000  0.0 1938 11 01 13 53 20    aUSHIS 
4.50 -120.4800  35.9301  0.0 1938 11 22 15 30  0.00  CDMG  
4.00 -118.4310  33.9031 10.0 1938 11 29 19 21 15.80  CDMG  
4.50 -121.8000  37.5001  0.0 1938 12 01 16 17  0.00  CDMG  
5.70 -118.6040  37.4531 10.0 1938 12 03 17 42 52.60  CDMG  
4.00 -115.9830  33.0831  0.0 1938 12 10 03 12  0.00  CDMG  
4.00 -115.7500  32.3331  0.0 1938 12 15 00 02  0.00  CDMG  
4.00 -117.5210  34.1271 10.0 1938 12 27 10 09 28.60  CDMG  
4.00 -114.0000  37.0000  0.0 1938 12 28 04 37 36    aDNAG  
4.50 -117.7200  36.0071 10.0 1939 01 07 20 21 50.20  CDMG  
5.50 -119.2000  39.0001  0.0 1939 01 11 22 00  0.00  CDMG  
4.50 -115.1000  31.7001  0.0 1939 01 22 04 59  0.00  CDMG  
4.00 -115.6170  32.4501  0.0 1939 01 31 16 16  0.00  CDMG  
4.00 -116.5000  31.5001  0.0 1939 02 18 05 57  0.00  CDMG  
4.00 -116.1830  32.5331  0.0 1939 02 22 10 30  0.00  CDMG  
4.50 -118.9730  34.9111 10.0 1939 02 23 08 45 51.70  CDMG  
5.50 -109.0000  33.0000  0.0 1939 02 26 23 27       aDNAG  
4.00 -115.6170  32.4501  0.0 1939 03 21 13 51  0.00  CDMG  
4.00 -117.2280  34.0431 10.0 1939 04 03 02 50 44.70  CDMG  
4.50 -117.8000  32.5831  0.0 1939 04 19 07 41  0.00  CDMG  
4.00 -114.0000  31.0001  0.0 1939 04 24 21 15  0.00  CDMG  
4.50 -117.0000  39.0001  0.0 1939 04 28 21 59  0.00  CDMG  
4.00 -117.4880  31.5701 10.0 1939 05 01 20 22 23.30  CDMG  
4.50 -124.7000  40.2001  0.0 1939 05 01 21 54  0.00  CDMG  
5.00 -117.5000  32.0001  0.0 1939 05 01 23 53  0.00  CDMG  
6.75 -113.8000  29.5000 16.0 1939 05 02 13 14 47    aDNAG  
4.00 -120.4800  35.9301  0.0 1939 05 02 18 49  0.00  CDMG  
5.00 -114.8170  35.9671  0.0 1939 05 04 20 44 46.70  CDMG  
4.50 -118.0000  38.0001  0.0 1939 05 11 02 42  0.00  CDMG  
5.50 -117.8300  38.5801  0.0 1939 05 11 18 04  0.00  CDMG  
5.00 -111.3000  45.9000  0.0 1939 05 11 23 40       aDNAG  
4.50 -116.4330  33.4671  0.0 1939 05 12 19 25  2.20  CDMG  
4.60 -108.5000  33.3000  0.0 1939 06 04 01 19 10    aUSHIS 
5.00 -117.2500  37.0171  0.0 1939 06 13 17 15  0.00  CDMG  
4.33 -121.5000  40.5000  0.0 1939 06 23 17 28       aDNAG  
4.50 -117.0670  32.0001  0.0 1939 06 23 20 48  0.00  CDMG  
5.50 -121.4500  36.8001  0.0 1939 06 24 13 02  0.00  CDMG  
4.50 -118.2000  32.7501  0.0 1939 06 25 01 49  0.00  CDMG  
4.50 -115.0830  31.6671  0.0 1939 07 04 21 44  0.00  CDMG  
4.00 -117.5830  36.0001  0.0 1939 08 15 15 48 18.00  CDMG  
4.00 -117.0000  30.0001  0.0 1939 10 04 12 05 38.00  CDMG  
4.00 -120.7830  34.5501  0.0 1939 10 17 20 42 43.00  CDMG  
4.00 -118.1170  33.7671  0.0 1939 11 04 21 41  0.00  CDMG  
4.00 -118.0000  38.0001  0.0 1939 11 05 16 14  0.00  CDMG  
4.70 -117.2830  34.0001  0.0 1939 11 07 18 52  8.40  CDMG  
4.00 -116.1830  32.5331  0.0 1939 11 12 18 49  0.00  CDMG  
5.75 -122.5000  47.5000  0.0 1939 11 13 07 45 54    aUSHIS 
4.00 -115.0000  36.5000 16.0 1939 11 21 22 40       aDNAG  
4.00 -119.5000  33.6671  0.0 1939 11 30 06 42 51.00  CDMG  
4.00 -117.8240  36.3971  4.6 1939 12 01 13 05  5.10  CDMG  
4.00 -116.4170  33.1671  0.0 1939 12 05 17 33 52.00  CDMG  
4.50 -115.1000  31.7001  0.0 1939 12 14 12 17 18.00  CDMG  
4.00 -116.8670  35.9331  0.0 1939 12 19 20 12  9.00  CDMG  
4.70 -118.2000  33.7831  0.0 1939 12 27 19 28 49.00  CDMG  
5.00 -120.3300  35.8001  0.0 1939 12 28 12 15 38.00  CDMG  
4.20 -117.7000  39.8000  0.0 1939 12 30 10 26 23    aSRA   
4.00 -115.6000  33.3831  0.0 1939 12 31 15 12 43.00  CDMG  
4.00 -119.4500  33.1501  0.0 1940 01 05 06 20 52.00  CDMG  
5.70 -121.6000  40.0001  0.0 1940 02 08 08 05 59.00  CDMG  
4.50 -118.5330  37.5001  0.0 1940 02 24 09 38  0.00  CDMG  
4.50 -116.0830  33.1331  0.0 1940 02 28 17 28  7.00  CDMG  
5.00 -115.0000  37.0001  0.0 1940 03 10 18 01 54.00  CDMG  
4.00 -117.1000  36.8001  0.0 1940 03 25 21 18 18.00  CDMG  
4.00 -118.5000  37.8831  0.0 1940 05 08 17 40  0.00  CDMG  
5.40 -116.3000  34.0831  0.0 1940 05 18 05 03 58.50  CDMG  
4.00 -118.9000  34.6001  0.0 1940 05 18 09 15 12.00  CDMG  
6.70 -115.5000  32.7331  0.0 1940 05 19 04 36 40.90  CDMG  
4.50 -115.0000  30.0001  0.0 1940 05 19 08 02  0.00  CDMG  
4.00 -120.4800  35.2801  0.0 1940 05 21 10 05 34.00  CDMG  
4.50 -115.0000  31.0001  0.0 1940 05 26 08 50  0.00  CDMG  
6.25 -110.2500  25.2500  0.0 1940 06 03 18 05 18    aDNAG  
5.10 -116.4330  33.0001  0.0 1940 06 04 10 35  8.30  CDMG  
4.00 -120.7830  34.5501  0.0 1940 06 16 09 25  4.00  CDMG  
4.50 -117.8300  38.5801  0.0 1940 07 08 10 04 45.00  CDMG  
4.80 -118.8000  37.6171  0.0 1940 07 08 10 57 36.50  CDMG  
4.00 -118.0670  33.7001  0.0 1940 07 20 04 01 13.00  CDMG  
4.40 -115.9830  33.1671  0.0 1940 07 21 08 36  3.00  CDMG  
4.00 -120.3200  36.2301  0.0 1940 08 13 22 07 29.00  CDMG  
4.50 -121.5000  36.5001  0.0 1940 09 07 13 02  6.00  CDMG  
4.50 -117.8330  32.0831  0.0 1940 09 13 14 45 48.00  CDMG  
4.00 -121.7000  37.9001  0.0 1940 09 19 08 20 18.00  CDMG  
4.00 -115.0000  36.5000  0.0 1940 09 20 12 21 54    aSRA   
4.00 -114.0000  37.0000  0.0 1940 09 20 12 23       aDNAG  
4.50 -125.0000  40.5001  0.0 1940 09 27 17 03  0.00  CDMG  
4.70 -118.4500  33.7671  0.0 1940 10 11 05 57 12.30  CDMG  
4.00 -117.7000  31.5001  0.0 1940 10 12 03 45 42.00  CDMG  
5.10 -123.4000  47.2000  0.0 1940 10 27 22 29 18    aUSHIS 
4.00 -119.7670  34.3501  0.0 1940 11 10 10 25 10.00  CDMG  
6.00 -115.0830  31.6671  0.0 1940 12 07 22 16 27.00  CDMG  
5.50 -124.0000  40.0001  0.0 1940 12 20 23 40 42.00  CDMG  
4.00 -116.5000  31.7001  0.0 1941 01 12 12 08  0.00  CDMG  
4.00 -120.5000  33.5001  0.0 1941 01 14 16 53  0.00  CDMG  
4.00 -119.2500  35.3331  0.0 1941 01 20 13 58 16.00  CDMG  
4.10 -118.0500  33.9671  0.0 1941 01 30 01 34 46.90  CDMG  
6.40 -125.4000  40.7001  0.0 1941 02 09 09 44 42.00  CDMG  
4.50 -125.0000  40.0001  0.0 1941 02 11 04 51  0.00  CDMG  
4.00 -115.0000  31.0001  0.0 1941 02 23 08 12  0.00  CDMG  
4.50 -116.4830  33.5001  0.0 1941 02 23 18 36 14.00  CDMG  
6.00 -113.6000  28.0660 16.0 1941 03 14 13 46 18    aDNAG  
4.00 -118.1000  33.5171  0.0 1941 03 22 08 22 40.00  CDMG  
4.00 -117.4670  34.2171  0.0 1941 03 25 23 43 41.00  CDMG  
4.50 -119.6000  48.3000  0.0 1941 04 07 09 25       aUSHIS 
6.00 -114.0000  31.0001  0.0 1941 04 09 17 08 30.00  CDMG  
4.00 -117.5830  33.9501  0.0 1941 04 11 01 20 24.00  CDMG  
4.00 -121.9700  37.0301  0.0 1941 04 14 16 16 54.00  CDMG  
4.50 -121.0000  40.0001  0.0 1941 05 01 13 29  0.00  CDMG  
4.00 -114.3000  37.3001  0.0 1941 05 06 03 11 42.00  CDMG  
4.00 -118.5330  37.5001  0.0 1941 05 08 14 53 40.00  CDMG  
4.50 -121.7500  37.0801  0.0 1941 05 28 06 23 18.00  CDMG  
4.00 -119.3000  35.4171  0.0 1941 06 04 08 47 19.00  CDMG  
4.00 -115.8000  37.1001  0.0 1941 06 06 19 38 48.00  CDMG  
5.90 -119.5830  34.3671  0.0 1941 07 01 07 50 54.80  CDMG  
5.00 -119.0000  40.0001  0.0 1941 07 18 03 53 42.00  CDMG  
5.50 -118.0000  41.0000  0.0 1941 08 29 12 09 53    aDNAG  
5.50 -118.5000  41.5000  0.0 1941 08 29 13 09 53    aUSHIS 
6.00 -118.7330  37.5671  0.0 1941 09 14 18 39 11.90  CDMG  
4.00 -121.6800  37.3801  0.0 1941 09 18 07 33  0.00  CDMG  
5.20 -118.9330  34.8671  0.0 1941 09 21 19 53  7.20  CDMG  
6.40 -124.8000  40.4001  0.0 1941 10 03 16 13  8.00  CDMG  
5.40 -118.2500  33.7831  0.0 1941 11 14 08 41 36.30  CDMG  
4.00 -120.4800  35.9301  0.0 1941 12 22 00 54  9.00  CDMG  
5.00 -122.6200  45.5350  0.0 1941 12 29 18 37       aDNAG  
4.20 -121.2200  36.6501  5.0 1942 01 14 09 44 40.00  CDMG  
4.00 -117.8330  32.8001  0.0 1942 01 24 21 41 48.00  CDMG  
4.50 -116.9170  34.4001  0.0 1942 02 01 15 18 28.00  CDMG  
4.00 -121.3000  37.0001  0.0 1942 02 04 09 08 24.00  CDMG  
4.00 -118.5000  38.4000  0.0 1942 02 25 16 08 24    aSRA   
4.00 -116.4670  34.0831  0.0 1942 03 01 10 46 31.00  CDMG  
5.00 -115.7500  34.0001  0.0 1942 03 03 01 03 24.00  CDMG  
4.00 -116.2330  33.2001  0.0 1942 04 05 09 20 39.00  CDMG  
4.00 -121.3000  36.6001  0.0 1942 04 08 14 20 14.00  CDMG  
4.00 -118.1500  33.3671  0.0 1942 04 16 07 28 33.00  CDMG  
4.30 -112.3000  41.5000  0.0 1942 04 18 05 45 42    aDNAG  
4.00 -116.7330  33.9501  0.0 1942 04 26 15 10 23.00  CDMG  
4.00 -117.0000  32.0001  0.0 1942 04 27 11 27 54.00  CDMG  
5.10 -119.7900  39.4200  0.0 1942 05 09 15 31 32    aDNAG  
4.00 -116.7830  34.4501  0.0 1942 05 22 15 18 29.00  CDMG  
6.00 -120.7000  40.8000  0.0 1942 05 28 00 39 48    aDNAG  
4.69 -114.9000  36.0000  0.0 1942 06 04 15 26       aDNAG  
4.30 -111.6500  39.5800  0.0 1942 06 04 22 04       aDNAG  
4.20 -121.6700  36.9801  0.0 1942 06 05 12 33 25.00  CDMG  
4.00 -116.2330  33.3331  0.0 1942 06 09 05 06 33.00  CDMG  
4.00 -117.9670  36.2501  0.0 1942 06 22 22 13 51.00  CDMG  
4.00 -120.8000  35.6001  0.0 1942 06 29 21 07 30.00  CDMG  
5.00 -117.1000  38.5000  0.0 1942 07 11 16 41 56    aUSHIS 
4.50 -116.4170  34.3001  0.0 1942 08 07 01 15 33.00  CDMG  
4.33 -121.6500  40.5000  0.0 1942 08 11 05 30       aDNAG  
5.00 -118.5000  38.6001  0.0 1942 08 18 21 55 24.00  CDMG  
4.00 -116.7500  34.1171  0.0 1942 08 22 12 59 13.00  CDMG  
5.00 -113.0650  37.6820  0.0 1942 08 30 22 08       aDNAG  
4.50 -118.9830  34.4831  0.0 1942 09 03 14 06  1.00  CDMG  
4.00 -116.6330  33.5331  0.0 1942 09 21 07 07 54.00  CDMG  
4.30 -121.4000  36.4801  0.0 1942 10 15 13 53 56.00  CDMG  
4.00 -117.9670  36.2501  0.0 1942 10 16 10 07 27.00  CDMG  
6.50 -116.0000  32.9671  0.0 1942 10 21 16 22 13.00  CDMG  
4.00 -120.2500  35.7701  0.0 1942 10 31 10 51 13.00  CDMG  
5.50 -116.7000  48.0000  0.0 1942 11 01 18 50 06    aDNAG  
4.50 -116.0000  34.6171  0.0 1942 11 09 20 34 25.00  CDMG  
5.50 -119.3000  39.7001  0.0 1942 12 03 09 44 42.00  CDMG  
4.50 -116.0000  30.3001  0.0 1942 12 14 03 05 42.00  CDMG  
5.10 -119.9000  38.8701  0.0 1942 12 17 15 07 43.00  CDMG  
4.30 -122.1200  37.7201  0.0 1942 12 29 18 18 14.00  CDMG  
4.50 -116.4170  33.4171  0.0 1943 01 02 14 11 18.00  CDMG  
5.00 -112.0800  40.7000  0.0 1943 02 22 14 20 08    aDNAG  
4.00 -117.4830  32.8501  0.0 1943 02 23 09 21 12.00  CDMG  
4.00 -114.1000  37.4000  0.0 1943 03 06 20 14 30    aSRA   
4.20 -121.8700  37.6301  0.0 1943 03 29 11 45 55.00  CDMG  
5.30 -120.4000  39.4301  0.0 1943 03 30 21 07 28.00  CDMG  
4.00 -119.0000  34.6831  0.0 1943 04 06 22 36 24.00  CDMG  
5.00 -120.6000  47.3000  0.0 1943 04 24 00 10 46    aDNAG  
4.00 -117.9670  36.1331  0.0 1943 05 30 07 50 54.00  CDMG  
4.50 -118.6000  37.3831  0.0 1943 05 31 20 16 53.00  CDMG  
4.00 -118.2330  35.7331  0.0 1943 07 10 03 12 33.00  CDMG  
4.00 -118.5000  32.0001  0.0 1943 07 15 21 38  0.00  CDMG  
5.50 -118.2000  38.2001  0.0 1943 08 09 05 30  4.00  CDMG  
5.50 -116.9670  34.2671  0.0 1943 08 29 03 45 13.00  CDMG  
4.50 -117.9330  36.0171  0.0 1943 09 16 07 52 22.00  CDMG  
4.00 -117.3670  33.9331  0.0 1943 10 24 00 29 21.00  CDMG  
4.90 -121.6800  37.4301 12.0 1943 10 26 04 50 33.00  CDMG  
4.00 -115.0000  33.0001  0.0 1943 10 28 05 58 54.00  CDMG  
4.50 -116.2000  33.7831  0.0 1943 10 31 13 12 10.00  CDMG  
4.00 -118.7330  37.5671  0.0 1943 11 03 04 23 39.00  CDMG  
4.30 -112.2600  38.5800  0.0 1943 11 03 09 30       aDNAG  
4.00 -114.2500  37.3501  0.0 1943 11 06 03 55  0.00  CDMG  
4.00 -122.2300  39.2201  0.0 1943 11 15 05 36 28.00  CDMG  
4.80 -122.9000  48.4000  0.0 1943 11 29 00 43       aUSHIS 
4.00 -120.5000  36.3001  0.0 1943 11 30 21 57 18.00  CDMG  
4.00 -118.2670  37.1001  0.0 1943 12 17 00 19 25.00  CDMG  
5.50 -115.8000  34.3331  0.0 1943 12 22 15 50 28.00  CDMG  
5.10 -124.9000  40.3001  0.0 1944 01 12 15 02 40.00  CDMG  
4.00 -114.7000  37.5000  0.0 1944 03 20 09 30 57    aSRA   
4.00 -121.4000  34.5001  0.0 1944 04 03 02 33  0.00  CDMG  
4.00 -119.5170  34.2671  0.0 1944 04 12 15 33 10.00  CDMG  
4.00 -116.3830  34.0001  0.0 1944 05 05 13 47 15.00  CDMG  
4.00 -121.2800  36.5801  0.0 1944 06 07 12 35 38.00  CDMG  
4.00 -118.6670  37.5331  0.0 1944 06 08 01 11 55.00  CDMG  
4.00 -116.0000  39.0000  0.0 1944 06 11 05 19       aSRA   
4.60 -120.5000  34.6671  0.0 1944 06 13 08 27 32.00  CDMG  
4.50 -118.2170  33.8671  0.0 1944 06 19 00 03 33.00  CDMG  
4.70 -117.8260  35.3531 -2.0 1944 07 03 05 38 23.50  CDMG  
4.20 -124.8000  40.8001  0.0 1944 07 09 02 47 50.00  CDMG  
6.10 -115.0630  44.4120 10.0 1944 07 12 19 30 20.7  aUSHIS 
4.50 -125.8000  40.3001  0.0 1944 07 29 11 37 15.00  CDMG  
4.20 -120.0000  39.5001  0.0 1944 08 07 01 18 54.00  CDMG  
4.10 -117.7670  35.9331  0.0 1944 08 12 08 25 20.00  CDMG  
4.00 -118.3000  38.5001  0.0 1944 10 20 01 13  5.00  CDMG  
4.90 -116.0000  31.0001  0.0 1944 10 28 04 01 29.00  CDMG  
4.70 -125.0000  41.5001  0.0 1944 11 08 11 08 44.00  CDMG  
4.20 -118.3830  37.3171  0.0 1944 11 17 00 32 49.00  CDMG  
4.10 -120.4170  34.7171  0.0 1944 11 30 18 53 15.00  CDMG  
5.00 -123.8900  46.9770  0.0 1944 12 07 04 48       aDNAG  
4.70 -117.9170  36.4001  0.0 1944 12 23 08 16 22.00  CDMG  
4.70 -121.2000  36.7301  0.0 1945 01 07 22 25 33.00  CDMG  
5.00 -122.3770  48.2420  0.0 1945 01 28 05 06 08.1  aDNAG  
4.00 -115.5000  32.0001  0.0 1945 02 20 09 35 48.00  CDMG  
4.40 -116.1500  32.0501  0.0 1945 03 01 11 19 58.00  CDMG  
4.00 -119.4000  39.9001  0.0 1945 03 04 21 00 42.00  CDMG  
5.00 -116.1670  34.2501  0.0 1945 03 20 21 55  7.00  CDMG  
4.10 -124.3000  40.2001  0.0 1945 03 27 17 06 47.00  CDMG  
5.40 -120.0170  34.0001  0.0 1945 04 01 23 43 42.00  CDMG  
4.30 -116.9830  34.4331  0.0 1945 04 18 04 58  2.00  CDMG  
4.30 -115.6000  31.3001  0.0 1945 04 20 22 32  6.00  CDMG  
5.30 -114.0000  31.5001  0.0 1945 04 22 09 45 48.00  CDMG  
5.50 -121.7000  47.4000  0.0 1945 04 29 20 16 17    aUSHIS 
5.00 -123.5000  41.2001  0.0 1945 05 02 19 47 54.00  CDMG  
4.40 -118.5670  37.5001  0.0 1945 05 08 18 08 46.00  CDMG  
5.20 -115.6000  31.6001  0.0 1945 05 12 07 33  0.00  CDMG  
4.60 -121.3700  36.8201  0.0 1945 05 17 15 06 47.00  CDMG  
4.00 -118.3830  36.2001  0.0 1945 05 18 09 44 40.00  CDMG  
5.00 -117.5000  37.0831  0.0 1945 06 14 03 30 13.00  CDMG  
7.00 -111.0000  27.0000  0.0 1945 06 27 13 08 20    aDNAG  
4.00 -121.2500  35.6701  0.0 1945 07 11 16 13  0.00  CDMG  
4.10 -117.9860  36.1041  6.7 1945 07 26 10 10 58.80  CDMG  
4.20 -120.1000  34.7001  0.0 1945 07 28 02 33 48.00  CDMG  
4.40 -115.0000  32.0001  0.0 1945 08 14 02 20 12.00  CDMG  
5.70 -116.1330  33.2171  0.0 1945 08 15 17 56 24.00  CDMG  
4.20 -118.5830  37.4171  0.0 1945 08 17 20 21 14.00  CDMG  
4.50 -121.8000  37.2701  0.0 1945 08 27 09 13  4.00  CDMG  
4.20 -118.1170  37.3331  0.0 1945 09 04 11 13 56.00  CDMG  
4.20 -120.7500  35.8301  0.0 1945 09 07 11 34 20.00  CDMG  
4.30 -116.8000  33.9671  0.0 1945 09 07 15 34 24.00  CDMG  
5.10 -116.5000  40.6000  0.0 1945 09 18 21 39       aDNAG  
5.50 -114.3000  48.0000  0.0 1945 09 23 09 57 48    aUSHIS 
4.30 -124.7000  40.7001  0.0 1945 10 22 19 26  6.00  CDMG  
4.20 -121.2500  36.6301  0.0 1945 11 03 15 50 22.00  CDMG  
5.00 -122.5000  48.0000  0.0 1945 11 12 04 05       aDNAG  
5.00 -111.9860  38.7650  0.0 1945 11 18 01 15       aDNAG  
4.70 -118.6500  37.3171  0.0 1946 01 13 16 31 15.00  CDMG  
5.10 -117.2500  40.5000  0.0 1946 01 15 22 31 56    aUSHIS 
4.20 -121.0000  36.5001  0.0 1946 02 10 11 01 19.00  CDMG  
5.75 -122.6660  47.4000 18.0 1946 02 15 03 17 48.3  aUSHIS 
5.00 -122.2680  46.8700  0.0 1946 02 15 12 17 15    aDNAG  
4.10 -117.8000  34.4001  0.0 1946 02 24 06 07 52.00  CDMG  
4.10 -120.3000  38.7001  0.0 1946 03 05 14 04 27.00  CDMG  
6.30 -118.0550  35.7251 22.0 1946 03 15 13 49 35.90  CDMG  
5.00 -117.9000  38.3001  0.0 1946 03 17 14 45 53.00  CDMG  
4.20 -115.1000  31.7001  0.0 1946 04 08 19 45 12.00  CDMG  
4.00 -118.0000  37.0831  0.0 1946 05 01 17 30 10.00  CDMG  
4.60 -121.6000  37.6801  0.0 1946 05 02 01 26 12.00  CDMG  
4.30 -112.1300  41.7300  0.0 1946 05 06 02 30       aDNAG  
4.10 -118.8330  37.3671  0.0 1946 05 18 03 55  0.00  CDMG  
4.50 -121.4200  36.7701  0.0 1946 05 29 17 51  3.00  CDMG  
4.10 -115.7000  32.0001  0.0 1946 05 30 16 59 38.00  CDMG  
4.10 -118.8330  34.4171  0.0 1946 06 01 11 06 31.00  CDMG  
4.80 -115.7000  33.9171  0.0 1946 06 04 12 05 24.00  CDMG  
4.80 -116.3170  32.6001  0.0 1946 06 15 19 46 53.00  CDMG  
4.20 -115.3000  31.6831  0.0 1946 06 16 00 39 35.00  CDMG  
7.30 -125.3400  49.7600 30.0 1946 06 23 17 13 19    aUSHIS 
5.00 -121.5000  40.5001  0.0 1946 07 07 06 55 15.00  CDMG  
5.60 -115.9830  34.5331  0.0 1946 07 18 14 27 58.00  CDMG  
4.00 -119.0830  35.1001  0.0 1946 07 24 00 19  8.00  CDMG  
4.20 -119.2800  38.1701  0.0 1946 08 08 10 05 14.00  CDMG  
4.00 -116.2500  33.9171  0.0 1946 08 15 19 01  8.00  CDMG  
5.00 -116.8500  33.9501  0.0 1946 09 28 07 19  9.00  CDMG  
4.30 -120.9200  35.5001  0.0 1946 11 27 14 44 51.00  CDMG  
4.10 -117.3000  37.3001  0.0 1946 12 07 02 02 29.00  CDMG  
5.00 -114.4000  48.4000  0.0 1946 12 11 13 08 31    aDNAG  
4.70 -124.6000  40.3001  0.0 1946 12 18 14 20 28.00  CDMG  
4.40 -118.4330  37.6001  0.0 1947 01 11 11 57 48.00  CDMG  
5.00 -120.6500  36.2301  0.0 1947 02 05 06 14  0.00  CDMG  
5.00 -113.5000  47.2000  0.0 1947 03 14 18 00       aDNAG  
4.20 -121.0000  35.0001  0.0 1947 03 27 09 16 46.00  CDMG  
4.20 -115.5330  32.5831  0.0 1947 04 02 15 15 39.00  CDMG  
4.90 -115.4500  31.8171  0.0 1947 04 06 08 10 59.00  CDMG  
6.20 -116.5500  34.9831  0.0 1947 04 10 15 58  6.00  CDMG  
4.20 -120.3000  39.6001  0.0 1947 05 10 08 10 42.00  CDMG  
4.70 -121.7700  37.0001  0.0 1947 06 22 23 30  0.00  CDMG  
4.30 -121.4200  36.7701  0.0 1947 07 07 04 40  0.00  CDMG  
4.00 -119.9170  35.9171  0.0 1947 07 14 05 40  6.00  CDMG  
4.30 -119.4000  33.4001  0.0 1947 07 24 16 54  2.00  CDMG  
5.50 -116.5000  34.0171  0.0 1947 07 24 22 10 46.00  CDMG  
4.40 -125.7000  40.7001  0.0 1947 07 31 08 16  0.00  CDMG  
4.70 -120.2000  39.3001  0.0 1947 09 08 07 13  0.00  CDMG  
5.30 -125.2000  40.4001  0.0 1947 09 23 13 52 55.00  CDMG  
4.70 -115.4000  44.3000  0.0 1947 09 25 01 34 30    aUSHIS 
4.40 -120.6000  40.3001  0.0 1947 09 27 07 40  0.00  CDMG  
4.69 -114.8000  36.0000  0.0 1947 09 30 21 58       aDNAG  
5.00 -106.3000  35.2000  0.0 1947 11 06 16 50       aDNAG  
4.10 -122.1200  36.7801  0.0 1947 11 15 22 29 36.00  CDMG  
5.00 -119.4500  33.2671  0.0 1947 11 18 21 59  3.00  CDMG  
6.19 -111.7130  44.8200  5.0 1947 11 23 09 46 03.3  aUSHIS 
4.20 -115.6000  30.8001  0.0 1947 12 01 06 58 40.00  CDMG  
5.20 -114.0000  30.0001  0.0 1947 12 16 11 26 42.00  CDMG  
5.00 -112.0000  46.6000  0.0 1948 01 05 11 26       aDNAG  
4.30 -121.4800  36.4301  0.0 1948 01 11 05 37 28.00  CDMG  
4.20 -117.9000  37.2171  0.0 1948 02 06 13 14 13.00  CDMG  
4.60 -118.8700  36.0901 11.7 1948 02 11 03 29 28.30  CDMG  
4.80 -124.9000  41.0001  0.0 1948 02 19 08 25  9.00  CDMG  
5.00 -111.0000  43.5000  0.0 1948 02 24 02 39 04    aDNAG  
5.30 -118.5500  32.5001  0.0 1948 02 24 08 15 10.00  CDMG  
4.40 -115.2000  30.9001  0.0 1948 02 24 22 36 44.00  CDMG  
4.90 -118.9000  32.1831  0.0 1948 02 27 06 21 31.00  CDMG  
4.70 -117.5330  34.1671  0.0 1948 03 01 08 12 13.00  CDMG  
4.60 -119.9000  39.0001  0.0 1948 03 28 18 26 20.00  CDMG  
4.60 -121.5700  36.8501  0.0 1948 03 28 22 38  3.00  CDMG  
4.70 -118.9670  34.0171  0.0 1948 04 16 22 26 24.00  CDMG  
4.69 -114.8000  36.0000  0.0 1948 05 09 18 53 04    aDNAG  
4.00 -117.0000  32.0831  0.0 1948 05 10 03 49 25.00  CDMG  
4.10 -117.9550  35.6791  0.0 1948 05 26 19 35 12.20  CDMG  
4.60 -115.0000  32.0001  0.0 1948 06 04 07 27 12.00  CDMG  
4.20 -118.7000  37.2001  0.0 1948 06 07 15 05 22.00  CDMG  
4.33 -121.6500  40.5000  0.0 1948 07 05 10 14       aDNAG  
4.50 -118.1590  35.5821  4.6 1948 07 26 17 50  1.40  CDMG  
4.30 -118.5830  37.4501  0.0 1948 08 06 04 22 57.00  CDMG  
5.00 -124.7000  40.5001  0.0 1948 08 18 19 11 57.00  CDMG  
4.00 -120.8000  39.6001  0.0 1948 08 27 20 59 45.00  CDMG  
4.00 -116.1670  36.5501  0.0 1948 08 30 19 02 21.00  CDMG  
4.00 -124.2700  40.2501  0.0 1948 09 08 04 28 13.00  CDMG  
5.00 -122.5870  47.8550  0.0 1948 09 24 22 35       aDNAG  
4.20 -118.9670  35.5001  0.0 1948 09 29 04 06 48.00  CDMG  
4.00 -117.5830  34.1831  0.0 1948 10 03 02 46 28.00  CDMG  
4.30 -111.6370  39.2630  0.0 1948 11 04 13 18       aDNAG  
6.50 -116.3830  33.9331  0.0 1948 12 04 23 43 17.00  CDMG  
4.10 -123.6000  40.4001  0.0 1948 12 05 17 29 22.00  CDMG  
6.00 -120.0800  39.5501  0.0 1948 12 29 12 53 28.00  CDMG  
4.60 -121.4000  35.6701  0.0 1948 12 31 14 35 46.00  CDMG  
4.50 -119.0000  38.7001  0.0 1949 01 02 22 03 54.00  CDMG  
4.80 -116.5500  34.9671  0.0 1949 01 03 13 43 40.00  CDMG  
4.10 -121.5000  40.5000  0.0 1949 02 01 13 30 42    aDNAG  
4.00 -117.0000  32.0001  0.0 1949 02 11 09 57 25.00  CDMG  
5.60 -117.7500  37.0831  0.0 1949 02 11 21 05 24.00  CDMG  
4.80 -125.2000  41.2001  0.0 1949 02 27 13 35 47.00  CDMG  
5.00 -111.8490  40.7490  0.0 1949 03 07 06 50       aDNAG  
5.20 -121.4800  37.0201  0.0 1949 03 09 12 28 39.00  CDMG  
4.40 -117.0040  35.1561 12.8 1949 03 20 19 34 49.70  CDMG  
4.10 -116.3500  33.2831  0.0 1949 04 13 07 53 36.00  CDMG  
4.50 -118.3830  37.6671  0.0 1949 04 13 07 58 26.00  CDMG  
6.75 -122.6170  47.1670 70.0 1949 04 13 19 55 42    aUSHIS 
4.10 -115.0000  31.8001  0.0 1949 05 02 00 26 12.00  CDMG  
5.90 -115.6830  34.0171  0.0 1949 05 02 11 25 47.00  CDMG  
4.10 -124.3000  40.4001  0.0 1949 05 04 01 34  3.00  CDMG  
4.30 -124.7000  40.7001  0.0 1949 05 13 02 19 34.00  CDMG  
4.50 -121.1000  35.8001  0.0 1949 06 27 10 35 31.00  CDMG  
4.50 -121.2300  40.2701  0.0 1949 08 21 20 48 16.00  CDMG  
4.90 -120.5000  34.5001  0.0 1949 08 27 14 51 46.00  CDMG  
4.00 -120.3000  33.8501  0.0 1949 08 27 15 54 28.00  CDMG  
4.10 -124.7000  40.3801  0.0 1949 09 06 11 20 30.00  CDMG  
4.40 -114.9000  30.7001  0.0 1949 09 14 20 49 50.00  CDMG  
5.10 -115.0000  31.0001  0.0 1949 09 16 20 45  0.00  CDMG  
4.10 -116.6670  34.8831  0.0 1949 09 20 04 14 11.00  CDMG  
4.10 -116.3830  33.1831  0.0 1949 10 14 00 29 25.00  CDMG  
4.70 -121.1700  36.5801  0.0 1949 10 22 21 45 20.00  CDMG  
4.50 -124.2000  40.9001  0.0 1949 10 28 02 29 16.00  CDMG  
4.70 -113.1000  37.5001  0.0 1949 11 02 02 29 29.00  CDMG  
5.70 -116.5500  32.2001  0.0 1949 11 04 20 42 38.00  CDMG  
6.75 -112.6000  28.1000  0.0 1949 11 20 07 09 43    aDNAG  
4.40 -124.0000  38.0001  0.0 1949 11 30 08 31 45.00  CDMG  
4.00 -122.1300  38.6201  0.0 1949 11 30 08 31 54.00  CDMG  
4.60 -118.3670  37.4671  0.0 1949 12 09 12 39  2.00  CDMG  
4.30 -112.0000  41.5000  0.0 1950 01 02 19 53 04    aSRA   
4.10 -118.2050  33.9391  0.4 1950 01 11 21 41 35.00  CDMG  
4.60 -124.4200  40.2201  0.0 1950 01 14 19 52 30.00  CDMG  
4.70 -125.1000  42.0001  0.0 1950 01 27 10 47 20.00  CDMG  
4.00 -124.3000  41.2001  0.0 1950 02 10 23 41  9.00  CDMG  
4.70 -119.0830  34.6171  0.0 1950 02 26 00 06 22.00  CDMG  
5.50 -121.4700  40.4501  0.0 1950 03 20 15 22 17.00  CDMG  
4.40 -125.2300  41.1301  0.0 1950 03 23 13 25 10.00  CDMG  
4.20 -123.9800  40.2701  0.0 1950 03 27 19 09 28.00  CDMG  
5.00 -122.5000  48.0000  0.0 1950 04 14 11 03 48    aDNAG  
4.60 -119.6170  35.7501  0.0 1950 04 15 11 56 32.00  CDMG  
4.69 -114.8000  36.0000  0.0 1950 05 07 08 36 26    aDNAG  
4.30 -111.7290  40.0380  0.0 1950 05 08 22 35       aDNAG  
4.20 -123.4000  41.3001  0.0 1950 06 02 10 35 51.00  CDMG  
4.00 -124.4000  40.8001  0.0 1950 06 03 05 39 16.00  CDMG  
4.10 -120.4000  39.7001  0.0 1950 06 22 17 13 18.00  CDMG  
5.00 -110.5000  44.7500  0.0 1950 06 28 04 31 04    aDNAG  
5.00 -113.5000  47.2500  0.0 1950 08 20 01 44 55    aDNAG  
4.20 -119.3500  34.1501  0.0 1950 08 22 22 47 58.00  CDMG  
4.20 -116.8170  34.9671  0.0 1950 08 30 16 59  4.00  CDMG  
4.10 -118.5830  37.4831  0.0 1950 09 28 11 03 22.00  CDMG  
4.10 -121.3800  36.9001  0.0 1950 09 30 21 26 33.00  CDMG  
4.50 -116.6900  39.6000  0.0 1950 10 17 03 54 33    aUSHIS 
4.30 -116.0000  44.5000  0.0 1950 10 18 09 30       aSRA   
4.50 -117.5000  39.5001  0.0 1950 10 23 08 12 46.00  CDMG  
4.20 -119.7000  39.6201  0.0 1950 10 26 03 18  8.00  CDMG  
4.40 -117.8330  32.7171  0.0 1950 11 06 20 55 46.00  CDMG  
5.00 -111.9000  38.5000  0.0 1950 11 18 01 15       aDNAG  
4.20 -125.5200  39.7201  0.0 1950 11 19 23 43 31.00  CDMG  
4.10 -121.5200  36.8201  0.0 1950 11 23 13 58 24.00  CDMG  
4.20 -116.7000  40.0000  0.0 1950 12 05 01 11 15    aSRA   
4.10 -115.1000  32.4001  0.0 1950 12 07 05 04 54.00  CDMG  
5.60 -120.0700  40.0801  0.0 1950 12 14 13 24 19.00  CDMG  
4.40 -119.1670  35.0501  0.0 1950 12 14 13 56 23.00  CDMG  
4.20 -116.1170  33.2001  0.0 1950 12 28 05 22 11.00  CDMG  
4.40 -119.3000  39.9001  0.0 1951 01 02 23 31 21.00  CDMG  
4.10 -119.8000  39.6201  0.0 1951 01 21 06 28 27.00  CDMG  
4.80 -119.9500  39.0801  0.0 1951 01 22 15 14 53.00  CDMG  
5.60 -115.7330  32.9831  0.0 1951 01 24 07 17  2.60  CDMG  
4.80 -116.5000  33.4831  0.0 1951 02 15 10 47 59.00  CDMG  
4.20 -120.7000  40.0701  0.0 1951 02 19 22 36  7.00  CDMG  
4.10 -124.3000  40.3001  0.0 1951 03 10 08 10 17.00  CDMG  
5.00 -125.3000  40.4701  0.0 1951 04 01 19 21  8.00  CDMG  
4.00 -117.2000  39.3001  0.0 1951 04 11 15 06 25.00  CDMG  
4.50 -113.0000  32.0000  0.0 1951 04 12 06 20 10    aUSHIS 
4.50 -117.0830  37.0831  0.0 1951 06 16 05 52 56.00  CDMG  
4.30 -115.5000  32.0001  0.0 1951 06 20 22 35 54.00  CDMG  
4.60 -117.9480  35.7721 12.4 1951 06 25 19 45 41.70  CDMG  
4.20 -116.0830  32.1171  0.0 1951 07 09 09 06 22.00  CDMG  
5.00 -121.1800  36.5801  0.0 1951 07 29 10 53 45.00  CDMG  
4.30 -111.6550  40.2390  0.0 1951 08 12 00 26       aDNAG  
5.20 -117.0000  31.0001  0.0 1951 09 02 16 27 32.00  CDMG  
4.00 -118.7000  38.2001  0.0 1951 09 09 18 49 35.00  CDMG  
4.10 -117.9000  38.8001  0.0 1951 09 12 14 12 30.00  CDMG  
4.30 -117.3410  34.1181 11.9 1951 09 22 08 22 39.10  CDMG  
5.80 -124.8000  40.2801  0.0 1951 10 08 04 10 35.00  CDMG  
4.00 -116.9830  34.1671  0.0 1951 10 16 12 41  5.00  CDMG  
4.70 -124.0500  40.4301  0.0 1951 11 14 08 39 53.00  CDMG  
4.00 -119.0000  38.0001  0.0 1951 11 28 04 49 50.00  CDMG  
5.90 -118.3500  32.8171  0.0 1951 12 26 00 46 54.00  CDMG  
5.20 -118.5830  37.5671  0.0 1951 12 28 02 49 27.00  CDMG  
4.40 -116.3460  33.9581 11.4 1952 01 08 06 34 27.40  CDMG  
4.00 -116.6330  33.1001  0.0 1952 02 08 17 40 28.00  CDMG  
4.10 -117.9050  36.6071  8.0 1952 02 09 08 43 30.90  CDMG  
4.00 -119.1830  33.5831  0.0 1952 02 10 13 50 55.00  CDMG  
4.50 -117.2700  33.9961 16.0 1952 02 17 12 36 58.30  CDMG  
4.00 -117.4000  38.8001  0.0 1952 03 07 01 00 42.00  CDMG  
4.30 -123.7500  41.5801  0.0 1952 03 16 10 05 15.00  CDMG  
4.50 -115.2830  32.1171  0.0 1952 03 16 22 11  2.00  CDMG  
4.33 -121.6500  40.5000  0.0 1952 03 23 13 36 13    aDNAG  
4.20 -115.9170  33.2831  0.0 1952 03 28 01 16 22.00  CDMG  
5.50 -113.8000  48.0000  0.0 1952 04 01 00 37 41    aUSHIS 
5.00 -111.4000  46.2000  0.0 1952 04 22 16 54 42.5  aDNAG  
4.70 -124.6000  41.9001  0.0 1952 05 06 17 21 10.00  CDMG  
5.10 -119.7800  39.4201  0.0 1952 05 09 15 31 32.00  CDMG  
4.90 -114.7000  36.1001  0.0 1952 05 24 04 15 15.00  CDMG  
7.70 -119.0170  35.0001  0.0 1952 07 21 11 52 14.00  CDMG  
4.00 -122.8800  39.3001  0.0 1952 08 14 06 47  7.00  CDMG  
4.33 -119.1000  37.9500  0.0 1952 08 22 12 30       aDNAG  
5.00 -118.1980  34.5191 13.1 1952 08 23 10 09  7.10  CDMG  
4.30 -111.8600  40.3960  0.0 1952 09 28 20 00       aDNAG  
4.20 -122.1800  37.7501  0.0 1952 10 13 00 34  9.00  CDMG  
4.00 -121.7500  40.6701  0.0 1952 10 17 11 34 39.00  CDMG  
5.16 -114.8000  36.0000  0.0 1952 10 20 07 26 39    aDNAG  
5.10 -113.6000  31.5001  0.0 1952 10 22 19 46 36.00  CDMG  
4.30 -120.7700  40.0801  0.0 1952 10 26 11 36 40.00  CDMG  
6.25 -111.0000  26.2000  0.0 1952 11 07 20 55 01    aDNAG  
4.20 -118.2000  38.7001  0.0 1952 11 12 03 01 51.00  CDMG  
4.80 -118.5000  38.5001  0.0 1952 11 13 00 55 16.00  CDMG  
4.30 -117.7000  39.1001  0.0 1952 11 15 02 29 52.00  CDMG  
4.10 -124.4200  41.0001  0.0 1952 11 16 21 29 45.00  CDMG  
4.60 -117.7000  39.8001  0.0 1952 11 18 04 04  8.00  CDMG  
4.10 -116.9000  31.7001  0.0 1952 11 21 19 26 18.00  CDMG  
6.00 -121.2000  35.7301  0.0 1952 11 22 07 46 37.00  CDMG  
4.20 -124.7000  41.3001  0.0 1952 12 19 21 40 21.00  CDMG  
4.00 -116.2000  31.5001  0.0 1953 01 15 10 31 43.00  CDMG  
4.30 -116.5670  33.4001  0.0 1953 02 04 04 36 16.00  CDMG  
4.00 -121.6700  36.9501  0.0 1953 03 16 08 52  6.00  CDMG  
5.00 -119.9800  38.8201  0.0 1953 03 22 05 19  0.00  CDMG  
4.00 -115.8000  31.6001  0.0 1953 03 26 12 42 18.00  CDMG  
4.30 -118.2000  37.8001  0.0 1953 04 10 05 11 44.00  CDMG  
5.20 -114.0000  30.5001  0.0 1953 05 04 14 55 10.00  CDMG  
4.30 -111.5000  40.5000  0.0 1953 05 24 02 54 29    aDNAG  
4.00 -121.4700  36.8201  0.0 1953 05 25 00 23 30.00  CDMG  
4.30 -120.5000  35.8801  0.0 1953 05 28 03 51 13.00  CDMG  
5.50 -115.7170  32.9501  0.0 1953 06 14 04 17 29.90  CDMG  
5.00 -114.0000  48.0000  0.0 1953 08 08 16 50       aDNAG  
4.50 -114.5000  37.5000  0.0 1953 08 09 22 00 02    aUSHIS 
4.20 -115.6330  34.0501  0.0 1953 09 11 20 50 46.00  CDMG  
5.30 -119.9800  39.5301  0.0 1953 09 26 03 34 29.00  CDMG  
4.10 -116.9610  34.9541  6.0 1953 10 01 19 35 16.20  CDMG  
5.00 -116.1000  31.8001  0.0 1953 10 10 18 49  6.00  CDMG  
6.00 -114.0000  30.0001  0.0 1953 10 13 08 33 45.00  CDMG  
4.00 -119.7000  34.3171  0.0 1953 10 21 16 02 38.00  CDMG  
4.30 -112.4330  37.8220  0.0 1953 10 22 03 00       aDNAG  
4.40 -118.3000  37.6331  0.0 1953 10 30 07 35 45.00  CDMG  
4.10 -116.2000  32.8171  0.0 1953 11 22 08 11 38.00  CDMG  
4.30 -116.4500  33.1001  0.0 1953 11 23 13 39  7.00  CDMG  
4.90 -116.9670  35.8831  0.0 1953 11 24 05 46  6.00  CDMG  
5.00 -122.7000  45.5000  0.0 1953 12 16 04 32 12    aUSHIS 
4.20 -121.6700  36.9201  0.0 1953 12 17 05 13 12.00  CDMG  
4.00 -121.5500  40.7501  0.0 1953 12 24 07 17 39.00  CDMG  
5.60 -115.3000  32.3001  0.0 1954 02 01 04 32  2.00  CDMG  
6.20 -116.1830  33.2831  0.0 1954 03 19 09 54 29.00  CDMG  
4.40 -121.1700  36.5201  0.0 1954 03 27 15 43 31.00  CDMG  
4.10 -125.2000  41.0001  0.0 1954 03 29 13 33 38.00  CDMG  
4.30 -116.5000  38.7500  0.0 1954 04 14 11 43 27    aSRA   
4.00 -115.0000  31.7001  0.0 1954 04 19 01 20 48.00  CDMG  
5.30 -121.6800  36.9301  0.0 1954 04 25 20 33 28.00  CDMG  
6.50 -112.9000  28.9000  0.0 1954 04 29 10 49 27    aDNAG  
4.20 -116.7870  34.0291 11.1 1954 04 30 00 36 23.90  CDMG  
6.63 -112.0000  27.8000  0.0 1954 05 05 13 09 49    aDNAG  
5.00 -122.0000  48.0000  0.0 1954 05 15 13 02 14    aUSHIS 
5.20 -115.2000  31.6001  0.0 1954 05 31 08 06 24.00  CDMG  
6.00 -110.9000  27.7000  0.0 1954 06 04 16 01 55    aDNAG  
4.20 -124.7800  40.7701  0.0 1954 06 22 06 24 49.00  CDMG  
4.40 -121.4200  36.5701  0.0 1954 06 22 11 49 29.00  CDMG  
4.00 -115.5000  38.0000  0.0 1954 07 04 02 44 22    aSRA   
4.00 -125.2700  40.3701  0.0 1954 07 11 03 25 24.00  CDMG  
4.20 -123.5700  41.3001  0.0 1954 07 17 18 55 12.00  CDMG  
4.80 -116.0000  32.0001  0.0 1954 07 19 20 01 54.00  CDMG  
5.00 -116.4000  38.2001  0.0 1954 07 20 00 11 38.00  CDMG  
4.20 -121.3300  37.4201  0.0 1954 07 29 08 51 36.00  CDMG  
4.40 -118.6670  37.6671  0.0 1954 08 20 08 01 45.00  CDMG  
4.80 -119.5000  33.9171  0.0 1954 08 26 13 48  3.00  CDMG  
4.40 -115.8000  37.5000  0.0 1954 09 29 03 48       aSRA   
4.10 -117.4670  33.7331  0.0 1954 10 26 16 22 26.00  CDMG  
4.60 -115.5500  34.0331  0.0 1954 10 30 02 02 43.00  CDMG  
4.00 -120.5800  37.0701  0.0 1954 11 01 06 42 40.00  CDMG  
4.40 -123.0300  39.0701  0.0 1954 11 10 18 07 21.00  CDMG  
4.10 -117.9100  36.3901  9.8 1954 11 17 07 23 57.40  CDMG  
6.10 -125.6300  40.2701  0.0 1954 11 25 11 16 35.00  CDMG  
7.20 -118.2000  39.3201  0.0 1954 12 16 11 07 13.00  CDMG  
4.50 -122.1300  37.7201  0.0 1954 12 17 07 08 58.00  CDMG  
6.50 -123.8700  40.7801  0.0 1954 12 21 19 56 29.00  CDMG  
4.00 -118.5000  37.6001  0.0 1954 12 31 16 56 53.00  CDMG  
4.40 -114.5000  37.0001  0.0 1955 01 10 10 07  0.00  CDMG  
4.30 -111.9330  40.7830  0.0 1955 02 02 19 23       aDNAG  
4.30 -124.5300  40.2801  0.0 1955 02 07 13 49  0.00  CDMG  
4.10 -118.1380  36.9241 -2.0 1955 02 13 00 23  3.40  CDMG  
4.80 -120.9300  36.0001  0.0 1955 03 02 15 59  1.00  CDMG  
5.00 -122.0000  48.1000  0.0 1955 03 26 06 56 51    aDNAG  
6.75 -109.6000  25.2000  0.0 1955 04 05 15 09 19    aDNAG  
5.20 -115.0000  32.3331  0.0 1955 04 25 10 43  8.00  CDMG  
4.60 -122.8700  38.9301  0.0 1955 05 07 11 50 39.00  CDMG  
4.30 -111.8770  40.9130  0.0 1955 05 12 22 57       aDNAG  
4.00 -117.4800  34.1241  7.6 1955 05 15 17 03 26.00  CDMG  
4.50 -118.2640  35.5341 12.3 1955 05 28 19 44 20.00  CDMG  
4.10 -119.0580  33.9901 17.4 1955 05 29 16 43 35.40  CDMG  
4.33 -114.6310  49.4800  0.0 1955 06 01 04 56       aDNAG  
4.00 -118.6830  37.5001  0.0 1955 06 10 18 26 37.00  CDMG  
4.00 -115.4000  33.1331  0.0 1955 06 15 17 35 57.00  CDMG  
4.20 -116.6670  34.4051 10.0 1955 07 02 16 29 38.50  CDMG  
4.30 -125.6700  41.2501  0.0 1955 07 24 22 22 30.00  CDMG  
5.00 -107.3000  38.0000  0.0 1955 08 03 06 39 42    aDNAG  
4.70 -118.6200  35.3951  4.1 1955 08 08 03 21 50.50  CDMG  
5.20 -118.6700  38.3301  0.0 1955 08 08 10 35 35.00  CDMG  
4.50 -124.5000  40.3801  0.0 1955 08 27 07 00 26.00  CDMG  
5.50 -121.7800  37.3701  0.0 1955 09 05 02 01 18.00  CDMG  
4.10 -119.6700  40.0801  0.0 1955 09 21 07 37 28.00  CDMG  
4.20 -119.3000  38.2001  0.0 1955 09 28 09 52 33.00  CDMG  
4.20 -120.3300  36.2201  0.0 1955 10 22 07 04 13.00  CDMG  
5.40 -122.0500  37.9701  0.0 1955 10 24 04 10 44.00  CDMG  
5.20 -120.9200  36.0001  0.0 1955 11 02 19 40  6.00  CDMG  
4.20 -118.8000  37.5001  0.0 1955 11 08 02 40 52.00  CDMG  
5.40 -115.5000  33.0001  0.0 1955 12 17 06 07 29.00  CDMG  
4.70 -117.4980  33.7251 13.7 1956 01 03 00 25 48.90  CDMG  
4.70 -116.0000  32.3831  0.0 1956 01 03 14 24  1.00  CDMG  
4.10 -115.1000  32.0001  0.0 1956 01 05 11 15 24.00  CDMG  
4.10 -119.1000  41.5001  0.0 1956 01 10 08 37 24.00  CDMG  
4.90 -122.3000  43.4000  0.0 1956 01 10 12 32 15    aUSHIS 
4.60 -118.6130  34.5861  2.6 1956 02 07 03 16 38.60  CDMG  
6.80 -115.9170  31.7501  0.0 1956 02 09 14 32 38.00  CDMG  
4.20 -121.3200  36.6701  0.0 1956 02 18 23 58 30.00  CDMG  
4.50 -124.2300  40.3001  0.0 1956 03 10 05 56 14.00  CDMG  
4.80 -116.7590  34.3061  1.3 1956 03 16 20 29 33.60  CDMG  
4.10 -119.6700  40.1301  0.0 1956 03 19 15 09 23.00  CDMG  
4.30 -119.0040  35.0451 12.1 1956 03 23 21 23 27.10  CDMG  
4.20 -119.1050  33.6041  8.2 1956 03 25 03 32  2.30  CDMG  
4.40 -122.5200  38.5301  0.0 1956 04 05 04 29 13.00  CDMG  
4.00 -119.1740  35.1831 14.3 1956 06 04 08 33 19.30  CDMG  
4.00 -118.5000  41.2001  0.0 1956 06 06 23 50  7.00  CDMG  
4.90 -118.6200  38.4501  0.0 1956 07 06 03 31 35.00  CDMG  
4.90 -122.4000  42.0000  0.0 1956 07 09 02 21 55    aUSHIS 
4.20 -117.9480  35.7661 12.6 1956 07 11 19 22  6.70  CDMG  
4.90 -118.6000  31.5001  0.0 1956 07 16 00 39  0.00  CDMG  
4.70 -121.3000  36.3001  0.0 1956 07 23 08 03 48.00  CDMG  
4.10 -115.0000  44.5000  0.0 1956 08 07 04 05 52    aSRA   
4.00 -119.7610  34.3251  4.0 1956 08 09 00 08 49.20  CDMG  
4.00 -117.9000  38.1001  0.0 1956 08 12 04 04  6.00  CDMG  
4.00 -119.0000  38.0001  0.0 1956 08 12 04 04 12.00  CDMG  
4.40 -115.5000  44.0000  0.0 1956 08 18 00 52 16    aSRA   
4.20 -116.0500  33.7711 14.1 1956 09 02 02 46 37.00  CDMG  
4.30 -116.5610  33.5341 12.2 1956 09 23 11 24 41.90  CDMG  
4.10 -125.3500  41.7501  0.0 1956 09 26 17 53 26.00  CDMG  
6.00 -125.7700  40.6701  0.0 1956 10 11 16 48 50.00  CDMG  
4.10 -123.8000  40.2201  0.0 1956 11 10 09 06 34.00  CDMG  
5.00 -120.4700  35.9501  0.0 1956 11 16 03 23  9.00  CDMG  
4.70 -116.4500  41.0300  0.0 1956 11 16 08 26 10    aUSHIS 
4.20 -121.3000  36.6001  0.0 1956 11 22 16 43 58.00  CDMG  
4.40 -121.6000  36.8701  0.0 1956 12 01 14 11 25.00  CDMG  
6.00 -115.0000  31.0001  0.0 1956 12 13 13 15 37.00  CDMG  
5.10 -118.9700  38.2801  0.0 1956 12 31 17 39 24.00  CDMG  
4.60 -116.5230  33.1101  3.9 1957 01 24 20 54 49.90  CDMG  
5.00 -122.4330  48.3330  0.0 1957 01 26 01 16 06    aUSHIS 
4.90 -122.1200  35.8701  0.0 1957 01 29 21 19 53.00  CDMG  
4.60 -116.3400  33.9851 11.0 1957 02 01 07 52 15.40  CDMG  
5.00 -121.7000  47.5000  0.0 1957 02 11 17 05 56    aDNAG  
4.00 -117.5150  35.6871  2.0 1957 03 08 13 24 57.90  CDMG  
4.00 -123.8300  40.2701  0.0 1957 03 14 19 27 42.00  CDMG  
4.70 -119.2200  34.1181 13.8 1957 03 18 18 56 28.00  CDMG  
5.30 -122.4800  37.6701  8.5 1957 03 22 19 44 21.00  CDMG  
4.10 -115.9480  33.7451  4.5 1957 04 02 04 22 47.40  CDMG  
5.20 -115.8080  33.2161 -0.3 1957 04 25 21 57 38.70  CDMG  
4.60 -119.2800  37.7001  0.0 1957 06 21 00 41 25.00  CDMG  
4.10 -118.5130  35.2291  1.6 1957 06 28 11 32  0.80  CDMG  
4.10 -116.4360  33.0021 12.8 1957 07 02 06 56 38.50  CDMG  
4.80 -113.0000  32.0001  0.0 1957 07 04 22 25 13.00  CDMG  
4.60 -114.0000  31.0001  0.0 1957 07 04 23 27  0.00  CDMG  
4.70 -114.0000  32.0001  0.0 1957 07 05 00 58  0.00  CDMG  
4.40 -125.2000  41.0201  0.0 1957 07 15 23 23 47.00  CDMG  
4.00 -118.4000  39.5701  0.0 1957 07 22 17 24  1.00  CDMG  
4.30 -115.5170  32.3001  0.0 1957 07 25 12 32 47.00  CDMG  
4.30 -125.6200  41.9501  0.0 1957 07 26 04 50 22.00  CDMG  
4.50 -125.5800  41.5301  0.0 1957 09 03 16 38 41.00  CDMG  
4.50 -121.2300  36.6001  0.0 1957 09 28 21 04 39.00  CDMG  
4.60 -118.4300  39.2801  0.0 1957 10 17 10 14  9.00  CDMG  
6.00 -109.0600  25.0400  0.0 1957 10 24 21 44 31    aDNAG  
4.70 -123.6800  39.1801  0.0 1957 10 31 02 47 46.00  CDMG  
4.00 -123.8000  45.3000  0.0 1957 11 17 06 00 29    aUSHIS 
4.20 -125.0000  40.3001  0.0 1957 11 17 06 32 21.00  CDMG  
4.40 -116.1910  34.1801 16.0 1957 12 12 08 00  7.20  CDMG  
4.60 -115.5000  32.2501  0.0 1957 12 15 21 16 41.00  CDMG  
5.00 -116.0000  47.5000  0.0 1957 12 19 06 25       aDNAG  
4.50 -115.5000  38.9000  0.0 1958 01 04 17 27 34    aUSHIS 
4.00 -119.2400  34.8411 10.8 1958 01 11 23 08 47.40  CDMG  
4.20 -118.3700  38.2501  0.0 1958 01 13 04 17 27.00  CDMG  
5.00 -111.4400  40.3410  0.0 1958 02 13 22 52       aDNAG  
4.50 -120.0000  42.4000  0.0 1958 03 12 12 09 16    aUSHIS 
4.90 -113.5000  32.5001  0.0 1958 03 15 08 34  4.00  CDMG  
4.20 -118.5830  37.8171  0.0 1958 04 02 21 54 37.00  CDMG  
4.40 -125.4800  40.5301  0.0 1958 04 08 10 22 13.00  CDMG  
6.50 -110.7800  26.9500  0.0 1958 04 12 11 47 05    aDNAG  
4.10 -120.0000  48.0000  0.0 1958 04 12 22 37 11    aUSHIS 
6.00 -110.3400  26.3600  0.0 1958 04 19 04 03 25    aDNAG  
5.16 -114.8000  36.0000  0.0 1958 04 19 09 01 02    aDNAG  
4.00 -122.3500  38.6201  0.0 1958 04 20 21 06 58.00  CDMG  
4.10 -118.0000  38.0001  0.0 1958 05 03 17 36  0.00  CDMG  
4.90 -124.0500  40.3001  0.0 1958 05 24 23 04 47.00  CDMG  
4.50 -115.0000  32.0001  0.0 1958 05 28 07 48 18.00  CDMG  
5.00 -113.0000  46.5000  0.0 1958 05 28 09 46       aDNAG  
4.10 -118.1000  39.4001  0.0 1958 05 28 15 16 50.00  CDMG  
4.10 -122.0000  37.9701  0.0 1958 05 31 22 07 11.00  CDMG  
4.10 -121.6700  37.2501  0.0 1958 07 09 05 23 40.00  CDMG  
4.70 -119.4920  34.3491 16.0 1958 07 14 05 25 55.30  CDMG  
5.30 -114.0000  30.5001  0.0 1958 08 18 06 44 15.00  CDMG  
4.00 -118.4670  37.5831  0.0 1958 08 22 23 42  2.00  CDMG  
4.60 -121.1200  36.3501  0.0 1958 09 21 07 24 55.00  CDMG  
4.40 -124.5800  40.2701  0.0 1958 09 23 03 50 15.00  CDMG  
4.60 -120.3000  39.5701  0.0 1958 10 01 21 42 11.00  CDMG  
4.50 -120.5000  35.9301  0.0 1958 10 10 13 05 16.00  CDMG  
4.20 -121.7800  37.4801  0.0 1958 10 31 00 26 14.00  CDMG  
4.10 -116.9960  34.9761 12.2 1958 11 07 17 38  3.70  CDMG  
4.30 -121.8800  36.8701  0.0 1958 11 07 21 33 24.00  CDMG  
4.10 -116.2680  32.9901  2.4 1958 11 08 13 20 44.10  CDMG  
4.00 -119.7570  34.4711 15.2 1958 11 16 09 34  6.10  CDMG  
4.30 -111.8330  39.7110  0.0 1958 11 28 13 30 39    aDNAG  
5.80 -115.7500  32.2501  0.0 1958 12 01 03 21 18.00  CDMG  
4.70 -122.5700  37.7001  0.0 1958 12 11 09 52 27.00  CDMG  
4.30 -111.2000  42.1000  0.0 1959 01 04 07 22 54    aDNAG  
4.00 -125.4000  40.7801  0.0 1959 01 05 05 15  5.00  CDMG  
4.70 -118.0250  36.1491  2.8 1959 01 05 12 36  3.20  CDMG  
4.00 -116.2000  36.8001  0.0 1959 01 28 18 09  4.00  CDMG  
5.00 -112.5000  38.0000  0.0 1959 02 27 22 19 52    aDNAG  
5.30 -121.6000  36.9801 30.0 1959 03 02 23 27 17.00  CDMG  
4.20 -118.5700  38.3501  0.0 1959 03 05 06 41 38.00  CDMG  
4.10 -116.1000  38.8000  0.0 1959 03 16 17 36 27    aSRA   
4.30 -118.5000  38.6501  0.0 1959 03 18 14 20 36.00  CDMG  
6.30 -118.0200  39.6001  0.0 1959 03 23 07 10 20.00  CDMG  
5.60 -120.2000  39.7201  0.0 1959 04 01 18 18 30.00  CDMG  
4.20 -116.4370  33.8801 22.2 1959 04 17 16 19  0.20  CDMG  
4.50 -115.2330  32.0671  0.0 1959 04 27 17 45  7.00  CDMG  
4.00 -125.0800  40.3001  0.0 1959 05 04 20 11 32.00  CDMG  
4.60 -116.0330  32.7171  0.0 1959 06 01 16 35 36.00  CDMG  
4.70 -119.7000  43.7000  0.0 1959 06 02 18 49       aUSHIS 
4.00 -116.7770  33.4881  5.7 1959 06 12 11 03 13.00  CDMG  
4.60 -115.3000  31.6671  0.0 1959 06 14 06 13 35.00  CDMG  
4.00 -115.7330  31.6171  0.0 1959 06 14 14 52 49.00  CDMG  
6.10 -118.8200  39.0801  0.0 1959 06 23 14 35  0.00  CDMG  
4.00 -116.8820  33.9681 13.8 1959 06 27 16 22 11.10  CDMG  
4.70 -119.0990  35.1841  9.0 1959 07 01 23 49 23.40  CDMG  
4.90 -116.3670  31.6671  0.0 1959 07 17 07 26 30.00  CDMG  
5.60 -112.3700  36.8000  0.0 1959 07 21 17 39 29    aUSHIS 
5.80 -125.3000  41.1301  0.0 1959 07 24 01 23  9.00  CDMG  
5.20 -118.5500  37.3501  0.0 1959 08 04 07 36 59.00  CDMG  
4.10 -115.6670  33.9501  0.0 1959 08 04 18 25 22.00  CDMG  
4.70 -122.2670  45.6830  0.0 1959 08 04 23 53 30    aUSHIS 
4.40 -120.0000  47.8170  0.0 1959 08 06 03 44 35    aUSHIS 
5.50 -111.1000  46.6000  0.0 1959 08 18  0  0       aDNAG  
7.30 -111.2150  44.7120  5.0 1959 08 18 06 37 13.5  aUSHIS 
4.30 -116.4440  33.0971 17.3 1959 08 18 21 52 21.30  CDMG  
4.20 -124.4200  40.2701  0.0 1959 08 20 03 48 56.00  CDMG  
4.60 -124.7000  44.8000  0.0 1959 08 21 00 28 17    aUSHIS 
4.30 -116.5740  34.0651 16.7 1959 08 26 05 32 50.20  CDMG  
4.30 -118.2000  38.1001  0.0 1959 08 28 01 52 38.00  CDMG  
4.00 -116.9830  31.5501  0.0 1959 09 05 09 17 44.00  CDMG  
5.20 -114.0000  30.5001  0.0 1959 09 17 22 14 40.00  CDMG  
4.50 -120.5210  34.4561 14.2 1959 10 01 04 35 35.00  CDMG  
4.10 -121.1200  36.4501  0.0 1959 10 11 02 03  9.00  CDMG  
5.00 -111.5000  35.5000  0.0 1959 10 13 08 15       aUSHIS 
4.20 -118.0230  35.7451  7.4 1959 10 24 15 35 15.30  CDMG  
5.00 -115.5000  44.5000  0.0 1959 11 03 10 03       aDNAG  
4.80 -121.7500  46.6670  0.0 1959 11 23 18 15 25    aUSHIS 
5.10 -125.4200  40.3001  0.0 1959 12 05 08 13 42.00  CDMG  
4.50 -123.3000  48.7000  0.0 1959 12 12 06 24 17    aDNAG  
4.10 -122.3700  38.5801  0.0 1959 12 16 02 28 42.00  CDMG  
4.70 -124.5200  40.2701  0.0 1959 12 22 02 38 57.00  CDMG  
4.00 -121.2000  35.4001  0.0 1960 01 02 22 51 48.00  CDMG  
4.00 -115.5000  31.5001  0.0 1960 01 03 21 08 12.00  CDMG  
5.00 -121.4300  36.7801  0.0 1960 01 20 03 25 53.00  CDMG  
4.20 -117.8800  38.4701  0.0 1960 01 21 14 29 56.00  CDMG  
4.90 -116.5000  38.0001  0.0 1960 01 26 04 17 36.00  CDMG  
4.40 -125.6700  41.9001  0.0 1960 01 27 00 10 37.00  CDMG  
4.50 -116.0000  32.1001  0.0 1960 02 03 08 37 18.00  CDMG  
4.20 -119.1700  38.2801  0.0 1960 03 29 04 01 57.00  CDMG  
5.63 -110.0000  26.0000  0.0 1960 03 31 19 56 14    aPDE   
4.00 -119.5800  38.3701  0.0 1960 04 09 04 37 55.00  CDMG  
4.20 -115.7000  32.7331  0.0 1960 04 21 23 39 20.00  CDMG  
4.00 -124.4000  40.3001  0.0 1960 05 19 10 14  7.00  CDMG  
4.80 -114.0000  31.5001  0.0 1960 06 03 21 38  2.00  CDMG  
5.20 -118.7330  37.5171  0.0 1960 06 05 07 47  7.00  CDMG  
4.30 -124.2200  40.5701  0.0 1960 06 08 02 54 19.00  CDMG  
4.50 -115.7000  32.2671  0.0 1960 06 11 21 36 56.00  CDMG  
4.10 -117.4750  34.1161 12.0 1960 06 28 20 00 48.00  CDMG  
4.50 -117.1310  35.1471  7.7 1960 07 01 22 13 44.60  CDMG  
4.20 -116.4670  33.1671  0.0 1960 08 01 19 39 30.00  CDMG  
5.00 -111.5000  42.4000  0.0 1960 08 07 16 27 16.2  aDNAG  
4.00 -116.2000  31.9001  0.0 1960 08 21 21 27 32.00  CDMG  
4.40 -115.3000  31.7001  0.0 1960 08 24 02 44 36.00  CDMG  
4.60 -122.7000  47.7000 25.0 1960 09 10 15 06 32.5  aUSHIS 
4.40 -117.4000  40.6000  0.0 1960 10 17 06 07 10    aSRA   
4.10 -121.1300  36.5301  0.0 1960 11 03 06 50 24.00  CDMG  
5.00 -125.2000  44.9000  0.0 1960 11 08 11 36 27    aUSHIS 
4.40 -120.4700  39.6001  0.0 1960 11 18 11 03 14.00  CDMG  
4.10 -124.1200  40.4301  0.0 1960 12 05 12 32  1.00  CDMG  
4.10 -115.5000  31.5001  0.0 1960 12 05 13 00  0.00  CDMG  
4.00 -115.9000  31.7001  0.0 1960 12 09 00 24  0.00  CDMG  
4.10 -119.3300  38.2801  0.0 1960 12 18 23 23 30.00  CDMG  
5.40 -125.0500  41.5201 61.0 1960 12 27 10 35 26.00  CDMG  
4.00 -115.9330  33.2671  0.0 1960 12 30 21 40 25.00  CDMG  
4.10 -121.6700  36.8701  0.0 1961 01 04 00 30 17.00  CDMG  
4.50 -115.5000  31.5001  0.0 1961 01 25 07 17 42.00  CDMG  
5.30 -118.0490  35.7781  5.5 1961 01 28 08 12 46.20  CDMG  
5.30 -118.6330  37.4501  0.0 1961 02 02 00 04 16.00  CDMG  
4.80 -115.5000  32.5001  0.0 1961 02 09 17 50 42.00  CDMG  
4.40 -116.3000  36.6001  0.0 1961 03 27 09 00 40.00  CDMG  
5.10 -124.7500  40.1801  0.0 1961 04 06 04 04 45.00  CDMG  
5.60 -121.3000  36.6801  0.0 1961 04 09 07 23 16.00  CDMG  
5.00 -111.6600  39.3400  0.0 1961 04 16 05 02 39.3  aDNAG  
4.20 -116.0360  33.2401 -1.2 1961 04 28 06 30 21.20  CDMG  
4.40 -114.4000  30.0001  0.0 1961 04 29 11 10 20.00  CDMG  
4.50 -115.6670  31.9501  0.0 1961 05 02 06 26 17.00  CDMG  
4.40 -116.0280  33.8141 18.5 1961 05 28 12 59 46.70  CDMG  
4.50 -114.0000  30.0001  0.0 1961 05 31 04 42  0.00  CDMG  
4.00 -116.3000  31.9671  0.0 1961 05 31 07 23 39.00  CDMG  
4.70 -112.5000  32.4000  0.0 1961 06 18 08 12 07.1  aUSHIS 
5.40 -118.4000  40.9001  0.0 1961 07 04 04 56  0.00  CDMG  
5.00 -118.6000  40.1301  0.0 1961 07 04 11 09 11.00  CDMG  
4.00 -123.4200  40.3001  0.0 1961 07 09 09 02 28.00  CDMG  
4.10 -114.9960  32.6401 50.0 1961 07 28 06 47 16.30  CDMG  
4.70 -120.3700  35.8201  0.0 1961 07 31 00 07  8.00  CDMG  
4.00 -115.7830  31.6521 -2.0 1961 07 31 21 28 58.10  CDMG  
4.50 -117.4000  39.2001  0.0 1961 08 04 16 56  9.00  CDMG  
4.00 -120.2000  39.2701  0.0 1961 08 12 04 57 20.00  CDMG  
4.50 -122.5000  44.7000 33.0 1961 08 19 04 56 24.1  aUSHIS 
4.60 -116.4240  32.0251 12.6 1961 08 20 04 28 43.00  CDMG  
4.70 -116.2380  33.0501 11.9 1961 08 23 01 00 47.80  CDMG  
4.60 -123.2000  42.4000  0.0 1961 08 23 17 59 47    aUSHIS 
4.00 -118.5310  35.1991  4.5 1961 09 01 16 51 48.90  CDMG  
4.80 -115.4520  32.5671 12.1 1961 09 12 19 18 45.50  CDMG  
5.10 -122.1220  46.0230  7.0 1961 09 17 15 55 55.9  aUSHIS 
4.30 -114.3330  37.6671  0.0 1961 09 26 21 46 20.00  CDMG  
4.20 -117.0000  36.5001  0.0 1961 10 01 17 16 32.00  CDMG  
4.10 -117.7520  33.8541  4.3 1961 10 04 02 21 31.60  CDMG  
5.20 -117.7610  35.8311 -2.0 1961 10 19 05 09 43.90  CDMG  
4.30 -117.9940  33.6541  4.6 1961 10 20 19 49 50.50  CDMG  
4.50 -122.4000  45.7000 33.0 1961 11 07 01 29 08.4  aUSHIS 
5.00 -118.9870  34.9411 10.7 1961 11 15 05 38 55.50  CDMG  
4.30 -117.7730  35.3971 11.1 1961 11 18 03 18 36.00  CDMG  
4.00 -120.5000  36.0001  0.0 1961 12 14 11 51 15.00  CDMG  
4.10 -123.4000  38.8801  0.0 1962 01 01 17 20 59.50  CDMG  
4.40 -120.2160  47.8330  0.0 1962 01 15 05 29 13    aDNAG  
5.30 -114.6000  30.8001  0.0 1962 01 27 23 07 42.00  CDMG  
4.00 -118.0000  40.1001  0.0 1962 01 31 04 07 32.00  CDMG  
4.50 -120.6830  34.8831  0.0 1962 02 01 06 37 57.00  CDMG  
4.70 -107.6000  38.2000 25.0 1962 02 05 14 45 51.1  aUSHIS 
4.50 -112.4000  36.9000 26.0 1962 02 15 07 12 42.9  aUSHIS 
4.40 -112.9000  37.0000 21.0 1962 02 15 09 06 45.1  aSRA   
4.50 -121.6000  34.6001  0.0 1962 03 05 07 44  1.00  CDMG  
4.80 -113.7000  30.8001  0.0 1962 03 14 15 23 12.00  CDMG  
4.10 -121.8800  37.8201  2.0 1962 03 17 21 38 44.50  CDMG  
5.10 -119.4500  38.2201  6.0 1962 04 13 15 38 51.90  CDMG  
5.40 -125.3200  40.2701  0.0 1962 04 14 07 53 14.70  CDMG  
4.70 -120.6200  36.4201 21.0 1962 04 15 08 41  2.30  CDMG  
4.30 -118.2500  39.6501  0.0 1962 04 17 12 19 13.80  CDMG  
4.60 -117.1800  38.8001  0.0 1962 04 25 08 48 49.00  CDMG  
4.10 -117.1870  33.7381  5.7 1962 04 27 09 12 32.10  CDMG  
5.10 -115.6000  31.7001  0.0 1962 05 27 01 45 35.00  CDMG  
4.50 -112.1000  38.0000 33.0 1962 06 05 22 29 45    aUSHIS 
5.20 -123.3200  39.0701  5.0 1962 06 06 17 50  6.20  CDMG  
4.40 -113.4000  30.0001  0.0 1962 06 07 00 22 39.00  CDMG  
4.40 -114.2000  37.5001  0.0 1962 07 08 15 58  6.00  CDMG  
4.00 -115.1000  32.1001  0.0 1962 07 12 20 32 42.00  CDMG  
4.70 -118.6000  39.4301 15.0 1962 07 20 09 02 13.90  CDMG  
4.10 -124.4200  40.2501  2.0 1962 07 20 17 15 24.00  CDMG  
4.70 -116.1000  31.5001  0.0 1962 08 07 22 32 35.00  CDMG  
4.00 -114.8000  31.6001  0.0 1962 08 14 23 57 30.00  CDMG  
4.90 -114.1000  31.1001  0.0 1962 08 20 10 43 23.00  CDMG  
5.60 -124.3300  41.8501  2.0 1962 08 23 19 29 13.10  CDMG  
4.33 -110.5000  44.7000  0.0 1962 08 26 12 15       aDNAG  
5.78 -111.7330  41.9170 10.0 1962 08 30 13 35 28.7  aUSHIS 
4.90 -124.4000  41.0001  0.0 1962 09 04 17 17 22.00  CDMG  
5.10 -112.0000  40.7001  0.0 1962 09 05 16 04 29.00  CDMG  
4.33 -111.0000  40.0000 33.0 1962 09 07 08 47 19    aDNAG  
4.60 -116.7000  41.3000 33.0 1962 09 07 23 19 12.8  aUSHIS 
4.90 -118.0440  35.7541  3.8 1962 09 16 05 36 16.00  CDMG  
4.00 -119.6910  34.4901 13.3 1962 09 16 18 12 35.20  CDMG  
4.30 -119.7000  39.0301  0.0 1962 10 02 03 50 58.40  CDMG  
4.10 -116.2360  33.3331 13.9 1962 10 05 15 29  2.60  CDMG  
4.70 -124.0300  38.7001  0.0 1962 10 14 10 14 27.20  CDMG  
4.80 -116.8650  34.3251  8.6 1962 10 29 02 42 53.90  CDMG  
5.19 -122.5880  45.6420 16.0 1962 11 06 03 36 43.6  aUSHIS 
4.10 -119.0000  37.5001  0.0 1962 11 06 11 57 17.00  CDMG  
4.90 -117.5000  40.7001  0.0 1962 12 15 06 34 59.00  CDMG  
4.30 -114.1000  48.1000  0.0 1962 12 18 13 49 40    aDNAG  
4.30 -113.9000  48.4000 33.0 1962 12 28 10 01 23.6  aDNAG  
4.70 -122.0000  47.1000 33.0 1962 12 31 20 49 35.3  aUSHIS 
4.30 -112.2740  44.6450  5.0 1963 01 06 18 07 42.8  aSRA   
4.00 -119.1030  34.9221  8.7 1963 01 09 06 04  3.80  CDMG  
4.20 -116.2230  33.0211 13.0 1963 01 13 02 39 38.90  CDMG  
4.30 -116.6980  39.5280  0.0 1963 01 19 06 41 51.2  aSRA   
4.50 -122.1000  47.6000 17.0 1963 01 24 21 43 11.8  aUSHIS 
4.90 -115.7000  31.6001  0.0 1963 01 27 03 00 39.00  CDMG  
4.80 -114.5280  44.1900 11.0 1963 01 27 15 24 43.8  aUSHIS 
4.50 -111.0000  46.1000 33.0 1963 02 16 03 01 41    aUSHIS 
5.00 -118.9760  34.9321 13.9 1963 03 01 00 25 57.90  CDMG  
4.40 -122.7380  44.8770  0.0 1963 03 07 23 53 26.5  aUSHIS 
4.10 -121.8830  37.8171  0.0 1963 03 17 21 38 44.50  CDMG  
4.10 -115.2000  27.2000 33.0 1963 03 19 14 13 18.3  aPDE   
4.90 -114.7400  35.8971  0.0 1963 03 25 09 28 41.10  CDMG  
4.20 -110.7000  44.3000 33.0 1963 03 27 07 22 09.4  aSRA   
4.40 -110.7000  44.8000 33.0 1963 04 02 13 40 13.4  aSRA   
4.10 -119.1670  38.3171  0.0 1963 04 05 21 27 51.60  CDMG  
4.70 -120.6170  36.4171  0.0 1963 04 15 08 41  2.30  CDMG  
4.00 -115.7000  32.6001  0.0 1963 04 26 01 03 42.00  CDMG  
4.00 -111.4000  45.0000 33.0 1963 04 27 13 39 33.9  aSRA   
4.20 -118.8930  37.6121 -2.0 1963 05 03 02 14 44.10  CDMG  
4.40 -121.6500  36.8601  0.0 1963 05 07 07 07 48.00  CDMG  
4.00 -124.1100  40.5501  0.0 1963 05 09 13 24  8.00  CDMG  
4.33 -111.5000  45.5000  0.0 1963 05 11 16 07       aDNAG  
4.60 -122.3100  37.2701  0.0 1963 05 22 22 41  4.80  CDMG  
4.80 -115.6810  33.0271  0.4 1963 05 23 15 53  1.80  CDMG  
4.33 -110.5000  44.5000  0.0 1963 06 06 19 47 34    aDNAG  
5.80 -116.2690  31.7961 -2.0 1963 06 11 15 23 38.30  CDMG  
4.50 -114.1000  30.2000 14.0 1963 06 20 14 59 42.6  aPDE   
4.20 -110.0000  44.0000 33.0 1963 06 25 15 51 49.6  aSRA   
4.69 -111.9100  39.5300  7.0 1963 07 07 19 20 39.6  aUSHIS 
4.10 -125.3000  40.8001  0.0 1963 07 08 01 13 50.60  CDMG  
4.00 -111.1900  40.0300  7.0 1963 07 09 20 25 25.8  aSRA   
4.00 -112.0000  28.5000 33.0 1963 07 26 13 40 29.5  aPDE   
4.70 -116.2100  34.1541 12.9 1963 07 30 06 34 57.30  CDMG  
4.40 -125.0000  40.3001  0.0 1963 08 02 22 17 33.00  CDMG  
4.00 -115.4000  44.9000 33.0 1963 08 03 01 23 16.7  aSRA   
4.00 -122.5600  37.6101  0.0 1963 08 04 17 35  3.60  CDMG  
4.00 -111.0000  44.9000 33.0 1963 08 08 23 53 21    aSRA   
4.10 -116.1700  32.3341  4.8 1963 08 24 20 47 49.50  CDMG  
4.00 -109.5000  26.2000 33.0 1963 09 02 13 10 43.3  aPDE   
4.80 -109.5000  25.7000 33.0 1963 09 02 14 10 44.7  aPDE   
4.20 -104.0000  28.9000 33.0 1963 09 10 19 40 08.3  aPDE   
4.10 -110.7000  33.2000 33.0 1963 09 11 11 59 41    aSRA   
4.70 -105.6000  29.1000 33.0 1963 09 13 10 51 56.6  aPDE   
4.20 -118.3400  33.5431  2.2 1963 09 14 03 51 16.20  CDMG  
5.40 -121.6300  36.8701  0.0 1963 09 14 19 46 17.00  CDMG  
4.90 -118.0500  35.7501  0.0 1963 09 16 05 36 16.00  CDMG  
5.00 -116.9250  33.7101 16.5 1963 09 23 14 41 52.60  CDMG  
4.70 -111.0000  44.9000 33.0 1963 09 24 06 35 52.1  aUSHIS 
4.00 -112.0000  28.3000 33.0 1963 09 29 00 00 33.7  aPDE   
4.20 -111.3000  28.2000 33.0 1963 09 30 06 35 44.3  aPDE   
4.00 -113.9000  30.6001  0.0 1963 10 04 17 58 19.00  CDMG  
4.30 -111.1000  43.4000 30.0 1963 10 11 23 09 53.1  aSRA   
5.00 -115.6000  31.1001  0.0 1963 10 20 13 29 27.00  CDMG  
4.00 -116.7610  35.3881  2.8 1963 10 25 15 05 23.00  CDMG  
4.30 -111.2000  43.1000 37.0 1963 10 26 20 20 14.5  aSRA   
4.40 -115.8650  32.8851 -2.0 1963 10 27 14 58 22.40  CDMG  
4.20 -115.6110  33.1311  7.8 1963 10 27 18 12 50.70  CDMG  
4.30 -124.9000  40.4001  0.0 1963 10 29 07 01 41.40  CDMG  
4.50 -113.7000  32.4001  0.0 1963 11 02 08 47 43.00  CDMG  
4.00 -119.0170  37.5171  0.0 1963 11 06 11 57 20.40  CDMG  
4.40 -110.4000  26.7000 33.0 1963 11 08 11 06 01.2  aPDE   
4.60 -109.3000  25.3000 14.0 1963 11 13 20 03 06.6  aPDE   
4.10 -117.0000  38.0000 15.0 1963 11 16 22 51 25.8  aSRA   
4.60 -114.1000  29.1000 14.0 1963 11 18 19 07 47.7  aPDE   
4.60 -113.3000  31.9001  0.0 1963 11 18 22 01 10.00  CDMG  
5.00 -113.8000  30.9001  0.0 1963 11 19 08 23 12.00  CDMG  
4.30 -114.1000  30.5001  0.0 1963 11 19 10 51 14.00  CDMG  
5.90 -114.0000  30.1001  0.0 1963 11 23 07 50 46.00  CDMG  
4.30 -113.5000  30.4000 14.0 1963 11 23 10 53 18.4  aPDE   
4.50 -120.3330  36.5831  0.0 1963 11 30 22 55 48.00  CDMG  
4.70 -118.3960  37.6481  1.7 1963 12 06 08 34 21.50  CDMG  
4.10 -117.9100  36.4500  0.0 1963 12 06 13 54 22.1  aDNAG  
4.10 -110.3000  43.6000 33.0 1963 12 14 12 55 07.9  aSRA   
4.30 -111.6820  44.8330  5.0 1963 12 20 13 00 47.1  aSRA   
4.40 -119.9000  48.5000 33.0 1963 12 22 02 54 08.2  aPDE   
5.10 -114.7000  44.3000 33.0 1963 12 23 00 15 02    aSRA   
4.10 -123.4000  45.7000 33.0 1963 12 27 02 36 21.6  aUSHIS 
4.00 -114.3000  39.1000 33.0 1963 12 29 04 15 04.5  aSRA   
4.00 -110.3000  44.4000 33.0 1963 12 30 03 28 53.5  aSRA   
4.50 -116.4740  34.3811 12.3 1964 01 06 23 47 12.80  CDMG  
4.20 -120.0000  45.9000 33.0 1964 01 15 23 06 36.2  aPDE   
4.50 -114.2000  31.1001  0.0 1964 01 17 07 08 28.00  CDMG  
4.50 -125.9000  43.3000 17.0 1964 01 28 04 56 48.6  aUSHIS 
4.20 -111.4000  43.2000 41.0 1964 01 28 12 57 07.9  aSRA   
4.50 -114.8000  31.1001  0.0 1964 02 03 02 46  6.00  CDMG  
4.50 -114.6000  30.7001  0.0 1964 02 03 08 39 57.00  CDMG  
5.00 -114.2000  31.5001  0.0 1964 02 03 08 43 36.00  CDMG  
4.40 -118.6050  35.4541 -2.0 1964 02 07 22 07 50.30  CDMG  
4.80 -111.4000  26.5000 33.0 1964 02 25 21 26 56.8  aPDE   
4.50 -124.8900  40.3101  0.0 1964 02 26 20 32 51.40  CDMG  
4.60 -110.9000  27.3000 33.0 1964 03 16 20 30 48.5  aPDE   
4.33 -114.2000  47.7000  0.0 1964 03 20 12 20 38    aDNAG  
5.50 -118.8000  38.7001  0.0 1964 03 22 16 30 55.90  CDMG  
4.33 -111.8000  45.5000  0.0 1964 03 28 02 36       aDNAG  
5.00 -113.9000  46.9000  0.0 1964 03 28 03 56       aDNAG  
5.00 -113.8000  48.0000  0.0 1964 03 28 10 10       aDNAG  
4.10 -112.5000  25.5000 33.0 1964 04 02 16 40 18.6  aPDE   
4.10 -113.2000  32.5000 33.0 1964 04 16 06 45 43.9  aPDE   
4.40 -120.5000  48.7000  0.0 1964 04 26 01 42 49    aDNAG  
4.60 -124.9000  41.4001  0.0 1964 04 29 19 22 24.00  CDMG  
4.00 -110.4000  43.6000 33.0 1964 05 02 03 24 24.1  aSRA   
4.10 -111.9000  44.9000 33.0 1964 05 03 22 31 45.2  aSRA   
4.00 -115.3330  32.0001  0.0 1964 05 11 16 34  8.00  CDMG  
4.00 -121.1600  36.5501  0.0 1964 05 13 12 18 37.20  CDMG  
5.00 -113.7000  31.5001  0.0 1964 05 15 19 40 35.00  CDMG  
4.20 -113.2000  31.2001  0.0 1964 05 15 21 20 42.00  CDMG  
4.30 -112.7000  44.9000 33.0 1964 05 19 21 46 56.5  aSRA   
4.70 -110.6000  28.1000 33.0 1964 05 23 01 57 32.2  aPDE   
4.30 -121.6330  34.4001 50.0 1964 06 06 11 47 39.00  CDMG  
4.60 -116.2000  31.3001  0.0 1964 06 06 17 15 54.00  CDMG  
4.70 -115.1000  48.2000 33.0 1964 06 26 12 24 28.5  aSRA   
4.50 -111.5000  27.1000 33.0 1964 06 28 17 21 50.2  aPDE   
5.30 -110.8000  26.7000 33.0 1964 06 29 04 43 29.6  aPDE   
4.70 -110.5000  27.1000 33.0 1964 06 29 05 13 22.8  aPDE   
6.00 -110.2000  26.2000 29.0 1964 07 05 19 07 57.8  aPDE   
4.80 -110.1000  26.9000 33.0 1964 07 06 14 01 57.3  aPDE   
4.40 -118.4000  38.4001  0.0 1964 07 08 05 55 42.20  CDMG  
4.50 -109.7000  26.5000 33.0 1964 07 10 11 50 46.8  aPDE   
4.30 -125.6000  41.9001  0.0 1964 07 14 12 47 22.00  CDMG  
4.55 -122.6000  49.0000 13.0 1964 07 14 15 50 04.8  aUSHIS 
4.00 -118.1000  39.1001  0.0 1964 08 02 13 29  7.30  CDMG  
4.30 -114.0000  29.0000 16.0 1964 08 05 21 59 23.3  aPDE   
4.90 -125.5000  42.3000 33.0 1964 08 13 08 50 46    aPDE   
4.10 -112.2000  46.5000 15.0 1964 08 13 21 51 01.7  aSRA   
4.10 -112.3000  43.1800  6.0 1964 08 18 05 18 42    aDNAG  
4.20 -110.5000  45.1000 33.0 1964 08 18 08 47 18.2  aSRA   
4.70 -113.8000  30.6000 15.0 1964 08 21 19 41 37.5  aPDE   
5.30 -114.3000  31.5000 15.0 1964 08 22 03 03 20.7  aPDE   
4.30 -113.8000  32.0001  0.0 1964 08 22 07 34 17.00  CDMG  
4.30 -111.4000  45.0000 33.0 1964 08 24 10 18 58.5  aSRA   
5.20 -114.4000  29.2000 33.0 1964 08 30 21 03 58.4  aPDE   
4.00 -118.4450  34.2681 15.4 1964 08 30 22 57 37.10  CDMG  
4.10 -118.6000  37.4001  0.0 1964 09 04 20 20 24.80  CDMG  
4.00 -110.8000  42.8000 33.0 1964 09 17 22 17 20    aSRA   
4.30 -114.8000  44.4000 15.0 1964 09 22 06 52 10    aSRA   
4.40 -114.7800  36.0501 18.9 1964 09 23 18 09 39.10  CDMG  
4.10 -115.6990  31.5511 -2.0 1964 09 24 01 47 30.20  CDMG  
4.00 -118.6640  35.4321  7.4 1964 09 30 17 51 25.80  CDMG  
5.30 -122.8000  45.7000 33.0 1964 10 01 12 31 24.6  aPDE   
4.40 -115.8550  33.0531  0.0 1964 10 05 01 24 55.50  CDMG  
4.60 -110.9000  27.3000 33.0 1964 10 08 12 35 34.7  aPDE   
4.60 -114.2000  47.8000 33.0 1964 10 09 02 26 02.4  aUSHIS 
4.10 -122.1000  47.7000 33.0 1964 10 15 14 32 37.5  aPDE   
4.20 -111.7300  41.7300  7.0 1964 10 18 18 33 20.8  aSRA   
5.40 -111.8070  44.7300  5.0 1964 10 21 07 38 27    aUSHIS 
5.30 -118.1000  38.7001  0.0 1964 10 23 13 57  5.00  CDMG  
4.40 -113.6000  31.7001  0.0 1964 10 26 17 08 47.00  CDMG  
4.50 -117.8000  37.5001  0.0 1964 10 30 19 03  9.30  CDMG  
4.00 -117.8000  38.0001  0.0 1964 10 31 19 35 24.70  CDMG  
4.00 -120.0000  36.0001 14.0 1964 11 08 01 19 19.00  CDMG  
4.10 -117.2000  37.5331  0.0 1964 11 13 05 04 59.60  CDMG  
4.10 -111.0000  44.8000 10.0 1964 11 13 23 09 53.8  aSRA   
5.00 -121.6900  37.0601  0.0 1964 11 16 02 46 41.70  CDMG  
4.00 -116.5690  33.8981 10.3 1964 11 17 14 52 28.20  CDMG  
4.20 -118.4000  39.2000 33.0 1964 12 11 19 21 52.6  aSRA   
4.00 -112.2000  45.4000 33.0 1964 12 22 15 45 28.3  aSRA   
5.60 -117.1310  31.8111  2.3 1964 12 22 20 54 33.20  CDMG  
4.00 -113.7000  32.3001  0.0 1964 12 25 14 09 48.00  CDMG  
4.40 -117.5150  34.1401  5.9 1965 01 01 08 04 18.00  CDMG  
4.23 -117.8100  40.1000  3.0 1965 01 04 04 06 46.6  aSRA   
5.05 -112.7460  44.7720  5.0 1965 01 06 02 01 20.7  aUSHIS 
4.00 -115.0000  31.6001  0.0 1965 01 09 20 37 12.00  CDMG  
4.00 -116.3000  31.7871  6.3 1965 01 18 06 57 19.50  CDMG  
4.00 -110.3000  45.5000 33.0 1965 01 25 12 24 19.2  aSRA   
4.50 -111.7000  28.2000 33.0 1965 01 26 11 23 14.4  aPDE   
4.20 -115.7970  31.5541 -2.0 1965 01 28 14 51 11.20  CDMG  
4.50 -124.9000  40.3001 33.0 1965 02 12 10 50 18.00  CDMG  
4.00 -115.9000  37.7000  0.0 1965 02 12 13 29 19    aDNAG  
4.30 -121.2300  40.2901  0.0 1965 02 13 21 53 46.40  CDMG  
4.20 -113.2000  30.7000 33.0 1965 02 16 12 24 35.9  aPDE   
4.00 -110.1000  44.7000 22.0 1965 02 19 17 35 21    aSRA   
5.30 -112.1000  28.5000 33.0 1965 02 27 07 46 29.1  aPDE   
4.10 -118.6200  38.7301 33.0 1965 03 08 22 50 55.90  CDMG  
4.00 -125.4000  43.4000 33.0 1965 03 10 20 09 15.2  aPDE   
4.40 -111.4000  32.2000 33.0 1965 03 13 08 46 56.4  aSRA   
4.00 -117.4000  49.7000  0.0 1965 03 23 00 28 18    aDNAG  
4.00 -116.1000  38.5000 33.0 1965 03 30 17 45 52.1  aSRA   
4.10 -115.5920  33.0121 -2.0 1965 04 11 00 46 46.10  CDMG  
4.00 -113.1000  46.9000 33.0 1965 04 13 07 59 01    aSRA   
4.20 -105.1000  30.3000 33.0 1965 04 13 09 35 46    aPDE   
4.50 -117.4260  34.1321  5.5 1965 04 15 20 08 33.30  CDMG  
4.33 -114.3000  47.8000  0.0 1965 04 27 13 50 24    aDNAG  
4.70 -114.5000  31.3000 33.0 1965 04 28 14 20 05.5  aPDE   
6.58 -122.3000  47.4000 59.0 1965 04 29 15 28 43.7  aUSHIS 
4.20 -114.7000  36.0001  0.0 1965 05 03 03 30 50.00  CDMG  
4.20 -111.0000  44.7000 33.0 1965 05 11 18 17 24    aSRA   
4.50 -109.0000  26.4000 33.0 1965 05 13 17 30 04.9  aPDE   
4.20 -116.0000  31.1001  0.0 1965 05 13 20 38  0.00  CDMG  
5.00 -110.9000  27.6000 33.0 1965 05 19 06 17 12    aPDE   
4.90 -119.3000  38.3001 15.0 1965 06 03 16 31  2.20  CDMG  
4.20 -110.9000  45.2000 33.0 1965 06 03 21 06 51    aSRA   
4.40 -115.6200  33.0561 -0.5 1965 06 16 02 42  6.10  CDMG  
4.40 -113.3000  31.7000 10.0 1965 06 17 22 58 20.9  aPDE   
5.80 -109.4000  25.4000 33.0 1965 06 20 19 16 20.9  aPDE   
4.40 -118.1000  39.1001 16.0 1965 06 25 00 18 56.10  CDMG  
4.40 -111.8000  28.2000 33.0 1965 06 27 22 08 32.1  aPDE   
4.40 -113.7000  30.9000 33.0 1965 07 01 02 43 01.4  aPDE   
4.40 -113.5000  30.6000 33.0 1965 07 09 01 26 54.6  aPDE   
4.20 -114.0000  29.0000 33.0 1965 07 09 05 04 01    aPDE   
4.00 -125.0000  40.2001 16.0 1965 07 13 21 57  7.00  CDMG  
4.30 -117.8000  39.6001 33.0 1965 07 14 08 26 43.00  CDMG  
4.20 -111.8260  44.7360  5.0 1965 07 15 07 01 38.8  aSRA   
4.00 -118.5210  34.4851 15.1 1965 07 16 07 46 22.40  CDMG  
4.70 -114.3000  31.6000 33.0 1965 07 20 00 53 06    aPDE   
4.10 -112.9000  45.1000 33.0 1965 07 24 12 21 58.2  aSRA   
4.40 -114.7000  44.3000 33.0 1965 07 29 04 02 42.2  aSRA   
4.00 -111.8000  43.2000 33.0 1965 07 29 08 25 52.7  aSRA   
4.40 -116.0000  31.5001  0.0 1965 08 13 09 19 27.00  CDMG  
4.40 -118.4000  44.6000 33.0 1965 08 19 21 02 15.7  aPDE   
4.50 -116.0860  33.2331 -2.0 1965 08 26 13 38 14.00  CDMG  
5.20 -112.9000  28.9000 11.0 1965 09 02 02 07 58.8  aPDE   
4.10 -125.4000  42.1000 33.0 1965 09 04 09 42 10.9  aPDE   
4.90 -121.8200  38.0101 16.0 1965 09 10 21 28 34.30  CDMG  
4.30 -114.4000  31.0000 33.0 1965 09 13 08 47 06.5  aPDE   
4.00 -121.3600  36.6301  0.0 1965 09 14 09 09 24.20  CDMG  
5.00 -125.8000  40.5001 33.0 1965 09 16 04 10  8.00  CDMG  
4.80 -120.0400  35.9801  0.0 1965 09 19 15 42  7.80  CDMG  
4.50 -118.4790  37.4161  7.7 1965 09 22 21 49 25.90  CDMG  
4.40 -113.7000  30.4000 33.0 1965 09 23 10 35 58.7  aPDE   
5.20 -116.5030  34.7121 10.6 1965 09 25 17 43 44.10  CDMG  
5.00 -116.0270  34.7111  8.3 1965 09 26 07 00  1.70  CDMG  
4.80 -111.2720  44.7130  5.0 1965 10 08 19 34 59.8  aUSHIS 
4.00 -114.4000  48.1000 33.0 1965 10 09 10 10 43.7  aSRA   
4.10 -111.8510  44.6920  5.0 1965 10 10 22 39 06.9  aSRA   
4.30 -113.0000  31.0000 33.0 1965 10 14 17 47 35.3  aPDE   
4.90 -116.7750  33.9761 17.0 1965 10 17 09 45 19.00  CDMG  
4.30 -114.8000  31.5001  0.0 1965 10 25 09 25 51.00  CDMG  
4.00 -113.2000  47.4000 32.0 1965 10 26 11 28 04.1  aSRA   
5.00 -107.9000  29.4000 33.0 1965 10 28 20 20 18.3  aPDE   
4.00 -121.8000  42.1000 25.0 1965 10 30 19 15 57.9  aPDE   
4.30 -118.5000  39.6001 33.0 1965 11 01 17 10 15.00  CDMG  
4.50 -112.0160  45.1410  5.0 1965 11 03 12 07 56.1  aSRA   
4.10 -111.8000  28.5000 33.0 1965 11 07 04 33 26.3  aPDE   
4.30 -117.0000  44.9000  5.0 1965 11 07 16 41 47.4  aPDE   
4.30 -125.3000  40.5001 33.0 1965 11 15 06 50  2.00  CDMG  
4.00 -115.6000  30.6001  0.0 1965 11 25 03 18 17.00  CDMG  
4.20 -124.5000  40.5001  7.0 1965 11 26 00 58 42.00  CDMG  
4.50 -111.9000  28.8000 33.0 1965 11 26 07 08 52.7  aPDE   
4.10 -113.9000  29.7000 33.0 1965 11 26 09 22 00.2  aPDE   
4.10 -112.7000  31.8000 33.0 1965 11 26 13 57 02.6  aPDE   
4.00 -116.0550  32.7961 16.4 1965 11 30 08 43 25.10  CDMG  
4.20 -111.1000  28.7000 33.0 1965 12 05 05 15 11.4  aPDE   
4.00 -121.4700  40.2001  0.0 1965 12 12 12 57 49.80  CDMG  
4.90 -109.7000  25.8000 28.0 1965 12 14 17 27 00.5  aPDE   
4.50 -108.7000  25.3000 33.0 1965 12 25 12 34 20.9  aPDE   
4.00 -116.7910  35.8210  8.0 1965 12 25 15 38 38.32 aDNAG  
4.00 -125.0000  40.7001 33.0 1965 12 29 02 02 38.00  CDMG  
4.40 -109.8000  26.7000 33.0 1966 01 06 18 37 46.7  aPDE   
4.00 -116.2490  33.2791 -1.7 1966 01 07 19 10 23.00  CDMG  
4.40 -114.3000  31.1000 33.0 1966 01 11 10 25 12.2  aPDE   
4.10 -121.4900  36.9801  0.0 1966 01 17 02 03 20.00  CDMG  
4.10 -114.7000  36.5000  0.0 1966 01 22 15 17 04    aSRA   
4.60 -118.2000  41.6000 20.0 1966 01 28 18 00 09.1  aUSHIS 
4.50 -111.0000  27.9000 33.0 1966 01 31 07 16 28.5  aPDE   
4.30 -114.6150  31.7171  6.8 1966 02 24 08 24 51.10  CDMG  
4.75 -111.5000  46.3000 13.0 1966 03 07 18 09 42.6  aUSHIS 
5.50 -114.9000  27.7000  3.0 1966 03 09 14 02 09.8  aPDE   
4.74 -111.5600  41.6600  7.0 1966 03 17 11 47 47.4  aUSHIS 
4.00 -116.3170  33.2911 10.9 1966 03 19 14 21 56.00  CDMG  
4.00 -124.5000  40.4001  0.0 1966 03 23 22 48  1.00  CDMG  
4.30 -111.8000  29.9000 33.0 1966 03 31 00 56 39.3  aPDE   
4.80 -118.1000  38.7001  0.0 1966 04 02 12 48 38.00  CDMG  
4.50 -113.7000  30.7000 33.0 1966 04 03 19 44 38    aPDE   
4.10 -115.4000  37.2000 33.0 1966 04 06 17 56 32.1  aSRA   
4.50 -125.5000  41.4001 33.0 1966 04 10 22 27  1.80  CDMG  
4.00 -118.7320  37.2371 -0.2 1966 04 17 07 04 19.10  CDMG  
4.15 -115.3000  31.2000 33.0 1966 04 28 20 48 22.7  aPDE   
4.30 -114.1000  31.3001  0.0 1966 05 03 08 16 55.00  CDMG  
4.50 -116.2580  32.1021 12.7 1966 05 07 03 26 57.40  CDMG  
4.40 -111.2000  27.1000 33.0 1966 05 10 01 15 35.8  aPDE   
4.50 -121.5700  36.9201  0.0 1966 05 13 17 25 55.90  CDMG  
5.30 -109.1000  25.0000 33.0 1966 05 18 07 32 07.2  aPDE   
4.20 -111.8500  37.9800  7.0 1966 05 20 13 40 47.9  aSRA   
4.60 -121.7700  39.7801 20.0 1966 05 24 03 49 55.10  CDMG  
4.80 -115.7000  31.4001 33.0 1966 05 26 20 33 22.00  CDMG  
4.00 -109.6000  25.9000 33.0 1966 05 30 16 53 21.3  aPDE   
4.20 -109.1000  25.9000 33.0 1966 05 31 10 21 51.4  aPDE   
4.10 -121.2000  40.2800  0.0 1966 06 18 06 03 53.5  aDNAG  
4.10 -120.4700  34.8571  2.1 1966 06 21 09 46 25.90  CDMG  
4.05 -119.8000  38.7000 20.0 1966 06 27 07 40 20.2  aSRA   
5.50 -120.5000  35.9501  0.0 1966 06 28 04 26 13.40  CDMG  
4.00 -125.0000  42.1000 33.0 1966 07 12 02 49 59.9  aPDE   
4.00 -117.7830  35.3891  4.7 1966 07 15 10 09 43.00  CDMG  
4.30 -119.5000  47.2000 33.0 1966 07 23 01 57 08.8  aPDE   
6.30 -114.5000  31.8001  0.0 1966 08 07 17 36 26.70  CDMG  
4.30 -113.7000  30.1000 11.0 1966 08 16 04 43 21.4  aPDE   
5.51 -114.1500  37.4600  7.0 1966 08 16 18 02 32.9  aUSHIS 
4.30 -105.5000  30.1000 33.0 1966 08 20 06 36 02.7  aPDE   
4.70 -110.7000  26.8000 34.0 1966 09 02 21 20 16.9  aPDE   
4.00 -113.9000  29.6000 33.0 1966 09 05 23 05 03.2  aPDE   
4.60 -111.1000  27.9000 21.0 1966 09 11 01 42 10.4  aPDE   
6.00 -120.1500  39.4201  0.0 1966 09 12 16 41  1.90  CDMG  
4.40 -111.2710  45.7570  5.0 1966 09 19 10 06 44.7  aSRA   
4.00 -113.9000  30.4000 33.0 1966 09 28 12 50 26.7  aPDE   
4.30 -114.2000  30.0000 32.0 1966 10 01 19 23 11    aPDE   
4.40 -111.6000  35.8000 34.0 1966 10 03 16 03 50.9  aSRA   
4.40 -111.0000  43.2000 33.0 1966 10 08 15 29 53.8  aSRA   
5.40 -113.3380  31.2091  1.1 1966 10 09 08 10 15.10  CDMG  
4.10 -121.2200  36.5801  0.0 1966 10 10 06 53 46.00  CDMG  
4.40 -117.3460  35.1061  6.5 1966 10 11 16 59 12.90  CDMG  
4.60 -111.1850  44.7650  5.0 1966 10 11 17 52 30.7  aSRA   
4.20 -121.7500  36.9801  0.0 1966 10 14 20 34 28.90  CDMG  
4.20 -124.4000  40.5001  0.0 1966 10 15 22 59 14.00  CDMG  
4.20 -113.1600  38.2000  7.0 1966 10 21 07 13 48.9  aSRA   
4.10 -118.1000  39.4000 33.0 1966 10 22 15 20 41    aSRA   
4.80 -116.3000  40.6000 32.0 1966 10 22 17 16 26.4  aUSHIS 
4.30 -109.7000  25.8000 26.0 1966 10 26 17 59 40    aPDE   
4.60 -113.5000  30.8000 30.0 1966 10 30 22 20 06.8  aPDE   
4.70 -115.8410  31.5771  1.5 1966 11 05 05 18 16.70  CDMG  
4.10 -119.3030  47.9590  6.0 1966 11 06 10 50 51.87 aDNAG  
4.20 -115.2690  31.6951 -2.0 1966 11 15 05 29  3.10  CDMG  
4.50 -125.8000  42.2000 33.0 1966 11 20 15 47 26.7  aPDE   
4.20 -105.4000  30.4000 33.0 1966 12 05 10 10 37.8  aPDE   
4.30 -120.0000  40.8001  0.0 1966 12 07 20 43 59.80  CDMG  
4.10 -114.2000  30.6000 14.0 1966 12 08 07 23 05.1  aPDE   
4.20 -117.0000  44.9000 10.0 1966 12 30 03 51 40.3  aPDE   
4.30 -124.8000  42.5000 33.0 1966 12 30 10 55 04.3  aPDE   
4.00 -118.4670  33.6321 11.4 1967 01 08 07 37 30.40  CDMG  
4.00 -123.4000  41.2001  0.0 1967 02 08 09 37 53.00  CDMG  
4.40 -119.7610  46.1470  6.0 1967 02 13 18 32 18.22 aDNAG  
4.00 -113.3300  41.2700  7.0 1967 02 16 19 21 35.2  aSRA   
4.00 -116.0200  32.1521  5.3 1967 02 16 19 41 27.40  CDMG  
4.10 -123.2000  40.4001  0.0 1967 02 25 15 52  7.50  CDMG  
4.30 -111.4850  27.6530 33.0 1967 02 26 13 05 40.9  aPDE   
4.40 -109.7050  25.3540 33.0 1967 03 01 01 20 04.9  aPDE   
4.00 -124.1000  40.2001  0.0 1967 03 02 07 11  2.00  CDMG  
4.40 -117.6310  36.5031  9.5 1967 03 02 14 12 48.80  CDMG  
4.10 -114.4860  30.3330 33.0 1967 03 10 13 05 17.9  aPDE   
4.20 -111.5980  28.2160 33.0 1967 03 12 21 22 18.9  aPDE   
4.20 -124.9000  41.2001  0.0 1967 03 22 14 59 26.00  CDMG  
4.35 -114.0300  30.7810 33.0 1967 04 01 15 39 49.9  aPDE   
4.30 -116.3060  33.0531  1.0 1967 04 02 20 15 38.60  CDMG  
4.20 -111.3100  42.8700 33.0 1967 04 08 21 42 13.8  aSRA   
4.00 -115.9110  32.9551  4.4 1967 04 10 00 47 17.30  CDMG  
4.30 -109.6790  26.0250 33.0 1967 04 23 17 33 57.4  aPDE   
4.65 -114.5470  31.1400 33.0 1967 04 26 07 18 22.5  aPDE   
4.60 -118.0000  36.9000  0.0 1967 04 26 09 27 56    aDNAG  
4.00 -118.6000  37.3000  0.0 1967 04 28 12 57 41    aDNAG  
4.95 -114.4030  30.4160 33.0 1967 05 04 22 34 48.5  aPDE   
4.91 -115.0120  37.0400 15.0 1967 05 07 18 01 35.7  aUSHIS 
4.30 -111.7850  26.8470 33.0 1967 05 10 17 59 34.1  aPDE   
4.00 -122.5000  49.0000  0.0 1967 05 16 01 01       aDNAG  
4.80 -111.3550  27.6820 17.0 1967 05 21 07 18 09.2  aPDE   
4.70 -116.5850  33.5061 19.4 1967 05 21 14 42 34.40  CDMG  
4.40 -117.5000  37.1000  0.0 1967 05 25 22 06 30    aDNAG  
4.30 -122.8030  48.1520 33.0 1967 05 25 23 22 34    aPDE   
4.10 -117.9750  33.9961 10.0 1967 06 15 04 58  5.50  CDMG  
4.19 -112.3000  38.8000 33.0 1967 06 22 21 51 29.9  aDNAG  
4.00 -111.0000  43.0000 33.0 1967 06 26 22 31 02.8  aSRA   
4.10 -115.6000  32.2621 10.0 1967 07 13 09 42 53.40  CDMG  
4.20 -111.3000  44.9000 33.0 1967 07 28 11 33 11.4  aSRA   
4.10 -115.3880  31.9091  1.7 1967 08 04 06 04 25.90  CDMG  
4.40 -120.0000  46.1000 33.0 1967 08 05 01 11 54.7  aDNAG  
4.10 -120.4500  35.8001  0.0 1967 08 12 18 57 40.40  CDMG  
4.50 -116.3630  31.5681 10.0 1967 08 13 08 02 13.00  CDMG  
4.30 -113.7000  48.4000 10.0 1967 08 23 21 12 05.6  aSRA   
4.30 -114.2000  31.3000 33.0 1967 08 27 12 36 31.8  aPDE   
4.10 -125.0600  40.4501  0.0 1967 08 29 17 14 17.60  CDMG  
4.00 -117.9600  37.5800  0.0 1967 09 02 20 25 43.3  aDNAG  
4.20 -111.6000  36.1500 33.0 1967 09 04 23 27 46.2  aSRA   
4.40 -115.1870  32.2431 10.0 1967 09 18 06 55 44.20  CDMG  
5.20 -115.9530  31.4261  1.0 1967 09 21 00 01 54.60  CDMG  
5.32 -112.1600  38.5400  7.0 1967 10 04 10 20 12.8  aUSHIS 
4.20 -109.0000  25.8000 33.0 1967 10 05 18 57 49.4  aPDE   
4.30 -113.7000  30.4000 33.0 1967 10 13 01 19 03.5  aPDE   
4.40 -114.0000  29.7000 33.0 1967 10 13 22 12 43.8  aPDE   
4.50 -115.4000  31.3000 33.0 1967 10 18 04 52 07.6  aPDE   
4.20 -114.0000  29.2000 33.0 1967 11 01 05 25 41.4  aPDE   
4.30 -113.4000  30.7000 33.0 1967 11 01 16 55 43.3  aPDE   
4.10 -119.3300  38.3300  0.0 1967 11 06 07 22 46.2  aDNAG  
4.40 -118.5960  37.4751  1.1 1967 11 21 05 30 20.90  CDMG  
5.00 -114.1000  30.8000 33.0 1967 12 05 11 09 37.4  aPDE   
4.20 -114.2000  30.2000 33.0 1967 12 05 13 15 31.8  aPDE   
4.10 -113.5000  31.1000 33.0 1967 12 05 18 12 13.9  aPDE   
4.00 -111.7400  41.2900  7.0 1967 12 07 13 33 22.5  aSRA   
4.30 -125.9000  43.2000 33.0 1967 12 13 10 12 49.4  aPDE   
5.30 -121.7800  37.0001  0.0 1967 12 18 17 24 32.00  CDMG  
4.30 -120.4500  35.7501  0.0 1967 12 31 23 48 13.50  CDMG  
4.00 -117.1200  36.4501  0.0 1968 01 04 09 45 43.10  CDMG  
4.00 -114.4000  44.0000 33.0 1968 01 11 07 46 18.4  aSRA   
4.00 -124.7800  41.4201  0.0 1968 01 25 21 50 13.30  CDMG  
4.00 -122.6050  45.6100 34.0 1968 01 27 08 28 23.7  aDNAG  
4.50 -117.4000  41.0000 18.0 1968 01 30 15 20 05.6  aUSHIS 
4.00 -114.3000  29.8000 33.0 1968 02 01 09 20 19.3  aPDE   
4.90 -118.3500  38.0201  0.0 1968 02 06 00 41 38.00  CDMG  
4.10 -123.3000  41.0001  0.0 1968 02 19 20 14 49.00  CDMG  
4.10 -116.3000  38.6000 33.0 1968 02 21 08 16 18.1  aSRA   
4.60 -117.9000  37.1000  0.0 1968 03 06 08 33 01    aDNAG  
4.30 -114.4000  47.7000 33.0 1968 03 26 18 22 26.8  aSRA   
4.00 -116.1210  34.0521 10.2 1968 03 28 21 21 33.40  CDMG  
4.40 -120.7000  40.1000  0.0 1968 04 02 16 15 15    aDNAG  
6.40 -116.1290  33.1901 11.1 1968 04 09 02 28 59.10  CDMG  
4.50 -116.9270  31.9921 10.0 1968 04 10 10 42 37.80  CDMG  
4.00 -116.9250  34.3201  4.7 1968 04 18 17 42 13.40  CDMG  
4.10 -113.0000  47.1000 33.0 1968 04 20 02 35 46.6  aSRA   
4.10 -115.6150  32.7941  5.0 1968 04 23 16 24  9.50  CDMG  
4.60 -122.7300  38.4801  0.0 1968 04 25 19 49 45.20  CDMG  
4.00 -114.5000  44.3000 33.0 1968 04 28 05 22 37    aSRA   
4.70 -122.0200  39.5401  0.0 1968 04 29 00 21 38.60  CDMG  
4.40 -112.0700  28.5400 33.0 1968 05 02 04 29 02    aPDE   
4.40 -125.9000  41.3001  0.0 1968 05 09 23 27 43.00  CDMG  
5.00 -116.2000  38.6000 13.0 1968 05 22 13 21 55.7  aUSHIS 
4.00 -118.5070  35.3301  3.1 1968 05 29 02 29 38.70  CDMG  
4.90 -118.0500  39.0701  0.0 1968 05 29 11 41  7.10  CDMG  
4.95 -119.8000  42.2000 20.0 1968 06 03 13 27 39.7  aUSHIS 
4.40 -102.9620  27.3350 33.0 1968 06 04 22 13 18    aPDE   
4.10 -115.4330  31.5671 10.0 1968 06 09 07 32 29.10  CDMG  
4.69 -122.5000  47.2000  0.0 1968 06 19 05 51 43    aDNAG  
4.20 -113.5290  31.2850 33.0 1968 06 20 19 28 51    aPDE   
5.90 -124.2700  40.2301  0.0 1968 06 26 01 42 20.80  CDMG  
5.20 -119.7020  34.1181  5.9 1968 07 05 00 45 17.20  CDMG  
5.30 -117.4000  41.1000  0.0 1968 07 06 14 02 40    aUSHIS 
4.20 -113.5700  30.8470 33.0 1968 09 03 13 51 36.8  aPDE   
4.00 -116.0590  31.5771 17.9 1968 09 06 17 27 16.90  CDMG  
4.10 -125.8000  40.4001  0.0 1968 10 16 17 37 55.00  CDMG  
4.30 -125.8190  42.1720 33.0 1968 10 19 16 35 16.1  aPDE   
4.20 -111.2160  27.8760 33.0 1968 11 09 04 01 25.3  aPDE   
4.10 -122.4000  46.6800 13.0 1968 11 30 14 40 11    aDNAG  
4.30 -113.0830  31.1080 33.0 1968 12 01 19 16 32.9  aPDE   
4.10 -109.9070  26.9390 33.0 1968 12 07 07 08 25.5  aPDE   
4.00 -117.8660  36.0500  1.0 1968 12 17 00 07 43.5  aDNAG  
4.80 -116.0400  33.8871 17.7 1969 01 23 23 01  1.00  CDMG  
4.30 -114.6210  29.5050 33.0 1969 02 02 17 18 32.8  aPDE   
4.40 -113.4510  31.5880 33.0 1969 02 02 19 03 38.3  aPDE   
4.50 -112.6910  30.8180 33.0 1969 02 10 02 57 35.7  aPDE   
4.50 -112.9500  29.8990 33.0 1969 02 10 06 58 39.7  aPDE   
4.80 -112.6690  30.2910 33.0 1969 02 10 20 41 30.5  aPDE   
4.50 -113.5060  29.0140 33.0 1969 02 13 10 00 43.5  aPDE   
4.69 -123.0700  48.9400 52.0 1969 02 14 08 33 36.1  aDNAG  
4.85 -113.2890  29.7770 33.0 1969 02 18 01 56 39    aPDE   
4.30 -118.1130  34.5651  5.3 1969 02 28 04 56 12.40  CDMG  
4.10 -111.6500  45.0200 33.0 1969 03 08 08 26 18.2  aSRA   
4.20 -108.9120  25.2340 33.0 1969 03 15 07 35 22.1  aPDE   
4.80 -114.6000  30.7000 33.0 1969 03 21 04 03 29.1  aDNAG  
5.80 -114.2000  31.2001  0.0 1969 03 21 04 56 20.30  CDMG  
4.80 -115.0000  30.8000 33.0 1969 03 21 06 43 47.2  aDNAG  
4.90 -112.0990  27.0910 33.0 1969 03 26 20 50 02.9  aPDE   
4.20 -121.6300  40.9801  0.0 1969 03 28 18 12 59.00  CDMG  
4.50 -114.3000  47.9000 10.0 1969 04 01 16 45 09.1  aUSHIS 
4.90 -114.4440  44.0580 18.0 1969 04 26 10 41 53.1  aUSHIS 
4.40 -117.5700  34.3041  8.8 1969 05 05 16 02  9.60  CDMG  
4.00 -122.1700  38.7001  0.0 1969 05 08 22 10 53.10  CDMG  
4.00 -125.3300  40.7501  0.0 1969 05 24 20 16 25.00  CDMG  
4.00 -125.8000  40.8001  0.0 1969 06 07 11 27 12.00  CDMG  
5.00 -116.2110  31.6251 -2.0 1969 06 10 03 41 32.70  CDMG  
4.00 -120.8880  34.3651 10.0 1969 06 12 11 18 54.90  CDMG  
4.40 -120.1300  39.4700  0.0 1969 06 16 07 31 45    aDNAG  
4.90 -111.2580  27.1260 30.0 1969 07 31 10 52 01.2  aPDE   
4.00 -117.6330  35.7160  1.0 1969 08 16 11 57 46.9  aDNAG  
6.35 -109.5270  25.0150 33.0 1969 08 17 20 14 58.9  aPDE   
5.20 -114.8330  49.7670  0.0 1969 08 21 23 40 30.30 aPDE   
4.15 -110.8000  42.9000  1.0 1969 08 27 15 59 28.4  aSRA   
4.30 -113.6320  31.0310 33.0 1969 09 10 01 07 24.2  aPDE   
4.20 -113.8430  30.4310 33.0 1969 09 10 02 42 01.5  aPDE   
4.70 -111.4300  42.9900  5.0 1969 09 19 13 33 15    aUSHIS 
4.00 -112.0500  45.5800 22.0 1969 09 24 15 46 15.2  aSRA   
5.70 -122.6900  38.4601  0.0 1969 10 02 06 19 57.10  CDMG  
4.90 -118.9260  37.6251 -2.0 1969 10 03 13 10 10.30  CDMG  
4.00 -118.3100  36.2601  0.2 1969 10 03 23 32 27.10  CDMG  
4.30 -125.2000  40.4001  0.0 1969 10 07 08 38 35.00  CDMG  
4.30 -121.7160  46.7660  0.0 1969 10 09 17 07 55    aDNAG  
4.40 -114.2000  47.8000  8.0 1969 10 14 05 15 54    aSRA   
5.10 -119.1930  33.2911 10.0 1969 10 24 08 29 12.10  CDMG  
4.30 -110.3200  44.6600 33.0 1969 10 26 13 54 51.1  aSRA   
4.60 -121.3900  36.7901  0.0 1969 10 27 10 59 42.80  CDMG  
4.50 -117.8070  33.5451  6.5 1969 10 27 13 16  2.30  CDMG  
4.19 -118.0700  37.1000  0.0 1969 10 28 02 32 10.2  aDNAG  
4.50 -121.8100  47.8900  5.0 1969 11 01 15 44 24.4  aDNAG  
5.60 -121.4350  34.6091 10.0 1969 11 05 17 54  7.90  CDMG  
4.50 -121.4000  48.5160  0.0 1969 11 10 07 38 40.8  aUSHIS 
4.40 -121.0500  36.4301  0.0 1969 11 17 20 49 19.50  CDMG  
4.20 -121.5200  36.4501  0.0 1969 11 19 06 28 50.00  CDMG  
4.10 -122.7000  47.4000 33.0 1969 11 28 09 51 32.6  aDNAG  
4.20 -110.0210  26.2790 33.0 1969 12 03 13 22 57.7  aPDE   
4.60 -109.7510  25.6970 33.0 1969 12 03 20 53 12.6  aPDE   
4.40 -109.9590  25.9810 33.0 1969 12 04 02 38 02.1  aPDE   
4.20 -125.2000  41.3001  0.0 1969 12 18 07 59 41.00  CDMG  
4.40 -110.6000  33.4000 15.0 1969 12 25 12 49 10.1  aUSHIS 
4.30 -113.0700  47.3200 33.0 1969 12 29 05 20 13.7  aSRA   
4.00 -114.9630  37.4180  0.0 1970 01 02 20 01 31.6  aDNAG  
4.00 -125.7000  40.9001  0.0 1970 01 06 10 55 16.00  CDMG  
4.90 -111.6000  45.0000 33.0 1970 01 07 12 27 53.4  aSRA   
4.90 -115.9740  31.4971 10.0 1970 01 19 07 16 21.00  CDMG  
4.00 -114.2700  47.8900 18.0 1970 01 19 12 11 18.7  aSRA   
4.10 -116.3540  32.6801  8.0 1970 01 21 11 24  0.40  CDMG  
4.50 -109.4780  26.5380 33.0 1970 02 21 19 23 55.2  aPDE   
5.00 -109.6650  25.6060  5.0 1970 03 21 02 39 46.6  aPDE   
4.30 -118.0700  39.5801  0.0 1970 03 24 05 14 43.00  CDMG  
4.00 -116.1150  36.6230  0.0 1970 03 27 18 33 26.3  aDNAG  
4.50 -116.4000  38.9500  0.0 1970 03 28 09 38 44    aUSHIS 
4.65 -113.8400  41.6600  7.0 1970 03 29 12 40 40.3  aUSHIS 
4.00 -113.0820  38.4070  0.0 1970 03 30 15 15 52.7  aDNAG  
4.50 -121.4080  36.8681 11.3 1970 03 31 07 02 28.30  CDMG  
4.05 -111.7200  37.8700  7.0 1970 04 18 10 42 11.5  aSRA   
4.00 -124.8700  40.3701  0.0 1970 04 22 22 32 22.00  CDMG  
4.40 -117.3940  40.9880  0.0 1970 05 14 18 50 22.6  aDNAG  
4.00 -116.0000  36.1001  0.0 1970 05 15 15 19 38.00  CDMG  
4.00 -122.7000  48.6000 18.0 1970 05 18 05 29 54    aDNAG  
4.00 -122.8200  41.4501  0.0 1970 05 18 15 08 25.00  CDMG  
4.25 -112.4700  38.0600  7.0 1970 05 23 22 55 23.2  aSRA   
4.20 -121.9410  37.7861  5.0 1970 06 12 03 30  3.30  CDMG  
4.00 -121.6300  40.9201  0.0 1970 06 13 08 55  1.00  CDMG  
4.40 -110.9200  44.7900 33.0 1970 06 23 02 34 44.8  aSRA   
4.30 -116.8010  30.7831  8.0 1970 06 25 05 24 58.50  CDMG  
4.90 -111.8000  45.6000 26.0 1970 06 26 01 26 44.6  aSRA   
4.50 -109.7610  25.9960 33.0 1970 06 30 14 54 17.4  aPDE   
4.00 -117.7960  35.4141  8.0 1970 07 08 09 25 30.20  CDMG  
4.40 -116.0320  31.8541  8.0 1970 07 23 12 59 47.00  CDMG  
4.60 -111.3000  27.4440 33.0 1970 08 02 07 21 04.2  aPDE   
4.70 -122.1900  36.6501  0.0 1970 08 04 04 14 21.40  CDMG  
4.00 -123.9000  40.1601  0.0 1970 08 14 06 28 47.50  CDMG  
4.10 -122.7500  40.2001  0.0 1970 08 19 06 54 25.00  CDMG  
4.00 -114.4000  47.9000  5.0 1970 09 01 12 33 50.1  aSRA   
5.40 -117.5400  34.2701  8.0 1970 09 12 14 30 53.00  CDMG  
5.40 -125.0800  40.1301  0.0 1970 09 13 21 10 21.00  CDMG  
4.20 -110.4200  44.6900 10.0 1970 09 20 06 34 57.3  aSRA   
4.40 -110.7600  43.1800 15.0 1970 09 21 07 04 36.9  aSRA   
4.30 -120.9200  40.6200  0.0 1970 09 27 18 24 32    aDNAG  
4.00 -113.8870  29.9650 33.0 1970 10 04 07 21 18.4  aPDE   
5.00 -113.6450  30.6290 33.0 1970 10 04 17 39 45.4  aPDE   
5.20 -113.3840  30.0720 33.0 1970 10 12 20 05 34.5  aPDE   
4.30 -111.1200  42.7000 15.0 1970 10 17 08 06 33.3  aSRA   
4.30 -111.5000  46.2000 15.0 1970 10 18 20 06 32.6  aSRA   
4.19 -122.3740  47.3400 13.0 1970 10 24 22 32 08.48 aDNAG  
4.50 -120.2700  39.4000  0.0 1970 11 21 09 29 17    aDNAG  
4.00 -118.0780  39.1820  9.0 1970 11 21 17 23 29.4  aSRA   
4.15 -106.6100  35.1000  0.0 1970 11 28 07 40 11.8  aUSHIS 
4.30 -115.4200  44.4800 33.0 1970 12 06 09 33 47.5  aSRA   
4.00 -121.3500  40.1500  0.0 1970 12 09 09 35 48    aDNAG  
4.00 -115.7290  34.3161  8.0 1970 12 14 19 14 19.40  CDMG  
4.80 -113.2200  48.3800 15.0 1970 12 16 02 36 30.9  aSRA   
4.40 -117.5860  35.7701  8.0 1970 12 30 13 04 49.30  CDMG  
4.10 -115.7850  32.5511  8.0 1971 01 23 22 07 36.00  CDMG  
4.90 -110.9400  45.1000 15.0 1971 02 03 19 52 40.6  aSRA   
4.00 -125.6000  40.5001  0.0 1971 02 06 21 13 37.00  CDMG  
6.40 -118.4010  34.4111  8.4 1971 02 09 14 00 41.80  CDMG  
4.00 -118.6350  37.9581  8.0 1971 02 20 12 57 44.00  CDMG  
4.20 -116.4290  33.5011  8.0 1971 02 23 00 07 39.20  CDMG  
4.00 -118.1000  37.9000 15.0 1971 03 01 08 28 02.4  aSRA   
5.36 -109.9300  25.9130 34.0 1971 03 03 14 46 30.7  aPDE   
4.10 -118.4040  35.6671  5.9 1971 03 08 23 08  7.70  CDMG  
4.60 -122.1500  36.8001  0.0 1971 03 09 15 35 16.20  CDMG  
4.50 -120.1000  39.7200  0.0 1971 03 15 03 00 41.1  aDNAG  
4.00 -117.0900  40.4110 10.0 1971 03 19 20 03 46.4  aSRA   
4.10 -124.2000  40.3001  0.0 1971 03 31 14 43 52.00  CDMG  
5.35 -112.3560  27.6950 33.0 1971 04 14 11 38 42.1  aPDE   
4.20 -115.4650  31.7221 10.0 1971 05 05 02 56 21.00  CDMG  
4.10 -118.1080  39.0430  5.0 1971 05 14 14 53 00.1  aSRA   
4.10 -116.3490  33.1211  8.0 1971 05 25 10 02 52.90  CDMG  
4.20 -125.3200  40.3701  0.0 1971 06 15 18 22 37.00  CDMG  
4.20 -117.4790  33.7481  8.0 1971 06 22 10 41 19.00  CDMG  
4.80 -114.7690  49.8520  0.0 1971 06 23 19 15 14.20 aPDE   
4.00 -113.1200  48.3400  5.0 1971 06 24 14 05 45.6  aSRA   
4.19 -118.8300  38.0000  0.0 1971 07 24 02 14 39    aDNAG  
4.65 -114.3100  47.8000  5.0 1971 07 28 06 04 19.4  aSRA   
4.19 -120.2600  39.8300  0.0 1971 08 12 16 58 10.2  aDNAG  
4.05 -119.1320  38.8360  5.0 1971 08 20 00 32 50.6  aSRA   
4.00 -116.2900  32.9611  8.0 1971 08 25 23 00 33.00  CDMG  
4.60 -123.6700  41.3001  0.0 1971 09 12 19 32 38.00  CDMG  
6.10 -110.7770  26.7650 33.0 1971 09 30 08 17 54.6  aPDE   
5.10 -115.8210  33.0331  8.0 1971 09 30 22 46 11.30  CDMG  
4.30 -110.7820  26.2420 33.0 1971 10 06 16 06 04.2  aPDE   
4.10 -113.1000  37.8000  7.0 1971 11 10 14 10 23    aSRA   
4.90 -124.7500  40.2501  0.0 1971 11 20 13 59  3.00  CDMG  
4.14 -121.3700  48.1780 18.0 1971 11 23 02 12 17.37 aDNAG  
4.50 -117.1000  35.9000 10.0 1971 11 24 20 15 19.8  aSRA   
4.70 -115.3930  31.2331  8.0 1971 11 30 04 21 57.30  CDMG  
4.70 -115.2890  37.6161  8.0 1971 12 08 17 18 56.00  CDMG  
4.15 -114.4990  37.4040 14.0 1971 12 26 06 03 56    aSRA   
4.40 -114.2400  47.7200  5.0 1971 12 27 08 09 52.4  aSRA   
4.50 -112.1700  38.6500  7.0 1972 01 03 10 20 38.9  aUSHIS 
4.00 -115.7240  32.1591  8.0 1972 01 19 01 59 42.80  CDMG  
4.60 -118.2630  37.6841  8.0 1972 01 22 02 57 18.50  CDMG  
4.00 -116.8790  34.3121  8.0 1972 01 31 01 55  4.20  CDMG  
4.70 -109.9850  26.5710 33.0 1972 02 10 06 53 11.7  aPDE   
5.41 -113.5320  29.8950 33.0 1972 02 20 06 08 17.9  aPDE   
4.30 -117.4810  40.2020 10.0 1972 02 23 15 49 05.5  aSRA   
5.10 -121.2090  36.5781  7.5 1972 02 24 15 56 51.00  CDMG  
5.20 -125.2500  40.6701  0.0 1972 03 01 09 28 42.00  CDMG  
4.50 -115.5930  32.3541  8.0 1972 03 17 00 29  1.20  CDMG  
4.40 -114.3900  47.8100  5.0 1972 03 28 10 40 52    aSRA   
4.70 -114.8500  49.8090  0.0 1972 04 05 19 14 18.80 aPDE   
4.50 -114.1400  48.1000  5.0 1972 04 09 21 19 25.2  aSRA   
4.50 -115.6830  31.1031  8.0 1972 04 23 11 17 55.50  CDMG  
4.30 -112.0700  38.6700  7.0 1972 06 02 03 15 48.2  aSRA   
4.10 -118.0800  39.1301  0.0 1972 06 02 11 46 14.60  CDMG  
4.00 -116.8430  30.4141  8.0 1972 06 10 22 33 16.20  CDMG  
4.00 -117.6310  35.8051  8.0 1972 07 04 08 20  4.00  CDMG  
4.10 -121.3000  40.0301  0.0 1972 07 16 14 42  9.20  CDMG  
4.10 -121.7000  41.8001  0.0 1972 07 23 15 36 18.70  CDMG  
4.40 -118.9020  34.7841  8.0 1972 07 27 00 31 17.40  CDMG  
4.10 -114.4250  31.5390 33.0 1972 08 02 13 06 15.6  aPDE   
4.80 -109.7740  25.3900 33.0 1972 08 29 01 35 27.2  aPDE   
4.30 -113.2770  30.3530 33.0 1972 09 04 23 55 56    aPDE   
4.00 -118.1000  38.0301  0.0 1972 09 18 07 14 28.30  CDMG  
4.00 -118.3500  37.5700  0.0 1972 09 18 21 50 51.9  aDNAG  
4.30 -117.5060  31.9541  8.0 1972 09 29 14 13 41.20  CDMG  
4.50 -111.3500  40.5100  7.0 1972 10 01 19 42 29.5  aUSHIS 
4.70 -121.5290  36.8021  5.0 1972 10 03 06 30  2.30  CDMG  
4.00 -115.3830  32.3171  8.0 1972 10 28 13 22 50.00  CDMG  
4.35 -111.5000  46.1500  5.0 1972 11 02 03 41 31.3  aUSHIS 
4.12 -123.2300  48.3940 42.0 1972 11 09 04 19 19.91 aDNAG  
4.70 -124.6700  40.3001  0.0 1972 11 14 02 10 13.80  CDMG  
4.00 -116.6570  31.8591  8.0 1972 11 15 20 51 17.40  CDMG  
4.20 -115.2110  37.7760 10.0 1972 11 17 09 50 04.5  aSRA   
4.40 -111.1600  42.5000 33.0 1972 11 24 05 36 06.9  aSRA   
4.03 -119.4150  39.6230  5.0 1972 12 02 13 19 58.1  aSRA   
4.50 -115.6390  38.6760 10.0 1972 12 09 02 44 45.7  aUSHIS 
5.10 -114.8170  49.7830  0.0 1972 12 20 19 58 41.90 aPDE   
4.60 -117.6830  35.9660  8.0 1972 12 21 02 37 55.2  aDNAG  
4.20 -115.7530  31.3671  8.0 1973 01 09 12 59 10.90  CDMG  
4.00 -118.4150  37.5201  8.0 1973 02 17 11 09 59.50  CDMG  
5.90 -119.0350  34.0651  8.0 1973 02 21 14 45 57.30  CDMG  
4.15 -110.9900  44.6600  5.0 1973 03 01 06 00 19.9  aSRA   
4.65 -118.4570  41.8100  5.0 1973 03 03 03 00 03.3  aUSHIS 
4.00 -118.5480  35.2351  8.0 1973 03 03 18 14 49.50  CDMG  
5.10 -112.4510  27.5400 33.0 1973 03 06 22 19 32.7  aPDE   
4.50 -124.1000  40.3401  0.0 1973 03 12 12 50 12.90  CDMG  
5.50 -109.8780  25.8900 33.0 1973 03 25 22 42 02.8  aPDE   
4.90 -110.4100  44.3500  1.0 1973 03 31 20 33 31.8  aUSHIS 
4.30 -112.6300  42.0400  7.0 1973 04 14 06 45 46.5  aSRA   
4.50 -112.6170  34.3000  0.0 1973 04 19 16 59 42.7  aSRA   
4.00 -124.5000  40.2501  0.0 1973 05 21 03 38 40.00  CDMG  
4.30 -118.0820  32.5291  8.0 1973 05 26 23 46 33.30  CDMG  
4.00 -115.0630  37.2660  5.0 1973 05 27 02 39 27    aSRA   
4.80 -110.6650  26.3100 33.0 1973 05 30 17 33 51    aPDE   
4.50 -116.0360  37.8481  8.0 1973 06 12 08 15 43.80  CDMG  
5.00 -125.5300  41.5001  0.0 1973 06 15 19 18 47.50  CDMG  
5.54 -125.7740  44.9800 33.0 1973 06 16 14 43 47.5  aUSHIS 
4.10 -121.2050  36.5631  9.6 1973 06 22 01 29 12.20  CDMG  
4.20 -125.5300  40.5401  0.0 1973 07 03 16 28 13.50  CDMG  
4.80 -116.8340  34.4361  8.0 1973 07 14 08 00 20.10  CDMG  
4.00 -121.8140  46.8270  6.0 1973 07 18 21 58 05.94 aDNAG  
4.00 -115.5240  32.3161  8.0 1973 07 22 06 39 22.50  CDMG  
5.00 -113.4680  30.7510 33.0 1973 07 23 20 37 46.1  aPDE   
4.10 -113.3300  31.1240 33.0 1973 07 24 01 46 05.8  aPDE   
4.90 -124.4200  40.2301  0.0 1973 08 09 02 18 24.60  CDMG  
4.05 -118.8890  37.6410 11.0 1973 09 11 02 39 48.2  aPDE   
4.80 -116.2790  32.9521  8.0 1973 09 13 17 30 39.80  CDMG  
4.10 -115.1130  37.7440 12.0 1973 09 14 22 19 07.8  aSRA   
4.40 -119.3750  36.6021  8.0 1973 09 15 01 03 15.40  CDMG  
4.00 -122.2500  38.6101  0.0 1973 09 17 02 08 54.60  CDMG  
4.00 -115.9100  39.0360 10.0 1973 09 20 03 26 18.6  aSRA   
5.32 -112.4190  27.5570  9.0 1973 10 03 04 27 40.5  aPDE   
4.70 -113.2870  30.2030 33.0 1973 10 10 17 20 19.2  aPDE   
4.50 -113.4490  28.9110 33.0 1973 10 10 19 16 45.4  aPDE   
5.20 -113.6440  29.5750 15.0 1973 10 13 01 43 47.2  aPDE   
4.90 -115.8300  31.6011  8.0 1973 10 16 14 53 52.40  CDMG  
4.50 -118.0770  32.6801  8.0 1973 10 28 22 00  2.70  CDMG  
4.40 -123.5100  39.3301  0.0 1973 11 12 03 39 37.00  CDMG  
4.00 -121.9750  37.2261 12.9 1973 11 12 18 17 13.30  CDMG  
4.47 -119.2530  46.9400  1.0 1973 12 20 01 08 27.3  aPDE   
4.80 -124.6500  40.5801  0.0 1973 12 21 19 12 44.00  CDMG  
4.25 -107.7400  35.2600 18.0 1973 12 24 02 20 14.9  aUSHIS 
4.40 -111.9340  28.3360 33.0 1973 12 28 00 22 55    aPDE   
4.20 -117.2637  35.5515  6.5 1974 01 02 13 49 55.95  CDMG  
4.35 -121.4830  41.0500  1.0 1974 01 06 13 55 23    aUSHIS 
4.40 -121.5857  36.9608  7.2 1974 01 10 11 22 24.69  CDMG  
4.30 -119.0490  35.0663  6.4 1974 01 24 05 02  0.77  CDMG  
4.30 -115.1652  32.3910 13.0 1974 02 01 01 37 10.33  CDMG  
4.70 -118.4735  34.3988 24.4 1974 03 09 00 54 31.91  CDMG  
4.10 -112.6300  34.3000  0.0 1974 03 14 20 59 57.2  aSRA   
4.20 -116.7000  40.1670  5.0 1974 03 18 12 14 26    aSRA   
4.30 -113.8330  30.3460 33.0 1974 03 23 17 36 47    aPDE   
4.10 -116.4513  34.5165  4.8 1974 04 05 10 42 50.68  CDMG  
4.85 -121.5230  46.7590  5.0 1974 04 20 03 00 09.3  aUSHIS 
5.80 -111.2380  27.2260 33.0 1974 05 31 14 04 59.9  aPDE   
4.10 -117.4398  35.5358  9.1 1974 06 10 06 44 10.04  CDMG  
4.55 -115.8760  31.6660 12.0 1974 06 22 11 43 02.88 aDNAG  
4.00 -124.0000  40.7993 19.9 1974 06 24 00 39 54.29  CDMG  
4.95 -111.0900  44.5600  5.0 1974 07 01 18 23 07.3  aUSHIS 
4.60 -113.0610  28.9070 33.0 1974 07 16 04 30 21.5  aPDE   
4.40 -111.3700  45.8400 10.0 1974 07 16 06 38 45.8  aSRA   
4.40 -116.3467  34.6262  8.0 1974 07 30 07 39  7.06  CDMG  
4.20 -118.3687  34.4313  8.2 1974 08 14 14 45 55.18  CDMG  
4.40 -120.7102  36.5133 11.6 1974 08 19 12 47 18.51  CDMG  
4.05 -117.6630  35.8860 10.0 1974 08 25 10 10 59.3  aPDE   
4.60 -112.4720  27.3840 33.0 1974 09 13 05 24 25.1  aPDE   
4.25 -120.7880  39.9140 10.0 1974 09 29 01 26 48.9  aPDE   
4.30 -124.4798  40.3512 23.0 1974 10 12 18 43 51.50  CDMG  
4.60 -110.9370  26.4980 46.0 1974 10 17 02 13 06.4  aPDE   
4.30 -115.5340  31.6730 11.0 1974 10 18 03 30 29.15 aDNAG  
4.00 -118.2800  41.0760  0.0 1974 11 14 11 52 11.4  aSRA   
4.90 -115.2410  31.1800 33.0 1974 11 22 16 25 49.6  aPDE   
5.20 -121.4657  36.9203  6.1 1974 11 28 23 01 24.56  CDMG  
4.00 -117.9700  37.1500  0.0 1974 12 07 10 08 31.60  CDMG  
4.05 -121.5990  45.2650 22.0 1974 12 13 03 28 54.2  aPDE   
4.70 -116.0750  30.8600 33.0 1974 12 28 23 18 38.8  aPDE   
4.00 -116.4020  30.4240 33.0 1974 12 30 13 12 15.3  aPDE   
4.40 -120.5148  35.9432 10.7 1975 01 06 11 17 12.15  CDMG  
4.50 -124.3588  40.3632 30.3 1975 01 12 01 37  9.21  CDMG  
4.70 -117.9882  32.7565 15.3 1975 01 12 21 22 14.84  CDMG  
4.80 -115.4897  32.9518  4.3 1975 01 23 17 02 29.43  CDMG  
4.80 -114.1100  48.2100  8.0 1975 02 04 01 32 52.1  aUSHIS 
4.00 -111.3400  45.9500  5.0 1975 02 08 03 14 29.4  aSRA   
4.40 -116.6405  34.4012  8.0 1975 02 10 12 51 17.59  CDMG  
4.10 -115.5155  32.1368 20.3 1975 02 23 19 07  3.13  CDMG  
4.05 -117.8510  37.1370 10.0 1975 02 25 11 13 22.4  aPDE   
4.50 -110.0320  25.6770 33.0 1975 03 09 12 08 02.4  aPDE   
6.06 -112.5200  42.0600  5.0 1975 03 28 02 31 06    aUSHIS 
5.30 -125.5990  49.3970 33.0 1975 03 31 05 48 37.8  aPDE   
4.10 -112.3650  27.9370 33.0 1975 04 13 23 09 21.2  aPDE   
4.00 -118.5422  35.7545  9.6 1975 04 17 09 18 33.80  CDMG  
4.20 -117.6292  35.2248 10.0 1975 05 02 18 03 23.13  CDMG  
4.00 -115.1290  31.1680 12.0 1975 05 12 13 58 02.99 aDNAG  
4.50 -119.1028  34.9995 19.1 1975 05 13 00 21 35.58  CDMG  
5.00 -116.4955  34.5157  4.5 1975 06 01 01 38 49.23  CDMG  
5.30 -124.2710  40.5453 23.1 1975 06 07 08 46 23.55  CDMG  
4.30 -114.8030  40.8730  5.0 1975 06 16 23 30 54.9  aSRA   
4.10 -120.9458  37.1858  0.3 1975 06 18 17 50 19.20  CDMG  
4.20 -115.4460  37.8263  1.9 1975 06 20 02 22 29.67  CDMG  
4.20 -115.4383  32.7765 10.8 1975 06 20 05 48 24.22  CDMG  
5.97 -110.6200  44.6800  2.0 1975 06 30 18 54 12.7  aUSHIS 
6.15 -113.3460  29.4590 33.0 1975 07 08 09 37 27.3  aPDE   
4.20 -117.6510  39.3840  0.0 1975 07 13 01 36 58.2  aSRA   
4.20 -111.8990  28.1620 33.0 1975 07 24 06 34 26.6  aPDE   
5.20 -109.6220  25.3800 33.0 1975 07 28 15 26 17.9  aPDE   
4.00 -104.4890  30.5670  1.0 1975 08 01 07 27 43.8  aSRA   
5.70 -121.5377  39.4515  2.9 1975 08 01 20 20  5.19  CDMG  
4.70 -116.5580  33.5198 13.4 1975 08 02 00 14  7.73  CDMG  
4.90 -120.3400  36.4600  0.0 1975 08 03 06 35 16.50  CDMG  
4.50 -115.8790  31.4990 33.0 1975 08 03 13 32 53.8  aPDE   
4.20 -119.9235  37.4818  0.7 1975 08 10 05 16 41.11  CDMG  
4.00 -116.4258  34.0222 10.9 1975 08 14 08 08 49.84  CDMG  
4.10 -118.8450  37.5668  8.0 1975 08 17 00 24 26.85  CDMG  
4.19 -116.7870  31.2700  1.0 1975 08 20 00 15 44.87 aDNAG  
4.20 -119.1130  40.9500  0.0 1975 08 31 11 27 39.7  aSRA   
4.00 -118.9580  41.9810  0.0 1975 09 02 14 48 28.6  aSRA   
4.40 -110.1240  26.0060 33.0 1975 09 08 11 05 26.3  aPDE   
4.60 -124.8417  41.0142  7.3 1975 09 09 02 43 37.66  CDMG  
4.20 -123.6277  39.7137  5.0 1975 09 10 12 38  4.01  CDMG  
5.15 -116.1150  30.8910 33.0 1975 09 13 02 38 33.7  aPDE   
4.80 -116.4400  30.3530 33.0 1975 09 13 04 21 21.5  aPDE   
5.60 -109.2590  25.1540 33.0 1975 09 24 17 19 37.2  aPDE   
4.40 -113.4510  26.2150 25.0 1975 09 28 04 42 00.7  aPDE   
4.40 -109.6630  26.0700 33.0 1975 09 30 08 57 23.9  aPDE   
4.00 -118.8478  37.6317  1.4 1975 10 07 21 12 45.40  CDMG  
4.68 -123.5060  49.3550 32.0 1975 11 30 10 48 22    aPDE   
4.50 -118.3200  37.4700  0.0 1975 12 10 19 19 25.3  aDNAG  
4.70 -116.3217  34.2897  1.8 1975 12 14 18 16 20.09  CDMG  
4.00 -116.2605  32.9048  3.6 1975 12 25 07 18 52.29  CDMG  
4.20 -117.8865  33.9650  6.2 1976 01 01 17 20 12.94  CDMG  
4.50 -115.4035  37.6207  3.5 1976 01 08 16 14  8.83  CDMG  
5.00 -115.4713  32.0837 12.3 1976 01 10 12 58 15.79  CDMG  
4.20 -116.9570  38.2120  0.0 1976 01 13 23 43 31.5  aSRA   
4.90 -120.2278  36.0883 10.5 1976 01 14 21 43 58.87  CDMG  
4.88 -112.5000  34.6550 12.0 1976 02 04 00 04 58.1  aUSHIS 
4.20 -113.0838  34.5398  5.0 1976 02 23 14 10  1.05  CDMG  
4.30 -121.0000  36.8140  6.7 1976 03 17 04 01 52.47  CDMG  
4.10 -117.6680  39.5690  5.0 1976 04 02 12 56 35.5  aSRA   
4.60 -118.6557  34.3468 14.5 1976 04 08 15 21 38.07  CDMG  
4.64 -120.7710  45.2210 15.0 1976 04 13 00 47 17.1  aUSHIS 
4.70 -111.9560  28.3740 33.0 1976 04 20 09 59 56.8  aPDE   
4.00 -115.6148  33.1168 14.8 1976 04 26 06 46 37.54  CDMG  
5.25 -123.3600  48.8000 62.0 1976 05 16 08 35 14.8  aUSHIS 
4.00 -124.4308  40.4320 16.9 1976 05 22 00 51 51.63  CDMG  
4.45 -120.5680  40.4270  5.0 1976 06 20 10 15 24.8  aUSHIS 
4.50 -113.5020  30.7480 33.0 1976 07 19 20 07 39    aPDE   
4.25 -114.1710  44.9620 11.0 1976 07 26 10 45 28.2  aSRA   
4.81 -110.3380  26.2420 33.0 1976 07 31 22 32 10.5  aPDE   
4.20 -118.1570  38.3650  7.0 1976 08 02 08 14 08    aSRA   
4.20 -111.3500  27.9430 33.0 1976 08 09 07 30 11.5  aPDE   
4.30 -116.5130  33.4840 15.4 1976 08 11 15 24 55.50  CDMG  
4.00 -121.9607  37.8023  9.0 1976 08 20 22 05 52.13  CDMG  
4.35 -116.4300  38.9100  1.0 1976 08 22 10 14 06.5  aSRA   
4.31 -109.4620  26.5880 33.0 1976 08 25 07 23 59.9  aPDE   
4.15 -122.7610  48.2050 24.0 1976 09 02 13 36 11    aPDE   
4.69 -123.0840  47.3820 48.0 1976 09 08 08 21 01.6  aUSHIS 
4.00 -124.6067  40.2720 32.3 1976 09 13 16 09 10.77  CDMG  
4.00 -115.2470  39.8490  5.0 1976 09 15 14 09 27.8  aSRA   
4.00 -116.8390  31.1930  8.0 1976 09 18 14 16 33.13 aDNAG  
4.20 -113.8850  28.8810 33.0 1976 10 17 14 53 17.5  aPDE   
4.20 -117.9102  32.7138 15.1 1976 10 18 17 26 52.61  CDMG  
4.40 -112.9600  30.2770 33.0 1976 10 19 05 39 05.2  aPDE   
4.00 -118.1090  37.5560  0.0 1976 10 21 01 12 09.5  aDNAG  
4.90 -113.2040  30.5920 33.0 1976 10 21 14 58 18    aPDE   
4.10 -118.2610  38.0230  0.0 1976 11 01 18 44 07.5  aDNAG  
5.00 -115.5940  33.1200  4.3 1976 11 04 10 41 37.53  CDMG  
4.00 -112.7000  41.8100  7.0 1976 11 05 02 48 55.6  aSRA   
4.00 -115.9260  31.5200  8.0 1976 11 16 01 40 07.18 aDNAG  
4.20 -125.7970  49.5320 10.0 1976 11 17 23 24 31    aPDE   
4.40 -120.4470  40.9980  5.0 1976 11 27 02 49 47    aPDE   
4.20 -124.9810  40.9167 32.6 1976 11 28 04 30 28.17  CDMG  
5.05 -110.7900  44.7600  5.0 1976 12 08 14 40 59.1  aUSHIS 
4.50 -109.7450  25.4280 33.0 1976 12 11 14 15 29.6  aPDE   
5.18 -110.2790  25.8920 33.0 1976 12 11 23 08 27.7  aPDE   
5.40 -125.6030  42.7520 15.0 1976 12 19 19 00 59.5  aPDE   
4.30 -122.0000  37.9263 12.3 1977 01 08 09 38  6.74  CDMG  
4.20 -115.1890  32.4622 26.0 1977 01 17 11 13 19.24  CDMG  
4.80 -111.4030  27.9470 33.0 1977 01 24 07 45 37.9  aPDE   
4.70 -111.5250  27.2720 33.0 1977 01 29 08 59 21.4  aPDE   
4.40 -124.6067  40.6212 22.3 1977 02 22 00 57 43.54  CDMG  
4.80 -119.2895  38.4865 10.9 1977 02 22 06 24  5.81  CDMG  
4.70 -111.4570  46.0240  5.0 1977 03 11 05 09 38.3  aUSHIS 
4.65 -111.5000  44.8500  5.0 1977 03 11 12 17 51.9  aSRA   
4.30 -109.3210  25.2410 33.0 1977 03 18 00 33 15.8  aPDE   
4.40 -111.1070  27.3770 33.0 1977 03 22 08 07 14    aPDE   
4.30 -111.6960  27.6870 33.0 1977 04 27 00 21 22.5  aPDE   
4.60 -112.4060  27.5870 10.0 1977 05 11 10 01 49.1  aPDE   
4.05 -115.4660  41.5030  5.0 1977 05 30 09 25 36.4  aSRA   
4.45 -109.2270  31.0240  5.0 1977 06 08 13 09 07.4  aPDE   
4.40 -121.6625  37.6310 12.9 1977 06 21 02 43  6.13  CDMG  
4.40 -111.9300  28.8180 33.0 1977 06 26 14 25 48.6  aPDE   
4.30 -123.7340  40.3308 29.9 1977 07 12 01 43 29.00  CDMG  
4.20 -117.7340  37.5007 16.1 1977 08 08 04 51 40.18  CDMG  
4.50 -118.4587  34.3797  9.5 1977 08 12 02 19 26.08  CDMG  
4.30 -114.5200  44.6600  5.0 1977 08 29 12 56 23.4  aSRA   
4.00 -118.7803  38.0632 11.6 1977 10 10 19 26  4.20  CDMG  
4.70 -111.8100  44.7700 10.0 1977 10 19 16 50 50.9  aUSHIS 
4.30 -115.5048  32.8927  5.9 1977 10 21 06 12 36.24  CDMG  
5.40 -112.9700  29.2690 33.0 1977 11 21 02 50 03.4  aPDE   
4.80 -123.2678  39.4060 15.7 1977 11 22 21 15 53.29  CDMG  
4.30 -116.2760  44.5370  9.0 1977 11 27 09 25 55.6  aUSHIS 
4.20 -121.1958  36.5923  8.8 1977 12 15 11 15 28.78  CDMG  
4.00 -124.7972  40.7682 23.2 1978 01 02 06 39 24.69  CDMG  
4.20 -117.5700  39.4220  5.0 1978 01 13 03 39 36    aSRA   
4.60 -117.1800  39.6300  5.0 1978 02 14 04 35 24    aUSHIS 
4.89 -125.8900  42.6850 15.0 1978 02 16 12 00 21.2  aUSHIS 
4.30 -118.0300  38.9400  5.0 1978 03 05 22 46 18.2  aUSHIS 
4.55 -122.7100  47.4200 25.0 1978 03 11 15 52 11.2  aUSHIS 
4.50 -111.2160  27.3760 15.0 1978 03 14 01 17 05.2  aPDE   
4.70 -112.7030  28.8760 33.0 1978 03 17 22 40 17.2  aPDE   
4.40 -112.6870  26.9580 15.0 1978 03 21 14 57 25.8  aPDE   
4.30 -115.5000  44.2900  5.0 1978 03 22 14 30 15.7  aSRA   
4.00 -116.9595  34.1975  8.0 1978 04 01 10 52 27.41  CDMG  
4.30 -113.4030  30.2750 33.0 1978 04 04 02 14 10.2  aPDE   
4.20 -110.0300  25.7620 33.0 1978 04 05 09 29 24.4  aPDE   
4.70 -113.2700  46.9700  5.0 1978 04 23 23 24 37    aUSHIS 
4.40 -103.0500  25.7890 33.0 1978 05 03 23 35 15.2  aPDE   
5.20 -115.3035  32.2113  6.0 1978 05 05 21 03 15.80  CDMG  
4.00 -116.8200  31.0100  1.0 1978 05 09 01 10 07.79 aDNAG  
4.00 -124.9927  40.3965 18.6 1978 05 10 18 30 27.97  CDMG  
4.35 -117.2570  40.8680 11.0 1978 05 23 05 47 55.4  aUSHIS 
4.00 -119.1657  33.9055  6.0 1978 05 23 09 16 50.83  CDMG  
4.60 -124.4908  40.3448 30.5 1978 05 23 21 42  7.56  CDMG  
4.40 -108.9390  25.1400 33.0 1978 05 30 09 30 35.7  aPDE   
4.40 -116.6980  33.4202 11.9 1978 06 05 16 03  3.91  CDMG  
4.30 -119.1372  35.0347  1.8 1978 06 16 04 21 31.63  CDMG  
4.20 -122.1767  36.8988 10.6 1978 07 02 11 57 57.07  CDMG  
4.00 -114.0020  30.7040 15.0 1978 07 10 21 40 17.6  aPDE   
4.00 -116.3170  35.5000  5.0 1978 07 17 14 46 13.5  aPDE   
4.70 -112.4160  27.5840 33.0 1978 07 21 10 18 17.3  aPDE   
4.07 -115.2400  38.4020  5.0 1978 07 29 22 32 07.1  aSRA   
4.60 -121.8432  41.4313  0.1 1978 08 01 09 02 33.70  CDMG  
5.10 -119.6960  34.3470 12.8 1978 08 13 22 54 53.42  CDMG  
4.10 -116.8808  32.3025 19.8 1978 08 19 09 31  5.74  CDMG  
4.90 -110.5000  26.1910 33.0 1978 08 24 15 00 18.7  aPDE   
4.10 -121.7123  37.3543  9.2 1978 08 29 00 14 45.97  CDMG  
4.10 -115.4820  31.5000  5.0 1978 08 29 18 02 13.8  aPDE   
4.60 -119.7782  38.8033  6.0 1978 09 04 04 52 32.51  CDMG  
4.20 -121.8967  38.6338 12.0 1978 09 08 16 59 47.20  CDMG  
4.40 -112.2550  28.6040 15.0 1978 09 23 19 08 36.3  aPDE   
5.40 -118.6982  37.5350 22.9 1978 10 04 16 42 47.93  CDMG  
4.11 -122.0100  41.0150  2.0 1978 10 05 09 56 46.8  aPDE   
4.60 -124.4638  40.4702 26.9 1978 10 06 21 26 33.12  CDMG  
4.15 -111.8400  42.5500  7.0 1978 10 24 20 30 59.3  aUSHIS 
4.10 -116.8500  31.1000  5.0 1978 10 25 04 45 15.1  aPDE   
4.45 -114.2430  44.8660 12.0 1978 10 29 13 46 45.6  aUSHIS 
4.30 -113.3300  47.0100  5.0 1978 11 10 09 53 45.6  aSRA   
4.30 -116.9723  34.1510  6.1 1978 11 20 06 55  9.50  CDMG  
5.26 -111.5110  27.9890 15.0 1978 11 26 07 44 02.3  aPDE   
5.35 -113.9560  30.1770 15.0 1978 11 29 14 37 40.3  aPDE   
4.65 -112.4900  42.1100  4.0 1978 11 30 06 53 40.1  aUSHIS 
5.23 -109.6430  25.6070 15.0 1978 12 10 06 39 55.3  aPDE   
4.00 -121.8490  47.5790 20.0 1978 12 31 03 23 46.7  aPDE   
5.20 -118.6813  33.9443 11.3 1979 01 01 23 14 38.94  CDMG  
4.20 -116.3780  39.2400  5.0 1979 01 06 01 20 35.1  aSRA   
4.10 -111.4500  44.8400  5.0 1979 01 06 01 25 48.7  aSRA   
5.20 -124.3130  40.8667 23.1 1979 02 03 09 58 17.12  CDMG  
4.20 -116.4342  33.4578  3.9 1979 02 12 04 48 42.34  CDMG  
4.00 -121.2893  36.6577  6.3 1979 02 12 21 38 38.54  CDMG  
4.30 -116.1620  40.9250  5.0 1979 02 13 15 52 48.5  aSRA   
4.40 -111.9530  28.2870 15.0 1979 02 17 09 40 27.2  aPDE   
5.30 -120.0000  39.9883  8.2 1979 02 22 15 57 28.63  CDMG  
4.40 -112.1570  27.9950 15.0 1979 02 22 17 32 08.3  aPDE   
5.30 -112.3740  27.6960 15.0 1979 02 22 22 53 18.9  aPDE   
4.20 -111.9170  27.2700 15.0 1979 02 27 07 41 57.7  aPDE   
4.20 -115.4820  31.5170  4.0 1979 03 01 21 17 53.3  aPDE   
4.10 -121.0000  35.2112  0.0 1979 03 04 06 24 49.24  CDMG  
4.00 -116.0830  31.6830  5.0 1979 03 04 18 37 43.5  aPDE   
5.30 -116.4448  34.3273  2.5 1979 03 15 21 07 16.53  CDMG  
4.10 -124.6215  40.3300 18.8 1979 03 18 16 18 32.58  CDMG  
4.10 -116.4030  39.2040  5.0 1979 03 19 00 00 51.1  aSRA   
5.35 -110.8060  26.7400 15.0 1979 03 23 17 21 55.4  aPDE   
4.40 -122.4980  37.6313 17.0 1979 04 28 00 44 44.38  CDMG  
4.60 -111.3800  44.7500  5.0 1979 05 08 00 58 44.8  aUSHIS 
4.30 -118.4190  38.4910 10.0 1979 06 06 01 49 56.7  aSRA   
4.00 -117.8790  38.5110  5.0 1979 06 08 05 44 03.6  aSRA   
4.10 -115.6550  33.0942  6.0 1979 06 13 19 46 45.88  CDMG  
4.60 -118.0233  35.7293  5.0 1979 06 14 07 39 28.28  CDMG  
4.40 -112.8300  45.3200  5.0 1979 06 22 12 02 26.8  aSRA   
4.50 -119.8590  39.4300  7.0 1979 07 03 02 06 09    aSRA   
4.20 -118.0740  39.5920  9.0 1979 07 26 10 38 57.9  aSRA   
5.80 -121.5118  37.1035  8.9 1979 08 06 17 05 22.91  CDMG  
4.20 -124.5677  40.3130 27.7 1979 08 08 10 24 58.67  CDMG  
4.20 -115.0780  37.2610  5.0 1979 08 12 11 31 19.7  aSRA   
4.70 -109.6470  25.9940 15.0 1979 08 17 11 42 57.8  aPDE   
4.10 -116.8367  33.7010  5.0 1979 08 22 02 01 36.33  CDMG  
4.10 -118.8953  37.6265 15.8 1979 09 07 09 43 47.94  CDMG  
5.00 -119.3303  38.2550  5.0 1979 10 07 20 54 40.71  CDMG  
4.10 -115.3205  32.2955  6.0 1979 10 10 19 48 36.65  CDMG  
6.40 -115.3182  32.6137 12.3 1979 10 15 23 16 53.44  CDMG  
4.20 -118.6695  33.9330  5.5 1979 10 17 20 52 37.29  CDMG  
4.10 -117.5305  34.2107  4.9 1979 10 19 12 22 37.75  CDMG  
4.00 -124.1885  39.7838  0.3 1979 10 23 10 55 43.05  CDMG  
4.50 -124.6322  40.4672 26.4 1979 10 24 15 23 51.58  CDMG  
4.30 -110.1480  25.5760 15.0 1979 10 25 17 06 29.2  aPDE   
4.20 -124.4150  49.0020 28.0 1979 11 09 16 02 11.4  aPDE   
4.30 -118.8672  37.6225 16.3 1979 11 09 17 54 14.24  CDMG  
4.00 -122.3980  48.5900 21.0 1979 11 26 23 18 26.2  aPDE   
4.00 -116.2288  32.2020  5.5 1979 12 12 21 37 40.98  CDMG  
4.20 -115.4732  32.0727  5.1 1979 12 13 16 39 38.73  CDMG  
4.80 -117.2065  38.4573  0.2 1979 12 31 08 27 49.77  CDMG  
4.20 -109.5760  25.2340 15.0 1979 12 31 22 07 33.9  aPDE   
5.80 -121.7715  37.8300 14.5 1980 01 24 19 00  8.72  CDMG  
4.40 -116.3365  32.0577  5.0 1980 01 29 19 49  3.33  CDMG  
4.60 -110.9000  44.8100  0.0 1980 02 22 10 18 27.7  aUSHIS 
5.50 -116.5132  33.5010 13.6 1980 02 25 10 47 38.53  CDMG  
4.90 -125.7410  49.7900 44.0 1980 03 07 21 36 30.1  aPDE   
4.20 -113.3900  47.3000  5.0 1980 03 10 14 48 56.5  aSRA   
4.00 -111.7000  45.5800  5.0 1980 03 11 04 03 34.1  aSRA   
4.80 -113.9660  30.1690 15.0 1980 03 18 12 25 35.3  aPDE   
4.81 -109.7680  25.3060 15.0 1980 04 03 23 40 21.5  aPDE   
4.70 -119.1780  39.4990  5.0 1980 04 08 00 13 41.8  aUSHIS 
5.00 -122.1800  46.2570  5.0 1980 04 25 23 20 27.9  aUSHIS 
4.00 -123.5358  40.5270 23.6 1980 04 29 13 50 23.90  CDMG  
4.40 -118.8420  41.9390  5.0 1980 05 03 00 17 38.1  aSRA   
4.40 -113.7690  31.2300 15.0 1980 05 15 09 14 12    aPDE   
4.60 -111.9700  39.9400  5.0 1980 05 24 10 03 36.3  aSRA   
6.20 -118.8132  37.4927 16.1 1980 05 27 14 50 56.73  CDMG  
4.90 -120.7968  34.9347  1.7 1980 05 29 03 38 46.62  CDMG  
5.00 -109.8940  26.0940 15.0 1980 06 13 01 04 36.3  aPDE   
4.00 -117.1710  41.0670  0.0 1980 06 17 06 46 19.2  aSRA   
4.40 -112.4390  27.5330 10.0 1980 07 24 15 06 47    aPDE   
4.49 -125.7080  42.3990 15.0 1980 08 03 08 24 02    aPDE   
4.55 -124.5600  42.4980 15.0 1980 08 03 14 43 04.2  aUSHIS 
5.00 -113.2120  30.2110 15.0 1980 08 29 08 57 55.2  aPDE   
4.40 -113.1940  31.1760 15.0 1980 09 01 11 34 55.7  aPDE   
5.70 -118.4017  37.9942  5.2 1980 09 07 04 37 41.14  CDMG  
4.00 -118.8320  38.8470 27.0 1980 09 20 21 14 44.8  aSRA   
5.20 -113.5760  29.6940 15.0 1980 09 21 02 11 33.7  aPDE   
4.50 -120.2158  36.2143 11.1 1980 09 24 08 08 38.56  CDMG  
4.10 -120.3068  35.7612  3.9 1980 09 26 10 15 40.07  CDMG  
4.10 -119.4023  35.2697  5.0 1980 09 26 13 18 41.08  CDMG  
4.00 -121.0000  36.5987 13.3 1980 10 13 02 46 53.71  CDMG  
4.00 -115.8500  31.5830 10.0 1980 10 16 01 15 10.4  aPDE   
4.40 -114.0720  29.9510 15.0 1980 10 29 14 53 35.5  aPDE   
4.30 -113.6860  31.0390 15.0 1980 11 08 06 04 42.4  aPDE   
6.90 -124.7535  41.1488  2.2 1980 11 08 10 27 30.10  CDMG  
4.60 -113.7890  30.4310 15.0 1980 11 09 07 29 02.6  aPDE   
5.10 -120.4563  39.2598  3.6 1980 11 28 18 21 12.99  CDMG  
4.19 -121.0000  35.3495  1.2 1980 12 22 11 10 11.84  CDMG  
4.30 -112.1260  28.0780 15.0 1980 12 24 02 27 16.1  aPDE   
4.30 -125.8390  42.2680 15.0 1980 12 27 05 23 24.3  aPDE   
4.50 -121.6182  36.8700  9.7 1981 01 07 11 42 32.91  CDMG  
4.69 -116.1180  29.4490 15.0 1981 01 21 18 10 47.7  aPDE   
4.60 -110.9730  26.8210 15.0 1981 01 31 21 58 42.3  aPDE   
4.70 -123.8878  41.3203 42.9 1981 02 14 06 10 41.83  CDMG  
4.00 -122.2490  46.3540 12.0 1981 02 14 08 43 45.9  aPDE   
4.20 -120.9050  47.2140  0.0 1981 02 18 06 09 38.7  aUSHIS 
4.30 -111.7400  40.3200  1.0 1981 02 20 09 13 01.2  aUSHIS 
4.40 -113.3000  37.5900  1.0 1981 04 05 05 40 39.7  aUSHIS 
4.40 -109.3800  25.9920 10.0 1981 04 08 03 13 16    aPDE   
4.40 -117.7830  35.8480  7.5 1981 04 19 09 02 49.71  CDMG  
5.70 -115.6317  33.0985  3.8 1981 04 26 12 09 28.41  CDMG  
4.20 -119.7570  39.2730  7.0 1981 04 29 11 55 52.6  aSRA   
4.10 -122.2520  46.3660 11.0 1981 05 13 05 00 36.2  aPDE   
4.20 -111.0000  44.8300  7.0 1981 05 22 07 56 41    aSRA   
4.60 -124.5352  40.3753 31.9 1981 05 26 11 41  9.32  CDMG  
4.56 -121.4060  46.5300  4.0 1981 05 28 09 10 46    aPDE   
4.50 -108.7440  25.5580 10.0 1981 05 30 05 08 33.4  aPDE   
4.30 -121.3537  36.7537 10.9 1981 06 08 03 09  5.12  CDMG  
4.20 -109.9520  25.9760 10.0 1981 06 09 06 13 29.09 aPDE   
4.50 -114.8060  28.3870 10.0 1981 06 10 17 06 15.18 aPDE   
4.00 -118.5188  35.0952  5.0 1981 06 22 04 57 47.26  CDMG  
4.00 -118.0365  32.6240 29.0 1981 07 11 21 50 29.46  CDMG  
4.10 -110.1250  26.1190 10.0 1981 08 08 01 15 57.91 aPDE   
4.20 -121.2922  36.7752  9.1 1981 08 14 12 49 59.45  CDMG  
5.50 -119.0930  33.6515  6.0 1981 09 04 15 50 50.13  CDMG  
4.74 -124.5563  40.3347 28.4 1981 09 16 12 41 14.49  CDMG  
4.60 -117.0000  37.0000  0.0 1981 10 01 19 00 16.98  CDMG  
4.90 -113.2540  31.6880 10.0 1981 10 29 19 31 01.16 aPDE   
4.80 -119.1327  35.0343  2.2 1981 11 10 22 34 35.31  CDMG  
4.33 -111.6200  35.1700  0.0 1981 12 06 09 09 20.3  aDNAG  
4.20 -111.4300  42.6300  7.0 1981 12 09 08 15 05.2  aSRA   
4.40 -119.3027  36.0383 39.7 1981 12 16 01 35 13.34  CDMG  
4.50 -113.9140  30.9370 10.0 1981 12 20 03 06 21.59 aPDE   
4.30 -115.7670  31.4670  6.0 1982 01 06 04 24 05.5  aPDE   
4.70 -112.6290  29.5050 10.0 1982 01 08 03 30 21.67 aPDE   
4.30 -117.9083  37.3935 11.7 1982 01 24 15 44  7.33  CDMG  
4.50 -112.1110  28.6210 10.0 1982 01 26 03 35 51.02 aPDE   
4.60 -118.0700  38.5400  5.0 1982 01 28 22 51 02.1  aUSHIS 
5.18 -109.5080  25.8280 10.0 1982 02 02 09 28 33.73 aPDE   
5.30 -113.0530  29.0350 10.0 1982 02 07 19 18 17.21 aPDE   
4.05 -120.7238  39.8485  0.0 1982 02 19 04 53 15.45  CDMG  
4.30 -109.6630  25.3310 10.0 1982 02 25 22 38 26.17 aPDE   
4.10 -122.2500  46.3500 12.0 1982 03 01 17 40 04.5  aPDE   
4.50 -117.7615  35.7567  2.0 1982 03 07 20 50 59.93  CDMG  
4.10 -117.0295  36.5995  6.0 1982 03 16 08 47  0.77  CDMG  
4.40 -101.0470  25.1830 33.0 1982 03 21 09 39 15.98 aPDE   
4.50 -116.2112  33.0578  4.6 1982 03 22 08 53 28.64  CDMG  
5.10 -118.5397  38.0898 26.2 1982 04 15 21 52  8.10  CDMG  
4.00 -120.3747  34.8920  4.4 1982 04 30 06 43 36.53  CDMG  
4.00 -115.0800  37.2710 10.0 1982 05 12 19 29 24.5  aSRA   
4.35 -112.0400  38.7100  5.0 1982 05 24 12 13 26.6  aUSHIS 
4.50 -115.7000  31.2500 16.0 1982 05 25 12 45 25.6  aPDE   
4.10 -118.2073  33.5378 13.7 1982 05 25 13 44 30.28  CDMG  
4.40 -115.8330  31.6830  6.0 1982 05 28 13 02 59.9  aPDE   
4.00 -122.8217  38.8013  2.1 1982 05 29 13 02 24.61  CDMG  
4.00 -111.2400  42.6900  7.0 1982 05 30 11 06 43.4  aSRA   
4.80 -116.6672  33.5582 12.2 1982 06 15 23 49 21.32  CDMG  
4.10 -121.0000  36.5355  9.5 1982 06 19 10 17 33.24  CDMG  
4.30 -121.9347  41.1777  1.4 1982 06 21 06 43 37.94  CDMG  
4.00 -120.5185  35.9742  8.8 1982 06 25 03 58 23.14  CDMG  
4.15 -115.0510  37.6930  3.0 1982 07 06 02 10 43.5  aSRA   
4.95 -112.2420  27.6000 10.0 1982 07 11 18 02 23.57 aPDE   
4.10 -114.4000  44.6200  5.0 1982 08 10 19 35 46.2  aSRA   
4.60 -121.2720  36.6512 11.0 1982 08 11 07 46 42.92  CDMG  
4.50 -121.7322  37.0332 12.4 1982 08 18 08 43 49.52  CDMG  
4.00 -122.5373  39.6263 16.0 1982 09 03 18 58 24.16  CDMG  
4.40 -115.8467  32.9322  4.2 1982 09 05 05 21 26.61  CDMG  
5.50 -118.0000  37.8548 12.7 1982 09 24 07 40 24.04  CDMG  
4.90 -117.7522  35.7370  8.1 1982 10 01 14 29  1.63  CDMG  
4.65 -111.4300  42.5900  7.0 1982 10 14 04 10 24.3  aUSHIS 
4.60 -111.7500  44.7500  5.0 1982 10 26 08 26 29.9  aUSHIS 
4.00 -115.9830  31.4000  6.0 1982 12 10 00 37 47    aPDE   
4.10 -115.5000  31.4330  6.0 1982 12 14 17 15 04.7  aPDE   
4.40 -124.0000  40.4717 10.9 1982 12 16 06 53  1.13  CDMG  
4.00 -111.6010  26.0270 10.0 1982 12 28 22 42 09.12 aPDE   
4.00 -111.1110  28.2960 10.0 1983 01 03 02 23 33.28 aPDE   
4.10 -117.4478  34.1353  4.6 1983 01 08 07 19 30.38  CDMG  
4.10 -110.0410  25.9210 10.0 1983 01 10 04 47 12.33 aPDE   
4.20 -120.0488  33.5352  5.0 1983 01 12 17 19  0.64  CDMG  
4.40 -115.7670  31.6500  6.0 1983 01 12 18 30 04.7  aPDE   
4.10 -124.5772  40.3262 20.1 1983 02 01 21 21 43.46  CDMG  
4.20 -120.8573  36.6738  6.4 1983 02 05 12 01 26.87  CDMG  
4.60 -110.6430  44.5710  5.0 1983 02 06 20 25 16.5  aUSHIS 
4.30 -111.1900  43.3040  7.0 1983 02 08 10 54 54.9  aSRA   
4.30 -108.7830  25.2010 10.0 1983 02 21 19 52 46.53 aPDE   
4.30 -117.9438  33.0333 10.0 1983 02 22 02 18 30.37  CDMG  
4.50 -109.8980  25.2810 10.0 1983 02 24 05 32 58.85 aPDE   
4.10 -106.8920  34.3020  8.0 1983 03 02 23 22 19.4  aUSHIS 
4.00 -112.7020  47.5260  5.0 1983 03 17 07 25 56.6  aUSHIS 
4.60 -114.0480  30.3900 10.0 1983 04 17 06 03 30.93 aPDE   
4.00 -114.9670  31.1330  5.0 1983 04 23 22 16 22.5  aPDE   
4.00 -124.6833  40.4177 21.7 1983 04 23 22 52 26.46  CDMG  
4.10 -114.9340  29.1270 10.0 1983 04 29 15 39 58.67 aPDE   
6.70 -120.3175  36.2267  9.8 1983 05 02 23 42 38.14  CDMG  
4.00 -116.0330  31.6830  5.0 1983 05 21 20 41 40.9  aPDE   
4.40 -111.4610  27.5670 10.0 1983 06 05 14 12 47.2  aPDE   
4.60 -117.3773  32.6270  5.0 1983 06 29 08 08 36.40  CDMG  
4.00 -120.1998  39.4180 11.1 1983 07 03 15 08 19.51  CDMG  
4.00 -115.5352  33.1980  1.1 1983 07 13 21 16 48.25  CDMG  
4.40 -118.2880  38.4470  3.0 1983 07 15 22 03 11.2  aSRA   
4.30 -113.8140  30.8560 10.0 1983 07 23 12 48 07.3  aPDE   
4.10 -112.0560  26.8290 10.0 1983 08 02 10 17 49.64 aPDE   
4.00 -121.0000  36.6027 12.0 1983 08 08 13 13  8.99  CDMG  
4.00 -119.4648  37.9265 11.6 1983 08 09 01 19  2.57  CDMG  
5.50 -124.9120  40.3818 16.8 1983 08 24 13 36 29.49  CDMG  
4.15 -122.8540  47.9340 51.0 1983 08 28 12 47 47.63 aPDE   
4.80 -112.1990  28.1010 10.0 1983 08 28 13 10 19.98 aPDE   
5.20 -121.3393  35.8383  5.9 1983 08 29 10 10 30.94  CDMG  
4.20 -116.0170  38.8670  5.0 1983 09 13 19 03 21.5  aSRA   
4.40 -111.9930  40.7480  6.0 1983 10 08 11 57 53.8  aUSHIS 
4.50 -118.3343  35.9257  0.0 1983 10 21 22 44 13.31  CDMG  
6.82 -113.9160  43.9740 14.0 1983 10 28 14 06 06.5  aUSHIS 
4.50 -110.7670  43.2940  5.0 1983 12 20 22 52 23.7  aUSHIS 
4.00 -111.4700  46.1010  5.0 1984 01 01 02 29 24.8  aSRA   
4.00 -124.2682  40.2868  9.9 1984 01 14 10 37  2.50  CDMG  
5.10 -121.8878  36.3648 10.0 1984 01 23 05 40 19.92  CDMG  
5.90 -112.1440  28.2710 10.0 1984 02 10 16 51 20.89 aPDE   
4.50 -114.4100  49.1900 18.0 1984 02 11 13 38 27    aPDE   
5.00 -117.5560  39.8580  2.0 1984 02 16 11 14 58.8  aUSHIS 
4.30 -119.6893  38.8457 10.0 1984 02 17 12 03 56.77  CDMG  
4.00 -114.8820  41.7530  5.0 1984 02 25 07 04 44.3  aSRA   
4.50 -118.5845  37.3852  9.8 1984 02 27 01 36 20.40  CDMG  
4.00 -118.0612  33.4710  6.0 1984 02 27 10 18 15.02  CDMG  
4.30 -116.0710  33.1362  6.6 1984 02 29 02 07 31.71  CDMG  
4.25 -114.4300  44.7400 10.0 1984 03 24 00 07 47.7  aSRA   
4.00 -121.4650  36.7577  8.9 1984 03 26 07 58 39.74  CDMG  
4.30 -122.0000  37.7413  7.2 1984 03 27 03 36 35.29  CDMG  
4.10 -115.7650  32.0878  6.0 1984 04 13 03 28 35.63  CDMG  
6.20 -121.6767  37.3097  8.6 1984 04 24 21 15 18.75  CDMG  
4.70 -118.8882  37.6287  4.0 1984 04 28 22 48 20.46  CDMG  
4.60 -109.7320  25.6580 10.0 1984 05 06 12 30 47.16 aPDE   
4.20 -119.9727  34.6607  9.9 1984 05 07 19 32 32.76  CDMG  
4.00 -111.8510  44.6620  5.0 1984 05 07 20 57 16.9  aSRA   
4.10 -117.8760  38.2240  6.0 1984 05 17 20 23 25    aSRA   
4.10 -115.2145  32.3480  6.0 1984 05 31 23 30 48.64  CDMG  
4.00 -116.6125  34.3817  1.8 1984 06 11 22 21 10.41  CDMG  
4.10 -118.9893  34.5407 11.7 1984 06 12 00 27 52.38  CDMG  
4.30 -120.7517  34.9615  1.8 1984 06 20 19 28  6.00  CDMG  
5.12 -114.0600  29.9180 10.0 1984 06 27 20 12 43.38 aPDE   
4.00 -123.5363  41.4137 39.0 1984 07 18 19 47 57.15  CDMG  
5.30 -115.7605  37.8680  0.0 1984 07 25 15 29 49.30  CDMG  
4.40 -118.2737  37.4505 34.9 1984 08 02 15 00 29.50  CDMG  
4.70 -124.6440  40.3357 21.0 1984 08 04 21 45 54.49  CDMG  
4.30 -116.7127  33.9757 14.2 1984 08 06 08 14 36.60  CDMG  
4.80 -113.7460  31.0780 10.0 1984 09 05 12 37 05.03 aPDE   
5.15 -113.9660  30.6140 10.0 1984 09 06 20 34 25.49 aPDE   
4.30 -117.8060  32.9450  6.0 1984 09 07 11 03 13.38  CDMG  
4.10 -116.3702  33.4600 15.2 1984 09 07 17 57 30.29  CDMG  
4.00 -122.8217  38.7983  2.9 1984 09 22 18 52  3.42  CDMG  
4.30 -123.6255  38.3518  5.0 1984 09 24 14 40 12.19  CDMG  
4.50 -112.7790  28.8540 10.0 1984 10 03 12 46 23.03 aPDE   
4.00 -121.1752  36.5773  8.9 1984 10 05 16 16 29.83  CDMG  
4.50 -116.5010  33.1377 11.6 1984 10 10 21 22 58.86  CDMG  
5.20 -110.2760  26.1820 10.0 1984 10 25 08 18 12.69 aPDE   
4.50 -120.1475  34.7368  6.0 1984 10 25 10 36  2.37  CDMG  
4.60 -118.9883  34.0163 13.3 1984 10 26 17 20 43.54  CDMG  
4.10 -106.1810  26.4000  5.0 1984 11 22 20 46 30.6  aPDE   
4.10 -114.6130  38.8640  5.0 1984 12 23 01 47 44.6  aSRA   
5.20 -118.8108  38.1550 10.8 1985 01 24 11 27 21.01  CDMG  
4.60 -118.8987  35.4525 11.1 1985 02 08 06 58 16.93  CDMG  
4.00 -116.4023  33.9848  2.3 1985 02 15 23 26 26.57  CDMG  
4.40 -118.7340  41.1710  5.0 1985 02 23 15 36 29.3  aSRA   
4.50 -123.0000  41.2300  6.8 1985 03 13 19 35 57.60  CDMG  
4.00 -122.9437  38.8718 13.3 1985 03 16 05 26 13.97  CDMG  
4.85 -113.2330  47.2760 10.0 1985 04 01 09 13 14.2  aUSHIS 
4.00 -119.0350  34.3782 27.9 1985 04 03 04 04 49.85  CDMG  
4.40 -119.3457  35.2970 24.4 1985 05 06 23 14 33.02  CDMG  
4.30 -119.4640  39.4680  0.0 1985 05 28 07 56 46.6  aSRA   
4.00 -117.1513  32.6787  5.7 1985 06 18 03 22 28.67  CDMG  
4.00 -111.1540  43.2550  5.0 1985 07 02 03 03 56    aSRA   
4.20 -122.9787  38.9370  5.0 1985 07 03 10 24  0.90  CDMG  
4.30 -114.2770  31.1620 10.0 1985 07 06 10 34 46.23 aPDE   
4.30 -108.2270  25.5240 10.0 1985 07 16 00 02 27.7  aPDE   
4.20 -116.5420  34.4217  6.0 1985 07 18 14 05 25.78  CDMG  
4.60 -111.8310  26.2240 10.0 1985 07 28 20 30 49.55 aPDE   
4.20 -115.9100  31.6800  6.0 1985 08 06 12 53 56.3  aPDE   
4.20 -117.8657  36.2045  5.0 1985 08 16 01 51 21.17  CDMG  
4.10 -106.8320  34.1300  7.0 1985 08 16 14 56 52.9  aUSHIS 
4.50 -117.7342  35.8922  3.5 1985 08 22 00 21 44.61  CDMG  
4.60 -110.7240  43.1560  5.0 1985 09 07 03 47 29.2  aUSHIS 
4.80 -117.2452  34.0233 15.2 1985 10 02 23 44 12.45  CDMG  
4.45 -111.0270  44.6620  4.0 1985 11 09 11 38 19    aSRA   
4.30 -104.8000  29.4380  5.0 1985 11 12 06 50 35.03 aPDE   
4.10 -122.7823  38.8340  0.0 1985 11 12 16 06 56.89  CDMG  
4.50 -120.8763  36.0292 10.4 1985 11 24 19 21 39.50  CDMG  
4.20 -124.7617  40.6493 18.6 1985 12 05 06 28 35.07  CDMG  
4.60 -120.5878  39.4933  3.3 1985 12 28 19 01 58.50  CDMG  
4.30 -112.8010  27.6350 10.0 1986 01 07 00 55 55.19 aPDE   
4.00 -122.7843  39.0897 49.2 1986 01 09 16 33  5.37  CDMG  
4.60 -110.8800  26.3120 10.0 1986 01 09 23 07 19.75 aPDE   
5.50 -121.2840  36.8032  8.9 1986 01 26 19 20 50.92  CDMG  
4.50 -113.8830  29.8220 10.0 1986 02 01 10 10 25.16 aPDE   
4.20 -111.0160  44.6470  7.0 1986 02 11 22 26 55.6  aSRA   
4.00 -116.0298  34.1157 11.3 1986 02 17 02 12 33.48  CDMG  
4.00 -124.8528  40.7203 14.1 1986 02 19 00 25 40.58  CDMG  
4.10 -112.2900  27.5380 10.0 1986 03 10 02 02 54.43 aPDE   
4.10 -119.8023  34.4025 18.0 1986 03 10 15 33 16.27  CDMG  
4.00 -113.8932  32.4460  6.0 1986 03 24 17 29 57.34  CDMG  
4.55 -112.0090  39.2360  1.0 1986 03 24 22 40 23.4  aUSHIS 
4.40 -111.2930  28.7580 10.0 1986 03 27 09 19 43.68 aPDE   
4.10 -122.2018  37.8812 13.4 1986 03 29 16 24  3.66  CDMG  
5.70 -121.6847  37.4790  8.9 1986 03 31 11 55 39.81  CDMG  
4.10 -114.1770  44.3370  5.0 1986 04 07 14 07 25.8  aSRA   
5.00 -113.8850  30.5180 10.0 1986 04 27 16 14 29.1  aPDE   
4.40 -110.3090  27.3630 10.0 1986 05 04 00 19 32.57 aPDE   
4.10 -122.9975  39.1703  5.0 1986 05 08 14 14 39.76  CDMG  
4.10 -118.0193  35.8063 10.1 1986 05 23 11 41 55.06  CDMG  
4.00 -124.6460  40.6835 20.8 1986 06 22 20 34 52.49  CDMG  
4.30 -115.1090  32.1488  6.0 1986 06 24 13 13  2.29  CDMG  
4.40 -121.8433  36.0508 14.1 1986 07 08 00 40 22.46  CDMG  
5.60 -116.6085  33.9992 10.4 1986 07 08 09 20 44.56  CDMG  
5.40 -117.8718  32.9683  6.0 1986 07 13 13 47  8.26  CDMG  
5.30 -116.3000  37.2500  0.0 1986 07 17 21 00  0.17  CDMG  
6.40 -118.4425  37.5388 10.5 1986 07 21 14 42 26.02  CDMG  
4.30 -119.5720  38.6633  0.5 1986 07 23 07 39 10.46  CDMG  
4.40 -109.6240  25.2610 10.0 1986 07 24 06 05 46.99 aPDE   
4.90 -123.9668  40.8930 20.5 1986 08 01 05 30  1.50  CDMG  
4.60 -123.4180  39.5398 52.8 1986 08 06 23 21 59.85  CDMG  
4.40 -122.9768  39.0722 85.2 1986 08 26 15 27 24.92  CDMG  
5.00 -111.3960  28.1240 10.0 1986 09 05 14 22 09.11 aPDE   
4.10 -117.3717  37.4015  0.2 1986 09 24 14 35 57.40  CDMG  
4.55 -114.7560  44.0430  5.0 1986 09 26 22 48 57.9  aUSHIS 
4.00 -123.4900  38.6958  6.4 1986 10 12 06 43  1.93  CDMG  
4.60 -117.1438  32.6040 15.3 1986 10 29 02 38 15.28  CDMG  
4.60 -119.2787  38.4468 13.8 1986 10 31 03 57 28.11  CDMG  
4.60 -119.4992  38.7402  0.0 1986 11 01 19 23 37.93  CDMG  
4.20 -123.7647  40.0227 47.7 1986 11 05 21 05 57.05  CDMG  
5.10 -124.4272  40.3550 17.6 1986 11 21 23 33  1.40  CDMG  
4.70 -111.0760  26.4650 10.0 1986 11 30 09 41 09.16 aPDE   
5.40 -115.3045  32.3880  6.0 1987 02 07 03 45 14.85  CDMG  
5.30 -120.3407  36.1732 15.5 1987 02 14 07 26 50.30  CDMG  
4.00 -117.4473  34.1322  8.5 1987 02 21 23 15 29.97  CDMG  
4.00 -113.5000  29.7840 10.0 1987 03 02 00 38 15.69 aPDE   
4.10 -116.2530  40.7760  5.0 1987 03 05 00 30 21.09 aPDE   
4.40 -113.0060  31.3550  5.0 1987 03 15 19 25 38.66 aPDE   
4.19 -111.2990  42.5810  5.0 1987 03 18 00 00 42.97 aPDE   
4.07 -117.6940  40.1360  5.0 1987 03 25 15 48 39.15 aPDE   
4.10 -123.4790  40.9258 22.9 1987 04 09 20 34  8.80  CDMG  
4.10 -121.2907  36.8312  8.4 1987 04 30 19 24 21.91  CDMG  
4.10 -110.7730  44.2470  5.0 1987 06 06 12 39 31.38 aPDE   
4.10 -120.2835  41.6347  5.4 1987 06 18 04 50 15.58  CDMG  
4.50 -112.9450  29.3330 10.0 1987 06 20 11 00 18.87 aPDE   
4.10 -124.1820  41.2527 13.7 1987 07 07 20 40 38.09  CDMG  
4.10 -111.6800  45.5520  3.0 1987 07 22 05 23 06.8  aPDE   
4.45 -118.1680  38.3850 13.0 1987 07 28 18 55 11.5  aUSHIS 
5.60 -124.3857  40.4160 17.6 1987 07 31 23 56 57.79  CDMG  
4.00 -123.7933  41.3700  2.6 1987 08 01 04 46 24.05  CDMG  
4.87 -109.9220  25.7760 10.0 1987 08 08 09 10 47.8  aPDE   
4.20 -114.7470  44.0460  5.0 1987 08 17 03 44 19.98 aPDE   
4.20 -122.7683  40.0750 41.3 1987 08 29 05 54 45.54  CDMG  
4.73 -113.1520  41.2100 10.0 1987 09 25 04 27 58.1  aUSHIS 
5.90 -118.0785  34.0613  9.5 1987 10 01 14 42 20.02  CDMG  
4.79 -111.3110  27.9060 10.0 1987 10 15 05 11 32.53 aPDE   
4.40 -121.7420  37.7903 10.5 1987 10 22 03 47 59.69  CDMG  
4.10 -119.0583  33.6758 12.2 1987 10 24 23 58 33.12  CDMG  
4.15 -116.8900  30.8700  6.0 1987 10 27 00 54 58.2  aPDE   
4.00 -121.1968  36.5947 10.5 1987 11 07 15 06  0.87  CDMG  
4.40 -114.4050  30.0490 10.0 1987 11 16 05 52 43.36 aPDE   
6.60 -115.8517  33.0145 11.2 1987 11 24 13 15 56.71  CDMG  
4.30 -120.6730  46.6790 17.0 1987 12 02 09 02 24.27 aPDE   
4.00 -118.7743  35.3723  3.2 1987 12 15 18 23 46.10  CDMG  
4.20 -116.0800  38.4440  5.0 1987 12 30 22 50 40.98 aPDE   
4.50 -120.8733  36.7793  3.9 1988 01 06 22 49 48.13  CDMG  
4.60 -114.3770  44.8400  5.0 1988 01 10 23 22 19.5  aUSHIS 
4.40 -115.7700  31.6900  6.0 1988 01 25 13 17 10.3  aPDE   
5.36 -113.8960  30.1050 10.0 1988 02 12 05 23 56.47 aPDE   
5.10 -121.3108  36.7947  9.7 1988 02 20 08 39 57.24  CDMG  
4.20 -119.6763  35.5460  6.0 1988 02 22 07 43 13.88  CDMG  
4.10 -122.3220  47.1910 64.0 1988 03 11 10 01 26.04 aPDE   
4.00 -119.6222  34.2495 17.6 1988 03 23 08 42 46.96  CDMG  
4.20 -120.3542  36.3358  6.0 1988 04 04 20 41 59.96  CDMG  
4.90 -109.7000  25.5700 10.0 1988 05 14 00 58 07.68 aPDE   
4.10 -117.8318  37.0905  3.0 1988 05 26 03 56 52.17  CDMG  
5.40 -118.7427  34.9430  6.8 1988 06 10 23 06 43.05  CDMG  
4.20 -109.3340  30.7740  5.0 1988 06 11 08 58 35.26 aPDE   
5.30 -121.7403  37.3927  9.8 1988 06 13 01 45 36.52  CDMG  
6.45 -110.9960  26.8560 10.0 1988 06 18 22 49 42.37 aPDE   
4.20 -112.3790  27.5070 10.0 1988 06 19 07 26 42.29 aPDE   
4.50 -110.9610  26.2980 10.0 1988 06 21 07 34 32.11 aPDE   
4.30 -116.4385  33.4832 12.6 1988 07 02 00 26 58.19  CDMG  
4.60 -118.0255  36.4258  6.0 1988 07 05 18 18 47.88  CDMG  
4.86 -114.0830  44.4560  5.0 1988 07 14 17 31 33    aUSHIS 
4.10 -109.7310  25.1470 10.0 1988 07 20 14 05 11.4  aPDE   
4.01 -121.9140  46.8540 11.0 1988 07 29 04 59 47.27 aPDE   
4.60 -125.4000  42.0230 10.0 1988 08 11 08 00 50.6  aUSHIS 
4.00 -117.9070  32.5033  6.0 1988 08 20 18 15 27.89  CDMG  
4.90 -118.3420  38.4610  9.0 1988 09 19 02 56 31.7  aUSHIS 
4.30 -121.5893  41.5823  0.0 1988 09 30 00 30 13.38  CDMG  
4.40 -110.0830  27.2030 10.0 1988 10 02 16 09 30.82 aPDE   
4.00 -110.9740  42.6360  5.0 1988 11 13 11 53 25.03 aPDE   
4.85 -111.4720  41.9960  6.0 1988 11 19 19 42 37.3  aUSHIS 
4.90 -118.0712  33.5073  6.0 1988 11 20 05 39 28.67  CDMG  
4.40 -118.5600  37.4028  8.2 1988 11 22 07 57 39.28  CDMG  
4.00 -125.5050  47.6610 10.0 1988 11 22 21 48 18.08 aPDE   
4.90 -116.6813  33.9788  8.1 1988 12 16 05 53  5.00  CDMG  
4.20 -120.7015  34.5132  6.0 1989 01 09 23 01 18.07  CDMG  
4.30 -117.7363  32.9475  6.0 1989 01 15 15 39 55.15  CDMG  
5.00 -118.6275  33.9187 11.9 1989 01 19 06 53 28.84  CDMG  
4.40 -110.3490  26.0830 10.0 1989 01 22 19 15 22.38 aPDE   
5.20 -111.6140  38.8240 10.0 1989 01 30 04 06 22.7  aUSHIS 
4.03 -122.2280  48.4290  0.0 1989 02 14 21 41 10.59 aPDE   
4.00 -112.2570  35.9520  5.0 1989 03 05 00 40 30.84 aPDE   
4.55 -123.2570  47.8130 46.0 1989 03 05 06 42 00.6  aUSHIS 
4.00 -113.1920  25.0180 10.0 1989 03 18 11 20 37.49 aPDE   
4.30 -118.9923  34.9140 14.3 1989 03 29 09 29 49.53  CDMG  
4.50 -121.7700  37.4322 11.8 1989 04 03 17 46 34.23  CDMG  
4.25 -117.8060  38.4940  4.0 1989 04 20 12 45 52.77 aPDE   
4.40 -119.8530  48.2300 16.0 1989 05 09 18 28 45.5  aUSHIS 
4.00 -121.9765  41.1820  4.2 1989 05 23 17 02  1.29  CDMG  
4.45 -109.3320  30.8460  5.0 1989 05 25 07 43 18.51 aPDE   
4.30 -121.0000  40.2160  0.0 1989 06 02 09 55 34.41  CDMG  
4.30 -116.8385  34.5967  1.9 1989 06 04 21 33 59.72  CDMG  
4.30 -124.4127  41.5008 22.8 1989 06 10 18 35 10.74  CDMG  
4.10 -124.8950  44.4770 10.0 1989 06 11 12 00 32.92 aPDE   
4.60 -118.1797  34.0275 15.6 1989 06 12 16 57 18.49  CDMG  
4.25 -122.7760  47.4100 44.0 1989 06 18 20 38 37.39 aPDE   
4.30 -121.8515  38.0603 19.9 1989 06 22 01 13 24.18  CDMG  
4.60 -114.2620  30.3950 10.0 1989 06 22 21 06 01.84 aPDE   
4.00 -114.2040  29.7860 10.0 1989 06 22 21 28 51.47 aPDE   
4.65 -112.3730  41.7060  7.0 1989 07 03 22 44 28.6  aUSHIS 
4.60 -118.6285  37.4280 14.4 1989 07 11 04 13 33.71  CDMG  
4.00 -111.0630  44.7540  5.0 1989 07 26 22 38 08.27 aPDE   
4.15 -111.2880  45.8980  0.0 1989 08 07 13 30 50.8  aPDE   
4.10 -122.9423  39.4942 11.4 1989 08 08 23 15  5.78  CDMG  
4.00 -120.4673  39.3748 10.4 1989 09 21 11 48 13.45  CDMG  
4.00 -120.5200  36.4995 12.9 1989 09 30 09 21  2.45  CDMG  
7.00 -121.8773  37.0397 16.8 1989 10 18 00 04 15.26  CDMG  
4.80 -110.2360  25.4580 10.0 1989 10 21 21 09 03.45 aPDE   
5.30 -110.3770  26.3040 10.0 1989 10 22 02 10 57.5  aPDE   
4.10 -125.0990  48.9360 34.0 1989 10 24 10 54 38.6  aPDE   
4.60 -119.6443  38.6035  9.0 1989 11 03 19 09  0.94  CDMG  
4.50 -114.0150  30.8710 10.0 1989 11 12 00 14 39.69 aPDE   
5.16 -110.0760  25.8920 10.0 1989 11 26 19 00 59.83 aPDE   
4.65 -106.8910  34.4550 13.0 1989 11 29 06 54 38.5  aUSHIS 
4.20 -116.7417  33.6457 14.5 1989 12 02 23 16 47.86  CDMG  
4.20 -118.9468  37.6443  7.5 1989 12 04 14 26 53.70  CDMG  
4.70 -121.6417  35.6362  6.0 1989 12 10 04 20 40.29  CDMG  
4.20 -116.0238  33.7338  9.9 1989 12 18 06 27  4.51  CDMG  
4.70 -122.1160  46.6500 19.0 1989 12 24 08 45 58.9  aUSHIS 
4.20 -118.7920  38.7920 10.0 1989 12 31 05 46 12.8  aPDE   
4.30 -120.7850  36.4232 13.6 1990 01 12 09 10 22.37  CDMG  
4.60 -114.4400  30.2220 10.0 1990 01 13 05 47 33.52 aPDE   
5.10 -115.0910  27.6020 10.0 1990 01 13 20 05 10.39 aPDE   
4.80 -118.0000  38.1085  4.0 1990 01 15 05 29  0.05  CDMG  
5.40 -124.3840  40.2438  9.2 1990 01 16 20 08 20.33  CDMG  
4.90 -123.7613  41.1737 37.0 1990 01 18 11 45 25.60  CDMG  
4.20 -113.7300  30.1210 10.0 1990 01 27 06 28 52.07 aPDE   
4.20 -121.0000  34.9533  9.4 1990 02 06 18 14  7.30  CDMG  
4.20 -116.4520  33.5088  9.2 1990 02 18 15 52 59.94  CDMG  
5.40 -117.6973  34.1437  4.5 1990 02 28 23 43 36.75  CDMG  
4.10 -118.6077  37.4758 12.4 1990 03 07 07 16 36.22  CDMG  
4.00 -115.2392  32.3792  6.0 1990 03 31 22 59 48.03  CDMG  
4.30 -117.8138  32.9698  6.0 1990 04 04 08 54 39.39  CDMG  
4.20 -116.1563  33.8708  4.7 1990 04 07 01 07  5.13  CDMG  
4.40 -121.9790  37.8755  8.6 1990 04 07 02 39 17.52  CDMG  
4.79 -122.1610  48.8450 12.0 1990 04 14 05 33 26.6  aPDE   
4.10 -117.6338  32.1000  6.0 1990 05 01 08 41  2.48  CDMG  
4.80 -111.2600  27.3940 10.0 1990 06 11 04 52 52.05 aPDE   
4.00 -116.4142  33.3248  5.2 1990 08 05 21 27  3.79  CDMG  
4.40 -116.0492  33.2472  8.1 1990 08 31 03 38  0.01  CDMG  
4.10 -110.5600  27.1970 10.0 1990 09 06 05 24 31.03 aPDE   
4.10 -124.1735  40.7318 16.3 1990 09 24 09 47  8.58  CDMG  
5.50 -119.1570  38.0470 12.0 1990 10 24 06 15 20.7  aPDE   
4.35 -106.8560  34.4490  6.0 1990 11 08 10 46 53.77 aPDE   
4.00 -121.0000  35.6838  8.1 1990 11 10 03 01 21.12  CDMG  
4.03 -116.4570  38.6730 10.0 1990 11 28 02 48 22.21 aPDE   
4.30 -117.4945  37.3200  0.2 1990 12 13 01 01  1.48  CDMG  
4.20 -118.8458  35.3742  6.0 1990 12 18 16 56 43.09  CDMG  
4.30 -124.4580  40.3905 16.5 1991 01 01 00 20 11.64  CDMG  
4.57 -119.7330  39.2120  5.0 1991 01 02 23 16 35.55 aPDE   
4.00 -119.7728  38.6680  2.5 1991 01 09 17 03 53.58  CDMG  
4.70 -121.5578  36.0308  5.2 1991 02 04 16 38 36.07  CDMG  
5.45 -113.8580  29.6810 10.0 1991 02 14 16 37 22.26 aPDE   
4.40 -113.4020  29.3520 10.0 1991 02 15 04 56 03.02 aPDE   
4.20 -113.2580  30.9730 10.0 1991 02 18 12 51 21.78 aPDE   
4.17 -122.7250  49.6960  5.0 1991 02 19 23 04 56.7  aPDE   
4.00 -118.3947  38.3430  0.8 1991 02 22 19 58 50.12  CDMG  
4.00 -121.7538  37.7050 18.8 1991 03 10 17 46  0.31  CDMG  
4.30 -118.9418  37.6420  6.0 1991 03 25 15 46 14.95  CDMG  
4.10 -118.4297  37.5555  6.6 1991 05 04 18 28 19.20  CDMG  
4.30 -124.9933  40.7543 30.9 1991 05 23 04 08 42.34  CDMG  
4.40 -121.5930  40.7883 12.4 1991 06 14 04 29 37.66  CDMG  
5.40 -117.9995  34.2615 10.5 1991 06 28 14 43 54.50  CDMG  
4.00 -116.5793  34.9085  6.0 1991 06 29 17 53 52.05  CDMG  
4.90 -119.5213  38.4682  7.1 1991 07 01 10 07 23.14  CDMG  
4.50 -113.8570  30.4460 10.0 1991 07 04 11 20 30.56 aPDE   
4.10 -118.5555  34.4970 10.9 1991 07 05 17 41 57.12  CDMG  
6.60 -125.6410  42.1820 11.0 1991 07 13 02 50 14.69 aPDE   
4.68 -111.6600  27.8080 10.0 1991 07 17 05 12 48.36 aPDE   
4.00 -115.9682  33.2125  3.1 1991 07 19 02 41 36.81  CDMG  
4.00 -112.4090  26.7300 10.0 1991 08 02 16 58 24.87 aPDE   
4.10 -118.8408  37.6268  6.0 1991 08 11 06 09 53.49  CDMG  
4.80 -118.7435  38.2195 12.8 1991 08 12 21 11 50.19  CDMG  
4.00 -120.2617  36.1683 10.3 1991 09 15 17 34 35.63  CDMG  
5.20 -121.3335  35.8187  6.0 1991 09 17 21 10 28.95  CDMG  
4.00 -124.6100  40.6938 14.5 1991 09 21 09 44 43.76  CDMG  
4.00 -116.1637  33.8902  2.9 1991 10 12 14 39 32.10  CDMG  
4.60 -110.9120  26.6300 10.0 1991 11 26 13 31 28.66 aPDE   
4.00 -124.9545  40.4813  3.2 1991 11 26 16 18  3.35  CDMG  
4.20 -118.3170  45.9900  9.0 1991 11 28 01 08 58.95 aPDE   
4.20 -116.8035  33.0697 14.9 1991 12 04 07 10 57.59  CDMG  
4.00 -117.0223  34.1777 10.7 1991 12 04 08 17  3.51  CDMG  
4.10 -117.3713  35.5350  7.9 1991 12 20 10 38 29.38  CDMG  
5.45 -109.6930  25.3070 10.0 1991 12 26 00 22 18.42 aPDE   
4.45 -114.1140  44.5600  5.0 1991 12 28 07 00 21.1  aPDE   
4.10 -118.0050  35.7538  6.0 1992 01 12 23 07 51.78  CDMG  
4.00 -121.6112  37.6767 16.6 1992 02 15 14 36 19.66  CDMG  
4.00 -112.3530  44.7700 10.0 1992 02 17 01 32 30.5  aPDE   
4.30 -114.7680  44.4970  5.0 1992 02 17 16 52 40.83 aPDE   
4.00 -117.8893  36.0258  2.9 1992 02 19 11 19 24.87  CDMG  
4.20 -118.7908  32.9753  6.0 1992 03 04 19 06 26.95  CDMG  
4.40 -123.3737  40.5732 35.6 1992 03 09 04 51 15.82  CDMG  
4.03 -112.3550  35.9600  5.0 1992 03 14 05 13 31.64 aPDE   
4.30 -112.0430  40.4650 12.0 1992 03 16 14 42 49.53 aPDE   
4.03 -113.2710  47.2910  5.0 1992 03 21 01 57 43.01 aPDE   
4.00 -113.7290  47.8840  5.0 1992 04 01 11 33 47.71 aPDE   
4.00 -111.0780  43.8320  5.0 1992 04 04 01 30 09.64 aPDE   
4.20 -125.6860  45.1560 10.0 1992 04 04 22 29 40.78 aPDE   
4.30 -117.1292  39.5868  6.0 1992 04 06 04 01 32.93  CDMG  
4.50 -112.4930  28.1200 10.0 1992 04 14 01 31 05.74 aPDE   
6.50 -124.2295  40.3327 10.2 1992 04 25 18 06  5.18  CDMG  
4.67 -113.9780  44.5100 10.0 1992 05 04 09 14 23.29 aPDE   
4.10 -119.5573  38.7320  2.7 1992 05 11 11 20 15.37  CDMG  
5.13 -115.0190  27.3590 10.0 1992 05 22 14 09 31.18 aPDE   
4.00 -115.1220  26.9760 10.0 1992 05 22 16 02 56.52 aPDE   
4.00 -116.1740  32.8215 11.9 1992 05 24 12 22 25.85  CDMG  
5.13 -110.4930  26.2140 10.0 1992 05 25 20 40 30.99 aPDE   
4.40 -111.5540  38.7830  0.0 1992 06 24 07 31 20.21 aPDE   
7.30 -116.4367  34.2002  1.0 1992 06 28 11 57 34.13  CDMG  
4.10 -118.3540  38.3410  2.0 1992 06 28 12 34 00.37 aPDE   
4.70 -116.9043  36.5872  6.0 1992 06 28 13 28 21.60  CDMG  
4.10 -116.5255  35.7473  6.0 1992 06 28 17 16 35.21  CDMG  
4.60 -117.3620  35.1600  4.2 1992 06 29 01 18 13.40  CDMG  
4.10 -116.8002  35.3617 10.8 1992 06 29 03 36 26.79  CDMG  
5.51 -116.2930  36.7050  8.0 1992 06 29 10 14 22.28 aPDE   
4.60 -117.6152  35.6810  4.7 1992 06 30 13 05 36.45  CDMG  
4.10 -121.2097  35.6052  3.0 1992 07 02 13 59 20.49  CDMG  
4.40 -111.7220  26.9400 10.0 1992 07 04 08 43 56.61 aPDE   
4.00 -112.2190  35.9820  5.0 1992 07 05 18 17 29.97 aPDE   
5.70 -118.0657  35.2100 10.7 1992 07 11 18 14 16.15  CDMG  
4.00 -122.0000  40.3238 18.9 1992 07 16 15 38  0.19  CDMG  
4.70 -117.6887  37.8523  4.8 1992 07 17 06 00 36.66  CDMG  
4.20 -119.1120  39.3150  5.0 1992 07 20 20 09 31.52 aPDE   
4.05 -115.6260  39.3560  5.0 1992 07 21 20 58 05.36 aPDE   
4.10 -115.6278  32.6122 15.9 1992 07 27 20 40  8.79  CDMG  
4.10 -117.6787  36.0845  1.1 1992 07 27 22 10 59.79  CDMG  
4.11 -117.2870  37.1300  5.0 1992 07 29 22 24  9.50  CDMG  
4.10 -117.8965  37.5063 36.6 1992 08 04 13 38  3.43  CDMG  
4.70 -116.9523  34.9785  0.0 1992 08 05 22 22 40.82  CDMG  
4.20 -114.1950  30.1440 10.0 1992 08 30 01 17 45.02 aPDE   
5.73 -113.4720  37.0900 15.0 1992 09 02 10 26 20.93 aPDE   
4.30 -119.9110  36.0000 10.6 1992 09 16 06 14 33.28  CDMG  
4.30 -122.7935  38.8598  3.0 1992 09 19 23 04 46.84  CDMG  
5.05 -111.3640  27.5100 10.0 1992 10 03 07 37 25.78 aPDE   
4.10 -118.5800  37.9930  8.0 1992 10 10 17 54 52.2  aPDE   
4.20 -111.7820  27.2060 10.0 1992 10 11 00 55 42.09 aPDE   
4.30 -120.4725  35.9287 10.0 1992 10 20 05 28  8.91  CDMG  
4.50 -119.6768  38.7232  5.4 1992 10 22 12 56 13.82  CDMG  
4.20 -109.8470  26.1800 10.0 1992 10 23 05 26 44.69 aPDE   
4.30 -113.3360  41.4700 10.0 1992 11 04 18 22 09.99 aPDE   
4.53 -109.9590  25.9040 10.0 1992 11 08 02 17 23.08 aPDE   
4.66 -111.4190  43.0900 10.0 1992 11 10 10 54 50.82 aPDE   
4.15 -116.3820  30.3660  5.0 1992 12 02 07 12 11.22 aPDE   
4.20 -120.8420  39.9550 16.0 1992 12 25 04 25 09.6  aPDE   
4.30 -116.3430  39.2050 10.0 1993 01 15 14 17 57.50  CDMG  
4.80 -121.4628  37.0192  7.9 1993 01 16 06 29 34.99  CDMG  
5.00 -115.6620  36.7010  0.0 1993 02 08 00 53 23.10  CDMG  
4.90 -119.6120  40.4290  5.0 1993 02 10 21 48 35.07 aPDE   
4.50 -116.9727  35.0262  3.3 1993 02 11 12 39 36.96  CDMG  
4.05 -114.8230  44.5140  5.0 1993 02 18 16 19 51.52 aPDE   
4.75 -111.9910  28.3550 10.0 1993 02 24 04 27 15.56 aPDE   
5.67 -113.1220  28.7100 10.0 1993 03 05 08 20 55.37 aPDE   
5.56 -122.6070  45.0350 20.0 1993 03 25 13 34 35.44 aPDE   
4.20 -120.4925  35.9418  7.6 1993 04 04 05 21 25.28  CDMG  
4.00 -113.8430  28.4820  5.0 1993 04 05 07 38 02.95 aPDE   
5.32 -112.1120  35.6110 10.0 1993 04 29 08 21 00.81 aPDE   
6.10 -117.7948  37.1680  0.0 1993 05 17 23 20 49.00  CDMG  
4.50 -117.7018  36.0948  0.8 1993 05 20 20 14 14.50  CDMG  
5.20 -119.1037  35.1493 21.4 1993 05 28 04 47 40.60  CDMG  
4.70 -109.9890  25.9460 10.0 1993 06 02 02 08 32.79 aPDE   
4.55 -114.2590  29.9230 10.0 1993 07 08 02 25 09.98 aPDE   
4.30 -118.8822  37.5278  4.8 1993 08 11 05 48 20.98  CDMG  
4.60 -121.6760  37.3123  9.3 1993 08 11 22 33  3.99  CDMG  
4.20 -122.0000  42.7170  3.8 1993 09 21 03 36  0.53  CDMG  
5.70 -122.0000  42.3085  5.5 1993 09 21 05 45 35.15  CDMG  
4.10 -116.2100  37.2010  0.0 1993 09 22 07 01 00.08 aPDE   
4.00 -109.0890  29.9400 10.0 1993 10 05 04 24 16.1  aPDE   
4.10 -121.1727  36.5813  7.6 1993 10 11 07 19 45.17  CDMG  
4.10 -115.0677  32.3657  6.0 1993 10 11 18 59 45.05  CDMG  
4.70 -119.7788  37.3198 25.4 1993 10 25 02 59  6.10  CDMG  
4.00 -116.6520  34.9473  6.0 1993 10 26 09 24  7.36  CDMG  
4.05 -118.1970  38.1630  5.0 1993 10 29 11 53 33.02 aPDE   
4.31 -114.8450  44.4300 10.0 1993 11 10 14 54 24.93 aPDE   
4.60 -120.4968  35.9523 11.6 1993 11 14 12 25 34.87  CDMG  
5.10 -118.9355  37.6293  6.0 1993 11 28 08 21 22.96  CDMG  
4.70 -102.7370  27.8310  5.0 1993 12 05 00 58 20.23 aPDE   
4.00 -115.3590  32.3655  6.0 1993 12 20 17 37  2.49  CDMG  
4.20 -121.7365  36.9872 14.8 1994 01 11 10 53 52.23  CDMG  
4.80 -119.8458  38.7733 14.2 1994 01 16 16 59 33.60  CDMG  
6.70 -118.5370  34.2133 18.4 1994 01 17 12 30 55.39  CDMG  
4.10 -122.4513  38.8012 11.3 1994 01 17 14 46 12.07  CDMG  
5.63 -110.9760  42.7620  7.0 1994 02 03 09 05 04.2  aPDE   
4.10 -116.9032  36.4860  6.0 1994 02 04 00 10  8.56  CDMG  
4.00 -115.3530  30.7450  5.0 1994 02 14 09 06 12.93 aPDE   
4.05 -114.1210  29.2960  5.0 1994 03 15 18 58 46.38 aPDE   
4.40 -120.3047  36.1835 12.1 1994 03 31 19 59 59.72  CDMG  
4.20 -115.8910  31.6280  5.0 1994 04 07 18 32 11.69 aPDE   
4.88 -114.0030  44.4930  5.0 1994 06 07 13 30 03.47 aPDE   
4.10 -114.5060  30.0310  1.0 1994 06 11 19 28 52.45 aPDE   
4.15 -121.2700  47.6210  0.0 1994 06 18 07 01 07.29 aPDE   
4.00 -122.2890  37.9173  7.4 1994 06 26 08 42 50.24  CDMG  
4.10 -118.2413  37.9290  6.0 1994 07 03 23 42 38.84  CDMG  
4.20 -114.3730  30.5110 35.0 1994 08 08 21 17 08.37 aPDE   
4.12 -112.3270  38.0780  5.0 1994 09 06 03 48 37.63 aPDE   
5.80 -119.6520  38.8190 14.0 1994 09 12 12 23 43.25 aPDE   
5.00 -109.6320  25.7040 10.0 1994 10 27 09 14 35.13 aPDE   
4.26 -122.0440  42.3800  7.0 1994 11 17 20 29 49.59 aPDE   
4.10 -114.3420  29.7540 10.0 1994 12 13 18 42 50.52 aPDE-W 
4.80 -111.1230  25.7140 10.0 1994 12 27 18 53 56.84 aPDE-W 
4.10 -113.8300  29.6850 10.0 1995 01 06 17 38 20.41 aPDE-W 
4.47 -114.7770  44.4950  5.0 1995 01 28 06 26 21.67 aPDE-W 
4.98 -122.3650  47.3880 17.0 1995 01 29 03 11 22.67 aPDE-W 
4.17 -117.4080  31.6750  5.0 1995 01 29 16 02 26.54 aPDE-W 
4.33 -118.8360  37.5970 11.0 1995 03 05 00 07 03.06 aPDE-W 
4.20 -114.3510  31.2650 35.0 1995 03 26 14 32 06.41 aPDE-W 
4.10 -115.4250  44.7940  5.0 1995 04 11 12 20 55.1  aPDE-W 
5.70 -103.3250  30.2440  5.0 1995 04 14 00 32 54.21 aPDE-W 
4.15 -112.2300  35.9660  5.0 1995 04 17 08 23 46.3  aPDE-W 
4.30 -114.4570  48.1530  5.0 1995 05 02 19 31 01.19 aPDE-W 
4.15 -121.9420  46.8810 13.0 1995 05 20 12 48 48.21 aPDE-W 
