{
"type": "FeatureCollection",
"name": "coastline_25_50N_90_65W",
"crs": { "type": "name", "properties": { "name": "urn:ogc:def:crs:OGC:1.3:CRS84" } },
"features": [
{ "type": "Feature", "properties": { "featurecla": "Coastline", "scalerank": 3, "min_zoom": 2.0 }, "geometry": { "type": "MultiLineString", "coordinates": [ [ [ -76.161285, 25.165717 ], [ -76.223704, 25.208075 ], [ -76.284169, 25.261908 ], [ -76.335764, 25.327094 ], [ -76.351633, 25.338609 ], [ -76.368276, 25.342719 ], [ -76.41454, 25.344468 ], [ -76.460927, 25.35456 ], [ -76.497629, 25.373481 ], [ -76.624582, 25.46247 ], [ -76.64391, 25.467353 ], [ -76.652984, 25.477973 ], [ -76.661977, 25.49726 ], [ -76.673166, 25.506659 ], [ -76.688873, 25.48786 ], [ -76.691314, 25.508857 ], [ -76.690989, 25.525946 ], [ -76.686147, 25.541327 ], [ -76.675201, 25.556789 ], [ -76.686757, 25.562079 ], [ -76.702301, 25.563951 ], [ -76.736684, 25.563625 ], [ -76.729848, 25.563625 ], [ -76.745513, 25.489244 ], [ -76.759511, 25.450019 ], [ -76.784495, 25.426418 ], [ -76.769399, 25.424058 ], [ -76.734283, 25.44184 ], [ -76.712758, 25.446926 ], [ -76.693674, 25.44477 ], [ -76.652333, 25.43537 ], [ -76.630523, 25.433254 ], [ -76.591217, 25.422553 ], [ -76.530832, 25.370429 ], [ -76.489613, 25.351304 ], [ -76.409535, 25.335191 ], [ -76.371571, 25.322496 ], [ -76.346262, 25.303534 ], [ -76.263743, 25.193671 ], [ -76.232289, 25.170966 ], [ -76.19636, 25.154283 ], [ -76.164947, 25.129828 ], [ -76.147043, 25.083808 ], [ -76.146718, 25.062445 ], [ -76.154449, 25.005316 ], [ -76.158033566853931, 25.0 ] ], [ [ -76.12862421306302, 25.0 ], [ -76.126576, 25.005316 ], [ -76.1256, 25.014065 ], [ -76.121327, 25.030097 ], [ -76.112904, 25.114895 ], [ -76.118276, 25.133938 ], [ -76.131256, 25.147773 ], [ -76.161285, 25.165717 ] ] ] } },
{ "type": "Feature", "properties": { "featurecla": "Coastline", "scalerank": 6, "min_zoom": 6.3 }, "geometry": { "type": "LineString", "coordinates": [ [ -76.828954, 25.531715 ], [ -76.817984, 25.532498 ], [ -76.809364, 25.529364 ], [ -76.810932, 25.523879 ], [ -76.828954, 25.516827 ], [ -76.848543, 25.516827 ], [ -76.86108, 25.508208 ], [ -76.87205, 25.506641 ], [ -76.872834, 25.514476 ], [ -76.857162, 25.523879 ], [ -76.844625, 25.52623 ], [ -76.828954, 25.531715 ] ] } },
{ "type": "Feature", "properties": { "featurecla": "Coastline", "scalerank": 6, "min_zoom": 6.3 }, "geometry": { "type": "LineString", "coordinates": [ [ -76.770186, 25.551304 ], [ -76.758432, 25.548954 ], [ -76.745895, 25.545036 ], [ -76.749813, 25.539551 ], [ -76.760783, 25.540334 ], [ -76.787424, 25.541901 ], [ -76.781156, 25.54817 ], [ -76.770186, 25.551304 ] ] } },
{ "type": "Feature", "properties": { "featurecla": "Coastline", "scalerank": 5, "min_zoom": 4.0 }, "geometry": { "type": "LineString", "coordinates": [ [ -76.565338, 34.670966 ], [ -76.634267, 34.691474 ], [ -76.654775, 34.691474 ], [ -76.654775, 34.684556 ], [ -76.643219, 34.678412 ], [ -76.592681, 34.66352 ], [ -76.556223, 34.640611 ], [ -76.551666, 34.636868 ], [ -76.537709, 34.642157 ], [ -76.542144, 34.652899 ], [ -76.554799, 34.664211 ], [ -76.565338, 34.670966 ] ] } },
{ "type": "Feature", "properties": { "featurecla": "Coastline", "scalerank": 6, "min_zoom": 6.0 }, "geometry": { "type": "LineString", "coordinates": [ [ -76.89745, 34.698228 ], [ -77.054433, 34.674872 ], [ -77.082387, 34.665473 ], [ -77.099762, 34.649848 ], [ -76.827504, 34.702948 ], [ -76.801869, 34.705146 ], [ -76.681467, 34.698228 ], [ -76.681467, 34.705146 ], [ -76.733551, 34.717597 ], [ -76.89745, 34.698228 ] ] } },
{ "type": "Feature", "properties": { "featurecla": "Coastline", "scalerank": 3, "min_zoom": 4.0 }, "geometry": { "type": "LineString", "coordinates": [ [ -76.256256, 34.913642 ], [ -76.262318, 34.906724 ], [ -76.304677, 34.883246 ], [ -76.407786, 34.79442 ], [ -76.525054, 34.637844 ], [ -76.539215, 34.608222 ], [ -76.530629, 34.589057 ], [ -76.519643, 34.61579 ], [ -76.395985, 34.787584 ], [ -76.340403, 34.838446 ], [ -76.322092, 34.849066 ], [ -76.299875, 34.858588 ], [ -76.249664, 34.903225 ], [ -76.222768, 34.917426 ], [ -76.20226, 34.944729 ], [ -76.215972, 34.940334 ], [ -76.233957, 34.931708 ], [ -76.249501, 34.921861 ], [ -76.256256, 34.913642 ] ] } },
{ "type": "Feature", "properties": { "featurecla": "Coastline", "scalerank": 6, "min_zoom": 6.0 }, "geometry": { "type": "LineString", "coordinates": [ [ -76.078114, 35.071601 ], [ -76.081532, 35.062201 ], [ -76.088979, 35.055243 ], [ -76.096506, 35.049628 ], [ -76.099843, 35.044623 ], [ -76.106435, 35.030341 ], [ -76.137278, 35.003404 ], [ -76.147043, 34.992499 ], [ -76.140859, 34.992499 ], [ -76.1256, 35.011542 ], [ -76.051422, 35.054592 ], [ -76.047515, 35.055732 ], [ -76.043935, 35.056301 ], [ -76.040598, 35.057685 ], [ -76.03718, 35.061347 ], [ -76.059682, 35.071479 ], [ -76.072499, 35.074774 ], [ -76.078114, 35.071601 ] ] } },
{ "type": "Feature", "properties": { "featurecla": "Coastline", "scalerank": 5, "min_zoom": 4.0 }, "geometry": { "type": "LineString", "coordinates": [ [ -75.98998, 35.12344 ], [ -75.99885, 35.097073 ], [ -76.005971, 35.08515 ], [ -76.017323, 35.075019 ], [ -75.90807, 35.136461 ], [ -75.817372, 35.162909 ], [ -75.798207, 35.178046 ], [ -75.782094, 35.185858 ], [ -75.77599, 35.190741 ], [ -75.770253, 35.197943 ], [ -75.798899, 35.184231 ], [ -75.886342, 35.156968 ], [ -75.939849, 35.126899 ], [ -75.96703, 35.117743 ], [ -75.98998, 35.12344 ] ] } },
{ "type": "Feature", "properties": { "featurecla": "Coastline", "scalerank": 3, "min_zoom": 3.0 }, "geometry": { "type": "LineString", "coordinates": [ [ -75.476064, 35.69538 ], [ -75.478749, 35.717231 ], [ -75.486684, 35.743801 ], [ -75.499501, 35.767483 ], [ -75.517079, 35.780748 ], [ -75.526112, 35.775702 ], [ -75.520009, 35.756659 ], [ -75.502756, 35.722724 ], [ -75.500966, 35.703315 ], [ -75.475819, 35.630113 ], [ -75.46935, 35.588772 ], [ -75.468617, 35.56509 ], [ -75.471669, 35.554348 ], [ -75.48526, 35.53205 ], [ -75.489125, 35.520697 ], [ -75.488759, 35.509223 ], [ -75.483632, 35.489936 ], [ -75.482249, 35.479071 ], [ -75.484527, 35.456692 ], [ -75.494374, 35.420478 ], [ -75.498769, 35.38288 ], [ -75.510894, 35.333686 ], [ -75.517079, 35.321479 ], [ -75.516347, 35.291002 ], [ -75.543121, 35.273098 ], [ -75.61262, 35.25259 ], [ -75.675364, 35.225816 ], [ -75.679799, 35.225246 ], [ -75.68106, 35.228013 ], [ -75.681956, 35.231513 ], [ -75.684967, 35.233303 ], [ -75.690338, 35.23135 ], [ -75.692372, 35.226874 ], [ -75.693023, 35.221991 ], [ -75.694569, 35.219062 ], [ -75.698964, 35.21483 ], [ -75.701568, 35.210028 ], [ -75.705963, 35.206244 ], [ -75.715688, 35.20539 ], [ -75.72468, 35.200914 ], [ -75.733388, 35.194037 ], [ -75.735748, 35.18769 ], [ -75.725575, 35.184882 ], [ -75.717519, 35.186916 ], [ -75.70401, 35.19595 ], [ -75.698313, 35.197943 ], [ -75.6822, 35.201239 ], [ -75.644439, 35.215766 ], [ -75.623158, 35.219062 ], [ -75.585317, 35.233303 ], [ -75.5537, 35.232001 ], [ -75.543772, 35.233303 ], [ -75.52538, 35.243964 ], [ -75.515614, 35.260199 ], [ -75.490834, 35.336412 ], [ -75.47057, 35.504788 ], [ -75.451812, 35.582506 ], [ -75.454945, 35.623114 ], [ -75.473541, 35.674872 ], [ -75.476064, 35.69538 ] ] } },
{ "type": "Feature", "properties": { "featurecla": "Coastline", "scalerank": 5, "min_zoom": 4.0 }, "geometry": { "type": "LineString", "coordinates": [ [ -75.715688, 35.92475 ], [ -75.707753, 35.913398 ], [ -75.678456, 35.886908 ], [ -75.670644, 35.871324 ], [ -75.666168, 35.852281 ], [ -75.659291, 35.836005 ], [ -75.643951, 35.829169 ], [ -75.625356, 35.830146 ], [ -75.622141, 35.834662 ], [ -75.621897, 35.844916 ], [ -75.61262, 35.863267 ], [ -75.647043, 35.899237 ], [ -75.659332, 35.915432 ], [ -75.661041, 35.92475 ], [ -75.667388, 35.929511 ], [ -75.674062, 35.933295 ], [ -75.688344, 35.938422 ], [ -75.695221, 35.94245 ], [ -75.703765, 35.945705 ], [ -75.713043, 35.946967 ], [ -75.721832, 35.945258 ], [ -75.729888, 35.939399 ], [ -75.727773, 35.934556 ], [ -75.721262, 35.929999 ], [ -75.715688, 35.92475 ] ] } },
{ "type": "Feature", "properties": { "featurecla": "Coastline", "scalerank": 6, "min_zoom": 5.0 }, "geometry": { "type": "LineString", "coordinates": [ [ -75.903773, 37.129214 ], [ -75.892816, 37.140674 ], [ -75.894323, 37.16124 ], [ -75.901795, 37.175594 ], [ -75.906214, 37.19459 ], [ -75.90542, 37.234426 ], [ -75.895603, 37.25297 ], [ -75.889483, 37.280405 ], [ -75.873971, 37.29038 ], [ -75.858675, 37.282514 ], [ -75.851752, 37.270773 ], [ -75.854055, 37.260885 ], [ -75.867196, 37.254112 ], [ -75.876666, 37.240672 ], [ -75.883246, 37.218648 ], [ -75.877139, 37.205593 ], [ -75.869314, 37.198439 ], [ -75.857644, 37.194053 ], [ -75.83955, 37.192794 ], [ -75.823227, 37.196323 ], [ -75.817302, 37.20699 ], [ -75.811724, 37.209081 ], [ -75.810779, 37.200169 ], [ -75.816242, 37.186076 ], [ -75.829064, 37.17674 ], [ -75.849591, 37.163584 ], [ -75.871328, 37.142872 ], [ -75.88652, 37.123106 ], [ -75.89946, 37.11731 ], [ -75.914537, 37.112323 ], [ -75.928602, 37.112222 ], [ -75.926317, 37.117844 ], [ -75.915384, 37.118545 ], [ -75.907616, 37.12296 ], [ -75.903773, 37.129214 ] ] } },
{ "type": "Feature", "properties": { "featurecla": "Coastline", "scalerank": 6, "min_zoom": 6.0 }, "geometry": { "type": "LineString", "coordinates": [ [ -75.656127, 37.461506 ], [ -75.670329, 37.462844 ], [ -75.676477, 37.455073 ], [ -75.684319, 37.436735 ], [ -75.707946, 37.398615 ], [ -75.724574, 37.373899 ], [ -75.719214, 37.368298 ], [ -75.685038, 37.414915 ], [ -75.66043, 37.443184 ], [ -75.656127, 37.461506 ] ] } },
{ "type": "Feature", "properties": { "featurecla": "Coastline", "scalerank": 6, "min_zoom": 6.0 }, "geometry": { "type": "LineString", "coordinates": [ [ -75.621981, 37.57112 ], [ -75.634227, 37.558354 ], [ -75.643929, 37.534846 ], [ -75.662195, 37.504462 ], [ -75.674375, 37.485835 ], [ -75.670617, 37.477057 ], [ -75.659575, 37.482976 ], [ -75.642532, 37.511397 ], [ -75.602195, 37.562408 ], [ -75.599806, 37.575131 ], [ -75.613392, 37.578003 ], [ -75.621981, 37.57112 ] ] } },
{ "type": "Feature", "properties": { "featurecla": "Coastline", "scalerank": 6, "min_zoom": 6.0 }, "geometry": { "type": "LineString", "coordinates": [ [ -76.005365, 38.026514 ], [ -76.010464, 38.0358 ], [ -76.017354, 38.038693 ], [ -76.029128, 38.033697 ], [ -76.040285, 38.029195 ], [ -76.039459, 38.021145 ], [ -76.013539, 38.010484 ], [ -76.003041, 38.000963 ], [ -76.013649, 37.991615 ], [ -76.030564, 37.999827 ], [ -76.046132, 37.999416 ], [ -76.051422, 37.994086 ], [ -76.045255, 37.980088 ], [ -76.045065, 37.96537 ], [ -76.043613, 37.949192 ], [ -76.036786, 37.950718 ], [ -76.033103, 37.954671 ], [ -76.027453, 37.95079 ], [ -76.029832, 37.941942 ], [ -76.031545, 37.929664 ], [ -76.029496, 37.914962 ], [ -76.026368, 37.913515 ], [ -76.022818, 37.92826 ], [ -76.017226, 37.928794 ], [ -76.019823, 37.937604 ], [ -76.01928, 37.943986 ], [ -76.01687, 37.950381 ], [ -76.021359, 37.96114 ], [ -76.010153, 37.960734 ], [ -76.005049, 37.950472 ], [ -75.995651, 37.945147 ], [ -75.989768, 37.973151 ], [ -75.981291, 37.992836 ], [ -75.987207, 38.018796 ], [ -76.005365, 38.026514 ] ] } },
{ "type": "Feature", "properties": { "featurecla": "Coastline", "scalerank": 5, "min_zoom": 3.0 }, "geometry": { "type": "LineString", "coordinates": [ [ -75.15331, 38.207017 ], [ -75.179311, 38.168199 ], [ -75.190338, 38.142727 ], [ -75.194895, 38.113959 ], [ -75.199818, 38.103827 ], [ -75.229644, 38.069892 ], [ -75.25064, 38.036892 ], [ -75.254465, 38.030911 ], [ -75.278554, 38.007636 ], [ -75.297597, 37.984931 ], [ -75.304758, 37.973619 ], [ -75.318267, 37.940375 ], [ -75.325266, 37.932685 ], [ -75.330474, 37.922431 ], [ -75.339101, 37.916205 ], [ -75.350087, 37.913031 ], [ -75.367965, 37.909091 ], [ -75.3745, 37.897758 ], [ -75.363727, 37.894951 ], [ -75.349957, 37.88932 ], [ -75.358276, 37.874212 ], [ -75.369018, 37.869472 ], [ -75.388778, 37.878387 ], [ -75.400127, 37.874113 ], [ -75.392913, 37.864699 ], [ -75.378535, 37.855773 ], [ -75.365411, 37.862877 ], [ -75.352278, 37.867622 ], [ -75.342143, 37.875661 ], [ -75.326039, 37.892279 ], [ -75.313581, 37.919095 ], [ -75.23408, 38.038601 ], [ -75.228871, 38.047512 ], [ -75.189695, 38.08978 ], [ -75.171197, 38.148289 ], [ -75.138661, 38.218817 ], [ -75.102691, 38.273139 ], [ -75.092437, 38.302639 ], [ -75.098704, 38.302639 ], [ -75.114369, 38.280219 ], [ -75.15331, 38.207017 ] ] } },
{ "type": "Feature", "properties": { "featurecla": "Coastline", "scalerank": 6, "min_zoom": 6.0 }, "geometry": { "type": "LineString", "coordinates": [ [ -76.03323, 38.148551 ], [ -76.025944, 38.153421 ], [ -76.029782, 38.165901 ], [ -76.023819, 38.178458 ], [ -76.036218, 38.189908 ], [ -76.048608, 38.200408 ], [ -76.064461, 38.19451 ], [ -76.079009, 38.182844 ], [ -76.083608, 38.160666 ], [ -76.06276, 38.158907 ], [ -76.03323, 38.148551 ] ] } },
{ "type": "Feature", "properties": { "featurecla": "Coastline", "scalerank": 6, "min_zoom": 6.0 }, "geometry": { "type": "LineString", "coordinates": [ [ -74.358795, 39.44717 ], [ -74.371734, 39.436591 ], [ -74.386627, 39.40648 ], [ -74.39977, 39.399359 ], [ -74.413564, 39.404771 ], [ -74.421702, 39.416938 ], [ -74.430898, 39.42536 ], [ -74.44815, 39.419867 ], [ -74.425526, 39.393744 ], [ -74.393381, 39.389146 ], [ -74.359242, 39.401557 ], [ -74.330922, 39.426093 ], [ -74.31786, 39.454006 ], [ -74.313344, 39.455146 ], [ -74.304921, 39.459784 ], [ -74.302113, 39.464748 ], [ -74.351633, 39.470201 ], [ -74.367543, 39.465033 ], [ -74.358795, 39.44717 ] ] } },
{ "type": "Feature", "properties": { "featurecla": "Coastline", "scalerank": 5, "min_zoom": 4.0 }, "geometry": { "type": "LineString", "coordinates": [ [ -74.132883, 39.714667 ], [ -74.159987, 39.685464 ], [ -74.240072, 39.575388 ], [ -74.25464, 39.547362 ], [ -74.254465, 39.534613 ], [ -74.255767, 39.529731 ], [ -74.256418, 39.522203 ], [ -74.231632, 39.552991 ], [ -74.184308, 39.615555 ], [ -74.147901, 39.665896 ], [ -74.129682, 39.70129 ], [ -74.105784, 39.729153 ], [ -74.098134, 39.755683 ], [ -74.109486, 39.748928 ], [ -74.118276, 39.737982 ], [ -74.132883, 39.714667 ] ] } },
{ "type": "Feature", "properties": { "featurecla": "Coastline", "scalerank": 5, "min_zoom": 3.0 }, "geometry": { "type": "LineString", "coordinates": [ [ -74.126088, 40.63349 ], [ -74.153631, 40.63749 ], [ -74.170927, 40.64341 ], [ -74.182419, 40.637422 ], [ -74.191802, 40.628264 ], [ -74.194352, 40.612766 ], [ -74.197895, 40.584956 ], [ -74.201487, 40.569856 ], [ -74.207196, 40.560311 ], [ -74.218665, 40.553132 ], [ -74.232759, 40.547929 ], [ -74.241603, 40.539165 ], [ -74.23893, 40.527259 ], [ -74.239392, 40.51694 ], [ -74.24826, 40.512937 ], [ -74.252944, 40.507354 ], [ -74.250831, 40.501397 ], [ -74.242984, 40.499435 ], [ -74.228369, 40.502258 ], [ -74.209069, 40.509463 ], [ -74.192361, 40.511489 ], [ -74.179855, 40.519861 ], [ -74.163164, 40.527447 ], [ -74.148037, 40.534629 ], [ -74.139674, 40.534644 ], [ -74.133918, 40.532668 ], [ -74.102103, 40.55457 ], [ -74.053569, 40.602704 ], [ -74.061451, 40.614609 ], [ -74.071941, 40.623332 ], [ -74.074615, 40.634033 ], [ -74.07145, 40.638031 ], [ -74.073052, 40.644372 ], [ -74.076716, 40.648744 ], [ -74.083536, 40.649518 ], [ -74.09732, 40.6435 ], [ -74.11026, 40.637763 ], [ -74.126088, 40.63349 ] ] } },
{ "type": "Feature", "properties": { "featurecla": "Coastline", "scalerank": 6, "min_zoom": 6.0 }, "geometry": { "type": "LineString", "coordinates": [ [ -73.256144, 40.639052 ], [ -73.248402, 40.64772 ], [ -73.269457, 40.649296 ], [ -73.318311, 40.646662 ], [ -73.339384, 40.644593 ], [ -73.357601, 40.640328 ], [ -73.377738, 40.634617 ], [ -73.400733, 40.629641 ], [ -73.443847, 40.618936 ], [ -73.566393, 40.59032 ], [ -73.57412, 40.575093 ], [ -73.389516, 40.616767 ], [ -73.320324, 40.635056 ], [ -73.256144, 40.639052 ] ] } },
{ "type": "Feature", "properties": { "featurecla": "Coastline", "scalerank": 6, "min_zoom": 6.0 }, "geometry": { "type": "LineString", "coordinates": [ [ -70.830471, 41.260366 ], [ -70.821935, 41.260393 ], [ -70.814021, 41.263167 ], [ -70.809126, 41.259514 ], [ -70.801798, 41.256785 ], [ -70.801756, 41.248076 ], [ -70.810903, 41.248046 ], [ -70.823108, 41.25076 ], [ -70.832282, 41.256692 ], [ -70.830471, 41.260366 ] ] } },
{ "type": "Feature", "properties": { "featurecla": "Coastline", "scalerank": 3, "min_zoom": 3.0 }, "geometry": { "type": "LineString", "coordinates": [ [ -70.054149, 41.392686 ], [ -70.037221, 41.37287 ], [ -70.044301, 41.350979 ], [ -70.07608, 41.311103 ], [ -70.060292, 41.316636 ], [ -70.032338, 41.339504 ], [ -70.014027, 41.344631 ], [ -70.02009, 41.330797 ], [ -70.031402, 41.317532 ], [ -70.04601, 41.307563 ], [ -70.071401, 41.301581 ], [ -70.081939, 41.292548 ], [ -70.089711, 41.289984 ], [ -70.097768, 41.290432 ], [ -70.106801, 41.295233 ], [ -70.124288, 41.295871 ], [ -70.161051, 41.292967 ], [ -70.217288, 41.297427 ], [ -70.240816, 41.300932 ], [ -70.256288, 41.30916 ], [ -70.272358, 41.311348 ], [ -70.278112, 41.307907 ], [ -70.256349, 41.292767 ], [ -70.233144, 41.283759 ], [ -70.137745, 41.247152 ], [ -70.097596, 41.24183 ], [ -70.043038, 41.243334 ], [ -70.00113, 41.239257 ], [ -69.967149, 41.249453 ], [ -69.95776, 41.275748 ], [ -69.974965, 41.302191 ], [ -70.005279, 41.342719 ], [ -70.019202, 41.370117 ], [ -70.02887, 41.38612 ], [ -70.039746, 41.394359 ], [ -70.052396, 41.396562 ], [ -70.054149, 41.392686 ] ] } },
{ "type": "Feature", "properties": { "featurecla": "Coastline", "scalerank": 3, "min_zoom": 3.0 }, "geometry": { "type": "LineString", "coordinates": [ [ -70.576405, 41.427802 ], [ -70.556549, 41.43651 ], [ -70.546254, 41.444281 ], [ -70.545766, 41.453925 ], [ -70.555898, 41.468736 ], [ -70.570424, 41.473944 ], [ -70.579498, 41.465888 ], [ -70.588775, 41.454169 ], [ -70.603668, 41.448228 ], [ -70.593007, 41.471666 ], [ -70.605133, 41.474026 ], [ -70.659901, 41.456529 ], [ -70.689605, 41.433092 ], [ -70.702626, 41.427802 ], [ -70.715321, 41.420356 ], [ -70.742177, 41.384833 ], [ -70.754506, 41.372504 ], [ -70.781972, 41.354234 ], [ -70.846221, 41.354071 ], [ -70.846221, 41.346666 ], [ -70.834055, 41.339911 ], [ -70.814971, 41.320705 ], [ -70.804677, 41.312567 ], [ -70.786407, 41.304145 ], [ -70.775909, 41.304389 ], [ -70.74767, 41.331 ], [ -70.723948, 41.342719 ], [ -70.696278, 41.351508 ], [ -70.666005, 41.357001 ], [ -70.525014, 41.359076 ], [ -70.507436, 41.362616 ], [ -70.517405, 41.41352 ], [ -70.549306, 41.414537 ], [ -70.563344, 41.418687 ], [ -70.576405, 41.427802 ] ] } },
{ "type": "Feature", "properties": { "featurecla": "Coastline", "scalerank": 6, "min_zoom": 6.0 }, "geometry": { "type": "LineString", "coordinates": [ [ -70.5006, 41.393622 ], [ -70.494781, 41.38231 ], [ -70.481272, 41.369574 ], [ -70.465484, 41.360256 ], [ -70.45287, 41.358873 ], [ -70.446685, 41.367418 ], [ -70.444936, 41.382025 ], [ -70.446034, 41.41352 ], [ -70.455719, 41.429633 ], [ -70.470693, 41.420315 ], [ -70.486928, 41.402655 ], [ -70.5006, 41.393622 ] ] } },
{ "type": "Feature", "properties": { "featurecla": "Coastline", "scalerank": 6, "min_zoom": 6.0 }, "geometry": { "type": "LineString", "coordinates": [ [ -70.871176, 41.43867 ], [ -70.859465, 41.448265 ], [ -70.856494, 41.443128 ], [ -70.848598, 41.434332 ], [ -70.854454, 41.429168 ], [ -70.875984, 41.422481 ], [ -70.892654, 41.422422 ], [ -70.906386, 41.422371 ], [ -70.927917, 41.41862 ], [ -70.938665, 41.41122 ], [ -70.948503, 41.414124 ], [ -70.940678, 41.420775 ], [ -70.92603, 41.428917 ], [ -70.911335, 41.429706 ], [ -70.897646, 41.436372 ], [ -70.871176, 41.43867 ] ] } },
{ "type": "Feature", "properties": { "featurecla": "Coastline", "scalerank": 6, "min_zoom": 6.0 }, "geometry": { "type": "LineString", "coordinates": [ [ -70.724354, 41.5111 ], [ -70.710638, 41.519214 ], [ -70.694926, 41.517037 ], [ -70.679194, 41.51045 ], [ -70.699784, 41.502327 ], [ -70.718398, 41.491998 ], [ -70.742893, 41.481654 ], [ -70.758565, 41.475741 ], [ -70.757554, 41.468393 ], [ -70.768306, 41.459546 ], [ -70.790816, 41.449199 ], [ -70.808457, 41.446946 ], [ -70.832951, 41.442465 ], [ -70.839861, 41.450531 ], [ -70.828125, 41.457182 ], [ -70.813403, 41.455018 ], [ -70.802653, 41.463133 ], [ -70.782124, 41.478623 ], [ -70.742967, 41.500766 ], [ -70.724354, 41.5111 ] ] } },
{ "type": "Feature", "properties": { "featurecla": "Coastline", "scalerank": 5, "min_zoom": 4.0 }, "geometry": { "type": "LineString", "coordinates": [ [ -71.357818, 41.558173 ], [ -71.35912, 41.566392 ], [ -71.362416, 41.572455 ], [ -71.368398, 41.576239 ], [ -71.377675, 41.577948 ], [ -71.39269, 41.54267 ], [ -71.395334, 41.526435 ], [ -71.384429, 41.517157 ], [ -71.387807, 41.512885 ], [ -71.389475, 41.509223 ], [ -71.392201, 41.505927 ], [ -71.398793, 41.502875 ], [ -71.395172, 41.490912 ], [ -71.40099, 41.468451 ], [ -71.398793, 41.4619 ], [ -71.392649, 41.463284 ], [ -71.384145, 41.469468 ], [ -71.376088, 41.476996 ], [ -71.371449, 41.482367 ], [ -71.365631, 41.495347 ], [ -71.360422, 41.514553 ], [ -71.357289, 41.536566 ], [ -71.357818, 41.558173 ] ] } },
{ "type": "Feature", "properties": { "featurecla": "Coastline", "scalerank": 5, "min_zoom": 4.0 }, "geometry": { "type": "LineString", "coordinates": [ [ -71.285512, 41.581732 ], [ -71.291086, 41.578274 ], [ -71.305776, 41.571723 ], [ -71.308827, 41.567776 ], [ -71.308176, 41.553168 ], [ -71.309153, 41.546088 ], [ -71.312489, 41.540758 ], [ -71.322255, 41.530422 ], [ -71.325551, 41.519965 ], [ -71.32136, 41.508531 ], [ -71.308827, 41.495429 ], [ -71.319976, 41.488471 ], [ -71.351308, 41.477851 ], [ -71.357818, 41.47248 ], [ -71.354563, 41.458319 ], [ -71.346181, 41.454739 ], [ -71.33495, 41.459052 ], [ -71.323069, 41.468736 ], [ -71.303212, 41.466376 ], [ -71.285959, 41.482001 ], [ -71.264801, 41.49608 ], [ -71.233632, 41.489203 ], [ -71.238026, 41.500312 ], [ -71.237538, 41.509508 ], [ -71.235097, 41.518988 ], [ -71.233632, 41.530829 ], [ -71.232574, 41.605902 ], [ -71.220611, 41.640041 ], [ -71.220611, 41.660549 ], [ -71.232737, 41.652777 ], [ -71.257802, 41.640692 ], [ -71.267812, 41.632636 ], [ -71.27359, 41.620998 ], [ -71.279449, 41.593085 ], [ -71.285512, 41.581732 ] ] } },
{ "type": "Feature", "properties": { "featurecla": "Coastline", "scalerank": 6, "min_zoom": 6.0 }, "geometry": { "type": "LineString", "coordinates": [ [ -69.973012, 41.653713 ], [ -69.981028, 41.627672 ], [ -70.021474, 41.550727 ], [ -70.002105, 41.553778 ], [ -69.976226, 41.612291 ], [ -69.959381, 41.632636 ], [ -69.95995, 41.640692 ], [ -69.961293, 41.646959 ], [ -69.965077, 41.651353 ], [ -69.973012, 41.653713 ] ] } },
{ "type": "Feature", "properties": { "featurecla": "Coastline", "scalerank": 6, "min_zoom": 6.0 }, "geometry": { "type": "LineString", "coordinates": [ [ -71.315094, 41.580797 ], [ -71.304677, 41.604234 ], [ -71.303375, 41.62637 ], [ -71.317698, 41.63288 ], [ -71.330719, 41.647203 ], [ -71.335927, 41.65762 ], [ -71.343739, 41.67064 ], [ -71.355458, 41.660224 ], [ -71.359364, 41.641995 ], [ -71.35676, 41.631578 ], [ -71.335927, 41.62637 ], [ -71.330719, 41.610745 ], [ -71.337229, 41.592515 ], [ -71.337229, 41.582099 ], [ -71.330719, 41.575588 ], [ -71.315094, 41.580797 ] ] } },
{ "type": "Feature", "properties": { "featurecla": "Coastline", "scalerank": 6, "min_zoom": 6.0 }, "geometry": { "type": "LineString", "coordinates": [ [ -72.881511, 40.7344 ], [ -72.914269, 40.724527 ], [ -72.948904, 40.715386 ], [ -73.013905, 40.690456 ], [ -73.040343, 40.681995 ], [ -73.104659, 40.66722 ], [ -73.17661, 40.650998 ], [ -73.21883, 40.639635 ], [ -73.255292, 40.629668 ], [ -73.305046, 40.629922 ], [ -73.297459, 40.622622 ], [ -73.245783, 40.623806 ], [ -73.147532, 40.644314 ], [ -73.041005, 40.672634 ], [ -72.991526, 40.688178 ], [ -72.913477, 40.712901 ], [ -72.831532, 40.741645 ], [ -72.804921, 40.750841 ], [ -72.757239, 40.760086 ], [ -72.757083, 40.768802 ], [ -72.77923, 40.766843 ], [ -72.83237, 40.747744 ], [ -72.881511, 40.7344 ] ] } },
{ "type": "Feature", "properties": { "featurecla": "Coastline", "scalerank": 0, "min_zoom": 3.0 }, "geometry": { "type": "LineString", "coordinates": [ [ -73.93338, 40.797187 ], [ -73.946425, 40.777234 ], [ -73.972219, 40.740679 ], [ -73.972293, 40.727203 ], [ -73.975806, 40.714013 ], [ -74.002227, 40.704047 ], [ -74.016916, 40.699286 ], [ -74.011977, 40.730038 ], [ -74.003155, 40.755871 ], [ -73.986969, 40.778713 ], [ -73.939158, 40.854234 ], [ -73.93281, 40.868842 ], [ -73.928049, 40.877509 ], [ -73.917958, 40.875067 ], [ -73.916656, 40.863349 ], [ -73.929677, 40.843817 ], [ -73.938791, 40.828192 ], [ -73.940094, 40.81387 ], [ -73.93338, 40.797187 ] ] } },
{ "type": "Feature", "properties": { "featurecla": "Coastline", "scalerank": 3, "min_zoom": 0.0 }, "geometry": { "type": "LineString", "coordinates": [ [ -71.918935, 41.064887 ], [ -71.918935, 41.058661 ], [ -71.933427, 41.064925 ], [ -71.945304, 41.073475 ], [ -71.958068, 41.069718 ], [ -71.958753, 41.046283 ], [ -71.975707, 41.043397 ], [ -71.992747, 41.049628 ], [ -72.011708, 41.0421 ], [ -72.049875, 41.017686 ], [ -72.088043, 41.004828 ], [ -72.108998, 41.00141 ], [ -72.118153, 41.006863 ], [ -72.122874, 41.017401 ], [ -72.155385, 41.054999 ], [ -72.166866, 41.056647 ], [ -72.180043, 41.047065 ], [ -72.183555, 41.027821 ], [ -72.186752, 41.009163 ], [ -72.213786, 41.039804 ], [ -72.233709, 41.044066 ], [ -72.240211, 41.037789 ], [ -72.242544, 41.029075 ], [ -72.248633, 41.017633 ], [ -72.263446, 41.015455 ], [ -72.270104, 41.002428 ], [ -72.298456, 41.006 ], [ -72.301262, 41.020346 ], [ -72.306683, 41.035525 ], [ -72.321523, 41.035834 ], [ -72.332092, 41.0307 ], [ -72.321105, 41.00591 ], [ -72.326539, 40.999224 ], [ -72.342112, 40.999823 ], [ -72.367184, 40.9946 ], [ -72.386131, 40.971809 ], [ -72.40818, 40.950647 ], [ -72.4293, 40.946946 ], [ -72.441029, 40.942979 ], [ -72.443715, 40.931749 ], [ -72.449883, 40.919799 ], [ -72.457143, 40.910264 ], [ -72.480847, 40.897937 ], [ -72.501361, 40.897389 ], [ -72.523834, 40.903022 ], [ -72.543935, 40.910102 ], [ -72.563588, 40.91238 ], [ -72.584299, 40.900417 ], [ -72.593007, 40.905829 ], [ -72.602854, 40.908393 ], [ -72.613433, 40.908881 ], [ -72.624623, 40.907823 ], [ -72.615937, 40.927719 ], [ -72.599562, 40.930715 ], [ -72.580044, 40.932878 ], [ -72.562442, 40.944198 ], [ -72.54308, 40.95657 ], [ -72.543562, 40.966623 ], [ -72.533922, 40.974853 ], [ -72.52066, 40.985175 ], [ -72.510548, 40.9849 ], [ -72.499582, 40.988959 ], [ -72.494944, 40.989814 ], [ -72.472539, 40.990394 ], [ -72.466457, 41.003827 ], [ -72.454945, 41.00373 ], [ -72.446685, 40.9914 ], [ -72.437734, 40.984198 ], [ -72.433461, 40.993232 ], [ -72.435699, 41.005886 ], [ -72.438832, 41.015977 ], [ -72.437408, 41.025702 ], [ -72.431121, 41.030403 ], [ -72.412077, 41.034132 ], [ -72.390543, 41.031471 ], [ -72.385081, 41.04446 ], [ -72.392812, 41.047187 ], [ -72.399973, 41.051337 ], [ -72.415305, 41.054447 ], [ -72.412343, 41.064887 ], [ -72.343617, 41.114203 ], [ -72.304433, 41.131944 ], [ -72.289459, 41.113349 ], [ -72.276194, 41.117051 ], [ -72.260243, 41.125027 ], [ -72.246897, 41.135443 ], [ -72.241689, 41.146796 ], [ -72.247222, 41.155707 ], [ -72.259999, 41.160834 ], [ -72.275543, 41.162624 ], [ -72.289459, 41.16116 ], [ -72.343414, 41.140652 ], [ -72.358713, 41.13113 ], [ -72.383046, 41.108913 ], [ -72.412923, 41.089812 ], [ -72.445177, 41.085849 ], [ -72.453862, 41.074424 ], [ -72.471652, 41.055953 ], [ -72.541347, 41.023818 ], [ -72.606109, 40.989936 ], [ -72.628326, 40.983588 ], [ -72.696092, 40.981018 ], [ -72.781121, 40.96508 ], [ -72.830089, 40.969175 ], [ -72.900376, 40.963255 ], [ -73.008969, 40.967066 ], [ -73.048441, 40.963015 ], [ -73.076223, 40.971945 ], [ -73.084584, 40.969306 ], [ -73.079172, 40.958564 ], [ -73.082143, 40.951606 ], [ -73.091298, 40.94835 ], [ -73.1044, 40.948798 ], [ -73.098744, 40.969509 ], [ -73.113149, 40.973456 ], [ -73.135365, 40.968451 ], [ -73.152821, 40.96247 ], [ -73.148101, 40.945624 ], [ -73.159495, 40.930243 ], [ -73.1787, 40.919013 ], [ -73.224599, 40.908271 ], [ -73.235341, 40.907823 ], [ -73.243723, 40.910264 ], [ -73.263428, 40.913623 ], [ -73.293184, 40.924704 ], [ -73.325901, 40.929257 ], [ -73.35096, 40.930856 ], [ -73.374065, 40.936073 ], [ -73.379782, 40.947013 ], [ -73.395174, 40.954368 ], [ -73.401931, 40.954404 ], [ -73.407762, 40.947162 ], [ -73.410024, 40.939887 ], [ -73.399569, 40.925418 ], [ -73.378961, 40.924464 ], [ -73.360637, 40.925093 ], [ -73.354726, 40.91413 ], [ -73.358266, 40.900417 ], [ -73.37092, 40.900092 ], [ -73.388661, 40.905951 ], [ -73.405021, 40.903955 ], [ -73.420318, 40.900417 ], [ -73.4322, 40.90766 ], [ -73.440826, 40.914659 ], [ -73.431304, 40.933295 ], [ -73.462084, 40.936382 ], [ -73.485687, 40.945626 ], [ -73.494095, 40.927053 ], [ -73.485341, 40.917914 ], [ -73.469146, 40.901313 ], [ -73.468129, 40.893622 ], [ -73.475535, 40.890739 ], [ -73.472444, 40.882368 ], [ -73.479828, 40.877244 ], [ -73.492937, 40.881644 ], [ -73.493394, 40.891991 ], [ -73.507571, 40.893638 ], [ -73.509722, 40.885694 ], [ -73.511348, 40.877349 ], [ -73.534981, 40.878628 ], [ -73.549098, 40.890985 ], [ -73.54067, 40.895338 ], [ -73.528604, 40.891722 ], [ -73.515289, 40.900417 ], [ -73.512685, 40.905097 ], [ -73.520463, 40.917602 ], [ -73.565273, 40.914514 ], [ -73.632655, 40.899586 ], [ -73.653361, 40.867786 ], [ -73.646117, 40.830867 ], [ -73.65331, 40.82392 ], [ -73.665515, 40.838452 ], [ -73.674351, 40.856755 ], [ -73.705306, 40.866744 ], [ -73.720204, 40.866238 ], [ -73.731272, 40.854438 ], [ -73.733062, 40.843695 ], [ -73.700429, 40.833604 ], [ -73.696889, 40.821885 ], [ -73.702992, 40.810167 ], [ -73.714589, 40.804796 ], [ -73.721791, 40.811225 ], [ -73.72936, 40.824083 ], [ -73.739817, 40.834337 ], [ -73.755523, 40.83279 ], [ -73.76426, 40.810032 ], [ -73.750137, 40.791346 ], [ -73.757522, 40.771111 ], [ -73.778989, 40.792177 ], [ -73.823054, 40.797382 ], [ -73.86086, 40.776351 ], [ -73.870303, 40.782313 ], [ -73.887094, 40.779934 ], [ -73.9086, 40.788677 ], [ -73.930233, 40.773121 ], [ -73.956796, 40.743171 ], [ -73.959371, 40.724663 ], [ -73.969335, 40.708749 ], [ -73.980336, 40.704617 ], [ -73.99059, 40.699774 ], [ -73.997697, 40.696087 ], [ -74.001879, 40.690127 ], [ -74.015479, 40.677804 ], [ -74.01284, 40.6647 ], [ -74.023811, 40.6492 ], [ -74.035835, 40.638859 ], [ -74.03999, 40.619786 ], [ -74.030021, 40.605498 ], [ -74.004895, 40.597182 ], [ -73.998087, 40.589632 ], [ -74.000695, 40.583272 ], [ -74.011674, 40.579288 ], [ -74.003817, 40.570551 ], [ -73.988125, 40.56937 ], [ -73.941583, 40.574558 ], [ -73.932169, 40.577737 ], [ -73.926418, 40.583699 ], [ -73.91177, 40.583697 ], [ -73.897644, 40.583297 ], [ -73.891888, 40.576935 ], [ -73.877761, 40.582096 ], [ -73.883516, 40.600379 ], [ -73.892936, 40.614289 ], [ -73.891347, 40.623603 ], [ -73.882989, 40.631768 ], [ -73.87723, 40.636136 ], [ -73.868849, 40.640104 ], [ -73.851564, 40.64367 ], [ -73.829559, 40.648819 ], [ -73.815411, 40.645627 ], [ -73.798129, 40.638059 ], [ -73.780849, 40.628898 ], [ -73.77142, 40.623319 ], [ -73.768806, 40.618546 ], [ -73.776157, 40.610608 ], [ -73.789792, 40.600292 ], [ -73.850549, 40.580884 ], [ -73.939479, 40.555477 ], [ -73.93947, 40.541959 ], [ -73.897118, 40.554678 ], [ -73.81259, 40.583736 ], [ -73.76805, 40.589643 ], [ -73.752349, 40.585651 ], [ -73.707343, 40.582794 ], [ -73.581801, 40.584486 ], [ -73.575481, 40.593206 ], [ -73.606337, 40.594086 ], [ -73.710447, 40.595115 ], [ -73.710925, 40.610212 ], [ -73.69579, 40.621527 ], [ -73.66795, 40.626014 ], [ -73.655417, 40.61804 ], [ -73.655976, 40.608906 ], [ -73.664367, 40.603761 ], [ -73.652865, 40.601351 ], [ -73.643433, 40.604904 ], [ -73.627173, 40.614397 ], [ -73.561121, 40.638049 ], [ -73.504546, 40.64383 ], [ -73.402157, 40.657719 ], [ -73.372217, 40.662365 ], [ -73.317489, 40.683573 ], [ -73.275003, 40.68693 ], [ -73.261817, 40.695598 ], [ -73.247026, 40.707036 ], [ -73.233323, 40.714505 ], [ -73.211931, 40.705641 ], [ -73.179514, 40.704698 ], [ -73.15803, 40.699741 ], [ -73.145393, 40.705219 ], [ -73.142405, 40.716132 ], [ -73.140436, 40.726238 ], [ -73.129384, 40.730135 ], [ -73.114732, 40.728049 ], [ -73.0991, 40.720394 ], [ -73.083323, 40.724652 ], [ -73.054954, 40.729212 ], [ -73.033421, 40.731434 ], [ -73.022572, 40.747585 ], [ -73.012196, 40.749579 ], [ -72.946817, 40.741892 ], [ -72.926259, 40.756415 ], [ -72.910362, 40.758274 ], [ -72.889257, 40.765638 ], [ -72.879075, 40.745686 ], [ -72.852792, 40.749423 ], [ -72.832753, 40.75963 ], [ -72.817942, 40.768419 ], [ -72.813629, 40.781602 ], [ -72.828009, 40.789708 ], [ -72.801899, 40.78271 ], [ -72.765171, 40.783148 ], [ -72.743947, 40.796839 ], [ -72.726961, 40.807789 ], [ -72.700345, 40.799571 ], [ -72.679325, 40.80094 ], [ -72.66358, 40.800773 ], [ -72.650516, 40.797455 ], [ -72.678459, 40.791 ], [ -72.725387, 40.778379 ], [ -72.731694, 40.777649 ], [ -72.737904, 40.77379 ], [ -72.732004, 40.769965 ], [ -72.723955, 40.770419 ], [ -72.704442, 40.776177 ], [ -72.60528, 40.80133 ], [ -72.541819, 40.820502 ], [ -72.502309, 40.839057 ], [ -72.490793, 40.846869 ], [ -72.491526, 40.856024 ], [ -72.498362, 40.86579 ], [ -72.5006, 40.876044 ], [ -72.496571, 40.884101 ], [ -72.48469, 40.887397 ], [ -72.459137, 40.885362 ], [ -72.447418, 40.879096 ], [ -72.448354, 40.868232 ], [ -72.460764, 40.852607 ], [ -72.441274, 40.855007 ], [ -72.406658, 40.862072 ], [ -72.371734, 40.875841 ], [ -72.316992, 40.89626 ], [ -72.219862, 40.933423 ], [ -72.15982, 40.955268 ], [ -72.087148, 40.983425 ], [ -72.008872, 41.007386 ], [ -71.929512, 41.037848 ], [ -71.88497, 41.045397 ], [ -71.864898, 41.062079 ], [ -71.857411, 41.071723 ], [ -71.875111, 41.07571 ], [ -71.9033, 41.084672 ], [ -71.930904, 41.078791 ], [ -71.918935, 41.064887 ] ] } },
{ "type": "Feature", "properties": { "featurecla": "Coastline", "scalerank": 6, "min_zoom": 6.0 }, "geometry": { "type": "LineString", "coordinates": [ [ -72.341559, 41.090652 ], [ -72.340159, 41.103683 ], [ -72.327845, 41.105056 ], [ -72.322713, 41.094572 ], [ -72.305249, 41.084218 ], [ -72.295337, 41.081842 ], [ -72.280482, 41.078895 ], [ -72.28277, 41.068953 ], [ -72.27847, 41.05846 ], [ -72.28239, 41.047881 ], [ -72.27566, 41.039271 ], [ -72.275527, 41.031833 ], [ -72.286253, 41.034203 ], [ -72.297891, 41.041523 ], [ -72.31775, 41.048753 ], [ -72.340763, 41.048507 ], [ -72.358798, 41.045831 ], [ -72.371306, 41.054992 ], [ -72.372391, 41.068618 ], [ -72.361917, 41.079892 ], [ -72.341559, 41.090652 ] ] } },
{ "type": "Feature", "properties": { "featurecla": "Coastline", "scalerank": 6, "min_zoom": 6.0 }, "geometry": { "type": "LineString", "coordinates": [ [ -72.131022, 41.120472 ], [ -72.128132, 41.109247 ], [ -72.134808, 41.102026 ], [ -72.141521, 41.096849 ], [ -72.136025, 41.092807 ], [ -72.122439, 41.092933 ], [ -72.108138, 41.090506 ], [ -72.102585, 41.081343 ], [ -72.101021, 41.067546 ], [ -72.100823, 41.054246 ], [ -72.092789, 41.061479 ], [ -72.086101, 41.068189 ], [ -72.081451, 41.074879 ], [ -72.084971, 41.083543 ], [ -72.085093, 41.091725 ], [ -72.079034, 41.094845 ], [ -72.078431, 41.099964 ], [ -72.091354, 41.1019 ], [ -72.109072, 41.106861 ], [ -72.131022, 41.120472 ] ] } },
{ "type": "Feature", "properties": { "featurecla": "Coastline", "scalerank": 6, "min_zoom": 6.0 }, "geometry": { "type": "LineString", "coordinates": [ [ -71.559474, 41.201024 ], [ -71.553541, 41.214572 ], [ -71.567047, 41.22484 ], [ -71.572581, 41.228827 ], [ -71.5792, 41.225572 ], [ -71.580434, 41.214789 ], [ -71.582672, 41.204047 ], [ -71.591217, 41.197333 ], [ -71.597486, 41.187669 ], [ -71.608025, 41.180589 ], [ -71.612717, 41.167467 ], [ -71.613748, 41.155181 ], [ -71.59955, 41.145779 ], [ -71.571572, 41.149769 ], [ -71.549095, 41.152042 ], [ -71.544473, 41.162888 ], [ -71.551869, 41.175727 ], [ -71.559926, 41.183743 ], [ -71.566151, 41.193752 ], [ -71.559474, 41.201024 ] ] } },
{ "type": "Feature", "properties": { "featurecla": "Coastline", "scalerank": 6, "min_zoom": 6.0 }, "geometry": { "type": "LineString", "coordinates": [ [ -71.998734, 41.251666 ], [ -71.988329, 41.260085 ], [ -71.970153, 41.273622 ], [ -71.946575, 41.276568 ], [ -71.928001, 41.281979 ], [ -71.920732, 41.291396 ], [ -71.939757, 41.292197 ], [ -71.953888, 41.286711 ], [ -71.976809, 41.284706 ], [ -71.994004, 41.283081 ], [ -71.998077, 41.274082 ], [ -72.003362, 41.267013 ], [ -72.011349, 41.276208 ], [ -72.02213, 41.276858 ], [ -72.026228, 41.266904 ], [ -72.036563, 41.260865 ], [ -72.038798, 41.249447 ], [ -72.022807, 41.253487 ], [ -71.998734, 41.251666 ] ] } },
{ "type": "Feature", "properties": { "featurecla": "Coastline", "scalerank": 6, "min_zoom": 5.0 }, "geometry": { "type": "LineString", "coordinates": [ [ -73.995188, 45.320136 ], [ -74.00121, 45.316718 ], [ -74.032338, 45.307196 ], [ -74.043568, 45.30565 ], [ -74.121083, 45.309068 ], [ -74.128407, 45.307563 ], [ -74.141713, 45.302191 ], [ -74.154205, 45.295111 ], [ -74.162587, 45.287787 ], [ -74.166249, 45.27912 ], [ -74.165028, 45.269721 ], [ -74.158681, 45.260077 ], [ -74.153188, 45.255601 ], [ -74.146555, 45.25259 ], [ -74.139394, 45.251166 ], [ -74.081044, 45.252753 ], [ -74.047841, 45.257636 ], [ -74.028717, 45.264106 ], [ -74.003, 45.268704 ], [ -73.993276, 45.272121 ], [ -73.983713, 45.277045 ], [ -73.968658, 45.289862 ], [ -73.948313, 45.302069 ], [ -73.938059, 45.310248 ], [ -73.934316, 45.31269 ], [ -73.928863, 45.317206 ], [ -73.924672, 45.321967 ], [ -73.921864, 45.327338 ], [ -73.920644, 45.333808 ], [ -73.983306, 45.326239 ], [ -73.987294, 45.324693 ], [ -73.995188, 45.320136 ] ] } },
{ "type": "Feature", "properties": { "featurecla": "Coastline", "scalerank": 6, "min_zoom": 6.0 }, "geometry": { "type": "LineString", "coordinates": [ [ -73.889027, 45.396715 ], [ -73.892893, 45.398342 ], [ -73.902821, 45.404771 ], [ -73.907297, 45.406928 ], [ -73.917307, 45.40998 ], [ -73.973988, 45.415473 ], [ -73.976674, 45.415351 ], [ -73.979115, 45.4147 ], [ -73.981353, 45.413398 ], [ -73.984527, 45.406399 ], [ -73.981353, 45.398505 ], [ -73.975209, 45.391262 ], [ -73.95934, 45.379096 ], [ -73.953359, 45.372626 ], [ -73.95108, 45.370795 ], [ -73.948476, 45.369696 ], [ -73.93163, 45.366889 ], [ -73.914784, 45.366197 ], [ -73.906361, 45.367336 ], [ -73.900706, 45.368883 ], [ -73.878407, 45.379218 ], [ -73.871897, 45.380764 ], [ -73.858062, 45.381781 ], [ -73.8579, 45.385321 ], [ -73.858062, 45.388902 ], [ -73.862416, 45.389594 ], [ -73.875844, 45.393988 ], [ -73.889027, 45.396715 ] ] } },
{ "type": "Feature", "properties": { "featurecla": "Coastline", "scalerank": 6, "min_zoom": 6.0 }, "geometry": { "type": "LineString", "coordinates": [ [ -73.931793, 45.488837 ], [ -73.918324, 45.492092 ], [ -73.899281, 45.500922 ], [ -73.885121, 45.512397 ], [ -73.886464, 45.523383 ], [ -73.891021, 45.52497 ], [ -73.896311, 45.524482 ], [ -73.933827, 45.513007 ], [ -73.9381, 45.510932 ], [ -73.943186, 45.507554 ], [ -73.946929, 45.503241 ], [ -73.947336, 45.498236 ], [ -73.944732, 45.494208 ], [ -73.940989, 45.4914 ], [ -73.936513, 45.489651 ], [ -73.931793, 45.488837 ] ] } },
{ "type": "Feature", "properties": { "featurecla": "Coastline", "scalerank": 6, "min_zoom": 6.0 }, "geometry": { "type": "LineString", "coordinates": [ [ -65.607777, 43.483466 ], [ -65.634511, 43.476752 ], [ -65.646311, 43.471747 ], [ -65.656117, 43.463039 ], [ -65.645416, 43.459174 ], [ -65.635365, 43.453192 ], [ -65.626943, 43.445136 ], [ -65.621409, 43.435045 ], [ -65.628814, 43.422065 ], [ -65.610585, 43.428168 ], [ -65.597971, 43.444729 ], [ -65.587148, 43.463528 ], [ -65.574208, 43.476711 ], [ -65.568674, 43.494574 ], [ -65.559926, 43.51081 ], [ -65.605214, 43.514106 ], [ -65.617055, 43.50788 ], [ -65.607777, 43.483466 ] ] } },
{ "type": "Feature", "properties": { "featurecla": "Coastline", "scalerank": 6, "min_zoom": 6.0 }, "geometry": { "type": "LineString", "coordinates": [ [ -69.664052, 43.78913 ], [ -69.652333, 43.790432 ], [ -69.648427, 43.819078 ], [ -69.647125, 43.837307 ], [ -69.673166, 43.852932 ], [ -69.688791, 43.828192 ], [ -69.684885, 43.811265 ], [ -69.664052, 43.78913 ] ] } },
{ "type": "Feature", "properties": { "featurecla": "Coastline", "scalerank": 6, "min_zoom": 6.0 }, "geometry": { "type": "LineString", "coordinates": [ [ -69.66926, 43.955797 ], [ -69.678375, 43.967515 ], [ -69.694, 43.94538 ], [ -69.70051, 43.927151 ], [ -69.722646, 43.90762 ], [ -69.730458, 43.890692 ], [ -69.721344, 43.872463 ], [ -69.714833, 43.859442 ], [ -69.714821, 43.859452 ], [ -69.714784, 43.859479 ], [ -69.714724, 43.859524 ], [ -69.714642, 43.859586 ], [ -69.714538, 43.859664 ], [ -69.714412, 43.859757 ], [ -69.714267, 43.859866 ], [ -69.714102, 43.859989 ], [ -69.713919, 43.860126 ], [ -69.713719, 43.860276 ], [ -69.713501, 43.860438 ], [ -69.713267, 43.860612 ], [ -69.713018, 43.860798 ], [ -69.712755, 43.860994 ], [ -69.712478, 43.8612 ], [ -69.712188, 43.861416 ], [ -69.711886, 43.86164 ], [ -69.711573, 43.861872 ], [ -69.711249, 43.862112 ], [ -69.710916, 43.862359 ], [ -69.710575, 43.862612 ], [ -69.710225, 43.862871 ], [ -69.709868, 43.863134 ], [ -69.709505, 43.863402 ], [ -69.709137, 43.863674 ], [ -69.708763, 43.863949 ], [ -69.708386, 43.864227 ], [ -69.708006, 43.864506 ], [ -69.707623, 43.864786 ], [ -69.707239, 43.865067 ], [ -69.706855, 43.865349 ], [ -69.70647, 43.865629 ], [ -69.706087, 43.865908 ], [ -69.705706, 43.866186 ], [ -69.705327, 43.866461 ], [ -69.704951, 43.866732 ], [ -69.70458, 43.867 ], [ -69.704214, 43.867264 ], [ -69.703853, 43.867523 ], [ -69.7035, 43.867776 ], [ -69.703154, 43.868023 ], [ -69.702816, 43.868262 ], [ -69.702487, 43.868495 ], [ -69.702168, 43.868719 ], [ -69.70186, 43.868935 ], [ -69.701564, 43.869141 ], [ -69.70128, 43.869337 ], [ -69.701009, 43.869522 ], [ -69.70051, 43.869859 ], [ -69.700273, 43.870051 ], [ -69.70003, 43.870311 ], [ -69.699781, 43.870638 ], [ -69.699527, 43.871027 ], [ -69.699269, 43.871476 ], [ -69.699007, 43.871982 ], [ -69.698741, 43.872542 ], [ -69.698473, 43.873153 ], [ -69.698201, 43.873812 ], [ -69.697927, 43.874515 ], [ -69.697651, 43.875261 ], [ -69.697374, 43.876045 ], [ -69.697095, 43.876865 ], [ -69.696817, 43.877718 ], [ -69.696538, 43.878601 ], [ -69.696259, 43.879511 ], [ -69.695981, 43.880445 ], [ -69.695704, 43.881399 ], [ -69.695429, 43.882372 ], [ -69.695156, 43.883359 ], [ -69.694886, 43.884358 ], [ -69.694618, 43.885366 ], [ -69.694354, 43.88638 ], [ -69.694093, 43.887397 ], [ -69.693837, 43.888414 ], [ -69.693586, 43.889427 ], [ -69.693339, 43.890435 ], [ -69.693098, 43.891433 ], [ -69.692864, 43.892419 ], [ -69.692635, 43.89339 ], [ -69.692414, 43.894343 ], [ -69.6922, 43.895275 ], [ -69.691993, 43.896183 ], [ -69.691795, 43.897063 ], [ -69.691605, 43.897914 ], [ -69.691425, 43.898731 ], [ -69.691254, 43.899512 ], [ -69.691093, 43.900254 ], [ -69.690942, 43.900954 ], [ -69.690802, 43.901609 ], [ -69.690673, 43.902216 ], [ -69.690556, 43.902771 ], [ -69.690451, 43.903273 ], [ -69.690359, 43.903717 ], [ -69.69028, 43.904101 ], [ -69.690214, 43.904422 ], [ -69.690162, 43.904677 ], [ -69.690124, 43.904863 ], [ -69.690094, 43.905015 ], [ -69.680979, 43.933661 ], [ -69.66926, 43.942776 ], [ -69.66926, 43.955797 ] ] } },
{ "type": "Feature", "properties": { "featurecla": "Coastline", "scalerank": 6, "min_zoom": 6.0 }, "geometry": { "type": "LineString", "coordinates": [ [ -68.60676, 44.088609 ], [ -68.626291, 44.091213 ], [ -68.640614, 44.078192 ], [ -68.651031, 44.065172 ], [ -68.653635, 44.052151 ], [ -68.660146, 44.03262 ], [ -68.66275, 44.019599 ], [ -68.656239, 44.010484 ], [ -68.634104, 44.018297 ], [ -68.608062, 44.023505 ], [ -68.598948, 44.046942 ], [ -68.601552, 44.07038 ], [ -68.60676, 44.088609 ] ] } },
{ "type": "Feature", "properties": { "featurecla": "Coastline", "scalerank": 6, "min_zoom": 4.0 }, "geometry": { "type": "LineString", "coordinates": [ [ -68.848134, 44.095526 ], [ -68.884145, 44.113837 ], [ -68.90156, 44.11404 ], [ -68.910186, 44.095526 ], [ -68.886749, 44.089871 ], [ -68.868031, 44.079372 ], [ -68.860097, 44.065212 ], [ -68.869252, 44.048367 ], [ -68.834584, 44.035102 ], [ -68.81546, 44.031928 ], [ -68.807118, 44.037543 ], [ -68.800567, 44.046576 ], [ -68.786733, 44.052354 ], [ -68.774648, 44.061876 ], [ -68.772979, 44.081895 ], [ -68.782745, 44.084662 ], [ -68.827382, 44.089789 ], [ -68.848134, 44.095526 ] ] } },
{ "type": "Feature", "properties": { "featurecla": "Coastline", "scalerank": 6, "min_zoom": 6.0 }, "geometry": { "type": "LineString", "coordinates": [ [ -68.811187, 44.148505 ], [ -68.811187, 44.169338 ], [ -68.820302, 44.178453 ], [ -68.85676, 44.181057 ], [ -68.889312, 44.16413 ], [ -68.928375, 44.141995 ], [ -68.940094, 44.125067 ], [ -68.942698, 44.117255 ], [ -68.937489, 44.105536 ], [ -68.91926, 44.125067 ], [ -68.901031, 44.134182 ], [ -68.88801, 44.130276 ], [ -68.863271, 44.119859 ], [ -68.851552, 44.125067 ], [ -68.841135, 44.138088 ], [ -68.824208, 44.144599 ], [ -68.811187, 44.148505 ] ] } },
{ "type": "Feature", "properties": { "featurecla": "Coastline", "scalerank": 6, "min_zoom": 6.0 }, "geometry": { "type": "LineString", "coordinates": [ [ -68.390614, 44.162828 ], [ -68.402333, 44.175849 ], [ -68.416656, 44.182359 ], [ -68.427073, 44.175849 ], [ -68.438791, 44.174547 ], [ -68.444, 44.181057 ], [ -68.459625, 44.184963 ], [ -68.472646, 44.177151 ], [ -68.47525, 44.166734 ], [ -68.492177, 44.169338 ], [ -68.5065, 44.160224 ], [ -68.502594, 44.148505 ], [ -68.489573, 44.140692 ], [ -68.463531, 44.149807 ], [ -68.454416, 44.151109 ], [ -68.442698, 44.144599 ], [ -68.432281, 44.128974 ], [ -68.403635, 44.134182 ], [ -68.391916, 44.145901 ], [ -68.390614, 44.162828 ] ] } },
{ "type": "Feature", "properties": { "featurecla": "Coastline", "scalerank": 5, "min_zoom": 4.0 }, "geometry": { "type": "LineString", "coordinates": [ [ -68.642079, 44.260037 ], [ -68.66747, 44.270128 ], [ -68.678944, 44.269639 ], [ -68.69046, 44.260037 ], [ -68.695302, 44.250434 ], [ -68.696767, 44.239529 ], [ -68.695058, 44.228624 ], [ -68.69046, 44.219062 ], [ -68.698923, 44.219672 ], [ -68.716257, 44.218451 ], [ -68.724599, 44.219062 ], [ -68.713328, 44.200995 ], [ -68.710886, 44.190456 ], [ -68.71463, 44.18122 ], [ -68.720204, 44.172146 ], [ -68.716339, 44.167344 ], [ -68.681996, 44.152615 ], [ -68.662058, 44.156195 ], [ -68.622792, 44.171332 ], [ -68.622792, 44.177517 ], [ -68.643056, 44.184638 ], [ -68.650624, 44.190294 ], [ -68.656361, 44.199164 ], [ -68.644317, 44.203192 ], [ -68.620107, 44.208441 ], [ -68.60851, 44.212836 ], [ -68.614288, 44.223985 ], [ -68.616485, 44.237087 ], [ -68.623077, 44.249864 ], [ -68.642079, 44.260037 ] ] } },
{ "type": "Feature", "properties": { "featurecla": "Coastline", "scalerank": 6, "min_zoom": 6.0 }, "geometry": { "type": "LineString", "coordinates": [ [ -68.920562, 44.237047 ], [ -68.901031, 44.280015 ], [ -68.885406, 44.299547 ], [ -68.901031, 44.311265 ], [ -68.924469, 44.307359 ], [ -68.942698, 44.290432 ], [ -68.941396, 44.281317 ], [ -68.924469, 44.281317 ], [ -68.927073, 44.266995 ], [ -68.933583, 44.243557 ], [ -68.933583, 44.235745 ], [ -68.920562, 44.237047 ] ] } },
{ "type": "Feature", "properties": { "featurecla": "Coastline", "scalerank": 5, "min_zoom": 4.0 }, "geometry": { "type": "LineString", "coordinates": [ [ -66.231557, 44.387193 ], [ -66.24177, 44.377387 ], [ -66.257883, 44.354641 ], [ -66.285797, 44.324774 ], [ -66.327748, 44.258124 ], [ -66.313466, 44.250678 ], [ -66.298166, 44.283271 ], [ -66.238678, 44.338365 ], [ -66.217885, 44.367377 ], [ -66.204457, 44.381171 ], [ -66.20344, 44.392239 ], [ -66.213002, 44.395819 ], [ -66.231557, 44.387193 ] ] } },
{ "type": "Feature", "properties": { "featurecla": "Coastline", "scalerank": 5, "min_zoom": 3.0 }, "geometry": { "type": "LineString", "coordinates": [ [ -73.499257, 45.709947 ], [ -73.508656, 45.707465 ], [ -73.516672, 45.704047 ], [ -73.524037, 45.69953 ], [ -73.541127, 45.685777 ], [ -73.609527, 45.646674 ], [ -73.620717, 45.638332 ], [ -73.625315, 45.630316 ], [ -73.64273, 45.60932 ], [ -73.648671, 45.598863 ], [ -73.667958, 45.575588 ], [ -73.694, 45.555325 ], [ -73.716705, 45.54442 ], [ -73.766835, 45.527248 ], [ -73.780181, 45.524319 ], [ -73.786, 45.524156 ], [ -73.797027, 45.52558 ], [ -73.802846, 45.525702 ], [ -73.823476, 45.522528 ], [ -73.843739, 45.52265 ], [ -73.849843, 45.520738 ], [ -73.854848, 45.516303 ], [ -73.870676, 45.496324 ], [ -73.874989, 45.493109 ], [ -73.897572, 45.484036 ], [ -73.96227, 45.448879 ], [ -73.973622, 45.444648 ], [ -73.972483, 45.443264 ], [ -73.971018, 45.440253 ], [ -73.970082, 45.43887 ], [ -73.968332, 45.437079 ], [ -73.958567, 45.430976 ], [ -73.955434, 45.430243 ], [ -73.943227, 45.431138 ], [ -73.924916, 45.429999 ], [ -73.850413, 45.448879 ], [ -73.812001, 45.463853 ], [ -73.800649, 45.466702 ], [ -73.79483, 45.467231 ], [ -73.716908, 45.464545 ], [ -73.619211, 45.442572 ], [ -73.608551, 45.441636 ], [ -73.598215, 45.443061 ], [ -73.588735, 45.447943 ], [ -73.585113, 45.451402 ], [ -73.575795, 45.463121 ], [ -73.572011, 45.46662 ], [ -73.56786, 45.469387 ], [ -73.54898, 45.47663 ], [ -73.544749, 45.479071 ], [ -73.541371, 45.482611 ], [ -73.539418, 45.487372 ], [ -73.539133, 45.492662 ], [ -73.543691, 45.525539 ], [ -73.54308, 45.536444 ], [ -73.540639, 45.547797 ], [ -73.537017, 45.558173 ], [ -73.532541, 45.567694 ], [ -73.526723, 45.576402 ], [ -73.506947, 45.595689 ], [ -73.504058, 45.600409 ], [ -73.501576, 45.608954 ], [ -73.499582, 45.626776 ], [ -73.4794, 45.67829 ], [ -73.476471, 45.689276 ], [ -73.468984, 45.705552 ], [ -73.470611, 45.713284 ], [ -73.479563, 45.714423 ], [ -73.499257, 45.709947 ] ] } },
{ "type": "Feature", "properties": { "featurecla": "Coastline", "scalerank": 5, "min_zoom": 3.0 }, "geometry": { "type": "LineString", "coordinates": [ [ -73.857289, 45.549384 ], [ -73.842681, 45.545844 ], [ -73.779937, 45.547105 ], [ -73.747222, 45.552436 ], [ -73.731353, 45.556952 ], [ -73.718332, 45.562445 ], [ -73.706207, 45.569485 ], [ -73.68456, 45.58747 ], [ -73.648305, 45.630683 ], [ -73.643951, 45.640082 ], [ -73.642079, 45.643215 ], [ -73.636464, 45.649319 ], [ -73.612945, 45.667914 ], [ -73.593821, 45.677924 ], [ -73.572865, 45.686103 ], [ -73.563791, 45.692328 ], [ -73.564849, 45.698676 ], [ -73.57433, 45.701646 ], [ -73.585357, 45.700629 ], [ -73.638295, 45.689114 ], [ -73.645579, 45.68891 ], [ -73.65925, 45.691718 ], [ -73.666168, 45.692206 ], [ -73.676137, 45.690497 ], [ -73.717763, 45.675849 ], [ -73.740875, 45.664252 ], [ -73.758941, 45.652533 ], [ -73.805979, 45.613105 ], [ -73.827707, 45.601223 ], [ -73.848622, 45.584133 ], [ -73.863515, 45.567857 ], [ -73.866444, 45.560777 ], [ -73.864898, 45.554389 ], [ -73.857289, 45.549384 ] ] } },
{ "type": "Feature", "properties": { "featurecla": "Coastline", "scalerank": 5, "min_zoom": 4.0 }, "geometry": { "type": "LineString", "coordinates": [ [ -68.244822, 44.424506 ], [ -68.274037, 44.439276 ], [ -68.315907, 44.436957 ], [ -68.35497, 44.423285 ], [ -68.375762, 44.404079 ], [ -68.364288, 44.395331 ], [ -68.367462, 44.38642 ], [ -68.378936, 44.379503 ], [ -68.392568, 44.376736 ], [ -68.401357, 44.371772 ], [ -68.410105, 44.360053 ], [ -68.428741, 44.32571 ], [ -68.433868, 44.312038 ], [ -68.434804, 44.299994 ], [ -68.427276, 44.294786 ], [ -68.412384, 44.291856 ], [ -68.405466, 44.285264 ], [ -68.408477, 44.278347 ], [ -68.423573, 44.274278 ], [ -68.414052, 44.258612 ], [ -68.380116, 44.246446 ], [ -68.368357, 44.232733 ], [ -68.363759, 44.234727 ], [ -68.352284, 44.238064 ], [ -68.347849, 44.24018 ], [ -68.341298, 44.223578 ], [ -68.326039, 44.225898 ], [ -68.308787, 44.23786 ], [ -68.296335, 44.250067 ], [ -68.296498, 44.261094 ], [ -68.309438, 44.270941 ], [ -68.320098, 44.284939 ], [ -68.31371, 44.308417 ], [ -68.306874, 44.308417 ], [ -68.283315, 44.292426 ], [ -68.240834, 44.294542 ], [ -68.198923, 44.308621 ], [ -68.176544, 44.328315 ], [ -68.185292, 44.357001 ], [ -68.241933, 44.404975 ], [ -68.244822, 44.424506 ] ] } },
{ "type": "Feature", "properties": { "featurecla": "Coastline", "scalerank": 6, "min_zoom": 6.0 }, "geometry": { "type": "LineString", "coordinates": [ [ -68.489573, 44.347724 ], [ -68.492177, 44.364651 ], [ -68.496083, 44.37637 ], [ -68.502594, 44.380276 ], [ -68.511708, 44.378974 ], [ -68.519521, 44.367255 ], [ -68.524729, 44.359442 ], [ -68.529937, 44.34512 ], [ -68.529937, 44.330797 ], [ -68.522125, 44.322984 ], [ -68.509104, 44.322984 ], [ -68.497385, 44.32038 ], [ -68.484364, 44.31387 ], [ -68.47525, 44.324286 ], [ -68.486969, 44.334703 ], [ -68.489573, 44.347724 ] ] } },
{ "type": "Feature", "properties": { "featurecla": "Coastline", "scalerank": 6, "min_zoom": 6.0 }, "geometry": { "type": "LineString", "coordinates": [ [ -68.868479, 44.381578 ], [ -68.884104, 44.391995 ], [ -68.899729, 44.377672 ], [ -68.911448, 44.365953 ], [ -68.916656, 44.34512 ], [ -68.916656, 44.332099 ], [ -68.903635, 44.319078 ], [ -68.885406, 44.330797 ], [ -68.868479, 44.347724 ], [ -68.859364, 44.35814 ], [ -68.868479, 44.381578 ] ] } },
{ "type": "Feature", "properties": { "featurecla": "Coastline", "scalerank": 6, "min_zoom": 6.0 }, "geometry": { "type": "LineString", "coordinates": [ [ -67.566396, 44.461005 ], [ -67.566396, 44.479234 ], [ -67.578114, 44.490953 ], [ -67.582021, 44.51439 ], [ -67.60025, 44.518297 ], [ -67.614573, 44.51439 ], [ -67.615875, 44.505276 ], [ -67.605458, 44.48314 ], [ -67.593739, 44.457099 ], [ -67.584625, 44.444078 ], [ -67.566396, 44.461005 ] ] } },
{ "type": "Feature", "properties": { "featurecla": "Coastline", "scalerank": 6, "min_zoom": 6.0 }, "geometry": { "type": "LineString", "coordinates": [ [ -67.283844, 44.619859 ], [ -67.303375, 44.625067 ], [ -67.319, 44.612047 ], [ -67.321604, 44.602932 ], [ -67.302073, 44.596422 ], [ -67.276031, 44.602932 ], [ -67.270823, 44.613349 ], [ -67.283844, 44.619859 ] ] } },
{ "type": "Feature", "properties": { "featurecla": "Coastline", "scalerank": 5, "min_zoom": 3.0 }, "geometry": { "type": "LineString", "coordinates": [ [ -66.86148, 44.726752 ], [ -66.865793, 44.711249 ], [ -66.884592, 44.68891 ], [ -66.891347, 44.655585 ], [ -66.901438, 44.630113 ], [ -66.905986, 44.606169 ], [ -66.890291, 44.602757 ], [ -66.876141, 44.606331 ], [ -66.867014, 44.629788 ], [ -66.858388, 44.638007 ], [ -66.839091, 44.650351 ], [ -66.809937, 44.651802 ], [ -66.798173, 44.659375 ], [ -66.783282, 44.661205 ], [ -66.767701, 44.653305 ], [ -66.754051, 44.657342 ], [ -66.742829, 44.653408 ], [ -66.732791, 44.641068 ], [ -66.728313, 44.622952 ], [ -66.708987, 44.613741 ], [ -66.690391, 44.620002 ], [ -66.687342, 44.628857 ], [ -66.691784, 44.642992 ], [ -66.707998, 44.651334 ], [ -66.721134, 44.662779 ], [ -66.728106, 44.683535 ], [ -66.738637, 44.710639 ], [ -66.753328, 44.741761 ], [ -66.761486, 44.75453 ], [ -66.752895, 44.763855 ], [ -66.735491, 44.759083 ], [ -66.732466, 44.768824 ], [ -66.74316, 44.782047 ], [ -66.756801, 44.777563 ], [ -66.769453, 44.795657 ], [ -66.791289, 44.799104 ], [ -66.825754, 44.787584 ], [ -66.851145, 44.754706 ], [ -66.86148, 44.726752 ] ] } },
{ "type": "Feature", "properties": { "featurecla": "Coastline", "scalerank": 6, "min_zoom": 6.0 }, "geometry": { "type": "LineString", "coordinates": [ [ -66.901031, 44.88939 ], [ -66.893219, 44.906317 ], [ -66.891916, 44.921942 ], [ -66.903635, 44.933661 ], [ -66.904937, 44.946682 ], [ -66.904937, 44.955797 ], [ -66.921864, 44.947984 ], [ -66.933583, 44.941474 ], [ -66.940094, 44.925849 ], [ -66.946604, 44.915432 ], [ -66.954416, 44.899807 ], [ -66.954416, 44.88939 ], [ -66.958323, 44.877672 ], [ -66.98176, 44.872463 ], [ -66.97525, 44.860745 ], [ -66.955719, 44.846422 ], [ -66.938791, 44.838609 ], [ -66.91926, 44.837307 ], [ -66.920562, 44.850328 ], [ -66.930979, 44.869859 ], [ -66.916656, 44.877672 ], [ -66.901031, 44.88939 ] ] } },
{ "type": "Feature", "properties": { "featurecla": "Coastline", "scalerank": 6, "min_zoom": 6.0 }, "geometry": { "type": "LineString", "coordinates": [ [ -67.045115, 44.927151 ], [ -67.017323, 44.908026 ], [ -67.012115, 44.899359 ], [ -66.989573, 44.89761 ], [ -66.986073, 44.909776 ], [ -67.003448, 44.925401 ], [ -67.02949, 44.944485 ], [ -67.038157, 44.954901 ], [ -67.045115, 44.944485 ], [ -67.045115, 44.927151 ] ] } },
{ "type": "Feature", "properties": { "featurecla": "Coastline", "scalerank": 6, "min_zoom": 6.0 }, "geometry": { "type": "LineString", "coordinates": [ [ -66.963531, 44.961005 ], [ -66.947906, 44.98314 ], [ -66.945302, 45.000067 ], [ -66.940094, 45.011786 ], [ -66.938791, 45.024807 ], [ -66.954416, 45.027411 ], [ -66.973948, 45.018297 ], [ -66.989573, 45.00137 ], [ -67.005198, 44.989651 ], [ -67.016916, 44.979234 ], [ -67.014312, 44.963609 ], [ -67.005198, 44.947984 ], [ -66.985666, 44.925849 ], [ -66.977854, 44.936265 ], [ -66.963531, 44.961005 ] ] } },
{ "type": "Feature", "properties": { "featurecla": "Coastline", "scalerank": 5, "min_zoom": 3.0 }, "geometry": { "type": "LineString", "coordinates": [ [ -70.843251, 47.033189 ], [ -70.885406, 47.026557 ], [ -70.924062, 47.003241 ], [ -70.993479, 46.950019 ], [ -71.085113, 46.905707 ], [ -71.124745, 46.877021 ], [ -71.114003, 46.859442 ], [ -71.071767, 46.85814 ], [ -71.031239, 46.862942 ], [ -70.952504, 46.895453 ], [ -70.891265, 46.931708 ], [ -70.874257, 46.936998 ], [ -70.861928, 46.94595 ], [ -70.827952, 46.987006 ], [ -70.815338, 46.999091 ], [ -70.809682, 47.013414 ], [ -70.815745, 47.023627 ], [ -70.828481, 47.030097 ], [ -70.843251, 47.033189 ] ] } },
{ "type": "Feature", "properties": { "featurecla": "Coastline", "scalerank": 6, "min_zoom": 6.0 }, "geometry": { "type": "LineString", "coordinates": [ [ -70.369781, 47.426825 ], [ -70.390736, 47.422512 ], [ -70.411, 47.414374 ], [ -70.425364, 47.404975 ], [ -70.433583, 47.395941 ], [ -70.436594, 47.386542 ], [ -70.435658, 47.377021 ], [ -70.427602, 47.372016 ], [ -70.411692, 47.370185 ], [ -70.393178, 47.372748 ], [ -70.373891, 47.383857 ], [ -70.329945, 47.418362 ], [ -70.323883, 47.427436 ], [ -70.339711, 47.427558 ], [ -70.369781, 47.426825 ] ] } },
{ "type": "Feature", "properties": { "featurecla": "Coastline", "scalerank": 6, "min_zoom": 6.0 }, "geometry": { "type": "LineString", "coordinates": [ [ -68.864333, 48.407598 ], [ -68.855603, 48.414464 ], [ -68.842715, 48.415856 ], [ -68.838064, 48.413809 ], [ -68.843206, 48.409692 ], [ -68.842675, 48.405586 ], [ -68.844692, 48.395994 ], [ -68.863207, 48.389112 ], [ -68.878677, 48.387715 ], [ -68.891065, 48.388033 ], [ -68.892632, 48.391796 ], [ -68.888528, 48.396939 ], [ -68.879785, 48.40346 ], [ -68.864333, 48.407598 ] ] } },
{ "type": "Feature", "properties": { "featurecla": "Coastline", "scalerank": 3, "min_zoom": 1.0 }, "geometry": { "type": "LineString", "coordinates": [ [ -77.967018888455542, 25.0 ], [ -77.98058, 25.001899 ], [ -77.986562, 25.012885 ], [ -77.982533, 25.037502 ], [ -77.96996, 25.076972 ], [ -77.986399, 25.088772 ], [ -77.994293, 25.10517 ], [ -77.99177, 25.122789 ], [ -77.976877, 25.138414 ], [ -77.98766, 25.152248 ], [ -78.00121, 25.160956 ], [ -78.015248, 25.167792 ], [ -78.027984, 25.176256 ], [ -78.045155, 25.183092 ], [ -78.060455, 25.176337 ], [ -78.075185, 25.165351 ], [ -78.090443, 25.159491 ], [ -78.107045, 25.163072 ], [ -78.115346, 25.172024 ], [ -78.122182, 25.183173 ], [ -78.134429, 25.193671 ], [ -78.149566, 25.19953 ], [ -78.185902, 25.205878 ], [ -78.202748, 25.206732 ], [ -78.214345, 25.184638 ], [ -78.200917, 25.14643 ], [ -78.180043, 25.104926 ], [ -78.16926, 25.073228 ], [ -78.159901, 25.028306 ], [ -78.157704, 25.00019 ], [ -78.157822058692531, 25.0 ] ] } },
{ "type": "Feature", "properties": { "featurecla": "Coastline", "scalerank": 3, "min_zoom": 3.0 }, "geometry": { "type": "LineString", "coordinates": [ [ -77.447687355309512, 25.0 ], [ -77.441396, 25.006537 ], [ -77.435618, 25.014879 ], [ -77.403676, 25.002143 ], [ -77.379506, 25.001532 ], [ -77.274729, 25.046088 ], [ -77.263824, 25.058092 ], [ -77.302073, 25.066107 ], [ -77.32608, 25.079332 ], [ -77.339996, 25.083808 ], [ -77.355621, 25.084052 ], [ -77.398061, 25.076972 ], [ -77.440826, 25.078518 ], [ -77.456044, 25.076972 ], [ -77.489858, 25.065619 ], [ -77.504506, 25.0633 ], [ -77.52717, 25.054389 ], [ -77.551015, 25.038031 ], [ -77.561879, 25.018866 ], [ -77.545481, 25.001899 ], [ -77.532948, 25.000718 ], [ -77.514475, 25.001166 ], [ -77.502141254505744, 25.0 ] ] } },
{ "type": "Feature", "properties": { "featurecla": "Coastline", "scalerank": 5, "min_zoom": 3.0 }, "geometry": { "type": "MultiLineString", "coordinates": [ [ [ -80.320546, 25.248277 ], [ -80.291331, 25.28262 ], [ -80.286448, 25.29267 ], [ -80.284413, 25.300442 ], [ -80.279368, 25.312242 ], [ -80.272694, 25.323676 ], [ -80.26594, 25.330227 ], [ -80.261708, 25.332424 ], [ -80.258127, 25.33515 ], [ -80.254872, 25.339016 ], [ -80.251617, 25.344468 ], [ -80.273427, 25.352607 ], [ -80.290598, 25.34276 ], [ -80.317454, 25.306952 ], [ -80.330637, 25.299547 ], [ -80.36266, 25.292182 ], [ -80.368967, 25.286119 ], [ -80.365346, 25.274807 ], [ -80.357655, 25.269355 ], [ -80.35025, 25.262844 ], [ -80.347808, 25.248277 ], [ -80.35733, 25.227362 ], [ -80.394276, 25.190904 ], [ -80.413401, 25.147406 ], [ -80.458567, 25.156195 ], [ -80.464508, 25.138414 ], [ -80.450429, 25.143541 ], [ -80.439036, 25.139797 ], [ -80.433461, 25.130276 ], [ -80.437245, 25.118598 ], [ -80.444814, 25.122056 ], [ -80.448598, 25.122138 ], [ -80.448232, 25.118557 ], [ -80.44343, 25.111151 ], [ -80.452382, 25.099189 ], [ -80.463043, 25.09398 ], [ -80.484446, 25.091254 ], [ -80.480865, 25.078437 ], [ -80.48762, 25.066596 ], [ -80.512318, 25.042873 ], [ -80.526479, 25.021674 ], [ -80.534088, 25.016588 ], [ -80.55016, 25.014879 ], [ -80.555653, 25.009019 ], [ -80.558729102551681, 25.0 ] ], [ [ -80.531622010171574, 25.0 ], [ -80.519154, 25.014879 ], [ -80.488149, 25.039455 ], [ -80.480336, 25.049791 ], [ -80.471262, 25.072984 ], [ -80.464508, 25.083808 ], [ -80.453603, 25.081 ], [ -80.442779, 25.086412 ], [ -80.36148, 25.159491 ], [ -80.36148, 25.165717 ], [ -80.365834, 25.18122 ], [ -80.353342, 25.205552 ], [ -80.320546, 25.248277 ] ] ] } },
{ "type": "Feature", "properties": { "featurecla": "Coastline", "scalerank": 6, "min_zoom": 6.0 }, "geometry": { "type": "LineString", "coordinates": [ [ -81.047475, 25.309394 ], [ -81.059804, 25.311713 ], [ -81.072865, 25.310045 ], [ -81.078359, 25.301703 ], [ -81.074615, 25.288723 ], [ -81.066884, 25.27676 ], [ -81.058746, 25.273993 ], [ -81.051747, 25.278306 ], [ -81.048492, 25.28498 ], [ -81.039784, 25.296698 ], [ -81.042795, 25.30744 ], [ -81.047475, 25.309394 ] ] } },
{ "type": "Feature", "properties": { "featurecla": "Coastline", "scalerank": 6, "min_zoom": 6.0 }, "geometry": { "type": "LineString", "coordinates": [ [ -81.089019, 25.338853 ], [ -81.097279, 25.340074 ], [ -81.108713, 25.337633 ], [ -81.112701, 25.338202 ], [ -81.110422, 25.340318 ], [ -81.116526, 25.341946 ], [ -81.122222, 25.336575 ], [ -81.108632, 25.323961 ], [ -81.100331, 25.318183 ], [ -81.090728, 25.312812 ], [ -81.088124, 25.322414 ], [ -81.085683, 25.32689 ], [ -81.086293, 25.331244 ], [ -81.089019, 25.338853 ] ] } },
{ "type": "Feature", "properties": { "featurecla": "Coastline", "scalerank": 6, "min_zoom": 6.0 }, "geometry": { "type": "LineString", "coordinates": [ [ -77.864125, 25.407904 ], [ -77.85204, 25.412746 ], [ -77.842152, 25.423245 ], [ -77.836822, 25.434516 ], [ -77.839589, 25.434963 ], [ -77.847279, 25.425849 ], [ -77.85912, 25.419257 ], [ -77.874827, 25.41828 ], [ -77.886301, 25.419176 ], [ -77.892405, 25.418687 ], [ -77.900014, 25.415473 ], [ -77.905873, 25.410956 ], [ -77.906728, 25.409084 ], [ -77.888417, 25.408759 ], [ -77.879506, 25.407864 ], [ -77.864125, 25.407904 ] ] } },
{ "type": "Feature", "properties": { "featurecla": "Coastline", "scalerank": 6, "min_zoom": 6.0 }, "geometry": { "type": "LineString", "coordinates": [ [ -80.190175, 25.481024 ], [ -80.188466, 25.485419 ], [ -80.186594, 25.493313 ], [ -80.188222, 25.498358 ], [ -80.197011, 25.494696 ], [ -80.199941, 25.489814 ], [ -80.215728, 25.432034 ], [ -80.224355, 25.416083 ], [ -80.238026, 25.405951 ], [ -80.235097, 25.404853 ], [ -80.232533, 25.404731 ], [ -80.231191, 25.403388 ], [ -80.216908, 25.415473 ], [ -80.203481, 25.436591 ], [ -80.193918, 25.459215 ], [ -80.190175, 25.481024 ] ] } },
{ "type": "Feature", "properties": { "featurecla": "Coastline", "scalerank": 6, "min_zoom": 6.0 }, "geometry": { "type": "LineString", "coordinates": [ [ -79.268707, 25.53856 ], [ -79.264312, 25.528795 ], [ -79.262115, 25.528062 ], [ -79.26651, 25.537828 ], [ -79.268707, 25.53856 ] ] } },
{ "type": "Feature", "properties": { "featurecla": "Coastline", "scalerank": 6, "min_zoom": 6.0 }, "geometry": { "type": "LineString", "coordinates": [ [ -79.28893, 25.559149 ], [ -79.279897, 25.547797 ], [ -79.279408, 25.551663 ], [ -79.288442, 25.562974 ], [ -79.28893, 25.559149 ] ] } },
{ "type": "Feature", "properties": { "featurecla": "Coastline", "scalerank": 6, "min_zoom": 6.0 }, "geometry": { "type": "LineString", "coordinates": [ [ -80.162913, 25.672838 ], [ -80.158315, 25.679267 ], [ -80.156077, 25.734931 ], [ -80.162913, 25.734931 ], [ -80.166005, 25.728176 ], [ -80.170074, 25.722846 ], [ -80.175689, 25.718329 ], [ -80.183339, 25.713813 ], [ -80.183339, 25.707587 ], [ -80.178863, 25.706488 ], [ -80.176137, 25.70482 ], [ -80.173573, 25.702867 ], [ -80.169749, 25.700751 ], [ -80.180328, 25.691881 ], [ -80.181793, 25.681301 ], [ -80.175608, 25.673407 ], [ -80.162913, 25.672838 ] ] } },
{ "type": "Feature", "properties": { "featurecla": "Coastline", "scalerank": 6, "min_zoom": 6.0 }, "geometry": { "type": "LineString", "coordinates": [ [ -79.250071, 25.774726 ], [ -79.261057, 25.771918 ], [ -79.280344, 25.757229 ], [ -79.293813, 25.736029 ], [ -79.301259, 25.716864 ], [ -79.30427, 25.702338 ], [ -79.300649, 25.697943 ], [ -79.289174, 25.697659 ], [ -79.26183, 25.693752 ], [ -79.258046, 25.699042 ], [ -79.268137, 25.707099 ], [ -79.283315, 25.712795 ], [ -79.293853, 25.720689 ], [ -79.291575, 25.733832 ], [ -79.286244, 25.741523 ], [ -79.279042, 25.749986 ], [ -79.265533, 25.761623 ], [ -79.261708, 25.756659 ], [ -79.268707, 25.741604 ], [ -79.266957, 25.732489 ], [ -79.254628, 25.736029 ], [ -79.248036, 25.738959 ], [ -79.24592, 25.734565 ], [ -79.243235, 25.742906 ], [ -79.246083, 25.763861 ], [ -79.250071, 25.774726 ] ] } },
{ "type": "Feature", "properties": { "featurecla": "Coastline", "scalerank": 6, "min_zoom": 6.0 }, "geometry": { "type": "LineString", "coordinates": [ [ -77.819203, 25.707587 ], [ -77.820872, 25.71662 ], [ -77.858266, 25.777289 ], [ -77.868031, 25.787421 ], [ -77.880686, 25.789537 ], [ -77.887318, 25.78144 ], [ -77.880483, 25.768988 ], [ -77.860097, 25.748521 ], [ -77.844065, 25.722073 ], [ -77.831451, 25.708686 ], [ -77.819203, 25.707587 ] ] } },
{ "type": "Feature", "properties": { "featurecla": "Coastline", "scalerank": 6, "min_zoom": 6.0 }, "geometry": { "type": "LineString", "coordinates": [ [ -81.380483, 25.82095 ], [ -81.387074, 25.824123 ], [ -81.405181, 25.836982 ], [ -81.412221, 25.843248 ], [ -81.429514, 25.850898 ], [ -81.4405, 25.842434 ], [ -81.441233, 25.832506 ], [ -81.439849, 25.826483 ], [ -81.439565, 25.8039 ], [ -81.433339, 25.804755 ], [ -81.42516, 25.811469 ], [ -81.417714, 25.808783 ], [ -81.406809, 25.796698 ], [ -81.403228, 25.793524 ], [ -81.399729, 25.791815 ], [ -81.399892, 25.794867 ], [ -81.397084, 25.797593 ], [ -81.393219, 25.802191 ], [ -81.387563, 25.806098 ], [ -81.377431, 25.807034 ], [ -81.370717, 25.810126 ], [ -81.373199, 25.816107 ], [ -81.380483, 25.82095 ] ] } },
{ "type": "Feature", "properties": { "featurecla": "Coastline", "scalerank": 6, "min_zoom": 6.0 }, "geometry": { "type": "LineString", "coordinates": [ [ -81.453359, 25.825507 ], [ -81.45051, 25.832343 ], [ -81.45344, 25.838813 ], [ -81.456125, 25.841864 ], [ -81.457997, 25.850409 ], [ -81.465159, 25.865668 ], [ -81.474355, 25.872463 ], [ -81.489817, 25.869818 ], [ -81.494456, 25.867621 ], [ -81.503041, 25.865871 ], [ -81.516916, 25.859768 ], [ -81.519765, 25.8487 ], [ -81.514963, 25.843004 ], [ -81.512115, 25.840277 ], [ -81.512034, 25.836127 ], [ -81.510976, 25.836859 ], [ -81.509104, 25.843492 ], [ -81.508372, 25.847317 ], [ -81.507883, 25.852037 ], [ -81.502838, 25.855455 ], [ -81.498036, 25.852118 ], [ -81.495269, 25.8487 ], [ -81.479563, 25.847602 ], [ -81.473866, 25.840399 ], [ -81.471059, 25.835273 ], [ -81.466949, 25.829332 ], [ -81.459625, 25.822821 ], [ -81.453359, 25.825507 ] ] } },
{ "type": "Feature", "properties": { "featurecla": "Coastline", "scalerank": 6, "min_zoom": 6.0 }, "geometry": { "type": "LineString", "coordinates": [ [ -81.541005, 25.890123 ], [ -81.543121, 25.893012 ], [ -81.542226, 25.893866 ], [ -81.539215, 25.895331 ], [ -81.545888, 25.902411 ], [ -81.558339, 25.903388 ], [ -81.561025, 25.894843 ], [ -81.558705, 25.889065 ], [ -81.554026, 25.884508 ], [ -81.547841, 25.881659 ], [ -81.546457, 25.872748 ], [ -81.548492, 25.857489 ], [ -81.545766, 25.853664 ], [ -81.536488, 25.870917 ], [ -81.533559, 25.878648 ], [ -81.536041, 25.884996 ], [ -81.541005, 25.890123 ] ] } },
{ "type": "Feature", "properties": { "featurecla": "Coastline", "scalerank": 6, "min_zoom": 6.0 }, "geometry": { "type": "LineString", "coordinates": [ [ -81.676137, 25.901272 ], [ -81.688873, 25.899319 ], [ -81.698964, 25.899848 ], [ -81.708404, 25.898668 ], [ -81.710764, 25.889716 ], [ -81.708567, 25.883775 ], [ -81.70637, 25.881496 ], [ -81.701568, 25.877509 ], [ -81.698801, 25.872626 ], [ -81.696156, 25.86579 ], [ -81.690256, 25.863105 ], [ -81.677398, 25.861477 ], [ -81.672027, 25.867255 ], [ -81.660024, 25.886542 ], [ -81.663401, 25.896918 ], [ -81.676137, 25.901272 ] ] } },
{ "type": "Feature", "properties": { "featurecla": "Coastline", "scalerank": 6, "min_zoom": 6.0 }, "geometry": { "type": "LineString", "coordinates": [ [ -77.537994, 26.306586 ], [ -77.543568, 26.312486 ], [ -77.570383, 26.332709 ], [ -77.579579, 26.337592 ], [ -77.579335, 26.31802 ], [ -77.572174, 26.304877 ], [ -77.567047, 26.291002 ], [ -77.572743, 26.268704 ], [ -77.542307, 26.298977 ], [ -77.537994, 26.306586 ] ] } },
{ "type": "Feature", "properties": { "featurecla": "Coastline", "scalerank": 3, "min_zoom": 1.5 }, "geometry": { "type": "LineString", "coordinates": [ [ -77.812367, 26.906806 ], [ -77.794667, 26.899726 ], [ -77.766428, 26.882799 ], [ -77.754628, 26.879462 ], [ -77.714955, 26.879381 ], [ -77.696848, 26.877346 ], [ -77.638051, 26.859931 ], [ -77.614329, 26.856513 ], [ -77.596995, 26.862047 ], [ -77.578481, 26.871161 ], [ -77.556223, 26.870551 ], [ -77.534413, 26.863186 ], [ -77.517486, 26.8522 ], [ -77.490224, 26.82331 ], [ -77.444692, 26.755072 ], [ -77.428131, 26.721177 ], [ -77.43399, 26.705512 ], [ -77.426991, 26.695136 ], [ -77.411244, 26.689399 ], [ -77.390859, 26.68769 ], [ -77.384918, 26.690334 ], [ -77.380035, 26.695705 ], [ -77.375356, 26.69953 ], [ -77.370107, 26.697903 ], [ -77.366567, 26.69302 ], [ -77.36144, 26.682318 ], [ -77.350087, 26.669013 ], [ -77.34732, 26.660305 ], [ -77.348459, 26.652167 ], [ -77.353017, 26.646064 ], [ -77.340972, 26.621527 ], [ -77.329742, 26.60456 ], [ -77.312164, 26.594672 ], [ -77.219553, 26.582424 ], [ -77.196156, 26.572659 ], [ -77.160715, 26.564195 ], [ -77.153554, 26.549465 ], [ -77.157948, 26.53144 ], [ -77.16808, 26.515774 ], [ -77.173004, 26.512844 ], [ -77.180165, 26.510077 ], [ -77.186431, 26.505927 ], [ -77.189198, 26.498969 ], [ -77.1881, 26.479804 ], [ -77.189198, 26.474799 ], [ -77.196197, 26.462877 ], [ -77.204579, 26.453315 ], [ -77.215443, 26.447699 ], [ -77.230133, 26.447455 ], [ -77.228627, 26.376939 ], [ -77.219879, 26.364936 ], [ -77.218617, 26.355292 ], [ -77.250356, 26.313056 ], [ -77.233388, 26.298 ], [ -77.23058, 26.285102 ], [ -77.230133, 26.258734 ], [ -77.233876, 26.244045 ], [ -77.242502, 26.234524 ], [ -77.25182, 26.22602 ], [ -77.258046, 26.214748 ], [ -77.256418, 26.203925 ], [ -77.248769, 26.196519 ], [ -77.240346, 26.190579 ], [ -77.236318, 26.183661 ], [ -77.235829, 26.171698 ], [ -77.233795, 26.162258 ], [ -77.229807, 26.153998 ], [ -77.223297, 26.145819 ], [ -77.248931, 26.136054 ], [ -77.272369, 26.118313 ], [ -77.308949, 26.080634 ], [ -77.321034, 26.075181 ], [ -77.335601, 26.073676 ], [ -77.34789, 26.070624 ], [ -77.35912, 26.045885 ], [ -77.373931, 26.035468 ], [ -77.392079, 26.029853 ], [ -77.408274, 26.029731 ], [ -77.388173, 26.005439 ], [ -77.315053, 25.990953 ], [ -77.29898, 25.977932 ], [ -77.292714, 25.957261 ], [ -77.276235, 25.926011 ], [ -77.253041, 25.89761 ], [ -77.226674, 25.885077 ], [ -77.190745, 25.916327 ], [ -77.187164, 25.988471 ], [ -77.192209, 26.068996 ], [ -77.181711, 26.125312 ], [ -77.183217, 26.144273 ], [ -77.174387, 26.220689 ], [ -77.164947, 26.245429 ], [ -77.142649, 26.268256 ], [ -77.115305, 26.290432 ], [ -77.084462, 26.306138 ], [ -77.051991, 26.309638 ], [ -77.056752, 26.294664 ], [ -77.058827, 26.290432 ], [ -77.041005, 26.293769 ], [ -77.032704, 26.297431 ], [ -77.024729, 26.303453 ], [ -77.01651, 26.311713 ], [ -77.01476, 26.31566 ], [ -77.016103, 26.319525 ], [ -77.017201, 26.327623 ], [ -77.019439, 26.332709 ], [ -77.024403, 26.337592 ], [ -77.029286, 26.344428 ], [ -77.031565, 26.355292 ], [ -77.030019, 26.362738 ], [ -77.017201, 26.385972 ], [ -77.032948, 26.389879 ], [ -77.046254, 26.396308 ], [ -77.055409, 26.406928 ], [ -77.058827, 26.423245 ], [ -77.058583, 26.467841 ], [ -77.055409, 26.474799 ], [ -77.042144, 26.481838 ], [ -77.042307, 26.498033 ], [ -77.049794, 26.516343 ], [ -77.058827, 26.529364 ], [ -77.070546, 26.53852 ], [ -77.107249, 26.556708 ], [ -77.155263, 26.58808 ], [ -77.182769, 26.600287 ], [ -77.243886, 26.6105 ], [ -77.269887, 26.625067 ], [ -77.290598, 26.646959 ], [ -77.305247, 26.674018 ], [ -77.272613, 26.673 ], [ -77.259145, 26.676703 ], [ -77.2506, 26.68769 ], [ -77.283681, 26.689683 ], [ -77.307118, 26.696438 ], [ -77.327952, 26.709133 ], [ -77.511301, 26.869534 ], [ -77.553578, 26.898017 ], [ -77.606842, 26.920396 ], [ -77.629791, 26.904202 ], [ -77.682362, 26.908433 ], [ -77.774485, 26.927232 ], [ -77.868153, 26.928412 ], [ -77.913442, 26.920966 ], [ -77.949452, 26.899888 ], [ -77.956654, 26.898424 ], [ -77.959625, 26.896959 ], [ -77.962554, 26.893052 ], [ -77.941477, 26.893541 ], [ -77.909779, 26.904039 ], [ -77.830678, 26.90941 ], [ -77.812367, 26.906806 ] ] } },
{ "type": "Feature", "properties": { "featurecla": "Coastline", "scalerank": 6, "min_zoom": 6.0 }, "geometry": { "type": "LineString", "coordinates": [ [ -77.244252, 26.478461 ], [ -77.253774, 26.480048 ], [ -77.26183, 26.477851 ], [ -77.267568, 26.472561 ], [ -77.272369, 26.469468 ], [ -77.276682, 26.469957 ], [ -77.278228, 26.465806 ], [ -77.272328, 26.460679 ], [ -77.267445, 26.453274 ], [ -77.263295, 26.442206 ], [ -77.254547, 26.438137 ], [ -77.250559, 26.438218 ], [ -77.246653, 26.438666 ], [ -77.241038, 26.442816 ], [ -77.24352, 26.454413 ], [ -77.242502, 26.466213 ], [ -77.240468, 26.46662 ], [ -77.240712, 26.467353 ], [ -77.242991, 26.469062 ], [ -77.242096, 26.470608 ], [ -77.238433, 26.47016 ], [ -77.236562, 26.469387 ], [ -77.236073, 26.470364 ], [ -77.23762, 26.474066 ], [ -77.244252, 26.478461 ] ] } },
{ "type": "Feature", "properties": { "featurecla": "Coastline", "scalerank": 6, "min_zoom": 6.0 }, "geometry": { "type": "LineString", "coordinates": [ [ -77.853831, 26.600775 ], [ -77.857086, 26.597846 ], [ -77.864491, 26.593655 ], [ -77.862416, 26.596625 ], [ -77.853098, 26.607001 ], [ -77.857574, 26.611762 ], [ -77.887807, 26.606594 ], [ -77.893137, 26.602607 ], [ -77.891103, 26.594062 ], [ -77.886586, 26.585598 ], [ -77.872874, 26.570543 ], [ -77.870513, 26.566718 ], [ -77.868398, 26.56387 ], [ -77.861928, 26.564114 ], [ -77.85558, 26.57274 ], [ -77.851877, 26.583319 ], [ -77.847157, 26.590522 ], [ -77.847076, 26.594875 ], [ -77.843617, 26.600735 ], [ -77.834625, 26.610541 ], [ -77.837514, 26.613511 ], [ -77.848459, 26.605536 ], [ -77.853831, 26.600775 ] ] } },
{ "type": "Feature", "properties": { "featurecla": "Coastline", "scalerank": 5, "min_zoom": 4.0 }, "geometry": { "type": "LineString", "coordinates": [ [ -82.129221, 26.461127 ], [ -82.148793, 26.468573 ], [ -82.164133, 26.47956 ], [ -82.175893, 26.49494 ], [ -82.184438, 26.515774 ], [ -82.187164, 26.526923 ], [ -82.190785, 26.536526 ], [ -82.196278, 26.544501 ], [ -82.204945, 26.550482 ], [ -82.200673, 26.519599 ], [ -82.191314, 26.48843 ], [ -82.184071, 26.473334 ], [ -82.175038, 26.46247 ], [ -82.16393, 26.454291 ], [ -82.103586, 26.422553 ], [ -82.088246, 26.419501 ], [ -82.070912, 26.424628 ], [ -82.045522, 26.443752 ], [ -82.026845, 26.447455 ], [ -82.06843, 26.467963 ], [ -82.076812, 26.456204 ], [ -82.096262, 26.454535 ], [ -82.129221, 26.461127 ] ] } },
{ "type": "Feature", "properties": { "featurecla": "Coastline", "scalerank": 5, "min_zoom": 4.0 }, "geometry": { "type": "LineString", "coordinates": [ [ -82.136708, 26.584662 ], [ -82.123647, 26.565375 ], [ -82.10851, 26.516303 ], [ -82.095082, 26.495836 ], [ -82.082021, 26.491523 ], [ -82.080963, 26.509019 ], [ -82.088246, 26.560452 ], [ -82.096018, 26.574937 ], [ -82.111562, 26.596381 ], [ -82.123199, 26.61872 ], [ -82.113637, 26.654364 ], [ -82.124501, 26.676459 ], [ -82.14391, 26.694648 ], [ -82.163971, 26.701321 ], [ -82.177642, 26.701321 ], [ -82.164662, 26.671942 ], [ -82.145741, 26.640123 ], [ -82.132436, 26.609809 ], [ -82.136708, 26.584662 ] ] } },
{ "type": "Feature", "properties": { "featurecla": "Coastline", "scalerank": 6, "min_zoom": 6.0 }, "geometry": { "type": "LineString", "coordinates": [ [ -82.260162, 26.701321 ], [ -82.24767, 26.654364 ], [ -82.239084, 26.634182 ], [ -82.225453, 26.611274 ], [ -82.229319, 26.633775 ], [ -82.244537, 26.670803 ], [ -82.245961, 26.694525 ], [ -82.252349, 26.699612 ], [ -82.255483, 26.701239 ], [ -82.260162, 26.701321 ] ] } },
{ "type": "Feature", "properties": { "featurecla": "Coastline", "scalerank": 6, "min_zoom": 6.0 }, "geometry": { "type": "LineString", "coordinates": [ [ -82.273834, 26.803127 ], [ -82.278432, 26.810045 ], [ -82.281484, 26.809475 ], [ -82.287506, 26.803127 ], [ -82.277821, 26.785061 ], [ -82.274648, 26.736151 ], [ -82.266428, 26.714993 ], [ -82.259104, 26.73725 ], [ -82.257965, 26.758531 ], [ -82.262929, 26.780097 ], [ -82.273834, 26.803127 ] ] } },
{ "type": "Feature", "properties": { "featurecla": "Coastline", "scalerank": 6, "min_zoom": 6.0 }, "geometry": { "type": "LineString", "coordinates": [ [ -82.65746, 27.396796 ], [ -82.649037, 27.381334 ], [ -82.606679, 27.336656 ], [ -82.589182, 27.324449 ], [ -82.593088, 27.33983 ], [ -82.630116, 27.379706 ], [ -82.654286, 27.419664 ], [ -82.664215, 27.426907 ], [ -82.680979, 27.434068 ], [ -82.676625, 27.42178 ], [ -82.664418, 27.404486 ], [ -82.65746, 27.396796 ] ] } },
{ "type": "Feature", "properties": { "featurecla": "Coastline", "scalerank": 6, "min_zoom": 6.0 }, "geometry": { "type": "LineString", "coordinates": [ [ -82.666005, 28.734442 ], [ -82.672719, 28.737047 ], [ -82.677602, 28.73607 ], [ -82.683217, 28.737738 ], [ -82.688954, 28.735297 ], [ -82.68928, 28.731757 ], [ -82.685618, 28.730048 ], [ -82.68814, 28.72899 ], [ -82.692006, 28.729153 ], [ -82.695872, 28.728949 ], [ -82.696034, 28.725572 ], [ -82.681874, 28.720852 ], [ -82.681874, 28.716946 ], [ -82.678212, 28.71426 ], [ -82.673736, 28.714423 ], [ -82.672271, 28.715237 ], [ -82.667063, 28.722357 ], [ -82.666005, 28.734442 ] ] } },
{ "type": "Feature", "properties": { "featurecla": "Coastline", "scalerank": 6, "min_zoom": 6.0 }, "geometry": { "type": "LineString", "coordinates": [ [ -82.696401, 28.763983 ], [ -82.697377, 28.761461 ], [ -82.692535, 28.76024 ], [ -82.6822, 28.760321 ], [ -82.673818, 28.766669 ], [ -82.673492, 28.777086 ], [ -82.679921, 28.784654 ], [ -82.6881, 28.788153 ], [ -82.694936, 28.787584 ], [ -82.697581, 28.782294 ], [ -82.695465, 28.776435 ], [ -82.69164, 28.773098 ], [ -82.692738, 28.769355 ], [ -82.696401, 28.763983 ] ] } },
{ "type": "Feature", "properties": { "featurecla": "Coastline", "scalerank": 6, "min_zoom": 6.0 }, "geometry": { "type": "LineString", "coordinates": [ [ -83.038197, 29.145209 ], [ -83.042958, 29.151272 ], [ -83.050282, 29.155707 ], [ -83.057525, 29.150092 ], [ -83.058176, 29.136176 ], [ -83.049957, 29.131985 ], [ -83.036773, 29.137519 ], [ -83.029652, 29.139797 ], [ -83.032948, 29.141262 ], [ -83.038197, 29.145209 ] ] } },
{ "type": "Feature", "properties": { "featurecla": "Coastline", "scalerank": 6, "min_zoom": 6.0 }, "geometry": { "type": "MultiLineString", "coordinates": [ [ [ -89.962961, 29.270982 ], [ -89.976633, 29.256903 ], [ -90.0, 29.249620215080792 ] ], [ [ -90.0, 29.234170703828166 ], [ -89.976145, 29.245063 ], [ -89.955474, 29.25731 ], [ -89.962961, 29.264146 ], [ -89.955474, 29.270982 ], [ -89.962961, 29.270982 ] ] ] } },
{ "type": "Feature", "properties": { "featurecla": "Coastline", "scalerank": 6, "min_zoom": 6.0 }, "geometry": { "type": "LineString", "coordinates": [ [ -89.927846, 29.288153 ], [ -89.933827, 29.284573 ], [ -89.938954, 29.277248 ], [ -89.92927, 29.276597 ], [ -89.914459, 29.284857 ], [ -89.913157, 29.290229 ], [ -89.92276, 29.289293 ], [ -89.927846, 29.288153 ] ] } },
{ "type": "Feature", "properties": { "featurecla": "Coastline", "scalerank": 6, "min_zoom": 6.0 }, "geometry": { "type": "MultiLineString", "coordinates": [ [ [ -89.994944, 29.45661 ], [ -89.994862, 29.459377 ], [ -89.995717, 29.464748 ], [ -89.997304, 29.465562 ], [ -89.998443, 29.461249 ], [ -90.0, 29.460507397893505 ] ], [ [ -90.0, 29.44552507200461 ], [ -89.995839, 29.44481 ], [ -89.991689, 29.448635 ], [ -89.991526, 29.455715 ], [ -89.993235, 29.458441 ], [ -89.994944, 29.45661 ] ] ] } },
{ "type": "Feature", "properties": { "featurecla": "Coastline", "scalerank": 6, "min_zoom": 6.0 }, "geometry": { "type": "LineString", "coordinates": [ [ -89.167836, 29.50373 ], [ -89.173004, 29.489325 ], [ -89.187815, 29.480373 ], [ -89.221832, 29.469631 ], [ -89.203236, 29.469143 ], [ -89.182607, 29.473131 ], [ -89.166249, 29.482367 ], [ -89.16039, 29.497504 ], [ -89.161366, 29.500637 ], [ -89.16161, 29.50316 ], [ -89.163157, 29.504462 ], [ -89.167836, 29.50373 ] ] } },
{ "type": "Feature", "properties": { "featurecla": "Coastline", "scalerank": 6, "min_zoom": 6.0 }, "geometry": { "type": "LineString", "coordinates": [ [ -89.057037, 29.562079 ], [ -89.0985, 29.520941 ], [ -89.09142, 29.523912 ], [ -89.084096, 29.529446 ], [ -89.054026, 29.559516 ], [ -89.049916, 29.565009 ], [ -89.054799, 29.563625 ], [ -89.057037, 29.562079 ] ] } },
{ "type": "Feature", "properties": { "featurecla": "Coastline", "scalerank": 6, "min_zoom": 6.0 }, "geometry": { "type": "LineString", "coordinates": [ [ -88.979604, 29.63288 ], [ -88.978261, 29.631659 ], [ -88.968821, 29.638577 ], [ -88.964508, 29.642768 ], [ -88.970082, 29.639797 ], [ -88.979604, 29.63288 ] ] } },
{ "type": "Feature", "properties": { "featurecla": "Coastline", "scalerank": 6, "min_zoom": 6.0 }, "geometry": { "type": "LineString", "coordinates": [ [ -85.141754, 29.640855 ], [ -85.120351, 29.633979 ], [ -85.108713, 29.634019 ], [ -85.103586, 29.643988 ], [ -85.101308, 29.653266 ], [ -85.095815, 29.662421 ], [ -85.089263, 29.670152 ], [ -85.083648, 29.675035 ], [ -85.08609, 29.685736 ], [ -85.087758, 29.686835 ], [ -85.100453, 29.688056 ], [ -85.113678, 29.691962 ], [ -85.138295, 29.695502 ], [ -85.153066, 29.684638 ], [ -85.171539, 29.683254 ], [ -85.212799, 29.688707 ], [ -85.202301, 29.680976 ], [ -85.182281, 29.673977 ], [ -85.171864, 29.66885 ], [ -85.16511, 29.661933 ], [ -85.15807, 29.652655 ], [ -85.150461, 29.644477 ], [ -85.141754, 29.640855 ] ] } },
{ "type": "Feature", "properties": { "featurecla": "Coastline", "scalerank": 5, "min_zoom": 4.0 }, "geometry": { "type": "LineString", "coordinates": [ [ -84.737375, 29.736477 ], [ -84.742258, 29.734442 ], [ -84.745595, 29.729967 ], [ -84.749989, 29.725491 ], [ -84.757883, 29.723456 ], [ -84.768178, 29.72191 ], [ -84.770904, 29.718329 ], [ -84.771311, 29.713813 ], [ -84.774566, 29.709784 ], [ -84.987457, 29.620429 ], [ -85.031565, 29.610907 ], [ -85.054026, 29.609442 ], [ -85.081207, 29.623969 ], [ -85.09732, 29.627265 ], [ -85.071278, 29.611762 ], [ -85.049184, 29.605862 ], [ -84.990875, 29.606147 ], [ -84.969472, 29.611762 ], [ -84.908762, 29.642483 ], [ -84.887847, 29.657945 ], [ -84.788238, 29.695502 ], [ -84.728912, 29.735826 ], [ -84.70637, 29.743964 ], [ -84.706614, 29.748033 ], [ -84.698354, 29.754584 ], [ -84.692698, 29.756985 ], [ -84.692698, 29.76439 ], [ -84.70523, 29.75849 ], [ -84.72411, 29.740302 ], [ -84.737375, 29.736477 ] ] } },
{ "type": "Feature", "properties": { "featurecla": "Coastline", "scalerank": 5, "min_zoom": 4.0 }, "geometry": { "type": "LineString", "coordinates": [ [ -88.925404, 29.683092 ], [ -88.889556, 29.725328 ], [ -88.874094, 29.747463 ], [ -88.938832, 29.673285 ], [ -88.925404, 29.683092 ] ] } },
{ "type": "Feature", "properties": { "featurecla": "Coastline", "scalerank": 6, "min_zoom": 6.0 }, "geometry": { "type": "LineString", "coordinates": [ [ -89.45519, 29.791693 ], [ -89.458608, 29.795396 ], [ -89.463368, 29.798896 ], [ -89.475697, 29.805365 ], [ -89.49059, 29.793769 ], [ -89.494049, 29.778795 ], [ -89.48998, 29.736477 ], [ -89.476715, 29.74372 ], [ -89.466908, 29.766425 ], [ -89.458608, 29.771226 ], [ -89.452382, 29.767035 ], [ -89.447418, 29.757799 ], [ -89.440256, 29.748481 ], [ -89.427317, 29.743964 ], [ -89.432118, 29.757636 ], [ -89.435211, 29.772284 ], [ -89.441314, 29.784613 ], [ -89.45519, 29.791693 ] ] } },
{ "type": "Feature", "properties": { "featurecla": "Coastline", "scalerank": 6, "min_zoom": 6.0 }, "geometry": { "type": "LineString", "coordinates": [ [ -89.304351, 29.805365 ], [ -89.335439, 29.812201 ], [ -89.337026, 29.806627 ], [ -89.290679, 29.771226 ], [ -89.276479, 29.805365 ], [ -89.27717, 29.812079 ], [ -89.283762, 29.811021 ], [ -89.293609, 29.807115 ], [ -89.304351, 29.805365 ] ] } },
{ "type": "Feature", "properties": { "featurecla": "Coastline", "scalerank": 6, "min_zoom": 6.0 }, "geometry": { "type": "LineString", "coordinates": [ [ -84.617014, 29.805365 ], [ -84.65685, 29.787055 ], [ -84.664703, 29.778713 ], [ -84.608713, 29.789252 ], [ -84.586334, 29.799954 ], [ -84.576405, 29.81977 ], [ -84.583608, 29.821845 ], [ -84.593414, 29.818549 ], [ -84.617014, 29.805365 ] ] } },
{ "type": "Feature", "properties": { "featurecla": "Coastline", "scalerank": 5, "min_zoom": 4.0 }, "geometry": { "type": "LineString", "coordinates": [ [ -88.872426, 30.058661 ], [ -88.857574, 30.048041 ], [ -88.848012, 30.033108 ], [ -88.838246, 29.997219 ], [ -88.83141, 29.989691 ], [ -88.836252, 29.97842 ], [ -88.832143, 29.962348 ], [ -88.817779, 29.935126 ], [ -88.823964, 29.9289 ], [ -88.823354, 29.912991 ], [ -88.823964, 29.860663 ], [ -88.829945, 29.843411 ], [ -88.859364, 29.791693 ], [ -88.855458, 29.785956 ], [ -88.853586, 29.780219 ], [ -88.853383, 29.774604 ], [ -88.854563, 29.769192 ], [ -88.829579, 29.810289 ], [ -88.821034, 29.832668 ], [ -88.810943, 29.915229 ], [ -88.817779, 29.983547 ], [ -88.832143, 30.001858 ], [ -88.840077, 30.025458 ], [ -88.850453, 30.04682 ], [ -88.872426, 30.058661 ] ] } },
{ "type": "Feature", "properties": { "featurecla": "Coastline", "scalerank": 6, "min_zoom": 6.0 }, "geometry": { "type": "LineString", "coordinates": [ [ -89.234364, 29.948432 ], [ -89.261057, 29.943345 ], [ -89.279042, 29.937201 ], [ -89.295481, 29.924628 ], [ -89.293935, 29.920071 ], [ -89.28482, 29.923489 ], [ -89.274078, 29.926337 ], [ -89.255279, 29.929348 ], [ -89.24059, 29.929348 ], [ -89.235504, 29.931627 ], [ -89.23884, 29.936265 ], [ -89.238759, 29.941352 ], [ -89.234364, 29.948432 ] ] } },
{ "type": "Feature", "properties": { "featurecla": "Coastline", "scalerank": 6, "min_zoom": 6.0 }, "geometry": { "type": "LineString", "coordinates": [ [ -89.272939, 29.982082 ], [ -89.278066, 29.982123 ], [ -89.293813, 29.962104 ], [ -89.304351, 29.94599 ], [ -89.309438, 29.93651 ], [ -89.317738, 29.926093 ], [ -89.32787, 29.91592 ], [ -89.322581, 29.917182 ], [ -89.304107, 29.932359 ], [ -89.295806, 29.942206 ], [ -89.280629, 29.965766 ], [ -89.272939, 29.982082 ] ] } },
{ "type": "Feature", "properties": { "featurecla": "Coastline", "scalerank": 5, "min_zoom": 4.0 }, "geometry": { "type": "LineString", "coordinates": [ [ -89.188344, 30.079739 ], [ -89.194488, 30.079739 ], [ -89.197662, 30.073188 ], [ -89.202219, 30.067857 ], [ -89.208119, 30.063178 ], [ -89.215647, 30.058661 ], [ -89.216542, 30.063218 ], [ -89.221832, 30.072903 ], [ -89.218617, 30.086737 ], [ -89.236195, 30.093492 ], [ -89.249908, 30.101996 ], [ -89.235463, 30.120673 ], [ -89.207143, 30.14643 ], [ -89.194407, 30.15526 ], [ -89.180816, 30.161689 ], [ -89.180816, 30.168524 ], [ -89.196401, 30.164984 ], [ -89.209869, 30.154771 ], [ -89.229319, 30.134345 ], [ -89.254465, 30.117987 ], [ -89.268625, 30.111558 ], [ -89.283925, 30.107082 ], [ -89.276682, 30.089504 ], [ -89.284901, 30.08397 ], [ -89.297719, 30.08397 ], [ -89.304351, 30.083157 ], [ -89.308949, 30.076077 ], [ -89.319936, 30.07095 ], [ -89.333485, 30.067572 ], [ -89.345326, 30.066067 ], [ -89.339263, 30.05268 ], [ -89.332102, 30.048977 ], [ -89.311838, 30.052436 ], [ -89.310699, 30.054592 ], [ -89.306996, 30.059272 ], [ -89.301259, 30.063951 ], [ -89.294423, 30.066067 ], [ -89.291168, 30.064846 ], [ -89.288238, 30.061998 ], [ -89.283844, 30.059516 ], [ -89.276479, 30.058661 ], [ -89.275787, 30.060858 ], [ -89.272572, 30.065741 ], [ -89.267242, 30.070624 ], [ -89.260365, 30.072903 ], [ -89.253041, 30.070258 ], [ -89.248891, 30.064032 ], [ -89.246002, 30.057115 ], [ -89.242991, 30.052436 ], [ -89.228871, 30.035956 ], [ -89.222076, 30.033759 ], [ -89.215647, 30.044989 ], [ -89.201161, 30.041571 ], [ -89.191762, 30.04914 ], [ -89.187408, 30.063218 ], [ -89.188344, 30.079739 ] ] } },
{ "type": "Feature", "properties": { "featurecla": "Coastline", "scalerank": 6, "min_zoom": 6.0 }, "geometry": { "type": "LineString", "coordinates": [ [ -89.433013, 30.145697 ], [ -89.439361, 30.136542 ], [ -89.431264, 30.133368 ], [ -89.424916, 30.142564 ], [ -89.426422, 30.148383 ], [ -89.433013, 30.145697 ] ] } },
{ "type": "Feature", "properties": { "featurecla": "Coastline", "scalerank": 6, "min_zoom": 6.0 }, "geometry": { "type": "LineString", "coordinates": [ [ -88.940785, 30.217515 ], [ -88.967356, 30.214301 ], [ -88.969309, 30.210639 ], [ -88.942738, 30.213813 ], [ -88.927846, 30.217597 ], [ -88.940785, 30.217515 ] ] } },
{ "type": "Feature", "properties": { "featurecla": "Coastline", "scalerank": 6, "min_zoom": 6.0 }, "geometry": { "type": "LineString", "coordinates": [ [ -88.503041, 30.216254 ], [ -88.469716, 30.210842 ], [ -88.434193, 30.209418 ], [ -88.427358, 30.216254 ], [ -88.503041, 30.223782 ], [ -88.503041, 30.216254 ] ] } },
{ "type": "Feature", "properties": { "featurecla": "Coastline", "scalerank": 6, "min_zoom": 6.0 }, "geometry": { "type": "LineString", "coordinates": [ [ -89.057973, 30.257799 ], [ -89.064809, 30.257799 ], [ -89.077016, 30.24079 ], [ -89.101308, 30.235053 ], [ -89.153554, 30.236762 ], [ -89.153554, 30.229926 ], [ -89.121409, 30.230862 ], [ -89.107981, 30.227118 ], [ -89.098948, 30.216254 ], [ -89.092152, 30.223782 ], [ -89.084625, 30.216254 ], [ -89.089508, 30.211982 ], [ -89.094838, 30.206122 ], [ -89.098948, 30.203274 ], [ -89.095286, 30.19953 ], [ -89.092519, 30.197659 ], [ -89.089467, 30.196601 ], [ -89.084625, 30.195787 ], [ -89.068186, 30.225816 ], [ -89.064809, 30.236762 ], [ -89.065541, 30.246975 ], [ -89.062978, 30.249742 ], [ -89.057485, 30.252672 ], [ -89.057973, 30.257799 ] ] } },
{ "type": "Feature", "properties": { "featurecla": "Coastline", "scalerank": 5, "min_zoom": 4.0 }, "geometry": { "type": "LineString", "coordinates": [ [ -88.643056, 30.240465 ], [ -88.665191, 30.252387 ], [ -88.697825, 30.25788 ], [ -88.731313, 30.257229 ], [ -88.756337, 30.250434 ], [ -88.756337, 30.244208 ], [ -88.556264, 30.216742 ], [ -88.546457, 30.220364 ], [ -88.537913, 30.224433 ], [ -88.559682, 30.231147 ], [ -88.621205, 30.231513 ], [ -88.643056, 30.240465 ] ] } },
{ "type": "Feature", "properties": { "featurecla": "Coastline", "scalerank": 5, "min_zoom": 4.0 }, "geometry": { "type": "LineString", "coordinates": [ [ -88.071116, 30.250434 ], [ -88.071116, 30.257799 ], [ -88.109039, 30.276109 ], [ -88.118031, 30.271145 ], [ -88.125315, 30.265082 ], [ -88.134633, 30.259996 ], [ -88.149648, 30.257799 ], [ -88.204823, 30.257799 ], [ -88.296986, 30.244696 ], [ -88.311269, 30.236762 ], [ -88.090972, 30.244696 ], [ -88.084096, 30.245917 ], [ -88.071116, 30.250434 ] ] } },
{ "type": "Feature", "properties": { "featurecla": "Coastline", "scalerank": 3, "min_zoom": 1.5 }, "geometry": { "type": "LineString", "coordinates": [ [ -78.590077, 26.5362 ], [ -78.570465, 26.541571 ], [ -78.540151, 26.565009 ], [ -78.521474, 26.57038 ], [ -78.503407, 26.573065 ], [ -78.293386, 26.6213 ], [ -78.237706, 26.621325 ], [ -78.100331, 26.646064 ], [ -78.040761, 26.658433 ], [ -77.975413, 26.66177 ], [ -77.962554, 26.659735 ], [ -77.953196, 26.654853 ], [ -77.936269, 26.641791 ], [ -77.929067, 26.639228 ], [ -77.910553, 26.646308 ], [ -77.90217, 26.662421 ], [ -77.902943, 26.681586 ], [ -77.920806, 26.716946 ], [ -77.91808, 26.737494 ], [ -77.913075, 26.75788 ], [ -77.915395, 26.776435 ], [ -77.931142, 26.770494 ], [ -77.940053, 26.759467 ], [ -77.946848, 26.746568 ], [ -77.956288, 26.735419 ], [ -77.971669, 26.72956 ], [ -78.035146, 26.728583 ], [ -78.055409, 26.72602 ], [ -78.087229, 26.713121 ], [ -78.118948, 26.704328 ], [ -78.167051, 26.7104 ], [ -78.202641, 26.697159 ], [ -78.221685, 26.700294 ], [ -78.25293, 26.712942 ], [ -78.273615, 26.703583 ], [ -78.287082, 26.685492 ], [ -78.319984, 26.686527 ], [ -78.370961, 26.694525 ], [ -78.417059, 26.704749 ], [ -78.437816, 26.699821 ], [ -78.520257, 26.728995 ], [ -78.539174, 26.739203 ], [ -78.54426, 26.757025 ], [ -78.5572, 26.778551 ], [ -78.574778, 26.798285 ], [ -78.593821, 26.810533 ], [ -78.601552, 26.768256 ], [ -78.607411, 26.755927 ], [ -78.634674, 26.727973 ], [ -78.641591, 26.714993 ], [ -78.600006, 26.708197 ], [ -78.575942, 26.69477 ], [ -78.573633, 26.684159 ], [ -78.592193, 26.673048 ], [ -78.604435, 26.650535 ], [ -78.619011, 26.639518 ], [ -78.621611, 26.627014 ], [ -78.634251, 26.617819 ], [ -78.637979, 26.609731 ], [ -78.645787, 26.605097 ], [ -78.657513, 26.598589 ], [ -78.671252, 26.592918 ], [ -78.691723, 26.57997 ], [ -78.714289, 26.57052 ], [ -78.738155, 26.570809 ], [ -78.770375, 26.583325 ], [ -78.786222, 26.581144 ], [ -78.80606, 26.577826 ], [ -78.835805, 26.614569 ], [ -78.964345, 26.68769 ], [ -78.970937, 26.694892 ], [ -78.978383, 26.699408 ], [ -78.987131, 26.701483 ], [ -78.997874, 26.701321 ], [ -78.987294, 26.686225 ], [ -78.9396, 26.650788 ], [ -78.834557, 26.553651 ], [ -78.791089, 26.5297 ], [ -78.766839, 26.508104 ], [ -78.726968, 26.495446 ], [ -78.686132, 26.491911 ], [ -78.676717, 26.496132 ], [ -78.65577, 26.497788 ], [ -78.64644, 26.504853 ], [ -78.628966, 26.516102 ], [ -78.607619, 26.525734 ], [ -78.590077, 26.5362 ] ] } },
{ "type": "Feature", "properties": { "featurecla": "Coastline", "scalerank": 5, "min_zoom": 3.0 }, "geometry": { "type": "LineString", "coordinates": [ [ -80.388783, 27.718655 ], [ -80.38679, 27.706732 ], [ -80.377797, 27.686469 ], [ -80.372914, 27.656562 ], [ -80.365834, 27.642239 ], [ -80.35676, 27.62934 ], [ -80.347808, 27.612494 ], [ -80.306874, 27.461656 ], [ -80.294057, 27.429918 ], [ -80.292592, 27.417304 ], [ -80.28954, 27.411811 ], [ -80.275868, 27.40176 ], [ -80.272776, 27.396796 ], [ -80.268951, 27.38231 ], [ -80.20816, 27.262926 ], [ -80.197621, 27.223944 ], [ -80.177317, 27.202216 ], [ -80.162913, 27.173651 ], [ -80.167226, 27.197008 ], [ -80.337636, 27.606635 ], [ -80.341054, 27.622463 ], [ -80.342763, 27.643256 ], [ -80.347239, 27.66413 ], [ -80.36148, 27.701239 ], [ -80.401926, 27.764146 ], [ -80.42219, 27.804999 ], [ -80.429799, 27.845893 ], [ -80.432729, 27.849351 ], [ -80.435536, 27.851711 ], [ -80.437245, 27.85456 ], [ -80.437245, 27.859565 ], [ -80.444569, 27.857489 ], [ -80.447418, 27.855618 ], [ -80.450917, 27.852037 ], [ -80.438466, 27.830471 ], [ -80.409901, 27.756496 ], [ -80.391103, 27.727444 ], [ -80.388783, 27.718655 ] ] } },
{ "type": "Feature", "properties": { "featurecla": "Coastline", "scalerank": 6, "min_zoom": 6.0 }, "geometry": { "type": "LineString", "coordinates": [ [ -80.636464, 28.181057 ], [ -80.629018, 28.181057 ], [ -80.631988, 28.190416 ], [ -80.64859, 28.222724 ], [ -80.640696, 28.204169 ], [ -80.63801, 28.193427 ], [ -80.636464, 28.181057 ] ] } },
{ "type": "Feature", "properties": { "featurecla": "Coastline", "scalerank": 5, "min_zoom": 6.0 }, "geometry": { "type": "LineString", "coordinates": [ [ -80.67748, 28.578925 ], [ -80.698638, 28.567776 ], [ -80.704701, 28.560614 ], [ -80.710927, 28.544135 ], [ -80.732289, 28.544623 ], [ -80.739898, 28.517483 ], [ -80.737416, 28.484849 ], [ -80.728342, 28.469062 ], [ -80.719635, 28.388332 ], [ -80.714711, 28.369778 ], [ -80.700185, 28.34809 ], [ -80.664947, 28.25259 ], [ -80.64977, 28.225165 ], [ -80.651479, 28.239976 ], [ -80.659006, 28.256293 ], [ -80.667958, 28.275946 ], [ -80.669993, 28.287502 ], [ -80.668935, 28.297065 ], [ -80.664215, 28.31509 ], [ -80.658193, 28.437486 ], [ -80.649526, 28.475246 ], [ -80.618479, 28.537665 ], [ -80.612172, 28.568834 ], [ -80.629018, 28.598782 ], [ -80.642934, 28.598131 ], [ -80.655507, 28.593329 ], [ -80.67748, 28.578925 ] ] } },
{ "type": "Feature", "properties": { "featurecla": "Coastline", "scalerank": 5, "min_zoom": 4.0 }, "geometry": { "type": "LineString", "coordinates": [ [ -81.478749, 30.805976 ], [ -81.469146, 30.729315 ], [ -81.461659, 30.725816 ], [ -81.454213, 30.734849 ], [ -81.450795, 30.754462 ], [ -81.457143, 30.784573 ], [ -81.457021, 30.79975 ], [ -81.441558, 30.827379 ], [ -81.431956, 30.863105 ], [ -81.428293, 30.892564 ], [ -81.419423, 30.925279 ], [ -81.417063, 30.949897 ], [ -81.417307, 30.970404 ], [ -81.424143, 30.970404 ], [ -81.432688, 30.938788 ], [ -81.482167, 30.904364 ], [ -81.492421, 30.874213 ], [ -81.490468, 30.868109 ], [ -81.481597, 30.848863 ], [ -81.478749, 30.840074 ], [ -81.478017, 30.831692 ], [ -81.478749, 30.805976 ] ] } },
{ "type": "Feature", "properties": { "featurecla": "Coastline", "scalerank": 6, "min_zoom": 5.0 }, "geometry": { "type": "LineString", "coordinates": [ [ -81.251289, 31.504578 ], [ -81.234851, 31.526501 ], [ -81.220781, 31.527682 ], [ -81.202909, 31.534334 ], [ -81.184963, 31.530085 ], [ -81.17465, 31.521421 ], [ -81.186008, 31.502812 ], [ -81.198631, 31.483102 ], [ -81.213715, 31.453559 ], [ -81.23529, 31.433785 ], [ -81.261718, 31.387792 ], [ -81.279611, 31.385481 ], [ -81.29121, 31.395217 ], [ -81.30032, 31.411516 ], [ -81.289076, 31.439956 ], [ -81.271367, 31.461903 ], [ -81.257555, 31.490356 ], [ -81.251289, 31.504578 ] ] } },
{ "type": "Feature", "properties": { "featurecla": "Coastline", "scalerank": 6, "min_zoom": 6.0 }, "geometry": { "type": "LineString", "coordinates": [ [ -81.160555, 31.669889 ], [ -81.149258, 31.698339 ], [ -81.136435, 31.69841 ], [ -81.13126, 31.692978 ], [ -81.133716, 31.679864 ], [ -81.133527, 31.656941 ], [ -81.128169, 31.628596 ], [ -81.138283, 31.612172 ], [ -81.149601, 31.587015 ], [ -81.16096, 31.567314 ], [ -81.175071, 31.570503 ], [ -81.17009, 31.586897 ], [ -81.16764, 31.600003 ], [ -81.177992, 31.611944 ], [ -81.179485, 31.635942 ], [ -81.171939, 31.652358 ], [ -81.160555, 31.669889 ] ] } },
{ "type": "Feature", "properties": { "featurecla": "Coastline", "scalerank": 6, "min_zoom": 6.0 }, "geometry": { "type": "LineString", "coordinates": [ [ -79.340443, 33.060248 ], [ -79.336578, 33.061713 ], [ -79.335113, 33.063178 ], [ -79.335561, 33.064683 ], [ -79.337758, 33.066148 ], [ -79.353098, 33.057563 ], [ -79.363108, 33.043036 ], [ -79.368072, 33.024888 ], [ -79.368398, 33.005683 ], [ -79.360951, 33.005683 ], [ -79.341624, 33.045233 ], [ -79.340443, 33.060248 ] ] } },
{ "type": "Feature", "properties": { "featurecla": "Coastline", "scalerank": 6, "min_zoom": 6.0 }, "geometry": { "type": "LineString", "coordinates": [ [ -77.96996, 33.889553 ], [ -77.979726, 33.898179 ], [ -77.995229, 33.899319 ], [ -78.010081, 33.892035 ], [ -78.017812, 33.875881 ], [ -78.012278, 33.865627 ], [ -77.997711, 33.858954 ], [ -77.981313, 33.853827 ], [ -77.96996, 33.847968 ], [ -77.962392, 33.856879 ], [ -77.942047, 33.916815 ], [ -77.963287, 33.894477 ], [ -77.96996, 33.889553 ] ] } },
{ "type": "Feature", "properties": { "featurecla": "Coastline", "scalerank": 6, "min_zoom": 6.0 }, "geometry": { "type": "LineString", "coordinates": [ [ -77.87442, 34.088121 ], [ -77.860178, 34.100409 ], [ -77.845937, 34.123765 ], [ -77.825999, 34.17064 ], [ -77.823354, 34.171861 ], [ -77.820627, 34.171576 ], [ -77.818715, 34.172675 ], [ -77.819203, 34.177476 ], [ -77.844228, 34.166653 ], [ -77.856557, 34.142646 ], [ -77.864003, 34.113674 ], [ -77.87442, 34.088121 ] ] } },
{ "type": "Feature", "properties": { "featurecla": "Coastline", "scalerank": 6, "min_zoom": 5.0 }, "geometry": { "type": "LineString", "coordinates": [ [ -86.693756, 30.408108 ], [ -86.700592, 30.414944 ], [ -86.724029, 30.406236 ], [ -86.83141, 30.393622 ], [ -86.875315, 30.395006 ], [ -86.890696, 30.393134 ], [ -86.918202, 30.383979 ], [ -86.927113, 30.380764 ], [ -86.951731, 30.373928 ], [ -87.022776, 30.374579 ], [ -87.081166, 30.356635 ], [ -87.197133, 30.339789 ], [ -87.278228, 30.338121 ], [ -87.296498, 30.332343 ], [ -87.2412, 30.326117 ], [ -86.901845, 30.363613 ], [ -86.562489, 30.401109 ], [ -86.562734, 30.40119 ], [ -86.562789, 30.401265 ], [ -86.562358, 30.40111 ], [ -86.551381, 30.396796 ], [ -86.540273, 30.395413 ], [ -86.530141, 30.396877 ], [ -86.52184, 30.401272 ], [ -86.617096, 30.412014 ], [ -86.65925, 30.415839 ], [ -86.693756, 30.408108 ] ] } },
{ "type": "Feature", "properties": { "featurecla": "Coastline", "scalerank": 0, "min_zoom": 0.0 }, "geometry": { "type": "MultiLineString", "coordinates": [ [ [ -90.0, 29.490232526434824 ], [ -89.971181, 29.473375 ], [ -89.94164, 29.464423 ], [ -89.907704, 29.477037 ], [ -89.876943, 29.44892 ], [ -89.86026, 29.443752 ], [ -89.853098, 29.466213 ], [ -89.851715, 29.480048 ], [ -89.847401, 29.482408 ], [ -89.839915, 29.479438 ], [ -89.816314, 29.474351 ], [ -89.813873, 29.468166 ], [ -89.818267, 29.455959 ], [ -89.820302, 29.456366 ], [ -89.824859, 29.452786 ], [ -89.829498, 29.447333 ], [ -89.831939, 29.442288 ], [ -89.831858, 29.435858 ], [ -89.829823, 29.43244 ], [ -89.827382, 29.430487 ], [ -89.825795, 29.428616 ], [ -89.823801, 29.423977 ], [ -89.819814, 29.41706 ], [ -89.814524, 29.410834 ], [ -89.80842, 29.408149 ], [ -89.786977, 29.418524 ], [ -89.775502, 29.420803 ], [ -89.770579, 29.411566 ], [ -89.773427, 29.40469 ], [ -89.778879, 29.398871 ], [ -89.781809, 29.391669 ], [ -89.777333, 29.380194 ], [ -89.774403, 29.384996 ], [ -89.771718, 29.387152 ], [ -89.7683, 29.389106 ], [ -89.763051, 29.393866 ], [ -89.7501, 29.392195 ], [ -89.745219, 29.384949 ], [ -89.743806, 29.369843 ], [ -89.749787, 29.355809 ], [ -89.757705, 29.343163 ], [ -89.774627, 29.332415 ], [ -89.793531, 29.328088 ], [ -89.818146, 29.31616 ], [ -89.794998, 29.312684 ], [ -89.732349, 29.306103 ], [ -89.686687, 29.296307 ], [ -89.669017, 29.29473 ], [ -89.662004, 29.30093 ], [ -89.635607, 29.293237 ], [ -89.62267, 29.285142 ], [ -89.617014, 29.269355 ], [ -89.608225, 29.256049 ], [ -89.581858, 29.250474 ], [ -89.555002, 29.24844 ], [ -89.496205, 29.229397 ], [ -89.506093, 29.250149 ], [ -89.495107, 29.259508 ], [ -89.474477, 29.259182 ], [ -89.45519, 29.250474 ], [ -89.473866, 29.243354 ], [ -89.482533, 29.243069 ], [ -89.427317, 29.154934 ], [ -89.406239, 29.148139 ], [ -89.398508, 29.141913 ], [ -89.403961, 29.130357 ], [ -89.404897, 29.12287 ], [ -89.393788, 29.095933 ], [ -89.383656, 29.087836 ], [ -89.360992, 29.091702 ], [ -89.337514, 29.103461 ], [ -89.324859, 29.119534 ], [ -89.324452, 29.131537 ], [ -89.330149, 29.152777 ], [ -89.331695, 29.164496 ], [ -89.328603, 29.175482 ], [ -89.321767, 29.181952 ], [ -89.314931, 29.181342 ], [ -89.311838, 29.171332 ], [ -89.312896, 29.146674 ], [ -89.310943, 29.133979 ], [ -89.304351, 29.126939 ], [ -89.295766, 29.129828 ], [ -89.29308, 29.141181 ], [ -89.292714, 29.153957 ], [ -89.290679, 29.161119 ], [ -89.276194, 29.160102 ], [ -89.278066, 29.140448 ], [ -89.287221, 29.11758 ], [ -89.294423, 29.106513 ], [ -89.311838, 29.072333 ], [ -89.320912, 29.068427 ], [ -89.343332, 29.064358 ], [ -89.352162, 29.058051 ], [ -89.352366, 29.052151 ], [ -89.350697, 29.042182 ], [ -89.350575, 29.030707 ], [ -89.35558, 29.020494 ], [ -89.377187, 28.997626 ], [ -89.383901, 28.987616 ], [ -89.401763, 28.974921 ], [ -89.40746, 28.969306 ], [ -89.410146, 28.96011 ], [ -89.413645, 28.928371 ], [ -89.391672, 28.933987 ], [ -89.374013, 28.947455 ], [ -89.327056, 29.00845 ], [ -89.321034, 29.021552 ], [ -89.318674, 29.03441 ], [ -89.30956, 29.050198 ], [ -89.288686, 29.056464 ], [ -89.265533, 29.059394 ], [ -89.249745, 29.064887 ], [ -89.244618, 29.072699 ], [ -89.245229, 29.079169 ], [ -89.248036, 29.086371 ], [ -89.249745, 29.095933 ], [ -89.24767, 29.105902 ], [ -89.242787, 29.106106 ], [ -89.232411, 29.099677 ], [ -89.224762, 29.091457 ], [ -89.199859, 29.053127 ], [ -89.194488, 29.041327 ], [ -89.18814, 29.030463 ], [ -89.157786, 28.997463 ], [ -89.147369, 28.990424 ], [ -89.133656, 28.996243 ], [ -89.153432, 29.029934 ], [ -89.150502, 29.048163 ], [ -89.123606, 29.072089 ], [ -89.111073, 29.086127 ], [ -89.105784, 29.099677 ], [ -89.101308, 29.091864 ], [ -89.096303, 29.086859 ], [ -89.084625, 29.078559 ], [ -89.084381, 29.090155 ], [ -89.087514, 29.10106 ], [ -89.092763, 29.110907 ], [ -89.098948, 29.119534 ], [ -89.082631, 29.119045 ], [ -89.071523, 29.112494 ], [ -89.065541, 29.101142 ], [ -89.064809, 29.086005 ], [ -89.051584, 29.097357 ], [ -89.023183, 29.147406 ], [ -89.089263, 29.148627 ], [ -89.098948, 29.147406 ], [ -89.096995, 29.159613 ], [ -89.083119, 29.173651 ], [ -89.065256, 29.184963 ], [ -89.051137, 29.188422 ], [ -89.052073, 29.182563 ], [ -89.051015, 29.174709 ], [ -89.051137, 29.167914 ], [ -89.043691, 29.167914 ], [ -89.03893, 29.177924 ], [ -89.03189, 29.18008 ], [ -89.010162, 29.17475 ], [ -89.017405, 29.184516 ], [ -89.021474, 29.186835 ], [ -89.030629, 29.188422 ], [ -89.030629, 29.195868 ], [ -89.010162, 29.195868 ], [ -89.020416, 29.209459 ], [ -89.03246, 29.21662 ], [ -89.046986, 29.218451 ], [ -89.064809, 29.216376 ], [ -89.060943, 29.206122 ], [ -89.057973, 29.202094 ], [ -89.07136, 29.202826 ], [ -89.087148, 29.206936 ], [ -89.10025, 29.214586 ], [ -89.105784, 29.226264 ], [ -89.147369, 29.236802 ], [ -89.147369, 29.243069 ], [ -89.136138, 29.245917 ], [ -89.126536, 29.249701 ], [ -89.11856, 29.255439 ], [ -89.11262, 29.264146 ], [ -89.123158, 29.26789 ], [ -89.126943, 29.276516 ], [ -89.130442, 29.287502 ], [ -89.139882, 29.298285 ], [ -89.143625, 29.295844 ], [ -89.153554, 29.290839 ], [ -89.156361, 29.302965 ], [ -89.16218, 29.310126 ], [ -89.168772, 29.31623 ], [ -89.174062, 29.325629 ], [ -89.178049, 29.322984 ], [ -89.188344, 29.318793 ], [ -89.187367, 29.33039 ], [ -89.187734, 29.340399 ], [ -89.189931, 29.346381 ], [ -89.194488, 29.346096 ], [ -89.195546, 29.349351 ], [ -89.195668, 29.352037 ], [ -89.197092, 29.353461 ], [ -89.201975, 29.352932 ], [ -89.211049, 29.335273 ], [ -89.227122, 29.322211 ], [ -89.244456, 29.315985 ], [ -89.257192, 29.318793 ], [ -89.261057, 29.326321 ], [ -89.264068, 29.345282 ], [ -89.270253, 29.352932 ], [ -89.281361, 29.357611 ], [ -89.290028, 29.357123 ], [ -89.298248, 29.354478 ], [ -89.319203, 29.351793 ], [ -89.334096, 29.347154 ], [ -89.342275, 29.346096 ], [ -89.353179, 29.348212 ], [ -89.367747, 29.357611 ], [ -89.376373, 29.359768 ], [ -89.38093, 29.362942 ], [ -89.379791, 29.370022 ], [ -89.373525, 29.377021 ], [ -89.362701, 29.380194 ], [ -89.351796, 29.380194 ], [ -89.343577, 29.381293 ], [ -89.337026, 29.38524 ], [ -89.336781, 29.39057 ], [ -89.350168, 29.392646 ], [ -89.361643, 29.394355 ], [ -89.372141, 29.392646 ], [ -89.380116, 29.387641 ], [ -89.386342, 29.387641 ], [ -89.39273, 29.391791 ], [ -89.40099, 29.392483 ], [ -89.410634, 29.390774 ], [ -89.413645, 29.393866 ], [ -89.433949, 29.403469 ], [ -89.456125, 29.40351 ], [ -89.515777, 29.392524 ], [ -89.529164, 29.393215 ], [ -89.539866, 29.397773 ], [ -89.544586, 29.408149 ], [ -89.539622, 29.40998 ], [ -89.528798, 29.411566 ], [ -89.518951, 29.418158 ], [ -89.516672, 29.434801 ], [ -89.53246, 29.427802 ], [ -89.537424, 29.435004 ], [ -89.533681, 29.449123 ], [ -89.523508, 29.462795 ], [ -89.523508, 29.469631 ], [ -89.541575, 29.470852 ], [ -89.569163, 29.484605 ], [ -89.585561, 29.490058 ], [ -89.583241, 29.493354 ], [ -89.582631, 29.494452 ], [ -89.578114, 29.497504 ], [ -89.592437, 29.502875 ], [ -89.617543, 29.500556 ], [ -89.640981, 29.513658 ], [ -89.668365, 29.521796 ], [ -89.678049, 29.527899 ], [ -89.683746, 29.537991 ], [ -89.689605, 29.560289 ], [ -89.694814, 29.572008 ], [ -89.723256, 29.60163 ], [ -89.728912, 29.613593 ], [ -89.725738, 29.613959 ], [ -89.715932, 29.613593 ], [ -89.722768, 29.623196 ], [ -89.732655, 29.628119 ], [ -89.756907, 29.634101 ], [ -89.722239, 29.639879 ], [ -89.639068, 29.620266 ], [ -89.6197, 29.627265 ], [ -89.645416, 29.650092 ], [ -89.647043, 29.654527 ], [ -89.646596, 29.656562 ], [ -89.647043, 29.661363 ], [ -89.66747, 29.66885 ], [ -89.657948, 29.673733 ], [ -89.653879, 29.675035 ], [ -89.667226, 29.685004 ], [ -89.693512, 29.698798 ], [ -89.70226, 29.709784 ], [ -89.672515, 29.701483 ], [ -89.623769, 29.674628 ], [ -89.595815, 29.66885 ], [ -89.568186, 29.667222 ], [ -89.53718, 29.661363 ], [ -89.525746, 29.654364 ], [ -89.513824, 29.643988 ], [ -89.499908, 29.635484 ], [ -89.482533, 29.634101 ], [ -89.482533, 29.640855 ], [ -89.516021, 29.667304 ], [ -89.530914, 29.675035 ], [ -89.526275, 29.675198 ], [ -89.522125, 29.676011 ], [ -89.517242, 29.676337 ], [ -89.510487, 29.675035 ], [ -89.522125, 29.687323 ], [ -89.542551, 29.688218 ], [ -89.565663, 29.68594 ], [ -89.585561, 29.688707 ], [ -89.596995, 29.699408 ], [ -89.603831, 29.716254 ], [ -89.601471, 29.734849 ], [ -89.585561, 29.7508 ], [ -89.576283, 29.75259 ], [ -89.554311, 29.749823 ], [ -89.544586, 29.7508 ], [ -89.532541, 29.755845 ], [ -89.527252, 29.760728 ], [ -89.516672, 29.778713 ], [ -89.502431, 29.791693 ], [ -89.487172, 29.802924 ], [ -89.478098, 29.81566 ], [ -89.482533, 29.833319 ], [ -89.469065, 29.832913 ], [ -89.456776, 29.82925 ], [ -89.446401, 29.823188 ], [ -89.43814, 29.815904 ], [ -89.427235, 29.798041 ], [ -89.420033, 29.791978 ], [ -89.40746, 29.791693 ], [ -89.409739, 29.785102 ], [ -89.411733, 29.771145 ], [ -89.413645, 29.76439 ], [ -89.404286, 29.771308 ], [ -89.394643, 29.790839 ], [ -89.386342, 29.797919 ], [ -89.378896, 29.797838 ], [ -89.355621, 29.792426 ], [ -89.345326, 29.791693 ], [ -89.35851, 29.798977 ], [ -89.3662, 29.809719 ], [ -89.372182, 29.821845 ], [ -89.380116, 29.833319 ], [ -89.374745, 29.839993 ], [ -89.367543, 29.846829 ], [ -89.3579, 29.851874 ], [ -89.345326, 29.853217 ], [ -89.348622, 29.857408 ], [ -89.350331, 29.860785 ], [ -89.353017, 29.863715 ], [ -89.358998, 29.866848 ], [ -89.352447, 29.869289 ], [ -89.331695, 29.879869 ], [ -89.359853, 29.890082 ], [ -89.366444, 29.89411 ], [ -89.372874, 29.887397 ], [ -89.378774, 29.883775 ], [ -89.393788, 29.879869 ], [ -89.393788, 29.887356 ], [ -89.374257, 29.899075 ], [ -89.366689, 29.908026 ], [ -89.369537, 29.918647 ], [ -89.378245, 29.920559 ], [ -89.390452, 29.916449 ], [ -89.401682, 29.909125 ], [ -89.40746, 29.901557 ], [ -89.413645, 29.901557 ], [ -89.413319, 29.906155 ], [ -89.415028, 29.907131 ], [ -89.413645, 29.907782 ], [ -89.420481, 29.912014 ], [ -89.434722, 29.9289 ], [ -89.434722, 29.935126 ], [ -89.40746, 29.948798 ], [ -89.400787, 29.932115 ], [ -89.381744, 29.935533 ], [ -89.370229, 29.950751 ], [ -89.386342, 29.969875 ], [ -89.400746, 29.973049 ], [ -89.428944, 29.968695 ], [ -89.441558, 29.969875 ], [ -89.454701, 29.976386 ], [ -89.451894, 29.979641 ], [ -89.442209, 29.983059 ], [ -89.434722, 29.989691 ], [ -89.434967, 29.99844 ], [ -89.438832, 30.00609 ], [ -89.440582, 30.014228 ], [ -89.434722, 30.024482 ], [ -89.421946, 30.031236 ], [ -89.393707, 30.02912 ], [ -89.380116, 30.031928 ], [ -89.368153, 30.040839 ], [ -89.366038, 30.048651 ], [ -89.372548, 30.054674 ], [ -89.386342, 30.058661 ], [ -89.393707, 30.056545 ], [ -89.415028, 30.043647 ], [ -89.421051, 30.038072 ], [ -89.427317, 30.038072 ], [ -89.429351, 30.04206 ], [ -89.430084, 30.042711 ], [ -89.431223, 30.042792 ], [ -89.434722, 30.044989 ], [ -89.434722, 30.052436 ], [ -89.427317, 30.052436 ], [ -89.427317, 30.058661 ], [ -89.434722, 30.062567 ], [ -89.457183, 30.071112 ], [ -89.468251, 30.072903 ], [ -89.473622, 30.078315 ], [ -89.479075, 30.079983 ], [ -89.486236, 30.076361 ], [ -89.489329, 30.070543 ], [ -89.488271, 30.057807 ], [ -89.48998, 30.052436 ], [ -89.495432, 30.044135 ], [ -89.498891, 30.037095 ], [ -89.503082, 30.030748 ], [ -89.510487, 30.024482 ], [ -89.521148, 30.019355 ], [ -89.541615, 30.014879 ], [ -89.551422, 30.01142 ], [ -89.565582, 30.000922 ], [ -89.571197, 29.988471 ], [ -89.571278, 29.95246 ], [ -89.575592, 29.931057 ], [ -89.586903, 29.909125 ], [ -89.602406, 29.890774 ], [ -89.6197, 29.879869 ], [ -89.641591, 29.875149 ], [ -89.66454, 29.875474 ], [ -89.686513, 29.882554 ], [ -89.705312, 29.897895 ], [ -89.728912, 29.922065 ], [ -89.72525, 29.933417 ], [ -89.710927, 29.949937 ], [ -89.708404, 29.956204 ], [ -89.716624, 29.960517 ], [ -89.75121, 29.946845 ], [ -89.766835, 29.942572 ], [ -89.794342, 29.943264 ], [ -89.811147, 29.94717 ], [ -89.821929, 29.957343 ], [ -89.831939, 29.976711 ], [ -89.838938, 29.995347 ], [ -89.840403, 30.01142 ], [ -89.835113, 30.026313 ], [ -89.822092, 30.041571 ], [ -89.800445, 30.051215 ], [ -89.77359, 30.050482 ], [ -89.74767, 30.041002 ], [ -89.728912, 30.024482 ], [ -89.717926, 30.033271 ], [ -89.718617, 30.042222 ], [ -89.721995, 30.051825 ], [ -89.718984, 30.062323 ], [ -89.71052, 30.067532 ], [ -89.681142, 30.076361 ], [ -89.67691, 30.101223 ], [ -89.666493, 30.113593 ], [ -89.652943, 30.123481 ], [ -89.639556, 30.14057 ], [ -89.650014, 30.14643 ], [ -89.667388, 30.164008 ], [ -89.681142, 30.168524 ], [ -89.708404, 30.161689 ], [ -89.711985, 30.154771 ], [ -89.706451, 30.150214 ], [ -89.698557, 30.147895 ], [ -89.694814, 30.148017 ], [ -89.694163, 30.153144 ], [ -89.689117, 30.155585 ], [ -89.683583, 30.154242 ], [ -89.681142, 30.148017 ], [ -89.68342, 30.140041 ], [ -89.688466, 30.13524 ], [ -89.70226, 30.126899 ], [ -89.707672, 30.125434 ], [ -89.722808, 30.127509 ], [ -89.728912, 30.126899 ], [ -89.729563, 30.123481 ], [ -89.743235, 30.099555 ], [ -89.746409, 30.105292 ], [ -89.750315, 30.108873 ], [ -89.75414, 30.111396 ], [ -89.756907, 30.113918 ], [ -89.750356, 30.123358 ], [ -89.739247, 30.149319 ], [ -89.728912, 30.161689 ], [ -89.736399, 30.175279 ], [ -89.743235, 30.175279 ], [ -89.746938, 30.161851 ], [ -89.752838, 30.149115 ], [ -89.761586, 30.136542 ], [ -89.783518, 30.111558 ], [ -89.786244, 30.103095 ], [ -89.788808, 30.098863 ], [ -89.797841, 30.099555 ], [ -89.811676, 30.103909 ], [ -89.827626, 30.11107 ], [ -89.840728, 30.120266 ], [ -89.846262, 30.130601 ], [ -89.849273, 30.145331 ], [ -89.857289, 30.15119 ], [ -89.880442, 30.154853 ], [ -89.899526, 30.122748 ], [ -89.927317, 30.095526 ], [ -89.996449, 30.052436 ], [ -90.0, 30.05102857398062 ] ], [ [ -90.0, 30.313465987466216 ], [ -89.999827, 30.313056 ], [ -89.978505, 30.275377 ], [ -89.969146, 30.264716 ], [ -89.924428, 30.257799 ], [ -89.913564, 30.258979 ], [ -89.894765, 30.263577 ], [ -89.883778, 30.264716 ], [ -89.86205, 30.258002 ], [ -89.826243, 30.231594 ], [ -89.804677, 30.229926 ], [ -89.770334, 30.239691 ], [ -89.751454, 30.237372 ], [ -89.743235, 30.220038 ], [ -89.744862, 30.210517 ], [ -89.747548, 30.203681 ], [ -89.748158, 30.197211 ], [ -89.743235, 30.188951 ], [ -89.736073, 30.184963 ], [ -89.715443, 30.179429 ], [ -89.708404, 30.175279 ], [ -89.69225, 30.181301 ], [ -89.676381, 30.180609 ], [ -89.6433, 30.175279 ], [ -89.625844, 30.179185 ], [ -89.609771, 30.185736 ], [ -89.596018, 30.186998 ], [ -89.585561, 30.175279 ], [ -89.596913, 30.170396 ], [ -89.603179, 30.168647 ], [ -89.612904, 30.168524 ], [ -89.595937, 30.155911 ], [ -89.5655, 30.163479 ], [ -89.536366, 30.180325 ], [ -89.52599, 30.192776 ], [ -89.523508, 30.195787 ], [ -89.516672, 30.195787 ], [ -89.50593, 30.189439 ], [ -89.491078, 30.188666 ], [ -89.476877, 30.193345 ], [ -89.468251, 30.203274 ], [ -89.459543, 30.19717 ], [ -89.456776, 30.194648 ], [ -89.462026, 30.188951 ], [ -89.45519, 30.181545 ], [ -89.442535, 30.189765 ], [ -89.438588, 30.197333 ], [ -89.437815, 30.205756 ], [ -89.434722, 30.216254 ], [ -89.41808, 30.234117 ], [ -89.413808, 30.244696 ], [ -89.421051, 30.257799 ], [ -89.33023, 30.302883 ], [ -89.320546, 30.312079 ], [ -89.318349, 30.323961 ], [ -89.318674, 30.343207 ], [ -89.323598, 30.346422 ], [ -89.347279, 30.34748 ], [ -89.35558, 30.350328 ], [ -89.354807, 30.358588 ], [ -89.34496, 30.368638 ], [ -89.331939, 30.377143 ], [ -89.321767, 30.380764 ], [ -89.30016, 30.376532 ], [ -89.267974, 30.355211 ], [ -89.249745, 30.346625 ], [ -89.264882, 30.339993 ], [ -89.273346, 30.330797 ], [ -89.270985, 30.322821 ], [ -89.253489, 30.319281 ], [ -89.240224, 30.320746 ], [ -89.177887, 30.337226 ], [ -89.114735, 30.352362 ], [ -89.043568, 30.372748 ], [ -89.026967, 30.374579 ], [ -89.013417, 30.377427 ], [ -88.98233, 30.390937 ], [ -88.968617, 30.395006 ], [ -88.907135, 30.392808 ], [ -88.876088, 30.395209 ], [ -88.859364, 30.408108 ], [ -88.982289, 30.422309 ], [ -88.982289, 30.428534 ], [ -88.966054, 30.4289 ], [ -88.951894, 30.432359 ], [ -88.927642, 30.442206 ], [ -88.845855, 30.422593 ], [ -88.742055, 30.354071 ], [ -88.711659, 30.350287 ], [ -88.662221, 30.35456 ], [ -88.616933, 30.370347 ], [ -88.598704, 30.395006 ], [ -88.591217, 30.395006 ], [ -88.587554, 30.383612 ], [ -88.57429, 30.374661 ], [ -88.567738, 30.353583 ], [ -88.558461, 30.348456 ], [ -88.546132, 30.346747 ], [ -88.533193, 30.346625 ], [ -88.506256, 30.340806 ], [ -88.487701, 30.329983 ], [ -88.47057, 30.323879 ], [ -88.447825, 30.332343 ], [ -88.440907, 30.339586 ], [ -88.436757, 30.346625 ], [ -88.430531, 30.351996 ], [ -88.417388, 30.354071 ], [ -88.407541, 30.35932 ], [ -88.406565, 30.370836 ], [ -88.407338, 30.382392 ], [ -88.403147, 30.3876 ], [ -88.377756, 30.393866 ], [ -88.355336, 30.403754 ], [ -88.335439, 30.403876 ], [ -88.317494, 30.380764 ], [ -88.311269, 30.380764 ], [ -88.30899, 30.386217 ], [ -88.307118, 30.389594 ], [ -88.305328, 30.393622 ], [ -88.303822, 30.401272 ], [ -88.277943, 30.389065 ], [ -88.216298, 30.377265 ], [ -88.187123, 30.367743 ], [ -88.195668, 30.346625 ], [ -88.194081, 30.337104 ], [ -88.184071, 30.33397 ], [ -88.167307, 30.332343 ], [ -88.16686, 30.332831 ], [ -88.146148, 30.332343 ], [ -88.14391, 30.328803 ], [ -88.142242, 30.322577 ], [ -88.137685, 30.31977 ], [ -88.126332, 30.326117 ], [ -88.120107, 30.338324 ], [ -88.110219, 30.4112 ], [ -88.11205, 30.45307 ], [ -88.109934, 30.470893 ], [ -88.100494, 30.504788 ], [ -88.098378, 30.521064 ], [ -88.096303, 30.529731 ], [ -88.086822, 30.540961 ], [ -88.084788, 30.548977 ], [ -88.085561, 30.567084 ], [ -88.084584, 30.576158 ], [ -88.081044, 30.583157 ], [ -88.070302, 30.594143 ], [ -88.062896, 30.604478 ], [ -88.058746, 30.617825 ], [ -88.057444, 30.637763 ], [ -88.052561, 30.654364 ], [ -88.043284, 30.665188 ], [ -88.037668, 30.675198 ], [ -88.043813, 30.689195 ], [ -88.030141, 30.697211 ], [ -88.02302, 30.709377 ], [ -88.022817, 30.723578 ], [ -88.030141, 30.737698 ], [ -88.015981, 30.735338 ], [ -88.009877, 30.72663 ], [ -88.008697, 30.713853 ], [ -88.009023, 30.69953 ], [ -88.006256, 30.687812 ], [ -87.998891, 30.684516 ], [ -87.988189, 30.684312 ], [ -87.975494, 30.68244 ], [ -87.953847, 30.672431 ], [ -87.942535, 30.659735 ], [ -87.912465, 30.583726 ], [ -87.90689, 30.563666 ], [ -87.910308, 30.548977 ], [ -87.919993, 30.536851 ], [ -87.930653, 30.51911 ], [ -87.938832, 30.499823 ], [ -87.940745, 30.48314 ], [ -87.937123, 30.477281 ], [ -87.930084, 30.468817 ], [ -87.923329, 30.458197 ], [ -87.920277, 30.44595 ], [ -87.919342, 30.434068 ], [ -87.916575, 30.423326 ], [ -87.911366, 30.41356 ], [ -87.903472, 30.40469 ], [ -87.895741, 30.398383 ], [ -87.887034, 30.393256 ], [ -87.877105, 30.389594 ], [ -87.865631, 30.3876 ], [ -87.850738, 30.386705 ], [ -87.849599, 30.388658 ], [ -87.851145, 30.3935 ], [ -87.83788, 30.40766 ], [ -87.834462, 30.412502 ], [ -87.830393, 30.412543 ], [ -87.821278, 30.40469 ], [ -87.819569, 30.39704 ], [ -87.828359, 30.374945 ], [ -87.830881, 30.364 ], [ -87.823476, 30.351793 ], [ -87.776235, 30.313137 ], [ -87.764231, 30.279527 ], [ -87.792348, 30.262885 ], [ -87.838206, 30.252183 ], [ -87.875071, 30.241523 ], [ -87.91454, 30.24787 ], [ -87.93578, 30.264594 ], [ -87.942942, 30.262152 ], [ -87.948842, 30.254706 ], [ -87.957509, 30.250434 ], [ -87.995758, 30.242336 ], [ -88.018178, 30.233832 ], [ -88.030141, 30.223782 ], [ -87.998402, 30.223619 ], [ -87.910308, 30.236762 ], [ -87.786488, 30.236762 ], [ -87.65453, 30.252102 ], [ -87.590159, 30.275377 ], [ -87.564565, 30.313137 ], [ -87.573598, 30.308783 ], [ -87.583608, 30.305976 ], [ -87.594472, 30.304877 ], [ -87.60558, 30.30565 ], [ -87.599273, 30.322211 ], [ -87.603261, 30.332831 ], [ -87.609975, 30.343573 ], [ -87.611806, 30.360297 ], [ -87.60558, 30.360297 ], [ -87.601226, 30.353705 ], [ -87.583852, 30.339789 ], [ -87.578236, 30.331448 ], [ -87.57726, 30.325426 ], [ -87.572865, 30.321519 ], [ -87.5572, 30.319281 ], [ -87.534088, 30.323554 ], [ -87.522532, 30.335639 ], [ -87.51358, 30.348212 ], [ -87.49885, 30.354071 ], [ -87.473704, 30.359198 ], [ -87.461578, 30.371975 ], [ -87.454416, 30.388373 ], [ -87.443918, 30.40469 ], [ -87.401112, 30.440131 ], [ -87.399526, 30.449652 ], [ -87.392079, 30.449652 ], [ -87.402943, 30.455064 ], [ -87.411936, 30.461086 ], [ -87.419586, 30.468085 ], [ -87.426829, 30.476996 ], [ -87.426829, 30.48314 ], [ -87.402699, 30.47134 ], [ -87.395741, 30.466376 ], [ -87.387074, 30.463284 ], [ -87.367096, 30.465277 ], [ -87.35851, 30.463324 ], [ -87.350087, 30.453599 ], [ -87.344838, 30.439887 ], [ -87.345611, 30.42768 ], [ -87.354848, 30.422309 ], [ -87.378774, 30.417467 ], [ -87.397369, 30.405341 ], [ -87.426829, 30.374579 ], [ -87.426829, 30.367743 ], [ -87.41454, 30.360256 ], [ -87.41393, 30.350165 ], [ -87.421457, 30.340033 ], [ -87.433013, 30.332343 ], [ -87.445058, 30.329739 ], [ -87.469838, 30.330227 ], [ -87.482045, 30.326117 ], [ -87.464426, 30.320868 ], [ -87.447336, 30.313137 ], [ -87.484242, 30.308661 ], [ -87.495717, 30.30565 ], [ -87.50475, 30.300238 ], [ -87.510732, 30.294501 ], [ -87.517649, 30.289211 ], [ -87.529205, 30.285142 ], [ -87.529205, 30.277737 ], [ -87.518463, 30.282172 ], [ -87.496409, 30.287502 ], [ -87.488271, 30.285142 ], [ -87.471059, 30.293687 ], [ -87.328847, 30.319729 ], [ -87.306549, 30.328559 ], [ -87.310129, 30.346625 ], [ -87.299916, 30.349677 ], [ -87.27477, 30.353013 ], [ -87.266021, 30.357164 ], [ -87.262359, 30.367011 ], [ -87.26537, 30.391588 ], [ -87.262929, 30.401272 ], [ -87.24413, 30.411078 ], [ -87.221547, 30.412787 ], [ -87.202382, 30.418931 ], [ -87.194081, 30.442206 ], [ -87.189849, 30.439358 ], [ -87.188791, 30.438422 ], [ -87.186635, 30.435981 ], [ -87.180409, 30.435981 ], [ -87.156809, 30.474514 ], [ -87.153066, 30.486884 ], [ -87.157338, 30.504584 ], [ -87.176137, 30.529934 ], [ -87.180409, 30.542141 ], [ -87.184193, 30.574123 ], [ -87.180572, 30.584662 ], [ -87.166127, 30.586819 ], [ -87.154408, 30.580552 ], [ -87.149281, 30.570543 ], [ -87.142242, 30.561835 ], [ -87.125111, 30.559516 ], [ -87.127024, 30.554755 ], [ -87.129506, 30.543199 ], [ -87.131337, 30.538398 ], [ -87.109609, 30.535956 ], [ -87.101186, 30.521715 ], [ -87.097727, 30.503892 ], [ -87.090972, 30.490627 ], [ -87.09675, 30.476874 ], [ -87.098378, 30.460517 ], [ -87.092926, 30.44892 ], [ -87.077382, 30.449652 ], [ -87.067535, 30.460598 ], [ -87.060455, 30.494859 ], [ -87.047841, 30.518134 ], [ -87.026438, 30.572455 ], [ -87.02123, 30.579657 ], [ -87.020131, 30.589667 ], [ -87.029612, 30.607327 ], [ -87.008453, 30.596422 ], [ -86.997548, 30.575873 ], [ -86.987213, 30.562567 ], [ -86.968129, 30.573188 ], [ -86.962717, 30.567043 ], [ -86.961497, 30.564154 ], [ -86.960683, 30.559516 ], [ -86.99474, 30.546129 ], [ -87.009348, 30.535386 ], [ -87.015289, 30.521064 ], [ -87.013539, 30.511298 ], [ -87.008697, 30.506578 ], [ -87.00121, 30.505032 ], [ -86.991363, 30.504869 ], [ -86.986806, 30.500556 ], [ -86.973378, 30.48135 ], [ -86.964426, 30.476996 ], [ -86.947581, 30.475246 ], [ -86.925201, 30.47016 ], [ -86.90453, 30.461615 ], [ -86.892405, 30.449652 ], [ -86.893788, 30.43891 ], [ -86.908355, 30.442776 ], [ -86.926991, 30.451728 ], [ -86.940175, 30.456488 ], [ -87.005238, 30.410224 ], [ -87.023101, 30.407375 ], [ -87.077748, 30.406887 ], [ -87.138092, 30.392646 ], [ -87.175445, 30.377427 ], [ -87.183583, 30.375718 ], [ -87.190053, 30.371324 ], [ -87.194081, 30.360297 ], [ -87.143951, 30.365709 ], [ -87.044504, 30.389594 ], [ -86.888987, 30.408108 ], [ -86.832916, 30.408515 ], [ -86.804596, 30.412543 ], [ -86.782541, 30.422309 ], [ -86.761383, 30.41474 ], [ -86.680084, 30.422309 ], [ -86.602284, 30.41828 ], [ -86.590728, 30.425482 ], [ -86.591176, 30.440823 ], [ -86.589915, 30.445217 ], [ -86.566518, 30.442206 ], [ -86.554067, 30.445502 ], [ -86.541656, 30.460028 ], [ -86.532704, 30.463324 ], [ -86.519765, 30.464504 ], [ -86.506907, 30.46776 ], [ -86.494985, 30.47309 ], [ -86.484609, 30.480048 ], [ -86.482533, 30.487494 ], [ -86.48762, 30.512356 ], [ -86.488352, 30.524115 ], [ -86.479807, 30.511135 ], [ -86.469838, 30.501695 ], [ -86.460439, 30.50023 ], [ -86.453603, 30.511135 ], [ -86.446401, 30.516343 ], [ -86.436635, 30.518256 ], [ -86.412668, 30.517971 ], [ -86.435211, 30.490912 ], [ -86.439809, 30.476142 ], [ -86.426259, 30.463324 ], [ -86.408355, 30.461412 ], [ -86.394683, 30.468817 ], [ -86.382192, 30.47842 ], [ -86.367909, 30.48314 ], [ -86.348541, 30.485419 ], [ -86.305287, 30.495185 ], [ -86.286, 30.497463 ], [ -86.243316, 30.490953 ], [ -86.223256, 30.492255 ], [ -86.207143, 30.504869 ], [ -86.194936, 30.478217 ], [ -86.182037, 30.468817 ], [ -86.164418, 30.472073 ], [ -86.138254, 30.48314 ], [ -86.138987, 30.466742 ], [ -86.146311, 30.461737 ], [ -86.151479, 30.457261 ], [ -86.14566, 30.442206 ], [ -86.115305, 30.413316 ], [ -86.114369, 30.408108 ], [ -86.106597, 30.40058 ], [ -86.107777, 30.386705 ], [ -86.117421, 30.37934 ], [ -86.135121, 30.391303 ], [ -86.145172, 30.396064 ], [ -86.19286, 30.408108 ], [ -86.220082, 30.426744 ], [ -86.234446, 30.434475 ], [ -86.248158, 30.435981 ], [ -86.260894, 30.429999 ], [ -86.258453, 30.423041 ], [ -86.24649, 30.417304 ], [ -86.231068, 30.414944 ], [ -86.226308, 30.412055 ], [ -86.229237, 30.405707 ], [ -86.235748, 30.398993 ], [ -86.241933, 30.395006 ], [ -86.28718, 30.40469 ], [ -86.298166, 30.413235 ], [ -86.305491, 30.424465 ], [ -86.30956, 30.435981 ], [ -86.310414, 30.434963 ], [ -86.311676, 30.436469 ], [ -86.316396, 30.435981 ], [ -86.321889, 30.425605 ], [ -86.327219, 30.412014 ], [ -86.334828, 30.400092 ], [ -86.347157, 30.395006 ], [ -86.412668, 30.408108 ], [ -86.493031, 30.410468 ], [ -86.508778, 30.414944 ], [ -86.509877, 30.411811 ], [ -86.509755, 30.409125 ], [ -86.510894, 30.40762 ], [ -86.484975, 30.392768 ], [ -86.364817, 30.380764 ], [ -86.19286, 30.339789 ], [ -86.065989, 30.306057 ], [ -85.950063, 30.253079 ], [ -85.864491, 30.216254 ], [ -85.744252, 30.139472 ], [ -85.72053, 30.134345 ], [ -85.728342, 30.143866 ], [ -85.734446, 30.150214 ], [ -85.726389, 30.152167 ], [ -85.713735, 30.14057 ], [ -85.706288, 30.154853 ], [ -85.723012, 30.168158 ], [ -85.741363, 30.178371 ], [ -85.749135, 30.190497 ], [ -85.734202, 30.209418 ], [ -85.746693, 30.220282 ], [ -85.755971, 30.231594 ], [ -85.767242, 30.240546 ], [ -85.785715, 30.244208 ], [ -85.8072, 30.241116 ], [ -85.820465, 30.236029 ], [ -85.831776, 30.235907 ], [ -85.847157, 30.247301 ], [ -85.85436, 30.264838 ], [ -85.843902, 30.278225 ], [ -85.825551, 30.287177 ], [ -85.809234, 30.291409 ], [ -85.777577, 30.29442 ], [ -85.765981, 30.301581 ], [ -85.754709, 30.319281 ], [ -85.742543, 30.298407 ], [ -85.7294, 30.282416 ], [ -85.720326, 30.267564 ], [ -85.72053, 30.250434 ], [ -85.708648, 30.247016 ], [ -85.701731, 30.255032 ], [ -85.694732, 30.266018 ], [ -85.683258, 30.27147 ], [ -85.669423, 30.276068 ], [ -85.654897, 30.283596 ], [ -85.643381, 30.285102 ], [ -85.63858, 30.27147 ], [ -85.620758, 30.28205 ], [ -85.596506, 30.318264 ], [ -85.586781, 30.326117 ], [ -85.576975, 30.321194 ], [ -85.567942, 30.309394 ], [ -85.555491, 30.285142 ], [ -85.579213, 30.286119 ], [ -85.618072, 30.245836 ], [ -85.641998, 30.254136 ], [ -85.657297, 30.252102 ], [ -85.699208, 30.206529 ], [ -85.72053, 30.195787 ], [ -85.712717, 30.18594 ], [ -85.705434, 30.179023 ], [ -85.697377, 30.173651 ], [ -85.662587, 30.158759 ], [ -85.653066, 30.152167 ], [ -85.645416, 30.14057 ], [ -85.628285, 30.144599 ], [ -85.605214, 30.136868 ], [ -85.583323, 30.124213 ], [ -85.569692, 30.113918 ], [ -85.567616, 30.119086 ], [ -85.565175, 30.123033 ], [ -85.563303, 30.12759 ], [ -85.562856, 30.134345 ], [ -85.54426, 30.128079 ], [ -85.528879, 30.132392 ], [ -85.513499, 30.13935 ], [ -85.494618, 30.14057 ], [ -85.494618, 30.134345 ], [ -85.508941, 30.123603 ], [ -85.512685, 30.108344 ], [ -85.505605, 30.09927 ], [ -85.487782, 30.107082 ], [ -85.483876, 30.092108 ], [ -85.485911, 30.058173 ], [ -85.476918, 30.041571 ], [ -85.462066, 30.034898 ], [ -85.451975, 30.043606 ], [ -85.440012, 30.066067 ], [ -85.430979, 30.070502 ], [ -85.430002, 30.068264 ], [ -85.430531, 30.063056 ], [ -85.42634, 30.058661 ], [ -85.418365, 30.057847 ], [ -85.402008, 30.058783 ], [ -85.395009, 30.055569 ], [ -85.390492, 30.044745 ], [ -85.402252, 30.0397 ], [ -85.418324, 30.035793 ], [ -85.42634, 30.028225 ], [ -85.442372, 30.020168 ], [ -85.477528, 30.032864 ], [ -85.512685, 30.055325 ], [ -85.528717, 30.076361 ], [ -85.54601, 30.09101 ], [ -85.61144, 30.108466 ], [ -85.610666, 30.126899 ], [ -85.671539, 30.136379 ], [ -85.679555, 30.134345 ], [ -85.670888, 30.122952 ], [ -85.621205, 30.079739 ], [ -85.6079, 30.074449 ], [ -85.480336, 29.983547 ], [ -85.500152, 29.983832 ], [ -85.523427, 29.996894 ], [ -85.544016, 30.015326 ], [ -85.555491, 30.031928 ], [ -85.562856, 30.031928 ], [ -85.560536, 30.022691 ], [ -85.557851, 30.015937 ], [ -85.55427, 30.010199 ], [ -85.549184, 30.004055 ], [ -85.519765, 29.981757 ], [ -85.405181, 29.935126 ], [ -85.388743, 29.923245 ], [ -85.370839, 29.906968 ], [ -85.356516, 29.888739 ], [ -85.350575, 29.870185 ], [ -85.343617, 29.85578 ], [ -85.311676, 29.819525 ], [ -85.302154, 29.797919 ], [ -85.306549, 29.727729 ], [ -85.305572, 29.71601 ], [ -85.301869, 29.711859 ], [ -85.308949, 29.702704 ], [ -85.320546, 29.693305 ], [ -85.330149, 29.688707 ], [ -85.343984, 29.689114 ], [ -85.351471, 29.693427 ], [ -85.377797, 29.728176 ], [ -85.388783, 29.749213 ], [ -85.395863, 29.771877 ], [ -85.398427, 29.794827 ], [ -85.395741, 29.863715 ], [ -85.398427, 29.873603 ], [ -85.413482, 29.851386 ], [ -85.410634, 29.800116 ], [ -85.391591, 29.71601 ], [ -85.382151, 29.701565 ], [ -85.365834, 29.686347 ], [ -85.346099, 29.678371 ], [ -85.307851, 29.693427 ], [ -85.285634, 29.692816 ], [ -85.262318, 29.689358 ], [ -85.240712, 29.688707 ], [ -85.124257, 29.721829 ], [ -85.083648, 29.723456 ], [ -85.004262, 29.71601 ], [ -84.991078, 29.722846 ], [ -84.970937, 29.749579 ], [ -84.94579, 29.752834 ], [ -84.928131, 29.778469 ], [ -84.914866, 29.784898 ], [ -84.899403, 29.789781 ], [ -84.886464, 29.79914 ], [ -84.87328, 29.804633 ], [ -84.857167, 29.797919 ], [ -84.886952, 29.755601 ], [ -84.891265, 29.747382 ], [ -84.886627, 29.730048 ], [ -84.875356, 29.733222 ], [ -84.860992, 29.744289 ], [ -84.847239, 29.7508 ], [ -84.82787, 29.754381 ], [ -84.81192, 29.762763 ], [ -84.788238, 29.778713 ], [ -84.772939, 29.782782 ], [ -84.746165, 29.785834 ], [ -84.733632, 29.791693 ], [ -84.683217, 29.83393 ], [ -84.653188, 29.852769 ], [ -84.60436, 29.864691 ], [ -84.562978, 29.89411 ], [ -84.508372, 29.922065 ], [ -84.497182, 29.911811 ], [ -84.481068, 29.912909 ], [ -84.462066, 29.918647 ], [ -84.442535, 29.922065 ], [ -84.401357, 29.918606 ], [ -84.363678, 29.907782 ], [ -84.363678, 29.901557 ], [ -84.367828, 29.898098 ], [ -84.377349, 29.887356 ], [ -84.348988, 29.902045 ], [ -84.33609, 29.92536 ], [ -84.343007, 29.946763 ], [ -84.373931, 29.956204 ], [ -84.435699, 29.963039 ], [ -84.44518, 29.968329 ], [ -84.446441, 29.979315 ], [ -84.449941, 29.988837 ], [ -84.466135, 29.989691 ], [ -84.453521, 30.005194 ], [ -84.438303, 30.001207 ], [ -84.419057, 29.989976 ], [ -84.385121, 29.981391 ], [ -84.360219, 29.971991 ], [ -84.346303, 29.969875 ], [ -84.343861, 29.974026 ], [ -84.364125, 29.995022 ], [ -84.370513, 30.004055 ], [ -84.373606, 30.000393 ], [ -84.380727, 29.993598 ], [ -84.383616, 29.989691 ], [ -84.387847, 29.998928 ], [ -84.391021, 30.004055 ], [ -84.388254, 30.011908 ], [ -84.386708, 30.014146 ], [ -84.387278, 30.016425 ], [ -84.391021, 30.024482 ], [ -84.383616, 30.031928 ], [ -84.379791, 30.028957 ], [ -84.377065, 30.027289 ], [ -84.370513, 30.024482 ], [ -84.370717, 30.040473 ], [ -84.364369, 30.048529 ], [ -84.328521, 30.065985 ], [ -84.316884, 30.067816 ], [ -84.285227, 30.066067 ], [ -84.283681, 30.070746 ], [ -84.277943, 30.081285 ], [ -84.269643, 30.092678 ], [ -84.26065, 30.099555 ], [ -84.25536, 30.099677 ], [ -84.250396, 30.097602 ], [ -84.247222, 30.094916 ], [ -84.24767, 30.093329 ], [ -84.227162, 30.093329 ], [ -84.221262, 30.095771 ], [ -84.215566, 30.104967 ], [ -84.209137, 30.107082 ], [ -84.203196, 30.105902 ], [ -84.200429, 30.103339 ], [ -84.198801, 30.100775 ], [ -84.19579, 30.099555 ], [ -84.18814, 30.093573 ], [ -84.183665, 30.08161 ], [ -84.178334, 30.072821 ], [ -84.168202, 30.076361 ], [ -84.147613, 30.087877 ], [ -84.075754, 30.093329 ], [ -84.043568, 30.10517 ], [ -84.024037, 30.106594 ], [ -83.950592, 30.054429 ], [ -83.856435, 30.002387 ], [ -83.811594, 29.985338 ], [ -83.787709, 29.989691 ], [ -83.766469, 29.968817 ], [ -83.75414, 29.959866 ], [ -83.736806, 29.956204 ], [ -83.724477, 29.950141 ], [ -83.680572, 29.921291 ], [ -83.67101, 29.911566 ], [ -83.662465, 29.898668 ], [ -83.624908, 29.864325 ], [ -83.616363, 29.842597 ], [ -83.612131, 29.837307 ], [ -83.602773, 29.832506 ], [ -83.593373, 29.826158 ], [ -83.589101, 29.815904 ], [ -83.583852, 29.791978 ], [ -83.582875, 29.781806 ], [ -83.576772, 29.76496 ], [ -83.562001, 29.745754 ], [ -83.543813, 29.728095 ], [ -83.527659, 29.71601 ], [ -83.49352, 29.702338 ], [ -83.486643, 29.697699 ], [ -83.474843, 29.687567 ], [ -83.466176, 29.68183 ], [ -83.445912, 29.67475 ], [ -83.425933, 29.672024 ], [ -83.408925, 29.667304 ], [ -83.397288, 29.654527 ], [ -83.392974, 29.633734 ], [ -83.394643, 29.610541 ], [ -83.401112, 29.590562 ], [ -83.411529, 29.579495 ], [ -83.405629, 29.569525 ], [ -83.40099, 29.555121 ], [ -83.399892, 29.54092 ], [ -83.404775, 29.531684 ], [ -83.379506, 29.515082 ], [ -83.366607, 29.509263 ], [ -83.356313, 29.510565 ], [ -83.305735, 29.457953 ], [ -83.278188, 29.438544 ], [ -83.253285, 29.442288 ], [ -83.232818, 29.427069 ], [ -83.215688, 29.41059 ], [ -83.185048, 29.373969 ], [ -83.167877, 29.344306 ], [ -83.165151, 29.342678 ], [ -83.163564, 29.321682 ], [ -83.161244, 29.311591 ], [ -83.157704, 29.305121 ], [ -83.148264, 29.296088 ], [ -83.132314, 29.287258 ], [ -83.11441, 29.280504 ], [ -83.099029, 29.277777 ], [ -83.084788, 29.272203 ], [ -83.075673, 29.259508 ], [ -83.068959, 29.245754 ], [ -83.061513, 29.236802 ], [ -83.072987, 29.227362 ], [ -83.07372, 29.218248 ], [ -83.065826, 29.211575 ], [ -83.051584, 29.20893 ], [ -83.046051, 29.203559 ], [ -83.045277, 29.19184 ], [ -83.040679, 29.180121 ], [ -83.023915, 29.17475 ], [ -83.011138, 29.175035 ], [ -83.004221, 29.176174 ], [ -82.986399, 29.182196 ], [ -82.971832, 29.184516 ], [ -82.943512, 29.185126 ], [ -82.931752, 29.188422 ], [ -82.914296, 29.178656 ], [ -82.891957, 29.170356 ], [ -82.868886, 29.169623 ], [ -82.849233, 29.182196 ], [ -82.844635, 29.1765 ], [ -82.833363, 29.166653 ], [ -82.828725, 29.161119 ], [ -82.820709, 29.16592 ], [ -82.800852, 29.17475 ], [ -82.800852, 29.15469 ], [ -82.798492, 29.139065 ], [ -82.790517, 29.127427 ], [ -82.773508, 29.119534 ], [ -82.794749, 29.108059 ], [ -82.783355, 29.090969 ], [ -82.746205, 29.064887 ], [ -82.74706, 29.060614 ], [ -82.747182, 29.030422 ], [ -82.749908, 29.020494 ], [ -82.755116, 29.010159 ], [ -82.749338, 29.002265 ], [ -82.737782, 28.997626 ], [ -82.725697, 28.996649 ], [ -82.732289, 28.976467 ], [ -82.727162, 28.959174 ], [ -82.68517, 28.913072 ], [ -82.677887, 28.907904 ], [ -82.670277, 28.905422 ], [ -82.651235, 28.902981 ], [ -82.644399, 28.900377 ], [ -82.633616, 28.887641 ], [ -82.631093, 28.872992 ], [ -82.638539, 28.824693 ], [ -82.637522, 28.814154 ], [ -82.630116, 28.784369 ], [ -82.655019, 28.811957 ], [ -82.67101, 28.820217 ], [ -82.684722, 28.804836 ], [ -82.682037, 28.795844 ], [ -82.662221, 28.773261 ], [ -82.65746, 28.760159 ], [ -82.654205, 28.756252 ], [ -82.647206, 28.756415 ], [ -82.640207, 28.75495 ], [ -82.636952, 28.746487 ], [ -82.636952, 28.712063 ], [ -82.634999, 28.702135 ], [ -82.631947, 28.695299 ], [ -82.632436, 28.688422 ], [ -82.640696, 28.678534 ], [ -82.644358, 28.671332 ], [ -82.643788, 28.662502 ], [ -82.640777, 28.653795 ], [ -82.636952, 28.647162 ], [ -82.647125, 28.629584 ], [ -82.650502, 28.543647 ], [ -82.660797, 28.513739 ], [ -82.663075, 28.501899 ], [ -82.664215, 28.447943 ], [ -82.685902, 28.414293 ], [ -82.684722, 28.406928 ], [ -82.684722, 28.400784 ], [ -82.696685, 28.388861 ], [ -82.732533, 28.304592 ], [ -82.725494, 28.306708 ], [ -82.722646, 28.308254 ], [ -82.718861, 28.311428 ], [ -82.716786, 28.298326 ], [ -82.724924, 28.284166 ], [ -82.746205, 28.256171 ], [ -82.753814, 28.227973 ], [ -82.759918, 28.214667 ], [ -82.773508, 28.201565 ], [ -82.782826, 28.207017 ], [ -82.787343, 28.193752 ], [ -82.788482, 28.174018 ], [ -82.78775, 28.160549 ], [ -82.78246, 28.135443 ], [ -82.776682, 28.120307 ], [ -82.767323, 28.105902 ], [ -82.776235, 28.096829 ], [ -82.779042, 28.084703 ], [ -82.780344, 28.058173 ], [ -82.802235, 27.96662 ], [ -82.835561, 27.886176 ], [ -82.840728, 27.900702 ], [ -82.83849, 27.918199 ], [ -82.83137, 27.935126 ], [ -82.821889, 27.94831 ], [ -82.832021, 27.939399 ], [ -82.84317, 27.925442 ], [ -82.852284, 27.908189 ], [ -82.856068, 27.88996 ], [ -82.853912, 27.870347 ], [ -82.844553, 27.841864 ], [ -82.842397, 27.828518 ], [ -82.828521, 27.804999 ], [ -82.767486, 27.751532 ], [ -82.753651, 27.718655 ], [ -82.750559, 27.702094 ], [ -82.742543, 27.679755 ], [ -82.731313, 27.662055 ], [ -82.718861, 27.659654 ], [ -82.718007, 27.672065 ], [ -82.72468, 27.694078 ], [ -82.739369, 27.728583 ], [ -82.751332, 27.746568 ], [ -82.810699, 27.804429 ], [ -82.818837, 27.818183 ], [ -82.815094, 27.832221 ], [ -82.795969, 27.815334 ], [ -82.757192, 27.787665 ], [ -82.739369, 27.769517 ], [ -82.721506, 27.745103 ], [ -82.709218, 27.73843 ], [ -82.687856, 27.736029 ], [ -82.686025, 27.731635 ], [ -82.687082, 27.709866 ], [ -82.684722, 27.701239 ], [ -82.67927, 27.696845 ], [ -82.672475, 27.695054 ], [ -82.654042, 27.695054 ], [ -82.637766, 27.701117 ], [ -82.626576, 27.715806 ], [ -82.623118, 27.734036 ], [ -82.630116, 27.750312 ], [ -82.617909, 27.780992 ], [ -82.616444, 27.787502 ], [ -82.613637, 27.792711 ], [ -82.600168, 27.807929 ], [ -82.596018, 27.817939 ], [ -82.595815, 27.829983 ], [ -82.601308, 27.851142 ], [ -82.602854, 27.862982 ], [ -82.57079, 27.879828 ], [ -82.561879, 27.886176 ], [ -82.604726, 27.881496 ], [ -82.643219, 27.894761 ], [ -82.680247, 27.91413 ], [ -82.718861, 27.927802 ], [ -82.702748, 27.944729 ], [ -82.65685, 27.956244 ], [ -82.644399, 27.968736 ], [ -82.681304, 27.968736 ], [ -82.690338, 27.970852 ], [ -82.690541, 27.975531 ], [ -82.684722, 27.983059 ], [ -82.684153, 27.987291 ], [ -82.679107, 27.99844 ], [ -82.677887, 28.006293 ], [ -82.679799, 28.013251 ], [ -82.688344, 28.028998 ], [ -82.690989, 28.037665 ], [ -82.650624, 28.002916 ], [ -82.65095, 28.013251 ], [ -82.650624, 28.016547 ], [ -82.644399, 28.016547 ], [ -82.63622, 28.005805 ], [ -82.623525, 27.996527 ], [ -82.596018, 27.983059 ], [ -82.596018, 27.975572 ], [ -82.616444, 27.968736 ], [ -82.616444, 27.96133 ], [ -82.58495, 27.960639 ], [ -82.558827, 27.955797 ], [ -82.541127, 27.942776 ], [ -82.534535, 27.917222 ], [ -82.540924, 27.868801 ], [ -82.539622, 27.84398 ], [ -82.527089, 27.824774 ], [ -82.5183, 27.822659 ], [ -82.482737, 27.821357 ], [ -82.478098, 27.831285 ], [ -82.479807, 27.841498 ], [ -82.486155, 27.85578 ], [ -82.484853, 27.892564 ], [ -82.480702, 27.908433 ], [ -82.471832, 27.920356 ], [ -82.451161, 27.930732 ], [ -82.433746, 27.929145 ], [ -82.421742, 27.917182 ], [ -82.412465, 27.875718 ], [ -82.39269, 27.834052 ], [ -82.389963, 27.811103 ], [ -82.398183, 27.796047 ], [ -82.430491, 27.763739 ], [ -82.437734, 27.753363 ], [ -82.465647, 27.736029 ], [ -82.470367, 27.729315 ], [ -82.486155, 27.701239 ], [ -82.493072, 27.697089 ], [ -82.502187, 27.694403 ], [ -82.510121, 27.689399 ], [ -82.513417, 27.67768 ], [ -82.516672, 27.669908 ], [ -82.544179, 27.650051 ], [ -82.557444, 27.629625 ], [ -82.564605, 27.608954 ], [ -82.574574, 27.590725 ], [ -82.596018, 27.577704 ], [ -82.591868, 27.568345 ], [ -82.589182, 27.564683 ], [ -82.601186, 27.5539 ], [ -82.603424, 27.552924 ], [ -82.605702, 27.552883 ], [ -82.611318, 27.554836 ], [ -82.615142, 27.555813 ], [ -82.617787, 27.552558 ], [ -82.62267, 27.544176 ], [ -82.604197, 27.551093 ], [ -82.600982, 27.552395 ], [ -82.588206, 27.557196 ], [ -82.572418, 27.559516 ], [ -82.578603, 27.547309 ], [ -82.59203, 27.538479 ], [ -82.621409, 27.531195 ], [ -82.636952, 27.523749 ], [ -82.622548, 27.521308 ], [ -82.610422, 27.517157 ], [ -82.599477, 27.511176 ], [ -82.589182, 27.503241 ], [ -82.610504, 27.502102 ], [ -82.636301, 27.513902 ], [ -82.660756, 27.520331 ], [ -82.677887, 27.503241 ], [ -82.671783, 27.496894 ], [ -82.664906, 27.492418 ], [ -82.657704, 27.491523 ], [ -82.650624, 27.495836 ], [ -82.644399, 27.495836 ], [ -82.643666, 27.485745 ], [ -82.645497, 27.47663 ], [ -82.650136, 27.468655 ], [ -82.65746, 27.461656 ], [ -82.668365, 27.471625 ], [ -82.694814, 27.482896 ], [ -82.70523, 27.489569 ], [ -82.71052, 27.497504 ], [ -82.725697, 27.530585 ], [ -82.732533, 27.530585 ], [ -82.729156, 27.514716 ], [ -82.709828, 27.469387 ], [ -82.698394, 27.45482 ], [ -82.682729, 27.448717 ], [ -82.645416, 27.442939 ], [ -82.60676, 27.41706 ], [ -82.58788, 27.408189 ], [ -82.573638, 27.395087 ], [ -82.562734, 27.346829 ], [ -82.5419, 27.308539 ], [ -82.540761, 27.283515 ], [ -82.547597, 27.283515 ], [ -82.550893, 27.289496 ], [ -82.554067, 27.292426 ], [ -82.557607, 27.294379 ], [ -82.561879, 27.297797 ], [ -82.561838, 27.276272 ], [ -82.549184, 27.256578 ], [ -82.532623, 27.236884 ], [ -82.520863, 27.215277 ], [ -82.513417, 27.215277 ], [ -82.513417, 27.228909 ], [ -82.503163, 27.222357 ], [ -82.496327, 27.211493 ], [ -82.492991, 27.197211 ], [ -82.492991, 27.180487 ], [ -82.498199, 27.185248 ], [ -82.50182, 27.190334 ], [ -82.506581, 27.201606 ], [ -82.500885, 27.179023 ], [ -82.477203, 27.137519 ], [ -82.467152, 27.102037 ], [ -82.376617, 26.940334 ], [ -82.370025, 26.920396 ], [ -82.365956, 26.916815 ], [ -82.360992, 26.913275 ], [ -82.348948, 26.906806 ], [ -82.353627, 26.922105 ], [ -82.366933, 26.945624 ], [ -82.370025, 26.961371 ], [ -82.342926, 26.934882 ], [ -82.313832, 26.849351 ], [ -82.283803, 26.831 ], [ -82.274566, 26.830715 ], [ -82.267649, 26.829576 ], [ -82.253407, 26.824856 ], [ -82.245513, 26.820502 ], [ -82.236073, 26.812079 ], [ -82.229156, 26.810533 ], [ -82.223215, 26.811672 ], [ -82.220448, 26.813951 ], [ -82.218617, 26.816311 ], [ -82.215484, 26.817369 ], [ -82.210764, 26.81509 ], [ -82.20108, 26.804999 ], [ -82.19811, 26.803127 ], [ -82.191884, 26.807074 ], [ -82.184316, 26.814276 ], [ -82.178578, 26.821275 ], [ -82.177642, 26.824856 ], [ -82.169016, 26.814114 ], [ -82.165598, 26.785793 ], [ -82.156565, 26.790025 ], [ -82.150258, 26.803168 ], [ -82.15095, 26.81802 ], [ -82.159901, 26.86225 ], [ -82.175689, 26.899237 ], [ -82.18102, 26.906806 ], [ -82.187327, 26.913153 ], [ -82.201283, 26.944159 ], [ -82.211781, 26.955146 ], [ -82.219228, 26.94774 ], [ -82.230214, 26.956855 ], [ -82.259145, 26.989244 ], [ -82.270904, 27.007717 ], [ -82.273834, 27.016018 ], [ -82.253285, 27.006822 ], [ -82.242014, 26.99551 ], [ -82.22232, 26.965155 ], [ -82.207387, 26.961819 ], [ -82.190989, 26.969387 ], [ -82.180735, 26.972357 ], [ -82.184438, 26.955146 ], [ -82.166086, 26.936184 ], [ -82.155181, 26.927639 ], [ -82.150299, 26.930976 ], [ -82.144521, 26.940416 ], [ -82.131988, 26.94184 ], [ -82.119944, 26.945461 ], [ -82.11559, 26.961371 ], [ -82.092681, 26.955634 ], [ -82.074574, 26.95893 ], [ -82.057444, 26.965318 ], [ -82.016835, 26.972968 ], [ -81.995107, 26.991523 ], [ -81.978383, 26.996161 ], [ -81.990834, 26.965562 ], [ -81.996409, 26.958238 ], [ -82.005727, 26.953803 ], [ -82.027577, 26.949693 ], [ -82.077504, 26.922919 ], [ -82.096995, 26.909369 ], [ -82.0985, 26.896552 ], [ -82.078114, 26.88109 ], [ -82.064565, 26.874945 ], [ -82.057037, 26.86579 ], [ -82.054758, 26.841254 ], [ -82.056874, 26.818915 ], [ -82.081288, 26.702704 ], [ -82.082102, 26.680243 ], [ -82.07726, 26.664984 ], [ -82.059682, 26.629462 ], [ -82.054758, 26.611274 ], [ -82.056142, 26.587877 ], [ -82.061269, 26.573432 ], [ -82.0631, 26.560981 ], [ -82.054758, 26.543647 ], [ -82.039052, 26.527899 ], [ -82.026682, 26.528022 ], [ -82.012766, 26.535956 ], [ -81.992665, 26.543647 ], [ -81.992665, 26.529364 ], [ -81.983225, 26.533759 ], [ -81.959788, 26.539862 ], [ -81.951731, 26.543647 ], [ -81.947743, 26.548896 ], [ -81.917592, 26.626654 ], [ -81.906728, 26.642646 ], [ -81.873891, 26.674058 ], [ -81.854604, 26.688422 ], [ -81.838124, 26.694525 ], [ -81.819203, 26.697008 ], [ -81.795318, 26.709703 ], [ -81.780385, 26.714993 ], [ -81.784535, 26.70307 ], [ -81.79011, 26.694078 ], [ -81.797678, 26.686754 ], [ -81.807729, 26.680243 ], [ -81.817983, 26.685452 ], [ -81.829172, 26.681383 ], [ -81.838124, 26.672431 ], [ -81.841868, 26.663153 ], [ -81.885569, 26.624172 ], [ -81.897084, 26.611274 ], [ -81.893056, 26.586127 ], [ -81.911773, 26.558661 ], [ -81.938466, 26.535468 ], [ -81.965728, 26.518866 ], [ -81.970041, 26.514146 ], [ -81.974477, 26.510443 ], [ -81.982086, 26.508938 ], [ -81.989247, 26.511705 ], [ -81.995961, 26.522773 ], [ -82.000111, 26.523179 ], [ -82.006174, 26.514065 ], [ -82.00886, 26.499335 ], [ -82.008656, 26.484524 ], [ -82.006337, 26.474799 ], [ -82.000111, 26.482164 ], [ -81.9947, 26.47724 ], [ -81.991567, 26.47602 ], [ -81.978383, 26.482164 ], [ -81.923736, 26.454901 ], [ -81.90331, 26.454901 ], [ -81.898671, 26.452094 ], [ -81.894032, 26.447496 ], [ -81.887318, 26.44477 ], [ -81.882802, 26.447455 ], [ -81.878489, 26.456244 ], [ -81.882436, 26.481187 ], [ -81.882802, 26.495836 ], [ -81.875844, 26.480292 ], [ -81.855946, 26.448879 ], [ -81.848704, 26.433783 ], [ -81.843861, 26.414211 ], [ -81.841868, 26.351874 ], [ -81.848704, 26.351874 ], [ -81.848704, 26.35871 ], [ -81.85554, 26.35871 ], [ -81.851796, 26.341986 ], [ -81.822133, 26.292873 ], [ -81.821401, 26.289618 ], [ -81.82136, 26.282945 ], [ -81.827545, 26.248847 ], [ -81.819, 26.170315 ], [ -81.800893, 26.098619 ], [ -81.793446, 26.098619 ], [ -81.794179, 26.109605 ], [ -81.793691, 26.120185 ], [ -81.791493, 26.130194 ], [ -81.787221, 26.139594 ], [ -81.77009, 26.067776 ], [ -81.754384, 26.04206 ], [ -81.725738, 26.022284 ], [ -81.734364, 26.012763 ], [ -81.731679, 26.000637 ], [ -81.722483, 25.989081 ], [ -81.711497, 25.98135 ], [ -81.701975, 25.979234 ], [ -81.679189, 25.981838 ], [ -81.664377, 25.98135 ], [ -81.667795, 25.969713 ], [ -81.675404, 25.956244 ], [ -81.685048, 25.945014 ], [ -81.694447, 25.940375 ], [ -81.705678, 25.945705 ], [ -81.716664, 25.955959 ], [ -81.728586, 25.962714 ], [ -81.742543, 25.957465 ], [ -81.735829, 25.928371 ], [ -81.732004, 25.920478 ], [ -81.722239, 25.910061 ], [ -81.718495, 25.908108 ], [ -81.711497, 25.906887 ], [ -81.705312, 25.906887 ], [ -81.7058, 25.913764 ], [ -81.700307, 25.918443 ], [ -81.697865, 25.920478 ], [ -81.694447, 25.927924 ], [ -81.691029, 25.933539 ], [ -81.684316, 25.925116 ], [ -81.674306, 25.919908 ], [ -81.662424, 25.918199 ], [ -81.650054, 25.920478 ], [ -81.64037, 25.926256 ], [ -81.632802, 25.940009 ], [ -81.622711, 25.94717 ], [ -81.617421, 25.935533 ], [ -81.607411, 25.927395 ], [ -81.596425, 25.923774 ], [ -81.588002, 25.926093 ], [ -81.586171, 25.919827 ], [ -81.583974, 25.917304 ], [ -81.583811, 25.914374 ], [ -81.588002, 25.906887 ], [ -81.579905, 25.909857 ], [ -81.568227, 25.918647 ], [ -81.564076, 25.920478 ], [ -81.555287, 25.918362 ], [ -81.541575, 25.908922 ], [ -81.521067, 25.901068 ], [ -81.509511, 25.890815 ], [ -81.498769, 25.886705 ], [ -81.485585, 25.8994 ], [ -81.475209, 25.891018 ], [ -81.462148, 25.874498 ], [ -81.450795, 25.865871 ], [ -81.438344, 25.861314 ], [ -81.409047, 25.85635 ], [ -81.396148, 25.85163 ], [ -81.372141, 25.836127 ], [ -81.348459, 25.81684 ], [ -81.329335, 25.790473 ], [ -81.321685, 25.782701 ], [ -81.347971, 25.764635 ], [ -81.357249, 25.753485 ], [ -81.344716, 25.748521 ], [ -81.34024, 25.742865 ], [ -81.328359, 25.716051 ], [ -81.321685, 25.707587 ], [ -81.31314, 25.706204 ], [ -81.27953, 25.704169 ], [ -81.278432, 25.685981 ], [ -81.274729, 25.674709 ], [ -81.266469, 25.666653 ], [ -81.266713, 25.652818 ], [ -81.245961, 25.618232 ], [ -81.235422, 25.573147 ], [ -81.231679, 25.563625 ], [ -81.220041, 25.559272 ], [ -81.197255, 25.564276 ], [ -81.187652, 25.560207 ], [ -81.186106, 25.553168 ], [ -81.189931, 25.545356 ], [ -81.195953, 25.538886 ], [ -81.21467, 25.527574 ], [ -81.20344, 25.508002 ], [ -81.170888, 25.47484 ], [ -81.156606, 25.436347 ], [ -81.155426, 25.426581 ], [ -81.15038, 25.405951 ], [ -81.149159, 25.395413 ], [ -81.141347, 25.384752 ], [ -81.095123, 25.351304 ], [ -81.057281, 25.344468 ], [ -81.051666, 25.342231 ], [ -81.034291, 25.332465 ], [ -80.999135, 25.327053 ], [ -80.980784, 25.318305 ], [ -80.924143, 25.263577 ], [ -80.917226, 25.245754 ], [ -80.927235, 25.224066 ], [ -80.944651, 25.212307 ], [ -80.966298, 25.206855 ], [ -80.988026, 25.207506 ], [ -81.005767, 25.214179 ], [ -81.005767, 25.220364 ], [ -81.000111, 25.222073 ], [ -80.990834, 25.226142 ], [ -80.98526, 25.227769 ], [ -80.98526, 25.234605 ], [ -81.061757, 25.264228 ], [ -81.074696, 25.272447 ], [ -81.07787, 25.272854 ], [ -81.095123, 25.303534 ], [ -81.101918, 25.311713 ], [ -81.112131, 25.320746 ], [ -81.124013, 25.327948 ], [ -81.136098, 25.330227 ], [ -81.129954, 25.344468 ], [ -81.148346, 25.331204 ], [ -81.164866, 25.298082 ], [ -81.175771, 25.259019 ], [ -81.177113, 25.227769 ], [ -81.165517, 25.197252 ], [ -81.149159, 25.165717 ], [ -81.101959, 25.124742 ], [ -81.086537, 25.121405 ], [ -81.039906, 25.131578 ], [ -80.999582, 25.135077 ], [ -80.967152, 25.141547 ], [ -80.928782, 25.142157 ], [ -80.910227, 25.14525 ], [ -80.887196, 25.168362 ], [ -80.882883, 25.169501 ], [ -80.85497, 25.186225 ], [ -80.84024, 25.173407 ], [ -80.810536, 25.167792 ], [ -80.814036, 25.159491 ], [ -80.814036, 25.152086 ], [ -80.805247, 25.149115 ], [ -80.800282, 25.148383 ], [ -80.797027, 25.151313 ], [ -80.793528, 25.159491 ], [ -80.788238, 25.153957 ], [ -80.782948, 25.150621 ], [ -80.777821, 25.148261 ], [ -80.77302, 25.14525 ], [ -80.771718, 25.149848 ], [ -80.769928, 25.152777 ], [ -80.767812, 25.155463 ], [ -80.765614, 25.159491 ], [ -80.755849, 25.148749 ], [ -80.739817, 25.143785 ], [ -80.723053, 25.143134 ], [ -80.710927, 25.14525 ], [ -80.691151, 25.162746 ], [ -80.678131, 25.167873 ], [ -80.663157, 25.159491 ], [ -80.656972, 25.159491 ], [ -80.65099, 25.167873 ], [ -80.651601, 25.174018 ], [ -80.654937, 25.180569 ], [ -80.656972, 25.189927 ], [ -80.651357, 25.193061 ], [ -80.614735, 25.200507 ], [ -80.616526, 25.196031 ], [ -80.617543, 25.195543 ], [ -80.619049, 25.195746 ], [ -80.622222, 25.193671 ], [ -80.606516, 25.188666 ], [ -80.597483, 25.203437 ], [ -80.590443, 25.225328 ], [ -80.580637, 25.241441 ], [ -80.5655, 25.245998 ], [ -80.525258, 25.246527 ], [ -80.512318, 25.248277 ], [ -80.508372, 25.241767 ], [ -80.507151, 25.238918 ], [ -80.506174, 25.234605 ], [ -80.515004, 25.233059 ], [ -80.519602, 25.23078 ], [ -80.522369, 25.226793 ], [ -80.52599, 25.220364 ], [ -80.519195, 25.21719 ], [ -80.513661, 25.212836 ], [ -80.509267, 25.207221 ], [ -80.506174, 25.200507 ], [ -80.488922, 25.210354 ], [ -80.469146, 25.208075 ], [ -80.45401, 25.195258 ], [ -80.450917, 25.173163 ], [ -80.44343, 25.173163 ], [ -80.446645, 25.19359 ], [ -80.45873, 25.209174 ], [ -80.476918, 25.218573 ], [ -80.498647, 25.220364 ], [ -80.486195, 25.233344 ], [ -80.46642, 25.241767 ], [ -80.450795, 25.242987 ], [ -80.450917, 25.227769 ], [ -80.437123, 25.223375 ], [ -80.417551, 25.197414 ], [ -80.402496, 25.186225 ], [ -80.401967, 25.195543 ], [ -80.414784, 25.206855 ], [ -80.42691, 25.221747 ], [ -80.424184, 25.241441 ], [ -80.423004, 25.252387 ], [ -80.405914, 25.270168 ], [ -80.402496, 25.279364 ], [ -80.400624, 25.287909 ], [ -80.395863, 25.295396 ], [ -80.350738, 25.342231 ], [ -80.31432, 25.371161 ], [ -80.3131, 25.38349 ], [ -80.320424, 25.391547 ], [ -80.332916, 25.398017 ], [ -80.341054, 25.405951 ], [ -80.33373, 25.424791 ], [ -80.325673, 25.438666 ], [ -80.329457, 25.444037 ], [ -80.336497, 25.448228 ], [ -80.341054, 25.453762 ], [ -80.344309, 25.475246 ], [ -80.342437, 25.493638 ], [ -80.333974, 25.511908 ], [ -80.317454, 25.532904 ], [ -80.31135, 25.549791 ], [ -80.310414, 25.598944 ], [ -80.306874, 25.618232 ], [ -80.277577, 25.644232 ], [ -80.256907, 25.686835 ], [ -80.255198, 25.711086 ], [ -80.251617, 25.720608 ], [ -80.240712, 25.72956 ], [ -80.230946, 25.731187 ], [ -80.221262, 25.731106 ], [ -80.210683, 25.734931 ], [ -80.196197, 25.753811 ], [ -80.195465, 25.795844 ], [ -80.182729, 25.822089 ], [ -80.176584, 25.858385 ], [ -80.140614, 25.900824 ], [ -80.132436, 25.901272 ], [ -80.129262, 25.887885 ], [ -80.128774, 25.862128 ], [ -80.135569, 25.81684 ], [ -80.135569, 25.775295 ], [ -80.128774, 25.775295 ], [ -80.112782, 26.068834 ], [ -80.128774, 26.091213 ], [ -80.128774, 26.098619 ], [ -80.112131, 26.110175 ], [ -80.102651, 26.13996 ], [ -80.077707, 26.287584 ], [ -80.080922, 26.309638 ], [ -80.075063, 26.324205 ], [ -80.07315, 26.34101 ], [ -80.074127, 26.375474 ], [ -80.071889, 26.390448 ], [ -80.062082, 26.420885 ], [ -80.053619, 26.556708 ], [ -80.038075, 26.558539 ], [ -80.032379, 26.587348 ], [ -80.034535, 26.715318 ], [ -80.040517, 26.746405 ], [ -80.053619, 26.762152 ], [ -80.053619, 26.769599 ], [ -80.038401, 26.784247 ], [ -80.038238, 26.811184 ], [ -80.06432, 26.906684 ], [ -80.070709, 26.916978 ], [ -80.080312, 26.92357 ], [ -80.102406, 26.929511 ], [ -80.115102, 26.934719 ], [ -80.115102, 26.940904 ], [ -80.103383, 26.946031 ], [ -80.091542, 26.947252 ], [ -80.081288, 26.950426 ], [ -80.074127, 26.961371 ], [ -80.075551, 26.973212 ], [ -80.094594, 27.009752 ], [ -80.115102, 27.063788 ], [ -80.139272, 27.107652 ], [ -80.142405, 27.122138 ], [ -80.148793, 27.138251 ], [ -80.176991, 27.150702 ], [ -80.183339, 27.163764 ], [ -80.221262, 27.201606 ], [ -80.228993, 27.200385 ], [ -80.251617, 27.194159 ], [ -80.260162, 27.196967 ], [ -80.27595, 27.205878 ], [ -80.28303, 27.207831 ], [ -80.30842, 27.23432 ], [ -80.31432, 27.24258 ], [ -80.301015, 27.243354 ], [ -80.292714, 27.239488 ], [ -80.286488, 27.233791 ], [ -80.279612, 27.228909 ], [ -80.257232, 27.218573 ], [ -80.217152, 27.209418 ], [ -80.2058, 27.200344 ], [ -80.197011, 27.180487 ], [ -80.197825, 27.19599 ], [ -80.345367, 27.514594 ], [ -80.380971, 27.666083 ], [ -80.541107, 27.98135 ], [ -80.701243, 28.296617 ], [ -80.708811, 28.320461 ], [ -80.738271, 28.373481 ], [ -80.756825, 28.430854 ], [ -80.766103, 28.451077 ], [ -80.789662, 28.547838 ], [ -80.793528, 28.588853 ], [ -80.797475, 28.608303 ], [ -80.828236, 28.661444 ], [ -80.82079, 28.66767 ], [ -80.82079, 28.675116 ], [ -80.831939, 28.699368 ], [ -80.848134, 28.790595 ], [ -80.828928, 28.783026 ], [ -80.795277, 28.755601 ], [ -80.752349, 28.741929 ], [ -80.749257, 28.724107 ], [ -80.757151, 28.703803 ], [ -80.765614, 28.688707 ], [ -80.77302, 28.694973 ], [ -80.780385, 28.680732 ], [ -80.78425, 28.661282 ], [ -80.78425, 28.641669 ], [ -80.779856, 28.626654 ], [ -80.76594, 28.612291 ], [ -80.747792, 28.604926 ], [ -80.683949, 28.595201 ], [ -80.675038, 28.595608 ], [ -80.663157, 28.598782 ], [ -80.662506, 28.602362 ], [ -80.663808, 28.616848 ], [ -80.663157, 28.62051 ], [ -80.656646, 28.620754 ], [ -80.650868, 28.617865 ], [ -80.646067, 28.614407 ], [ -80.64269, 28.613023 ], [ -80.623036, 28.614569 ], [ -80.609446, 28.610175 ], [ -80.600413, 28.600287 ], [ -80.594309, 28.58511 ], [ -80.587066, 28.545356 ], [ -80.58788, 28.505764 ], [ -80.617909, 28.37934 ], [ -80.619944, 28.206977 ], [ -80.610666, 28.164944 ], [ -80.580637, 28.085435 ], [ -80.521596, 27.99018 ], [ -80.512318, 27.955146 ], [ -80.48233, 27.924262 ], [ -80.478179, 27.917222 ], [ -80.475006, 27.907904 ], [ -80.450917, 27.86636 ], [ -80.451894, 27.90941 ], [ -80.532338, 28.018785 ], [ -80.553293, 28.061591 ], [ -80.55663, 28.077541 ], [ -80.571116, 28.106147 ], [ -80.592193, 28.207913 ], [ -80.596832, 28.262641 ], [ -80.594309, 28.284084 ], [ -80.601715, 28.29092 ], [ -80.594716, 28.30386 ], [ -80.594065, 28.401597 ], [ -80.590891, 28.406928 ], [ -80.582753, 28.410305 ], [ -80.575266, 28.417955 ], [ -80.569692, 28.426418 ], [ -80.567616, 28.43183 ], [ -80.55842, 28.433336 ], [ -80.540435, 28.451606 ], [ -80.528228, 28.472602 ], [ -80.54308, 28.492499 ], [ -80.567616, 28.557807 ], [ -80.627065, 28.650865 ], [ -80.680043, 28.717027 ], [ -80.743225, 28.80691 ], [ -80.877675, 29.00849 ], [ -80.882883, 29.027655 ], [ -80.891754, 29.045559 ], [ -80.909332, 29.056952 ], [ -80.922109, 29.068305 ], [ -80.91455, 29.08745 ], [ -80.932123, 29.101179 ], [ -80.962668, 29.152056 ], [ -81.006287, 29.23527 ], [ -81.071914, 29.363032 ], [ -81.137961, 29.505083 ], [ -81.178293, 29.585517 ], [ -81.184641, 29.603746 ], [ -81.189076, 29.624172 ], [ -81.209967, 29.666519 ], [ -81.225494, 29.709784 ], [ -81.238879, 29.737301 ], [ -81.25013, 29.769592 ], [ -81.255849, 29.789455 ], [ -81.261627, 29.839016 ], [ -81.266469, 29.853217 ], [ -81.271852, 29.876151 ], [ -81.273761, 29.889874 ], [ -81.279385, 29.899549 ], [ -81.287994, 29.893012 ], [ -81.293813, 29.89411 ], [ -81.287668, 29.926174 ], [ -81.328286, 30.05283 ], [ -81.353993, 30.170803 ], [ -81.36266, 30.188951 ], [ -81.394928, 30.29857 ], [ -81.396148, 30.339789 ], [ -81.389394, 30.384223 ], [ -81.392568, 30.393866 ], [ -81.399566, 30.400539 ], [ -81.406606, 30.405829 ], [ -81.40982, 30.411444 ], [ -81.406361, 30.44359 ], [ -81.40982, 30.456488 ], [ -81.414947, 30.465725 ], [ -81.419545, 30.469306 ], [ -81.424469, 30.471584 ], [ -81.430287, 30.476996 ], [ -81.435129, 30.484849 ], [ -81.44164, 30.500149 ], [ -81.447743, 30.508002 ], [ -81.474924, 30.527655 ], [ -81.475657, 30.531562 ], [ -81.492584, 30.537258 ], [ -81.500315, 30.551256 ], [ -81.501536, 30.569281 ], [ -81.499257, 30.586819 ], [ -81.499989, 30.609361 ], [ -81.497955, 30.617662 ], [ -81.489003, 30.620998 ], [ -81.479644, 30.617865 ], [ -81.472035, 30.610053 ], [ -81.466949, 30.600002 ], [ -81.465077, 30.589911 ], [ -81.464711, 30.56684 ], [ -81.461903, 30.548529 ], [ -81.453847, 30.534491 ], [ -81.437815, 30.524115 ], [ -81.441518, 30.553046 ], [ -81.437815, 30.637763 ], [ -81.430531, 30.66474 ], [ -81.428578, 30.681708 ], [ -81.434071, 30.689195 ], [ -81.437611, 30.691352 ], [ -81.438222, 30.696031 ], [ -81.440256, 30.700751 ], [ -81.447743, 30.702867 ], [ -81.455637, 30.701809 ], [ -81.46935, 30.69717 ], [ -81.475657, 30.696031 ], [ -81.499257, 30.704332 ], [ -81.50003, 30.712185 ], [ -81.501291, 30.724351 ], [ -81.494781, 30.749213 ], [ -81.492421, 30.771796 ], [ -81.496734, 30.783352 ], [ -81.508656, 30.79678 ], [ -81.513539, 30.805976 ], [ -81.515045, 30.819485 ], [ -81.514882, 30.832017 ], [ -81.519032, 30.841783 ], [ -81.533355, 30.846869 ], [ -81.533355, 30.853705 ], [ -81.522328, 30.854438 ], [ -81.511708, 30.853339 ], [ -81.501576, 30.850775 ], [ -81.492421, 30.846869 ], [ -81.493153, 30.859442 ], [ -81.497548, 30.866156 ], [ -81.502797, 30.871975 ], [ -81.506012, 30.881659 ], [ -81.505116, 30.886176 ], [ -81.500356, 30.900051 ], [ -81.499257, 30.905585 ], [ -81.492991, 30.918524 ], [ -81.46231, 30.948676 ], [ -81.450795, 30.963568 ], [ -81.464101, 30.968451 ], [ -81.499257, 30.968207 ], [ -81.519683, 30.97663 ], [ -81.519683, 30.984076 ], [ -81.472483, 30.991889 ], [ -81.456776, 31.001654 ], [ -81.450795, 31.021918 ], [ -81.459137, 31.038642 ], [ -81.499379, 31.074612 ], [ -81.513539, 31.093329 ], [ -81.488108, 31.085842 ], [ -81.46345, 31.067328 ], [ -81.443023, 31.044745 ], [ -81.430287, 31.025051 ], [ -81.424143, 31.025051 ], [ -81.405385, 31.094794 ], [ -81.403676, 31.121283 ], [ -81.424916, 31.104722 ], [ -81.430898, 31.093207 ], [ -81.430287, 31.073432 ], [ -81.440989, 31.081366 ], [ -81.464019, 31.102607 ], [ -81.492584, 31.113674 ], [ -81.495839, 31.126207 ], [ -81.487294, 31.133612 ], [ -81.451731, 31.117092 ], [ -81.446929, 31.130845 ], [ -81.448638, 31.150946 ], [ -81.456532, 31.190416 ], [ -81.454823, 31.206 ], [ -81.444651, 31.216783 ], [ -81.423004, 31.219631 ], [ -81.415517, 31.207221 ], [ -81.418568, 31.16059 ], [ -81.417958, 31.148993 ], [ -81.40925, 31.143256 ], [ -81.385976, 31.14175 ], [ -81.367543, 31.153551 ], [ -81.34317, 31.18065 ], [ -81.307485, 31.230455 ], [ -81.288564, 31.220933 ], [ -81.274648, 31.235541 ], [ -81.26769, 31.258734 ], [ -81.269887, 31.274848 ], [ -81.285064, 31.287665 ], [ -81.328277, 31.315253 ], [ -81.344716, 31.320502 ], [ -81.381988, 31.323676 ], [ -81.426503, 31.332953 ], [ -81.46703, 31.347805 ], [ -81.492421, 31.367662 ], [ -81.47997, 31.374213 ], [ -81.470937, 31.37287 ], [ -81.450795, 31.361477 ], [ -81.428863, 31.352851 ], [ -81.336183, 31.34282 ], [ -81.325657, 31.348929 ], [ -81.33523, 31.366906 ], [ -81.348369, 31.388867 ], [ -81.363899, 31.41583 ], [ -81.365277, 31.437887 ], [ -81.331433, 31.467234 ], [ -81.326905, 31.486316 ], [ -81.326973, 31.493331 ], [ -81.327022, 31.498342 ], [ -81.328237, 31.502342 ], [ -81.320196, 31.522447 ], [ -81.333366, 31.544397 ], [ -81.331091, 31.552431 ], [ -81.31827, 31.565553 ], [ -81.300933, 31.570787 ], [ -81.258865, 31.632098 ], [ -81.251939, 31.647173 ], [ -81.239125, 31.663072 ], [ -81.198964, 31.699449 ], [ -81.196278, 31.717597 ], [ -81.225494, 31.737616 ], [ -81.256215, 31.744778 ], [ -81.269195, 31.751695 ], [ -81.273305, 31.76553 ], [ -81.266591, 31.772406 ], [ -81.253163, 31.77025 ], [ -81.238637, 31.763088 ], [ -81.228627, 31.75495 ], [ -81.204579, 31.741441 ], [ -81.171376, 31.73664 ], [ -81.119049, 31.737616 ], [ -81.10554, 31.742662 ], [ -81.091379, 31.75434 ], [ -81.060902, 31.788153 ], [ -81.04955, 31.813544 ], [ -81.039906, 31.826972 ], [ -81.045155, 31.827826 ], [ -81.061025, 31.826972 ], [ -81.081899, 31.84398 ], [ -81.087717, 31.84748 ], [ -81.142974, 31.854926 ], [ -81.130198, 31.866767 ], [ -81.090321, 31.875718 ], [ -81.09142, 31.884996 ], [ -81.111806, 31.898017 ], [ -81.118235, 31.90766 ], [ -81.108225, 31.916327 ], [ -81.095326, 31.916002 ], [ -81.086822, 31.90766 ], [ -81.080678, 31.896633 ], [ -81.074696, 31.888414 ], [ -81.057688, 31.881903 ], [ -81.012603, 31.874457 ], [ -80.995229, 31.864488 ], [ -80.980458, 31.865383 ], [ -80.95816, 31.87934 ], [ -80.923818, 31.908881 ], [ -80.949534, 31.913723 ], [ -80.963124, 31.93065 ], [ -80.964752, 31.948798 ], [ -80.954661, 31.957343 ], [ -80.948638, 31.961127 ], [ -80.944325, 31.969184 ], [ -80.937367, 31.976467 ], [ -80.923818, 31.977769 ], [ -80.923451, 31.974026 ], [ -80.919504, 31.965237 ], [ -80.912668, 31.955878 ], [ -80.903391, 31.950507 ], [ -80.853912, 31.982164 ], [ -80.835683, 32.002916 ], [ -80.848134, 32.022162 ], [ -80.865224, 32.026516 ], [ -80.879018, 32.026516 ], [ -80.889394, 32.030422 ], [ -80.890289, 32.03266 ], [ -80.895985, 32.046698 ], [ -80.894521, 32.058824 ], [ -80.887563, 32.069403 ], [ -80.841908, 32.115953 ], [ -80.832143, 32.134345 ], [ -80.828236, 32.159084 ], [ -80.823476, 32.165758 ], [ -80.800771, 32.186225 ], [ -80.793528, 32.196926 ], [ -80.791127, 32.211005 ], [ -80.790598, 32.224311 ], [ -80.787994, 32.235826 ], [ -80.779856, 32.244696 ], [ -80.777211, 32.207261 ], [ -80.811594, 32.14468 ], [ -80.82079, 32.10814 ], [ -80.737131, 32.152086 ], [ -80.704701, 32.19066 ], [ -80.677846, 32.214748 ], [ -80.677317, 32.225328 ], [ -80.69107, 32.244696 ], [ -80.700185, 32.254462 ], [ -80.712148, 32.263007 ], [ -80.72704, 32.265937 ], [ -80.745107, 32.258979 ], [ -80.775787, 32.305732 ], [ -80.783559, 32.313625 ], [ -80.79894, 32.319729 ], [ -80.798573, 32.333645 ], [ -80.787343, 32.357652 ], [ -80.796946, 32.382554 ], [ -80.815785, 32.419257 ], [ -80.828928, 32.455268 ], [ -80.82079, 32.478095 ], [ -80.82079, 32.484849 ], [ -80.82844, 32.495673 ], [ -80.842763, 32.524237 ], [ -80.85497, 32.533352 ], [ -80.85497, 32.539496 ], [ -80.835927, 32.540107 ], [ -80.827504, 32.531399 ], [ -80.822499, 32.518134 ], [ -80.814036, 32.505357 ], [ -80.798085, 32.498196 ], [ -80.785553, 32.496731 ], [ -80.78303, 32.491685 ], [ -80.796946, 32.474351 ], [ -80.79601, 32.453274 ], [ -80.784413, 32.416246 ], [ -80.759348, 32.360785 ], [ -80.691762, 32.309638 ], [ -80.678293, 32.30272 ], [ -80.66747, 32.305365 ], [ -80.663157, 32.323554 ], [ -80.665395, 32.33397 ], [ -80.675201, 32.349921 ], [ -80.67748, 32.357652 ], [ -80.67691, 32.425686 ], [ -80.672841, 32.439114 ], [ -80.663157, 32.450751 ], [ -80.668853, 32.453803 ], [ -80.669993, 32.456936 ], [ -80.676503, 32.455756 ], [ -80.679351, 32.454576 ], [ -80.680979, 32.456488 ], [ -80.683665, 32.464423 ], [ -80.657297, 32.462714 ], [ -80.651194, 32.445543 ], [ -80.669993, 32.373603 ], [ -80.664418, 32.368232 ], [ -80.629018, 32.381903 ], [ -80.642201, 32.319241 ], [ -80.64269, 32.293118 ], [ -80.63683, 32.266791 ], [ -80.626047, 32.2626 ], [ -80.587473, 32.278795 ], [ -80.58019, 32.27912 ], [ -80.564198, 32.277167 ], [ -80.553293, 32.278795 ], [ -80.470774, 32.32274 ], [ -80.459869, 32.337307 ], [ -80.478179, 32.347113 ], [ -80.475006, 32.348293 ], [ -80.472035, 32.34809 ], [ -80.470286, 32.349311 ], [ -80.470774, 32.35456 ], [ -80.464508, 32.35456 ], [ -80.45165, 32.350043 ], [ -80.44107, 32.366116 ], [ -80.433665, 32.390204 ], [ -80.429799, 32.409817 ], [ -80.437245, 32.409817 ], [ -80.44164, 32.401272 ], [ -80.449371, 32.393988 ], [ -80.464508, 32.381903 ], [ -80.476918, 32.371527 ], [ -80.501536, 32.358832 ], [ -80.52831, 32.348944 ], [ -80.547109, 32.347113 ], [ -80.547678, 32.357123 ], [ -80.530385, 32.373521 ], [ -80.506744, 32.388739 ], [ -80.46349, 32.40412 ], [ -80.458363, 32.423163 ], [ -80.469838, 32.442125 ], [ -80.495229, 32.450751 ], [ -80.587473, 32.456936 ], [ -80.563547, 32.465644 ], [ -80.534901, 32.470771 ], [ -80.505279, 32.472357 ], [ -80.478179, 32.470649 ], [ -80.478179, 32.478095 ], [ -80.491851, 32.482978 ], [ -80.516103, 32.495429 ], [ -80.529408, 32.497952 ], [ -80.540842, 32.496975 ], [ -80.559193, 32.492662 ], [ -80.570953, 32.491685 ], [ -80.659413, 32.506008 ], [ -80.67748, 32.497952 ], [ -80.677968, 32.511461 ], [ -80.669789, 32.521145 ], [ -80.660064, 32.525865 ], [ -80.629018, 32.525865 ], [ -80.557973, 32.516343 ], [ -80.532826, 32.519029 ], [ -80.53893, 32.527899 ], [ -80.544179, 32.537909 ], [ -80.547271, 32.548896 ], [ -80.547109, 32.560614 ], [ -80.539662, 32.560614 ], [ -80.532582, 32.547838 ], [ -80.525014, 32.540188 ], [ -80.487864, 32.512356 ], [ -80.475738, 32.509752 ], [ -80.46227, 32.509223 ], [ -80.44343, 32.505357 ], [ -80.427846, 32.49726 ], [ -80.418813, 32.488267 ], [ -80.409332, 32.481106 ], [ -80.392568, 32.478095 ], [ -80.378163, 32.484117 ], [ -80.369252, 32.498765 ], [ -80.366038, 32.516913 ], [ -80.368967, 32.533352 ], [ -80.355377, 32.526923 ], [ -80.351389, 32.516669 ], [ -80.349965, 32.505194 ], [ -80.344472, 32.494818 ], [ -80.331207, 32.486396 ], [ -80.323232, 32.48843 ], [ -80.315663, 32.494452 ], [ -80.303456, 32.497952 ], [ -80.231557, 32.542426 ], [ -80.220937, 32.54682 ], [ -80.211293, 32.552069 ], [ -80.204457, 32.560614 ], [ -80.200754, 32.569403 ], [ -80.201772, 32.571519 ], [ -80.207428, 32.573228 ], [ -80.253977, 32.608547 ], [ -80.26594, 32.621405 ], [ -80.251291, 32.623765 ], [ -80.23233, 32.612982 ], [ -80.200754, 32.584215 ], [ -80.177113, 32.567043 ], [ -80.163075, 32.570258 ], [ -80.149078, 32.581448 ], [ -80.12564, 32.587958 ], [ -80.104237, 32.590806 ], [ -80.057932, 32.60399 ], [ -80.005116, 32.611558 ], [ -79.995473, 32.619045 ], [ -80.002797, 32.629462 ], [ -80.025706, 32.642524 ], [ -80.025706, 32.648749 ], [ -80.016672, 32.653713 ], [ -80.005971, 32.653144 ], [ -79.981313, 32.648749 ], [ -79.955922, 32.649359 ], [ -79.945709, 32.653266 ], [ -79.887318, 32.688137 ], [ -79.871409, 32.708319 ], [ -79.868031, 32.738105 ], [ -79.874867, 32.738105 ], [ -79.875966, 32.732245 ], [ -79.878977, 32.731391 ], [ -79.893056, 32.739081 ], [ -79.899159, 32.748033 ], [ -79.907786, 32.75552 ], [ -79.943105, 32.762356 ], [ -79.957428, 32.77204 ], [ -79.967641, 32.785224 ], [ -79.971669, 32.799628 ], [ -79.957428, 32.789049 ], [ -79.943959, 32.782375 ], [ -79.934071, 32.783433 ], [ -79.930084, 32.796454 ], [ -79.93224, 32.812201 ], [ -79.94164, 32.837551 ], [ -79.943756, 32.851467 ], [ -79.9381, 32.854071 ], [ -79.902821, 32.834377 ], [ -79.904693, 32.837958 ], [ -79.903432, 32.844916 ], [ -79.899159, 32.851752 ], [ -79.892323, 32.854804 ], [ -79.874867, 32.841213 ], [ -79.89745, 32.816148 ], [ -79.906239, 32.800442 ], [ -79.899078, 32.793402 ], [ -79.881663, 32.787991 ], [ -79.870839, 32.776028 ], [ -79.862131, 32.764065 ], [ -79.850982, 32.758612 ], [ -79.828725, 32.762763 ], [ -79.798655, 32.773098 ], [ -79.744537, 32.799628 ], [ -79.727935, 32.817532 ], [ -79.712229, 32.840399 ], [ -79.693023, 32.860093 ], [ -79.666371, 32.868476 ], [ -79.661529, 32.871649 ], [ -79.658193, 32.87873 ], [ -79.653717, 32.88581 ], [ -79.645253, 32.888902 ], [ -79.637807, 32.890692 ], [ -79.588735, 32.91413 ], [ -79.58141, 32.921698 ], [ -79.573842, 32.936754 ], [ -79.584869, 32.934394 ], [ -79.594472, 32.930121 ], [ -79.602162, 32.92414 ], [ -79.607411, 32.916246 ], [ -79.619456, 32.932196 ], [ -79.624501, 32.943834 ], [ -79.622914, 32.955308 ], [ -79.597157, 33.000474 ], [ -79.584828, 33.013821 ], [ -79.570139, 33.019273 ], [ -79.538645, 33.036282 ], [ -79.520009, 33.041205 ], [ -79.51183, 33.029242 ], [ -79.509023, 33.021674 ], [ -79.495717, 33.001899 ], [ -79.491322, 32.9914 ], [ -79.47704, 33.000067 ], [ -79.457631, 33.006741 ], [ -79.435374, 33.010972 ], [ -79.412465, 33.012437 ], [ -79.387034, 33.01732 ], [ -79.379791, 33.029731 ], [ -79.378733, 33.046332 ], [ -79.37149, 33.064032 ], [ -79.351796, 33.078843 ], [ -79.307688, 33.095404 ], [ -79.292633, 33.10871 ], [ -79.289866, 33.130032 ], [ -79.307607, 33.137519 ], [ -79.329823, 33.142483 ], [ -79.340443, 33.155829 ], [ -79.319895, 33.153876 ], [ -79.297271, 33.149115 ], [ -79.279205, 33.13935 ], [ -79.272206, 33.122301 ], [ -79.265981, 33.124091 ], [ -79.260894, 33.126695 ], [ -79.256337, 33.130601 ], [ -79.251698, 33.135972 ], [ -79.262807, 33.14525 ], [ -79.270009, 33.156562 ], [ -79.26891, 33.166083 ], [ -79.255116, 33.170152 ], [ -79.247222, 33.166815 ], [ -79.239329, 33.149726 ], [ -79.23058, 33.142239 ], [ -79.22289, 33.157945 ], [ -79.210194, 33.167792 ], [ -79.195912, 33.175198 ], [ -79.183461, 33.183783 ], [ -79.197255, 33.187893 ], [ -79.202952, 33.192939 ], [ -79.210113, 33.211127 ], [ -79.212392, 33.222724 ], [ -79.211334, 33.233954 ], [ -79.214019, 33.242499 ], [ -79.24828, 33.250149 ], [ -79.272043, 33.261461 ], [ -79.291412, 33.277737 ], [ -79.299469, 33.29678 ], [ -79.296376, 33.317776 ], [ -79.288238, 33.33926 ], [ -79.277089, 33.359117 ], [ -79.232289, 33.412095 ], [ -79.212026, 33.428371 ], [ -79.189605, 33.436998 ], [ -79.189605, 33.430854 ], [ -79.200999, 33.422105 ], [ -79.237172, 33.386542 ], [ -79.263173, 33.340277 ], [ -79.272043, 33.317288 ], [ -79.268463, 33.306708 ], [ -79.226877, 33.306301 ], [ -79.213694, 33.300686 ], [ -79.203277, 33.286811 ], [ -79.198638, 33.268459 ], [ -79.197377, 33.232327 ], [ -79.189605, 33.217922 ], [ -79.183461, 33.217922 ], [ -79.182607, 33.241278 ], [ -79.156117, 33.357815 ], [ -79.148671, 33.368801 ], [ -79.156117, 33.375556 ], [ -79.133127, 33.417426 ], [ -79.031484, 33.533596 ], [ -78.937978, 33.642076 ], [ -78.867502, 33.704535 ], [ -78.763336, 33.778551 ], [ -78.656972, 33.831936 ], [ -78.615061, 33.845771 ], [ -78.573313, 33.847968 ], [ -78.577219, 33.857164 ], [ -78.582875, 33.863715 ], [ -78.590443, 33.867621 ], [ -78.600006, 33.869045 ], [ -78.600006, 33.875881 ], [ -78.5454, 33.889553 ], [ -78.5454, 33.883287 ], [ -78.55012, 33.879788 ], [ -78.55899, 33.869045 ], [ -78.470855, 33.896308 ], [ -78.408274, 33.910549 ], [ -78.384918, 33.922593 ], [ -78.374664, 33.950914 ], [ -78.367258, 33.950914 ], [ -78.361724, 33.932359 ], [ -78.362375, 33.924221 ], [ -78.367258, 33.916815 ], [ -78.333485, 33.910102 ], [ -78.252512, 33.925116 ], [ -78.226918, 33.9206 ], [ -78.213979, 33.915473 ], [ -78.158681, 33.916815 ], [ -78.139556, 33.915188 ], [ -78.049306, 33.893866 ], [ -78.032338, 33.892279 ], [ -78.017812, 33.896308 ], [ -78.008941, 33.90469 ], [ -77.972157, 33.952623 ], [ -77.953196, 33.989488 ], [ -77.949452, 34.002753 ], [ -77.95051, 34.037177 ], [ -77.948557, 34.053697 ], [ -77.942047, 34.067613 ], [ -77.952301, 34.091742 ], [ -77.96288, 34.163153 ], [ -77.962554, 34.191148 ], [ -77.956288, 34.191148 ], [ -77.940663, 34.14765 ], [ -77.92162, 34.108588 ], [ -77.929555, 34.07982 ], [ -77.921254, 34.001044 ], [ -77.935862, 33.971422 ], [ -77.935862, 33.965237 ], [ -77.932281, 33.95775 ], [ -77.933746, 33.94892 ], [ -77.942047, 33.930487 ], [ -77.911122, 33.958157 ], [ -77.893137, 34.01203 ], [ -77.87442, 34.12226 ], [ -77.867096, 34.138414 ], [ -77.844472, 34.174994 ], [ -77.832672, 34.207017 ], [ -77.816558, 34.222357 ], [ -77.785024, 34.246405 ], [ -77.730458, 34.315863 ], [ -77.668324, 34.376166 ], [ -77.535878, 34.468573 ], [ -77.455637, 34.505316 ], [ -77.404042, 34.517646 ], [ -77.387929, 34.52265 ], [ -77.378896, 34.527167 ], [ -77.381825, 34.530504 ], [ -77.387196, 34.53384 ], [ -77.387196, 34.540676 ], [ -77.3756, 34.551093 ], [ -77.383209, 34.562242 ], [ -77.400624, 34.571112 ], [ -77.418568, 34.574774 ], [ -77.426503, 34.579169 ], [ -77.437082, 34.589423 ], [ -77.446197, 34.600816 ], [ -77.449818, 34.608873 ], [ -77.444976, 34.61758 ], [ -77.435455, 34.622504 ], [ -77.426137, 34.623236 ], [ -77.421986, 34.619127 ], [ -77.413889, 34.616929 ], [ -77.397043, 34.620022 ], [ -77.382436, 34.632025 ], [ -77.380971, 34.656684 ], [ -77.38679, 34.670111 ], [ -77.396799, 34.683783 ], [ -77.409169, 34.690904 ], [ -77.421986, 34.684556 ], [ -77.428456, 34.701239 ], [ -77.435618, 34.753485 ], [ -77.424672, 34.740139 ], [ -77.413726, 34.73786 ], [ -77.403472, 34.740058 ], [ -77.394602, 34.739814 ], [ -77.381907, 34.732327 ], [ -77.375111, 34.724311 ], [ -77.378041, 34.718655 ], [ -77.394602, 34.718166 ], [ -77.394602, 34.7119 ], [ -77.378407, 34.701321 ], [ -77.340443, 34.660956 ], [ -77.33316, 34.649848 ], [ -77.343129, 34.631293 ], [ -77.386871, 34.603502 ], [ -77.401479, 34.589057 ], [ -77.365712, 34.582017 ], [ -77.360463, 34.578192 ], [ -77.356842, 34.577094 ], [ -77.336537, 34.561103 ], [ -77.318023, 34.564276 ], [ -77.293446, 34.578437 ], [ -77.281361, 34.581529 ], [ -77.25357, 34.594387 ], [ -77.201527, 34.650702 ], [ -77.171498, 34.66352 ], [ -77.166982, 34.667141 ], [ -77.175771, 34.684963 ], [ -77.174916, 34.691474 ], [ -77.166412, 34.692572 ], [ -77.160268, 34.686957 ], [ -77.154775, 34.679918 ], [ -77.148264, 34.677191 ], [ -77.136871, 34.682359 ], [ -77.127756, 34.693305 ], [ -77.121897, 34.708319 ], [ -77.120269, 34.725572 ], [ -77.124745, 34.730373 ], [ -77.131988, 34.747626 ], [ -77.131703, 34.762397 ], [ -77.113433, 34.759711 ], [ -77.113596, 34.755764 ], [ -77.107249, 34.732408 ], [ -77.08552, 34.705146 ], [ -77.102691, 34.694322 ], [ -77.102651, 34.683254 ], [ -77.093251, 34.676988 ], [ -77.082428, 34.680854 ], [ -77.072865, 34.686265 ], [ -76.928538, 34.721869 ], [ -76.896108, 34.739203 ], [ -76.701975, 34.725572 ], [ -76.708079, 34.738267 ], [ -76.729848, 34.766547 ], [ -76.737416, 34.760688 ], [ -76.745717, 34.756578 ], [ -76.754791, 34.754136 ], [ -76.770823, 34.753485 ], [ -76.756174, 34.770819 ], [ -76.734609, 34.785875 ], [ -76.709788, 34.796576 ], [ -76.685211, 34.800727 ], [ -76.671213, 34.790839 ], [ -76.666982, 34.767768 ], [ -76.66511, 34.741523 ], [ -76.658193, 34.721869 ], [ -76.632965, 34.709174 ], [ -76.622182, 34.731024 ], [ -76.615956, 34.816067 ], [ -76.607533, 34.81391 ], [ -76.593332, 34.79678 ], [ -76.571604, 34.780829 ], [ -76.588246, 34.766588 ], [ -76.583567, 34.751288 ], [ -76.566233, 34.738511 ], [ -76.544911, 34.732408 ], [ -76.522776, 34.73192 ], [ -76.512766, 34.734361 ], [ -76.503896, 34.739814 ], [ -76.499094, 34.748114 ], [ -76.50064, 34.755113 ], [ -76.503896, 34.761176 ], [ -76.503896, 34.766547 ], [ -76.497182, 34.774604 ], [ -76.490142, 34.779242 ], [ -76.483022, 34.78262 ], [ -76.475982, 34.787055 ], [ -76.442494, 34.821763 ], [ -76.426584, 34.833726 ], [ -76.420644, 34.839545 ], [ -76.41454, 34.849066 ], [ -76.411733, 34.85871 ], [ -76.411204, 34.875678 ], [ -76.407786, 34.883246 ], [ -76.401479, 34.883246 ], [ -76.400258, 34.87759 ], [ -76.395904, 34.86815 ], [ -76.394032, 34.862738 ], [ -76.354848, 34.877427 ], [ -76.346262, 34.883246 ], [ -76.335683, 34.899482 ], [ -76.337758, 34.907782 ], [ -76.344106, 34.914049 ], [ -76.346262, 34.924221 ], [ -76.340403, 34.939683 ], [ -76.332021, 34.941148 ], [ -76.320465, 34.937486 ], [ -76.304677, 34.937893 ], [ -76.293528, 34.943793 ], [ -76.279408, 34.959662 ], [ -76.269887, 34.965155 ], [ -76.269887, 34.972602 ], [ -76.293528, 34.984809 ], [ -76.30663, 35.003119 ], [ -76.322174, 35.019924 ], [ -76.353139, 35.027248 ], [ -76.345041, 35.012274 ], [ -76.328236, 34.991156 ], [ -76.325185, 34.975735 ], [ -76.334869, 34.97309 ], [ -76.356272, 34.971991 ], [ -76.377553, 34.965806 ], [ -76.387278, 34.948065 ], [ -76.396108, 34.950141 ], [ -76.439768, 34.938666 ], [ -76.456125, 34.937893 ], [ -76.461822, 34.940579 ], [ -76.466664, 34.944281 ], [ -76.469553, 34.949937 ], [ -76.469146, 34.958319 ], [ -76.464345, 34.968451 ], [ -76.457834, 34.97016 ], [ -76.450307, 34.96955 ], [ -76.424143, 34.980862 ], [ -76.418853, 34.986518 ], [ -76.424469, 34.995917 ], [ -76.442494, 35.016669 ], [ -76.441314, 35.025621 ], [ -76.436187, 35.041449 ], [ -76.435048, 35.051174 ], [ -76.437164, 35.054918 ], [ -76.446523, 35.067206 ], [ -76.44872, 35.071601 ], [ -76.453765, 35.073391 ], [ -76.465159, 35.059801 ], [ -76.476959, 35.041083 ], [ -76.483469, 35.027248 ], [ -76.483998, 35.015286 ], [ -76.4829, 35.001654 ], [ -76.483632, 34.987128 ], [ -76.489613, 34.972602 ], [ -76.503245, 34.989569 ], [ -76.5183, 34.997301 ], [ -76.533599, 34.999416 ], [ -76.548248, 34.999335 ], [ -76.568593, 34.993232 ], [ -76.566477, 34.979193 ], [ -76.544911, 34.951483 ], [ -76.539866, 34.932074 ], [ -76.555328, 34.936713 ], [ -76.578481, 34.950426 ], [ -76.596099, 34.958319 ], [ -76.597401, 34.962226 ], [ -76.60261, 34.971015 ], [ -76.610585, 34.980455 ], [ -76.619985, 34.986274 ], [ -76.631825, 34.987047 ], [ -76.642445, 34.983832 ], [ -76.661529, 34.972602 ], [ -76.678944, 34.959377 ], [ -76.695709, 34.943345 ], [ -76.713368, 34.929877 ], [ -76.73998, 34.92178 ], [ -76.749989, 34.911566 ], [ -76.757192, 34.909898 ], [ -76.761952, 34.912421 ], [ -76.766103, 34.917222 ], [ -76.770823, 34.924221 ], [ -76.805572, 34.944729 ], [ -76.854075, 34.957424 ], [ -76.899159, 34.964057 ], [ -76.940256, 34.979804 ], [ -76.976308, 35.019761 ], [ -76.999379, 35.062161 ], [ -77.01537, 35.080878 ], [ -77.034901, 35.08869 ], [ -77.036733, 35.099311 ], [ -77.079335, 35.156968 ], [ -77.043365, 35.143622 ], [ -76.996246, 35.087633 ], [ -76.959543, 35.075019 ], [ -76.946278, 35.06859 ], [ -76.901194, 35.027248 ], [ -76.873647, 35.008694 ], [ -76.839101, 34.992499 ], [ -76.807769, 34.98725 ], [ -76.764475, 34.989203 ], [ -76.725942, 35.000556 ], [ -76.70934, 35.023505 ], [ -76.687611, 35.037258 ], [ -76.6433, 35.058051 ], [ -76.607981, 35.07982 ], [ -76.613149, 35.096137 ], [ -76.582102, 35.105455 ], [ -76.560536, 35.124416 ], [ -76.55484, 35.149726 ], [ -76.571604, 35.178046 ], [ -76.585846, 35.1706 ], [ -76.585846, 35.164455 ], [ -76.581207, 35.162258 ], [ -76.576527, 35.158881 ], [ -76.571604, 35.156968 ], [ -76.58731, 35.149726 ], [ -76.598297, 35.15233 ], [ -76.608022, 35.159084 ], [ -76.619985, 35.164455 ], [ -76.661855, 35.166815 ], [ -76.675201, 35.1706 ], [ -76.66393, 35.180894 ], [ -76.64859, 35.187161 ], [ -76.631988, 35.190253 ], [ -76.616567, 35.191107 ], [ -76.609364, 35.194525 ], [ -76.600413, 35.20189 ], [ -76.588287, 35.209133 ], [ -76.571604, 35.211615 ], [ -76.544057, 35.20185 ], [ -76.530263, 35.199937 ], [ -76.524403, 35.208482 ], [ -76.529612, 35.217678 ], [ -76.541656, 35.224351 ], [ -76.565338, 35.233303 ], [ -76.565338, 35.239488 ], [ -76.515289, 35.230373 ], [ -76.492828, 35.23017 ], [ -76.483469, 35.242906 ], [ -76.480458, 35.253323 ], [ -76.470367, 35.270575 ], [ -76.472646, 35.277411 ], [ -76.48762, 35.29149 ], [ -76.494252, 35.300971 ], [ -76.49706, 35.31151 ], [ -76.520985, 35.313137 ], [ -76.611643, 35.337714 ], [ -76.694081, 35.353664 ], [ -76.757192, 35.384182 ], [ -76.817047, 35.396308 ], [ -76.832265, 35.403998 ], [ -76.862904, 35.424018 ], [ -76.90392, 35.443915 ], [ -76.945139, 35.45246 ], [ -76.976308, 35.438178 ], [ -76.985015, 35.469224 ], [ -76.994496, 35.481594 ], [ -77.01415, 35.486558 ], [ -77.025502, 35.491523 ], [ -77.035797, 35.503852 ], [ -77.051991, 35.534369 ], [ -77.01415, 35.507758 ], [ -76.994049, 35.497056 ], [ -76.948964, 35.487982 ], [ -76.901275, 35.465522 ], [ -76.873199, 35.458645 ], [ -76.821848, 35.45303 ], [ -76.801991, 35.444892 ], [ -76.781077, 35.427883 ], [ -76.758412, 35.41885 ], [ -76.704335, 35.430365 ], [ -76.675201, 35.424506 ], [ -76.6704, 35.430365 ], [ -76.664215, 35.434231 ], [ -76.656606, 35.436672 ], [ -76.647328, 35.438178 ], [ -76.650014, 35.415351 ], [ -76.628774, 35.39997 ], [ -76.599762, 35.395087 ], [ -76.57901, 35.403998 ], [ -76.582672, 35.411282 ], [ -76.58845, 35.416897 ], [ -76.596303, 35.421129 ], [ -76.606313, 35.424506 ], [ -76.603017, 35.428656 ], [ -76.601064, 35.432359 ], [ -76.598256, 35.435492 ], [ -76.592681, 35.438178 ], [ -76.592681, 35.444322 ], [ -76.599192, 35.44774 ], [ -76.605784, 35.45246 ], [ -76.619985, 35.466051 ], [ -76.616322, 35.471137 ], [ -76.606313, 35.492743 ], [ -76.61262, 35.502143 ], [ -76.620758, 35.51081 ], [ -76.631988, 35.517483 ], [ -76.647328, 35.520697 ], [ -76.605946, 35.542467 ], [ -76.58495, 35.549709 ], [ -76.557932, 35.548041 ], [ -76.511708, 35.537665 ], [ -76.488922, 35.536811 ], [ -76.463002, 35.541164 ], [ -76.477895, 35.513861 ], [ -76.4947, 35.506781 ], [ -76.544911, 35.513251 ], [ -76.570668, 35.508612 ], [ -76.575185, 35.497463 ], [ -76.564443, 35.483873 ], [ -76.544911, 35.472235 ], [ -76.544911, 35.466051 ], [ -76.560129, 35.455878 ], [ -76.546051, 35.445217 ], [ -76.503896, 35.431342 ], [ -76.50768, 35.425035 ], [ -76.51065, 35.421291 ], [ -76.515452, 35.419094 ], [ -76.524403, 35.41767 ], [ -76.51183, 35.401028 ], [ -76.498362, 35.391343 ], [ -76.463002, 35.376695 ], [ -76.466176, 35.383857 ], [ -76.470693, 35.389797 ], [ -76.47643, 35.394436 ], [ -76.483469, 35.397773 ], [ -76.475819, 35.407294 ], [ -76.465566, 35.411282 ], [ -76.45401, 35.410142 ], [ -76.442494, 35.403998 ], [ -76.420766, 35.438178 ], [ -76.428863, 35.457017 ], [ -76.418324, 35.464504 ], [ -76.402333, 35.459621 ], [ -76.394032, 35.44123 ], [ -76.39269, 35.409003 ], [ -76.388499, 35.39232 ], [ -76.37975, 35.384182 ], [ -76.37975, 35.376695 ], [ -76.420766, 35.376695 ], [ -76.416168, 35.366034 ], [ -76.410268, 35.364325 ], [ -76.402943, 35.36518 ], [ -76.394032, 35.362454 ], [ -76.379628, 35.353258 ], [ -76.373606, 35.343166 ], [ -76.357167, 35.349514 ], [ -76.352406, 35.363593 ], [ -76.355621, 35.377672 ], [ -76.363026, 35.384182 ], [ -76.363759, 35.391425 ], [ -76.363515, 35.405219 ], [ -76.355336, 35.413479 ], [ -76.332631, 35.403998 ], [ -76.32433, 35.393744 ], [ -76.310658, 35.367662 ], [ -76.280181, 35.350735 ], [ -76.268707, 35.348375 ], [ -76.263743, 35.35932 ], [ -76.260487, 35.370022 ], [ -76.253489, 35.373725 ], [ -76.246449, 35.372016 ], [ -76.235748, 35.353217 ], [ -76.218129, 35.348863 ], [ -76.15038, 35.347154 ], [ -76.142445, 35.352484 ], [ -76.129994, 35.366156 ], [ -76.118276, 35.372789 ], [ -76.079742, 35.382961 ], [ -76.065094, 35.384182 ], [ -76.065094, 35.390326 ], [ -76.075999, 35.404853 ], [ -76.071034, 35.427232 ], [ -76.056142, 35.441474 ], [ -76.03718, 35.431342 ], [ -76.044586, 35.424506 ], [ -76.034779, 35.418158 ], [ -76.028228, 35.419338 ], [ -76.024648, 35.427314 ], [ -76.023549, 35.44123 ], [ -76.018422, 35.449164 ], [ -76.00886, 35.456041 ], [ -76.003326, 35.465033 ], [ -76.010569, 35.479071 ], [ -75.985422, 35.486151 ], [ -75.979156, 35.489691 ], [ -75.973215, 35.497138 ], [ -75.972808, 35.502143 ], [ -75.975697, 35.507025 ], [ -75.976552, 35.512926 ], [ -75.9794, 35.519721 ], [ -75.977895, 35.525214 ], [ -75.95934, 35.528225 ], [ -75.954457, 35.530341 ], [ -75.897206, 35.579047 ], [ -75.894521, 35.588935 ], [ -75.895334, 35.60456 ], [ -75.894399, 35.622016 ], [ -75.886342, 35.637356 ], [ -75.878041, 35.614732 ], [ -75.866444, 35.595649 ], [ -75.849477, 35.587063 ], [ -75.824859, 35.595771 ], [ -75.822621, 35.592678 ], [ -75.820912, 35.589545 ], [ -75.819569, 35.586127 ], [ -75.818674, 35.582099 ], [ -75.825917, 35.580878 ], [ -75.839182, 35.575914 ], [ -75.839182, 35.568508 ], [ -75.808339, 35.568834 ], [ -75.795033, 35.57095 ], [ -75.783925, 35.575914 ], [ -75.782053, 35.582221 ], [ -75.783355, 35.591132 ], [ -75.782338, 35.599189 ], [ -75.773346, 35.602607 ], [ -75.764394, 35.603909 ], [ -75.75829, 35.607245 ], [ -75.753814, 35.611802 ], [ -75.739613, 35.632636 ], [ -75.740956, 35.643012 ], [ -75.763417, 35.671536 ], [ -75.77359, 35.689765 ], [ -75.773427, 35.696926 ], [ -75.749827, 35.698798 ], [ -75.724924, 35.698228 ], [ -75.720855, 35.705024 ], [ -75.721832, 35.726142 ], [ -75.726226, 35.740383 ], [ -75.740102, 35.758287 ], [ -75.742991, 35.767768 ], [ -75.738433, 35.782864 ], [ -75.729563, 35.796291 ], [ -75.722035, 35.810736 ], [ -75.721832, 35.829169 ], [ -75.726145, 35.836086 ], [ -75.742991, 35.856879 ], [ -75.742991, 35.870103 ], [ -75.790517, 35.932522 ], [ -75.818918, 35.960517 ], [ -75.852854, 35.979967 ], [ -75.853668, 35.97012 ], [ -75.856313, 35.961005 ], [ -75.860748, 35.952786 ], [ -75.867096, 35.945258 ], [ -75.85497, 35.945054 ], [ -75.844065, 35.942939 ], [ -75.834055, 35.938625 ], [ -75.824859, 35.931586 ], [ -75.84496, 35.923245 ], [ -75.866038, 35.9265 ], [ -75.887278, 35.934027 ], [ -75.90807, 35.938422 ], [ -75.902659, 35.925849 ], [ -75.893788, 35.912502 ], [ -75.882558, 35.901801 ], [ -75.862457, 35.894355 ], [ -75.859242, 35.887519 ], [ -75.86144, 35.880683 ], [ -75.870229, 35.87759 ], [ -75.876291, 35.879136 ], [ -75.900624, 35.890041 ], [ -75.9204, 35.912746 ], [ -75.934926, 35.924872 ], [ -75.941558, 35.921617 ], [ -75.949208, 35.914374 ], [ -75.982411, 35.895819 ], [ -75.98998, 35.886908 ], [ -75.98998, 35.763983 ], [ -75.994862, 35.730292 ], [ -76.030914, 35.651028 ], [ -76.03718, 35.651028 ], [ -76.041819, 35.658352 ], [ -76.044504, 35.663967 ], [ -76.0454, 35.66828 ], [ -76.044586, 35.671536 ], [ -76.072743, 35.666734 ], [ -76.099965, 35.665188 ], [ -76.123606, 35.673529 ], [ -76.140859, 35.698798 ], [ -76.117055, 35.698879 ], [ -76.084543, 35.68891 ], [ -76.05427, 35.683905 ], [ -76.03718, 35.698798 ], [ -76.043284, 35.702053 ], [ -76.053538, 35.713813 ], [ -76.058258, 35.726467 ], [ -76.048004, 35.732367 ], [ -76.04247, 35.737698 ], [ -76.047271, 35.749457 ], [ -76.056752, 35.761542 ], [ -76.065094, 35.767768 ], [ -76.058258, 35.767768 ], [ -76.072621, 35.768378 ], [ -76.089223, 35.771796 ], [ -76.10497, 35.777167 ], [ -76.116607, 35.783881 ], [ -76.124176, 35.794582 ], [ -76.112457, 35.794582 ], [ -76.085561, 35.786933 ], [ -76.056304, 35.793402 ], [ -76.051137, 35.819241 ], [ -76.06314, 35.848049 ], [ -76.085561, 35.863267 ], [ -76.085561, 35.870103 ], [ -76.063588, 35.873684 ], [ -76.045888, 35.888617 ], [ -76.03246, 35.909654 ], [ -76.023549, 35.931586 ], [ -76.037668, 35.929104 ], [ -76.071929, 35.918524 ], [ -76.064036, 35.953274 ], [ -76.05309, 35.962633 ], [ -76.030914, 35.952704 ], [ -76.029368, 35.968695 ], [ -76.048329, 35.98371 ], [ -76.075917, 35.995022 ], [ -76.099843, 35.999905 ], [ -76.195424, 35.993638 ], [ -76.284169, 35.973131 ], [ -76.306793, 35.957831 ], [ -76.297922, 35.947211 ], [ -76.276967, 35.937486 ], [ -76.263743, 35.92475 ], [ -76.289215, 35.925849 ], [ -76.331654, 35.94184 ], [ -76.353139, 35.945258 ], [ -76.364369, 35.941352 ], [ -76.373036, 35.934963 ], [ -76.380198, 35.932034 ], [ -76.387278, 35.938422 ], [ -76.387034, 35.944403 ], [ -76.384429, 35.95307 ], [ -76.383168, 35.963121 ], [ -76.387278, 35.973131 ], [ -76.420237, 35.981269 ], [ -76.473012, 35.972357 ], [ -76.525624, 35.955146 ], [ -76.557932, 35.938422 ], [ -76.565338, 35.938422 ], [ -76.591624, 35.944729 ], [ -76.729848, 35.945258 ], [ -76.729848, 35.952704 ], [ -76.694976, 35.992499 ], [ -76.688873, 36.006659 ], [ -76.703969, 36.008857 ], [ -76.707387, 36.017157 ], [ -76.706654, 36.028795 ], [ -76.70934, 36.040839 ], [ -76.717112, 36.04914 ], [ -76.726064, 36.05622 ], [ -76.733551, 36.06509 ], [ -76.739898, 36.093329 ], [ -76.753977, 36.116116 ], [ -76.757192, 36.127102 ], [ -76.756418, 36.193305 ], [ -76.752309, 36.214016 ], [ -76.742909, 36.231635 ], [ -76.726145, 36.250637 ], [ -76.710072, 36.263373 ], [ -76.704213, 36.271552 ], [ -76.701975, 36.284735 ], [ -76.705678, 36.294135 ], [ -76.723704, 36.311103 ], [ -76.729848, 36.322659 ], [ -76.70759, 36.315863 ], [ -76.688344, 36.305162 ], [ -76.679555, 36.287543 ], [ -76.688873, 36.259914 ], [ -76.696523, 36.250434 ], [ -76.710805, 36.236762 ], [ -76.716176, 36.226386 ], [ -76.729848, 36.181708 ], [ -76.724517, 36.155341 ], [ -76.701039, 36.110541 ], [ -76.687001, 36.056098 ], [ -76.666656, 36.038398 ], [ -76.643666, 36.038398 ], [ -76.62682, 36.061957 ], [ -76.617543, 36.053697 ], [ -76.589263, 36.017239 ], [ -76.57726, 36.012397 ], [ -76.558705, 36.01142 ], [ -76.524403, 36.013495 ], [ -76.500315, 36.018622 ], [ -76.467641, 36.030911 ], [ -76.435943, 36.048163 ], [ -76.41454, 36.068101 ], [ -76.424916, 36.067776 ], [ -76.428212, 36.068101 ], [ -76.428212, 36.075588 ], [ -76.411733, 36.082953 ], [ -76.311513, 36.096096 ], [ -76.311513, 36.103502 ], [ -76.330149, 36.107001 ], [ -76.3579, 36.117377 ], [ -76.383127, 36.130113 ], [ -76.394032, 36.140774 ], [ -76.399159, 36.148627 ], [ -76.435048, 36.164984 ], [ -76.442372, 36.172309 ], [ -76.449941, 36.182603 ], [ -76.463002, 36.205959 ], [ -76.445424, 36.196194 ], [ -76.427724, 36.18301 ], [ -76.41039, 36.174302 ], [ -76.394032, 36.177965 ], [ -76.377431, 36.156236 ], [ -76.349436, 36.141995 ], [ -76.244496, 36.103949 ], [ -76.220123, 36.099514 ], [ -76.195424, 36.103502 ], [ -76.195424, 36.109768 ], [ -76.213857, 36.123236 ], [ -76.248647, 36.163398 ], [ -76.259999, 36.17182 ], [ -76.269276, 36.174547 ], [ -76.279124, 36.181464 ], [ -76.287221, 36.190375 ], [ -76.291656, 36.199123 ], [ -76.291982, 36.212714 ], [ -76.285268, 36.211819 ], [ -76.269887, 36.199123 ], [ -76.24177, 36.180976 ], [ -76.232655, 36.177965 ], [ -76.226186, 36.172756 ], [ -76.209381, 36.149726 ], [ -76.177968, 36.134019 ], [ -76.168121, 36.130805 ], [ -76.15807, 36.129828 ], [ -76.126576, 36.130805 ], [ -76.126576, 36.13703 ], [ -76.133412, 36.13703 ], [ -76.133412, 36.144477 ], [ -76.097076, 36.147284 ], [ -76.085561, 36.150702 ], [ -76.063466, 36.162014 ], [ -76.057362, 36.168769 ], [ -76.068512, 36.17182 ], [ -76.08023, 36.177151 ], [ -76.090159, 36.200588 ], [ -76.11441, 36.211127 ], [ -76.124745, 36.223131 ], [ -76.140859, 36.246894 ], [ -76.154856, 36.259182 ], [ -76.174387, 36.27265 ], [ -76.196767, 36.283393 ], [ -76.21935, 36.287828 ], [ -76.222157, 36.29328 ], [ -76.217397, 36.305243 ], [ -76.208567, 36.317125 ], [ -76.198842, 36.322659 ], [ -76.186106, 36.319648 ], [ -76.186147, 36.312934 ], [ -76.19343, 36.305813 ], [ -76.20226, 36.3015 ], [ -76.149485, 36.288967 ], [ -76.133412, 36.281684 ], [ -76.113596, 36.26732 ], [ -76.096099, 36.250637 ], [ -76.087799, 36.245592 ], [ -76.069651, 36.241523 ], [ -76.061676, 36.236314 ], [ -76.037465, 36.205797 ], [ -76.020416, 36.191474 ], [ -75.999623, 36.185452 ], [ -75.978871, 36.183173 ], [ -75.90807, 36.164984 ], [ -75.90807, 36.17182 ], [ -75.923004, 36.176825 ], [ -75.937164, 36.185045 ], [ -75.962717, 36.205959 ], [ -75.949696, 36.212063 ], [ -75.95108, 36.227607 ], [ -75.958363, 36.246772 ], [ -75.966664, 36.284369 ], [ -75.976145, 36.293036 ], [ -75.987172, 36.299872 ], [ -75.996205, 36.315172 ], [ -75.976552, 36.314032 ], [ -75.961741, 36.306952 ], [ -75.934722, 36.287828 ], [ -75.948232, 36.26911 ], [ -75.942983, 36.260443 ], [ -75.928456, 36.255276 ], [ -75.914296, 36.246894 ], [ -75.911041, 36.240383 ], [ -75.910308, 36.226142 ], [ -75.90807, 36.219631 ], [ -75.902577, 36.214301 ], [ -75.880116, 36.199123 ], [ -75.868072, 36.18301 ], [ -75.862213, 36.17178 ], [ -75.85969, 36.161566 ], [ -75.86205, 36.153713 ], [ -75.866444, 36.145453 ], [ -75.868398, 36.136664 ], [ -75.863393, 36.127102 ], [ -75.837961, 36.097805 ], [ -75.821156, 36.082668 ], [ -75.804433, 36.075588 ], [ -75.785512, 36.08161 ], [ -75.790354, 36.09927 ], [ -75.804026, 36.121324 ], [ -75.811879, 36.140774 ], [ -75.816151, 36.156155 ], [ -75.869944, 36.272203 ], [ -75.873362, 36.284735 ], [ -75.880442, 36.300686 ], [ -75.912831, 36.341295 ], [ -75.921742, 36.356757 ], [ -75.916371, 36.402655 ], [ -75.918568, 36.429348 ], [ -75.931304, 36.428697 ], [ -75.939076, 36.408677 ], [ -75.945383, 36.396959 ], [ -75.949045, 36.397691 ], [ -75.946889, 36.387519 ], [ -75.943105, 36.379584 ], [ -75.936879, 36.372219 ], [ -75.927887, 36.363593 ], [ -75.94872, 36.37519 ], [ -75.973704, 36.401068 ], [ -75.985829, 36.425279 ], [ -75.968251, 36.432522 ], [ -75.989898, 36.443793 ], [ -76.011708, 36.460598 ], [ -76.029042, 36.480292 ], [ -76.03718, 36.5008 ], [ -76.036936, 36.51675 ], [ -76.030914, 36.535875 ], [ -76.030914, 36.547919 ], [ -76.031728, 36.550279 ], [ -76.03482, 36.559556 ], [ -76.039906, 36.567328 ], [ -76.043935, 36.575751 ], [ -76.044586, 36.589504 ], [ -76.013254, 36.550157 ], [ -76.006581, 36.541815 ], [ -75.978424, 36.527899 ], [ -75.976674, 36.513821 ], [ -75.97289, 36.499701 ], [ -75.952138, 36.493313 ], [ -75.911204, 36.493313 ], [ -75.901112, 36.496039 ], [ -75.901112, 36.502875 ], [ -75.905344, 36.511908 ], [ -75.90807, 36.521226 ], [ -75.908803, 36.548651 ], [ -75.908966, 36.549425 ], [ -75.914296, 36.575873 ], [ -75.93224, 36.57038 ], [ -75.949045, 36.561591 ], [ -75.942209, 36.55036 ], [ -75.942983, 36.549628 ], [ -75.949818, 36.543362 ], [ -75.961985, 36.542955 ], [ -75.966908, 36.549791 ], [ -75.968251, 36.551663 ], [ -75.975697, 36.606269 ], [ -75.962717, 36.709296 ], [ -75.957834, 36.719428 ], [ -75.946889, 36.718451 ], [ -75.93517, 36.712104 ], [ -75.927887, 36.706204 ], [ -75.917668, 36.679664 ], [ -75.900624, 36.624254 ], [ -75.895619, 36.616767 ], [ -75.884023, 36.604478 ], [ -75.880116, 36.59634 ], [ -75.880238, 36.584703 ], [ -75.883901, 36.574042 ], [ -75.885732, 36.562445 ], [ -75.880645, 36.549262 ], [ -75.880116, 36.547919 ], [ -75.880849, 36.542548 ], [ -75.867096, 36.507554 ], [ -75.85969, 36.473456 ], [ -75.845367, 36.449205 ], [ -75.842152, 36.432034 ], [ -75.828114, 36.407538 ], [ -75.824859, 36.394273 ], [ -75.818674, 36.328843 ], [ -75.811879, 36.3015 ], [ -75.813832, 36.301744 ], [ -75.817006, 36.300238 ], [ -75.818471, 36.29678 ], [ -75.815297, 36.291246 ], [ -75.801666, 36.279039 ], [ -75.773671, 36.234036 ], [ -75.763173, 36.201239 ], [ -75.749013, 36.171617 ], [ -75.738637, 36.141181 ], [ -75.742991, 36.116523 ], [ -75.742991, 36.109768 ], [ -75.735585, 36.092963 ], [ -75.730784, 36.074897 ], [ -75.723541, 36.058824 ], [ -75.708852, 36.048285 ], [ -75.696929, 36.055609 ], [ -75.687164, 36.050035 ], [ -75.679799, 36.036689 ], [ -75.675364, 36.020941 ], [ -75.698964, 36.01496 ], [ -75.707428, 36.016506 ], [ -75.715688, 36.027167 ], [ -75.719472, 36.009996 ], [ -75.709788, 35.997789 ], [ -75.694488, 35.993557 ], [ -75.681549, 35.999905 ], [ -75.675364, 35.999905 ], [ -75.607004, 35.923814 ], [ -75.592152, 35.897447 ], [ -75.589467, 35.862047 ], [ -75.583608, 35.843817 ], [ -75.561635, 35.832587 ], [ -75.560414, 35.824693 ], [ -75.560658, 35.815619 ], [ -75.557973, 35.808661 ], [ -75.551259, 35.805121 ], [ -75.531606, 35.798407 ], [ -75.523834, 35.794379 ], [ -75.553944, 35.853664 ], [ -75.563954, 35.895331 ], [ -75.714263, 36.129828 ], [ -75.757232, 36.232611 ], [ -75.786366, 36.281968 ], [ -75.790761, 36.298082 ], [ -75.792388, 36.32217 ], [ -75.796986, 36.342841 ], [ -75.811879, 36.38345 ], [ -75.852854, 36.547919 ], [ -75.853098, 36.549018 ], [ -75.863433, 36.590562 ], [ -75.960241, 36.806754 ], [ -75.98893, 36.911959 ], [ -76.004592, 36.932358 ], [ -76.035469, 36.934849 ], [ -76.055799, 36.918246 ], [ -76.078114, 36.911607 ], [ -76.125986, 36.916252 ], [ -76.168772, 36.928412 ], [ -76.268901, 36.961415 ], [ -76.310015, 36.959612 ], [ -76.330426, 36.949787 ], [ -76.328366, 36.929286 ], [ -76.306264, 36.917629 ], [ -76.301015, 36.911607 ], [ -76.315256, 36.894599 ], [ -76.317738, 36.883531 ], [ -76.309967, 36.870429 ], [ -76.291656, 36.849555 ], [ -76.308339, 36.85224 ], [ -76.324818, 36.8605 ], [ -76.33495, 36.871812 ], [ -76.332631, 36.883734 ], [ -76.354075, 36.894355 ], [ -76.380686, 36.900621 ], [ -76.408844, 36.902045 ], [ -76.435048, 36.898017 ], [ -76.456532, 36.887885 ], [ -76.475982, 36.87519 ], [ -76.497385, 36.86522 ], [ -76.524403, 36.863227 ], [ -76.524403, 36.870673 ], [ -76.495839, 36.887356 ], [ -76.481923, 36.898586 ], [ -76.475982, 36.907904 ], [ -76.481597, 36.921536 ], [ -76.491038, 36.933173 ], [ -76.492909, 36.943427 ], [ -76.494722, 36.953986 ], [ -76.513544, 36.965187 ], [ -76.537465, 36.986762 ], [ -76.551096, 36.996649 ], [ -76.557932, 37.000434 ], [ -76.566477, 37.002916 ], [ -76.579661, 37.003974 ], [ -76.585846, 37.00788 ], [ -76.584096, 37.013739 ], [ -76.581207, 37.015855 ], [ -76.571604, 37.02147 ], [ -76.571604, 37.027737 ], [ -76.638167, 37.039029 ], [ -76.659743, 37.04331 ], [ -76.673149, 37.067138 ], [ -76.655337, 37.105121 ], [ -76.666284, 37.147297 ], [ -76.669972, 37.185007 ], [ -76.689117, 37.188625 ], [ -76.717995, 37.150014 ], [ -76.739668, 37.156574 ], [ -76.762808, 37.164255 ], [ -76.787709, 37.2001 ], [ -76.801869, 37.206488 ], [ -76.893707, 37.206488 ], [ -76.913564, 37.212836 ], [ -76.950673, 37.235175 ], [ -76.973215, 37.239976 ], [ -76.981679, 37.249172 ], [ -76.986155, 37.268988 ], [ -76.995188, 37.288072 ], [ -77.017201, 37.295233 ], [ -77.025258, 37.291978 ], [ -77.055409, 37.271389 ], [ -77.067128, 37.266506 ], [ -77.076161, 37.273261 ], [ -77.083323, 37.283271 ], [ -77.089223, 37.288398 ], [ -77.174916, 37.288398 ], [ -77.239573, 37.308661 ], [ -77.2506, 37.306098 ], [ -77.255116, 37.309272 ], [ -77.264882, 37.311184 ], [ -77.274322, 37.316352 ], [ -77.277943, 37.329332 ], [ -77.2506, 37.34984 ], [ -77.234975, 37.334174 ], [ -77.220082, 37.328518 ], [ -77.178334, 37.329332 ], [ -77.172678, 37.327338 ], [ -77.155263, 37.318345 ], [ -77.144439, 37.316352 ], [ -77.134429, 37.316881 ], [ -77.113433, 37.323147 ], [ -77.100331, 37.327094 ], [ -77.091054, 37.327826 ], [ -77.082753, 37.324408 ], [ -77.072499, 37.316352 ], [ -77.07018, 37.310289 ], [ -77.062896, 37.297024 ], [ -77.055491, 37.287177 ], [ -77.051991, 37.291815 ], [ -77.045522, 37.298407 ], [ -77.014516, 37.318752 ], [ -77.00357, 37.323147 ], [ -76.990549, 37.320258 ], [ -76.981923, 37.312405 ], [ -76.953033, 37.273627 ], [ -76.943959, 37.256049 ], [ -76.931467, 37.245266 ], [ -76.90803, 37.247463 ], [ -76.889231, 37.259182 ], [ -76.878163, 37.268988 ], [ -76.873199, 37.278469 ], [ -76.873525, 37.305162 ], [ -76.869862, 37.315497 ], [ -76.860219, 37.323147 ], [ -76.856313, 37.304674 ], [ -76.857411, 37.281887 ], [ -76.85558, 37.262437 ], [ -76.842844, 37.254299 ], [ -76.828969, 37.251044 ], [ -76.791819, 37.236965 ], [ -76.774241, 37.233832 ], [ -76.766672, 37.230129 ], [ -76.762074, 37.221422 ], [ -76.758453, 37.211249 ], [ -76.753774, 37.20307 ], [ -76.743764, 37.197496 ], [ -76.738759, 37.203315 ], [ -76.735219, 37.213202 ], [ -76.729848, 37.22016 ], [ -76.710805, 37.224026 ], [ -76.669301, 37.227118 ], [ -76.654775, 37.233832 ], [ -76.634023, 37.220689 ], [ -76.61734, 37.199164 ], [ -76.610829, 37.172553 ], [ -76.619985, 37.144436 ], [ -76.618596, 37.130786 ], [ -76.611188, 37.119442 ], [ -76.563191, 37.085757 ], [ -76.546064, 37.089407 ], [ -76.523941, 37.05767 ], [ -76.452992, 37.030178 ], [ -76.440297, 37.015774 ], [ -76.429189, 36.976304 ], [ -76.415435, 36.972561 ], [ -76.399526, 36.978339 ], [ -76.371449, 36.998521 ], [ -76.357045, 37.004828 ], [ -76.339711, 37.007392 ], [ -76.315256, 37.00788 ], [ -76.296213, 37.013577 ], [ -76.282948, 37.028225 ], [ -76.274526, 37.048041 ], [ -76.269887, 37.069281 ], [ -76.270375, 37.097642 ], [ -76.281606, 37.104153 ], [ -76.322092, 37.095933 ], [ -76.338612, 37.101711 ], [ -76.325592, 37.114081 ], [ -76.303212, 37.125922 ], [ -76.291656, 37.130113 ], [ -76.298207, 37.144599 ], [ -76.31725, 37.159491 ], [ -76.346262, 37.175482 ], [ -76.351064, 37.164211 ], [ -76.361724, 37.166571 ], [ -76.373158, 37.175971 ], [ -76.37975, 37.18537 ], [ -76.380238, 37.194566 ], [ -76.378407, 37.207261 ], [ -76.375803, 37.21776 ], [ -76.373606, 37.22016 ], [ -76.38561, 37.232489 ], [ -76.402984, 37.233832 ], [ -76.432299, 37.222424 ], [ -76.468073, 37.213966 ], [ -76.504337, 37.231814 ], [ -76.533526, 37.255505 ], [ -76.606224, 37.295789 ], [ -76.654775, 37.363511 ], [ -76.676381, 37.394924 ], [ -76.690785, 37.411078 ], [ -76.721995, 37.427232 ], [ -76.764638, 37.487006 ], [ -76.773671, 37.49136 ], [ -76.784779, 37.494452 ], [ -76.794097, 37.498277 ], [ -76.798166, 37.504381 ], [ -76.797678, 37.515611 ], [ -76.7954, 37.52558 ], [ -76.790273, 37.532701 ], [ -76.781077, 37.535468 ], [ -76.729848, 37.494452 ], [ -76.700103, 37.449408 ], [ -76.680898, 37.427476 ], [ -76.658193, 37.418158 ], [ -76.642486, 37.409003 ], [ -76.582021, 37.330471 ], [ -76.57429, 37.325181 ], [ -76.561635, 37.323147 ], [ -76.55468, 37.307945 ], [ -76.540007, 37.293236 ], [ -76.509352, 37.269566 ], [ -76.496029, 37.249115 ], [ -76.45743, 37.261053 ], [ -76.378505, 37.272332 ], [ -76.371897, 37.288031 ], [ -76.376861, 37.301215 ], [ -76.386098, 37.315131 ], [ -76.394032, 37.323147 ], [ -76.402659, 37.325019 ], [ -76.435048, 37.323147 ], [ -76.435048, 37.329332 ], [ -76.406484, 37.337714 ], [ -76.401479, 37.339911 ], [ -76.403432, 37.349799 ], [ -76.408559, 37.353664 ], [ -76.415883, 37.355699 ], [ -76.442738, 37.372016 ], [ -76.447581, 37.379869 ], [ -76.442494, 37.390815 ], [ -76.433176, 37.396715 ], [ -76.422515, 37.397528 ], [ -76.411692, 37.394924 ], [ -76.401479, 37.390815 ], [ -76.404612, 37.398912 ], [ -76.409291, 37.407782 ], [ -76.416819, 37.414984 ], [ -76.428212, 37.418158 ], [ -76.415151, 37.442694 ], [ -76.396596, 37.429592 ], [ -76.366119, 37.384589 ], [ -76.348053, 37.37995 ], [ -76.333567, 37.384955 ], [ -76.321645, 37.386298 ], [ -76.318959, 37.370917 ], [ -76.298251, 37.335069 ], [ -76.280704, 37.321351 ], [ -76.25764, 37.33551 ], [ -76.249206, 37.363429 ], [ -76.245443, 37.398187 ], [ -76.244637, 37.430586 ], [ -76.244537, 37.44953 ], [ -76.255727, 37.453274 ], [ -76.267405, 37.453192 ], [ -76.277415, 37.459703 ], [ -76.277211, 37.470445 ], [ -76.267649, 37.481024 ], [ -76.263905, 37.487302 ], [ -76.262772, 37.502928 ], [ -76.270062, 37.517356 ], [ -76.289813, 37.519404 ], [ -76.291656, 37.504381 ], [ -76.301259, 37.493842 ], [ -76.322662, 37.501288 ], [ -76.356516, 37.521796 ], [ -76.377675, 37.525214 ], [ -76.393381, 37.533149 ], [ -76.392974, 37.542182 ], [ -76.366119, 37.549058 ], [ -76.319244, 37.552924 ], [ -76.30191, 37.557929 ], [ -76.284169, 37.569566 ], [ -76.325266, 37.580634 ], [ -76.367584, 37.584215 ], [ -76.404286, 37.594184 ], [ -76.428212, 37.624213 ], [ -76.443023, 37.618598 ], [ -76.46349, 37.618557 ], [ -76.522221, 37.614881 ], [ -76.551982, 37.626758 ], [ -76.570805, 37.653245 ], [ -76.57403, 37.673246 ], [ -76.577219, 37.688178 ], [ -76.57901, 37.695868 ], [ -76.579986, 37.698188 ], [ -76.601722, 37.71965 ], [ -76.613401, 37.739539 ], [ -76.631936, 37.750428 ], [ -76.668659, 37.755502 ], [ -76.675201, 37.768215 ], [ -76.676015, 37.771877 ], [ -76.674428, 37.785102 ], [ -76.675201, 37.788723 ], [ -76.679921, 37.7897 ], [ -76.68399, 37.789252 ], [ -76.687978, 37.789496 ], [ -76.703035, 37.786955 ], [ -76.716245, 37.788097 ], [ -76.72912, 37.799465 ], [ -76.74173, 37.809965 ], [ -76.752675, 37.822626 ], [ -76.766891, 37.84204 ], [ -76.777801, 37.862091 ], [ -76.78789, 37.883231 ], [ -76.795286, 37.891957 ], [ -76.816456, 37.903552 ], [ -76.831166, 37.918362 ], [ -76.847035, 37.928941 ], [ -76.86592, 37.941977 ], [ -76.877446, 37.956363 ], [ -76.880238, 37.969672 ], [ -76.891713, 37.974311 ], [ -76.905798, 37.975792 ], [ -76.922614, 37.980833 ], [ -76.926415, 37.996716 ], [ -76.921702, 38.052802 ], [ -76.925893, 38.058824 ], [ -76.944692, 38.07453 ], [ -76.948964, 38.079779 ], [ -76.960561, 38.089586 ], [ -77.031565, 38.103949 ], [ -77.041005, 38.111029 ], [ -77.047353, 38.118964 ], [ -77.050893, 38.128852 ], [ -77.051991, 38.141832 ], [ -77.055491, 38.149644 ], [ -77.06314, 38.149848 ], [ -77.075917, 38.144965 ], [ -77.109446, 38.148993 ], [ -77.126698, 38.155463 ], [ -77.133941, 38.166002 ], [ -77.125885, 38.176011 ], [ -77.107167, 38.174954 ], [ -77.062571, 38.166002 ], [ -77.047597, 38.159817 ], [ -77.036204, 38.145209 ], [ -77.026601, 38.128852 ], [ -77.017201, 38.117011 ], [ -77.007436, 38.118109 ], [ -76.962636, 38.110826 ], [ -76.947092, 38.103339 ], [ -76.934967, 38.093695 ], [ -76.915395, 38.069892 ], [ -76.895737, 38.007309 ], [ -76.880068, 37.990957 ], [ -76.850295, 37.981958 ], [ -76.832262, 37.942972 ], [ -76.769528, 37.914496 ], [ -76.750356, 37.895168 ], [ -76.712758, 37.847073 ], [ -76.700917, 37.8369 ], [ -76.687652, 37.83161 ], [ -76.674143, 37.832994 ], [ -76.661529, 37.843329 ], [ -76.662668, 37.828518 ], [ -76.657826, 37.818996 ], [ -76.649566, 37.813056 ], [ -76.640492, 37.809149 ], [ -76.62857, 37.818427 ], [ -76.621938, 37.81391 ], [ -76.617787, 37.80386 ], [ -76.613149, 37.796129 ], [ -76.583485, 37.777289 ], [ -76.57901, 37.771308 ], [ -76.57136, 37.751288 ], [ -76.535512, 37.715522 ], [ -76.524403, 37.699286 ], [ -76.523915, 37.687893 ], [ -76.516916, 37.668931 ], [ -76.504994, 37.656928 ], [ -76.489613, 37.658352 ], [ -76.478668, 37.695054 ], [ -76.468902, 37.708645 ], [ -76.456125, 37.69245 ], [ -76.453765, 37.683539 ], [ -76.446441, 37.670844 ], [ -76.438629, 37.662909 ], [ -76.435048, 37.66177 ], [ -76.430084, 37.666897 ], [ -76.419301, 37.660102 ], [ -76.408803, 37.64997 ], [ -76.404652, 37.64468 ], [ -76.349436, 37.627997 ], [ -76.321116, 37.62401 ], [ -76.304677, 37.637885 ], [ -76.31786, 37.637193 ], [ -76.321116, 37.643988 ], [ -76.335439, 37.659125 ], [ -76.338857, 37.668891 ], [ -76.334137, 37.675767 ], [ -76.325307, 37.679511 ], [ -76.319732, 37.685492 ], [ -76.325185, 37.699286 ], [ -76.315663, 37.696112 ], [ -76.3037, 37.694037 ], [ -76.292226, 37.694566 ], [ -76.284169, 37.699286 ], [ -76.285512, 37.710924 ], [ -76.317047, 37.732245 ], [ -76.325185, 37.74433 ], [ -76.322377, 37.748277 ], [ -76.316029, 37.747748 ], [ -76.309153, 37.746405 ], [ -76.304677, 37.747748 ], [ -76.297841, 37.761379 ], [ -76.294097, 37.77143 ], [ -76.293853, 37.780666 ], [ -76.297841, 37.796129 ], [ -76.31786, 37.828803 ], [ -76.324859, 37.8487 ], [ -76.315256, 37.857611 ], [ -76.299387, 37.850898 ], [ -76.267893, 37.824449 ], [ -76.250071, 37.822821 ], [ -76.239613, 37.836086 ], [ -76.235829, 37.859605 ], [ -76.242453, 37.881595 ], [ -76.247909, 37.903471 ], [ -76.262003, 37.914304 ], [ -76.291242, 37.924997 ], [ -76.373036, 37.960598 ], [ -76.40818, 37.969617 ], [ -76.458648, 37.995551 ], [ -76.469146, 38.000963 ], [ -76.461781, 38.002346 ], [ -76.454416, 38.006171 ], [ -76.463071, 38.014918 ], [ -76.470527, 38.016266 ], [ -76.485135, 38.021791 ], [ -76.504482, 38.023636 ], [ -76.525624, 38.022691 ], [ -76.530629, 38.025133 ], [ -76.53189, 38.038723 ], [ -76.533111, 38.04267 ], [ -76.520741, 38.052802 ], [ -76.528714, 38.064256 ], [ -76.534423, 38.075171 ], [ -76.561135, 38.089453 ], [ -76.581267, 38.097602 ], [ -76.595317, 38.105068 ], [ -76.607153, 38.112957 ], [ -76.601444, 38.132539 ], [ -76.607168, 38.143452 ], [ -76.614613, 38.150377 ], [ -76.635365, 38.145006 ], [ -76.647328, 38.144965 ], [ -76.6551, 38.147895 ], [ -76.661936, 38.152899 ], [ -76.670033, 38.157416 ], [ -76.681467, 38.159247 ], [ -76.691477, 38.153144 ], [ -76.715199, 38.141913 ], [ -76.739329, 38.136705 ], [ -76.750356, 38.148383 ], [ -76.756418, 38.160956 ], [ -76.775125, 38.166986 ], [ -76.796981, 38.169405 ], [ -76.830033, 38.165469 ], [ -76.881773, 38.177027 ], [ -76.912868, 38.199168 ], [ -76.954171, 38.210168 ], [ -76.961366, 38.218282 ], [ -76.956569, 38.235504 ], [ -76.955118, 38.247186 ], [ -76.959819, 38.260143 ], [ -76.965443, 38.267239 ], [ -76.974924, 38.270697 ], [ -77.000476, 38.277308 ], [ -77.030132, 38.307682 ], [ -77.038594, 38.312947 ], [ -77.052738, 38.316842 ], [ -77.052036, 38.323028 ], [ -77.038863, 38.322549 ], [ -77.022997, 38.320051 ], [ -77.014475, 38.330512 ], [ -77.014001, 38.343524 ], [ -77.016955, 38.355142 ], [ -77.014781, 38.372328 ], [ -77.02037, 38.384586 ], [ -77.040841, 38.39591 ], [ -77.058461, 38.394192 ], [ -77.08565, 38.368412 ], [ -77.133534, 38.367133 ], [ -77.166737, 38.347886 ], [ -77.185414, 38.343573 ], [ -77.248979, 38.329885 ], [ -77.292131, 38.340737 ], [ -77.338511, 38.342611 ], [ -77.34307, 38.348691 ], [ -77.323897, 38.350424 ], [ -77.30216, 38.354261 ], [ -77.29078, 38.353785 ], [ -77.297358, 38.368743 ], [ -77.309056, 38.379491 ], [ -77.323379, 38.390188 ], [ -77.350225, 38.409554 ], [ -77.358716, 38.429265 ], [ -77.351829, 38.432825 ], [ -77.3347, 38.416708 ], [ -77.31425, 38.406129 ], [ -77.326592, 38.450934 ], [ -77.305384, 38.502153 ], [ -77.287343, 38.530178 ], [ -77.284779, 38.549018 ], [ -77.284779, 38.556464 ], [ -77.276479, 38.559272 ], [ -77.258046, 38.569525 ], [ -77.262929, 38.57453 ], [ -77.266957, 38.580756 ], [ -77.271718, 38.583808 ], [ -77.258656, 38.59394 ], [ -77.247426, 38.60928 ], [ -77.239369, 38.62641 ], [ -77.236318, 38.641791 ], [ -77.229888, 38.656684 ], [ -77.215891, 38.664944 ], [ -77.201772, 38.665025 ], [ -77.195424, 38.655748 ], [ -77.204973, 38.63895 ], [ -77.209287, 38.631058 ], [ -77.200889, 38.623751 ], [ -77.187164, 38.6208 ], [ -77.162925, 38.631529 ], [ -77.134865, 38.636283 ], [ -77.137996, 38.650437 ], [ -77.154296, 38.663649 ], [ -77.169333, 38.679337 ], [ -77.167786, 38.688959 ], [ -77.158297, 38.691628 ], [ -77.149054, 38.685727 ], [ -77.142404, 38.676994 ], [ -77.131036, 38.677191 ], [ -77.124013, 38.687201 ], [ -77.117258, 38.706244 ], [ -77.109446, 38.707506 ], [ -77.099355, 38.706855 ], [ -77.089223, 38.710395 ], [ -77.069956, 38.710664 ], [ -77.047771, 38.715724 ], [ -77.042527, 38.728908 ], [ -77.044752, 38.747972 ], [ -77.046589, 38.767686 ], [ -77.047694, 38.776368 ], [ -77.052617, 38.783655 ], [ -77.049748, 38.788727 ], [ -77.04296, 38.791853 ], [ -77.038354, 38.796283 ], [ -77.037571, 38.81505 ], [ -77.040049, 38.827399 ], [ -77.04328, 38.835383 ], [ -77.043821, 38.839393 ], [ -77.036952, 38.83984 ], [ -77.032801, 38.845267 ], [ -77.033039, 38.85397 ], [ -77.034951, 38.860973 ], [ -77.039017, 38.86827 ], [ -77.045243, 38.876193 ], [ -77.051815, 38.881093 ], [ -77.063687, 38.891255 ], [ -77.068333, 38.901938 ], [ -77.060084, 38.899068 ], [ -77.049631, 38.888312 ], [ -77.036071, 38.879823 ], [ -77.025935, 38.872594 ], [ -77.019578, 38.861275 ], [ -77.015932, 38.854279 ], [ -77.017841, 38.84518 ], [ -77.021497, 38.836723 ], [ -77.027387, 38.819906 ], [ -77.021148, 38.795901 ], [ -77.017997, 38.790595 ], [ -77.021227, 38.782839 ], [ -77.026211, 38.776392 ], [ -77.028061, 38.765308 ], [ -77.024338, 38.754653 ], [ -77.019533, 38.751721 ], [ -77.01168, 38.747166 ], [ -77.011161, 38.743825 ], [ -77.018422, 38.743964 ], [ -77.024729, 38.74079 ], [ -77.029729, 38.731443 ], [ -77.03016, 38.715698 ], [ -77.034678, 38.70826 ], [ -77.03067, 38.703331 ], [ -77.024126, 38.699791 ], [ -77.015562, 38.70063 ], [ -77.012467, 38.697355 ], [ -77.021859, 38.695498 ], [ -77.037342, 38.696186 ], [ -77.045638, 38.700696 ], [ -77.061869, 38.697393 ], [ -77.0808, 38.694037 ], [ -77.088694, 38.689195 ], [ -77.096344, 38.682807 ], [ -77.102406, 38.673896 ], [ -77.106068, 38.657131 ], [ -77.114817, 38.640855 ], [ -77.121002, 38.623765 ], [ -77.126454, 38.617906 ], [ -77.136342, 38.615546 ], [ -77.158315, 38.616523 ], [ -77.164947, 38.614814 ], [ -77.172597, 38.609524 ], [ -77.178944, 38.607611 ], [ -77.184438, 38.604967 ], [ -77.193524, 38.591647 ], [ -77.204437, 38.574998 ], [ -77.205927, 38.566059 ], [ -77.189359, 38.569099 ], [ -77.175597, 38.578257 ], [ -77.16808, 38.576972 ], [ -77.186374, 38.556815 ], [ -77.20913, 38.555718 ], [ -77.227528, 38.556871 ], [ -77.23884, 38.537665 ], [ -77.247758, 38.523245 ], [ -77.257049, 38.511408 ], [ -77.267041, 38.49408 ], [ -77.266395, 38.472844 ], [ -77.25786, 38.451061 ], [ -77.262325, 38.424927 ], [ -77.255259, 38.393522 ], [ -77.231931, 38.374068 ], [ -77.203651, 38.364295 ], [ -77.178334, 38.374579 ], [ -77.167795, 38.380927 ], [ -77.145253, 38.388739 ], [ -77.133941, 38.398871 ], [ -77.113433, 38.432929 ], [ -77.122955, 38.44599 ], [ -77.127187, 38.450019 ], [ -77.133941, 38.453437 ], [ -77.120839, 38.461493 ], [ -77.107249, 38.467719 ], [ -77.105051, 38.465155 ], [ -77.10436, 38.464057 ], [ -77.103179, 38.46308 ], [ -77.099762, 38.460883 ], [ -77.099762, 38.453437 ], [ -77.105295, 38.445461 ], [ -77.103627, 38.434516 ], [ -77.10522, 38.411282 ], [ -77.094637, 38.40872 ], [ -77.073232, 38.420844 ], [ -77.060129, 38.428534 ], [ -77.044545, 38.446601 ], [ -77.038889, 38.454332 ], [ -77.034901, 38.462714 ], [ -77.032379, 38.471625 ], [ -77.031565, 38.481391 ], [ -77.021582, 38.461395 ], [ -77.01402, 38.441629 ], [ -76.986684, 38.37072 ], [ -76.973377, 38.344264 ], [ -76.948536, 38.330946 ], [ -76.92364, 38.314881 ], [ -76.922174, 38.291593 ], [ -76.895726, 38.282406 ], [ -76.865767, 38.271898 ], [ -76.839216, 38.257217 ], [ -76.839101, 38.302639 ], [ -76.846099, 38.330878 ], [ -76.855946, 38.355211 ], [ -76.880686, 38.398871 ], [ -76.848988, 38.382514 ], [ -76.827626, 38.36286 ], [ -76.815582, 38.33633 ], [ -76.811757, 38.299221 ], [ -76.808583, 38.28974 ], [ -76.801015, 38.276313 ], [ -76.80421, 38.253623 ], [ -76.777646, 38.237557 ], [ -76.754725, 38.227602 ], [ -76.697364, 38.238003 ], [ -76.678091, 38.234835 ], [ -76.643835, 38.225008 ], [ -76.616743, 38.223306 ], [ -76.587663, 38.210646 ], [ -76.562969, 38.19861 ], [ -76.547807, 38.183699 ], [ -76.540322, 38.159773 ], [ -76.532379, 38.147406 ], [ -76.530629, 38.138739 ], [ -76.517161, 38.131781 ], [ -76.510121, 38.140082 ], [ -76.503896, 38.166002 ], [ -76.482167, 38.146145 ], [ -76.468861, 38.139106 ], [ -76.460805, 38.15233 ], [ -76.4558, 38.158271 ], [ -76.450917, 38.166205 ], [ -76.44872, 38.175971 ], [ -76.449941, 38.182807 ], [ -76.45523, 38.197903 ], [ -76.456125, 38.207017 ], [ -76.433583, 38.190334 ], [ -76.42675, 38.158997 ], [ -76.434086, 38.132143 ], [ -76.415257, 38.108299 ], [ -76.395915, 38.102994 ], [ -76.351284, 38.057358 ], [ -76.336341, 38.053373 ], [ -76.323897, 38.043842 ], [ -76.326052, 38.063786 ], [ -76.328048, 38.076149 ], [ -76.332631, 38.090318 ], [ -76.340305, 38.120727 ], [ -76.330831, 38.12906 ], [ -76.320507, 38.138776 ], [ -76.334106, 38.163375 ], [ -76.360089, 38.194711 ], [ -76.380483, 38.219387 ], [ -76.387278, 38.226955 ], [ -76.3933, 38.245998 ], [ -76.396455, 38.267076 ], [ -76.387121, 38.282961 ], [ -76.373382, 38.298893 ], [ -76.385783, 38.306303 ], [ -76.406361, 38.308295 ], [ -76.42458, 38.30167 ], [ -76.432303, 38.29404 ], [ -76.450634, 38.293141 ], [ -76.476389, 38.312893 ], [ -76.493804, 38.32982 ], [ -76.506093, 38.349555 ], [ -76.510732, 38.367825 ], [ -76.521311, 38.374213 ], [ -76.585846, 38.398871 ], [ -76.61974, 38.423326 ], [ -76.657051, 38.450487 ], [ -76.673644, 38.486058 ], [ -76.675917, 38.509433 ], [ -76.675201, 38.535346 ], [ -76.674672, 38.558417 ], [ -76.678822, 38.58039 ], [ -76.684234, 38.653266 ], [ -76.682851, 38.66474 ], [ -76.684071, 38.672553 ], [ -76.681467, 38.679389 ], [ -76.671783, 38.654446 ], [ -76.647699, 38.505683 ], [ -76.636475, 38.474163 ], [ -76.602456, 38.444335 ], [ -76.56164, 38.424215 ], [ -76.542836, 38.409613 ], [ -76.511342, 38.403998 ], [ -76.500111, 38.400092 ], [ -76.483469, 38.392035 ], [ -76.476715, 38.385159 ], [ -76.474965, 38.379584 ], [ -76.473948, 38.373277 ], [ -76.469146, 38.364081 ], [ -76.471304, 38.335502 ], [ -76.453563, 38.324053 ], [ -76.419359, 38.321706 ], [ -76.392764, 38.35357 ], [ -76.381905, 38.384575 ], [ -76.396057, 38.391275 ], [ -76.413982, 38.412336 ], [ -76.435504, 38.438224 ], [ -76.495501, 38.496018 ], [ -76.511977, 38.527734 ], [ -76.512196, 38.571479 ], [ -76.509149, 38.628139 ], [ -76.521562, 38.650172 ], [ -76.529534, 38.67576 ], [ -76.527078, 38.702643 ], [ -76.521528, 38.724893 ], [ -76.538889, 38.737698 ], [ -76.550282, 38.755113 ], [ -76.551666, 38.77558 ], [ -76.530656, 38.783316 ], [ -76.503774, 38.807563 ], [ -76.494288, 38.825546 ], [ -76.492916, 38.84442 ], [ -76.505882, 38.844262 ], [ -76.522279, 38.842714 ], [ -76.531722, 38.839229 ], [ -76.538991, 38.856641 ], [ -76.52697, 38.861505 ], [ -76.523685, 38.870302 ], [ -76.530629, 38.877997 ], [ -76.535308, 38.884467 ], [ -76.536529, 38.887397 ], [ -76.537465, 38.891669 ], [ -76.521407, 38.887166 ], [ -76.507421, 38.879256 ], [ -76.496197, 38.880063 ], [ -76.493101, 38.89895 ], [ -76.512399, 38.912853 ], [ -76.524403, 38.926418 ], [ -76.534901, 38.937649 ], [ -76.568608, 38.952542 ], [ -76.557482, 38.958739 ], [ -76.525293, 38.951058 ], [ -76.501441, 38.927119 ], [ -76.459612, 38.912137 ], [ -76.465193, 38.932935 ], [ -76.452427, 38.943861 ], [ -76.469929, 38.95374 ], [ -76.476404, 38.975202 ], [ -76.486158, 38.986525 ], [ -76.512506, 39.005725 ], [ -76.530955, 39.021636 ], [ -76.543294, 39.031581 ], [ -76.561587, 39.036067 ], [ -76.571187, 39.038644 ], [ -76.568512, 39.056098 ], [ -76.569163, 39.066392 ], [ -76.563547, 39.074286 ], [ -76.551666, 39.077216 ], [ -76.539591, 39.064069 ], [ -76.524618, 39.045392 ], [ -76.511942, 39.021963 ], [ -76.472656, 38.99513 ], [ -76.45557, 38.988735 ], [ -76.445953, 39.005194 ], [ -76.43871, 39.008979 ], [ -76.415191, 39.009955 ], [ -76.398549, 39.01439 ], [ -76.394195, 39.024563 ], [ -76.40991, 39.037847 ], [ -76.429133, 39.045708 ], [ -76.476327, 39.064003 ], [ -76.499849, 39.068428 ], [ -76.516477, 39.075636 ], [ -76.519276, 39.085709 ], [ -76.51321, 39.086458 ], [ -76.497433, 39.078572 ], [ -76.478376, 39.080826 ], [ -76.469146, 39.083441 ], [ -76.455922, 39.090725 ], [ -76.443267, 39.08869 ], [ -76.443572, 39.076528 ], [ -76.432994, 39.067224 ], [ -76.425307, 39.074053 ], [ -76.419506, 39.089621 ], [ -76.430227, 39.106334 ], [ -76.433283, 39.131218 ], [ -76.441029, 39.135159 ], [ -76.469335, 39.155032 ], [ -76.480002, 39.167023 ], [ -76.493793, 39.16147 ], [ -76.499989, 39.164862 ], [ -76.517562, 39.176663 ], [ -76.524673, 39.184657 ], [ -76.528289, 39.191345 ], [ -76.530267, 39.203442 ], [ -76.53652, 39.211444 ], [ -76.56359, 39.21582 ], [ -76.563902, 39.231304 ], [ -76.570276, 39.244692 ], [ -76.585846, 39.248521 ], [ -76.602593, 39.248324 ], [ -76.610463, 39.254462 ], [ -76.623199, 39.259711 ], [ -76.616567, 39.262193 ], [ -76.591054, 39.263495 ], [ -76.581166, 39.26732 ], [ -76.570818, 39.273638 ], [ -76.564573, 39.264964 ], [ -76.531996, 39.24584 ], [ -76.508298, 39.236027 ], [ -76.492468, 39.227465 ], [ -76.497316, 39.208557 ], [ -76.482509, 39.207388 ], [ -76.46947, 39.207542 ], [ -76.463002, 39.213813 ], [ -76.455312, 39.22016 ], [ -76.445239, 39.217905 ], [ -76.448559, 39.208435 ], [ -76.449178, 39.194957 ], [ -76.431967, 39.205936 ], [ -76.40277, 39.227816 ], [ -76.396865, 39.237981 ], [ -76.421539, 39.238349 ], [ -76.447743, 39.256741 ], [ -76.467763, 39.282904 ], [ -76.483469, 39.310614 ], [ -76.450673, 39.302069 ], [ -76.442494, 39.296942 ], [ -76.425933, 39.273749 ], [ -76.4169, 39.263983 ], [ -76.401479, 39.256008 ], [ -76.391184, 39.264879 ], [ -76.390492, 39.271552 ], [ -76.423451, 39.30565 ], [ -76.430816, 39.318101 ], [ -76.424469, 39.323676 ], [ -76.36913, 39.313178 ], [ -76.366526, 39.317328 ], [ -76.373606, 39.330471 ], [ -76.362375, 39.337226 ], [ -76.351633, 39.338202 ], [ -76.341664, 39.340481 ], [ -76.332631, 39.350979 ], [ -76.338857, 39.350979 ], [ -76.336659, 39.369208 ], [ -76.358062, 39.377102 ], [ -76.385569, 39.38227 ], [ -76.401479, 39.392524 ], [ -76.325185, 39.40766 ], [ -76.311513, 39.402777 ], [ -76.291656, 39.357123 ], [ -76.284169, 39.310614 ], [ -76.254018, 39.340074 ], [ -76.246653, 39.344143 ], [ -76.245229, 39.349555 ], [ -76.252675, 39.361518 ], [ -76.266835, 39.378852 ], [ -76.253163, 39.454006 ], [ -76.246816, 39.458238 ], [ -76.240142, 39.467027 ], [ -76.232493, 39.474514 ], [ -76.222768, 39.474514 ], [ -76.21581, 39.467597 ], [ -76.216135, 39.459377 ], [ -76.222768, 39.440334 ], [ -76.229604, 39.397528 ], [ -76.225901, 39.377834 ], [ -76.209706, 39.364651 ], [ -76.183705, 39.383002 ], [ -76.122426, 39.411038 ], [ -76.074127, 39.448798 ], [ -76.067535, 39.457831 ], [ -76.065094, 39.470771 ], [ -76.073069, 39.475084 ], [ -76.109731, 39.485012 ], [ -76.120351, 39.49494 ], [ -76.092397, 39.550198 ], [ -76.082997, 39.557807 ], [ -76.064796, 39.555635 ], [ -76.038207, 39.556621 ], [ -76.00835, 39.548687 ], [ -75.979156, 39.567288 ], [ -75.962554, 39.590766 ], [ -75.951039, 39.60102 ], [ -75.934722, 39.604193 ], [ -75.946848, 39.565375 ], [ -75.954661, 39.548082 ], [ -75.965484, 39.532864 ], [ -75.990631, 39.504462 ], [ -75.999664, 39.4855 ], [ -76.000713, 39.45279 ], [ -75.966052, 39.481732 ], [ -75.904931, 39.521532 ], [ -75.88915, 39.545478 ], [ -75.873402, 39.562893 ], [ -75.856028, 39.577379 ], [ -75.831695, 39.584377 ], [ -75.839263, 39.561469 ], [ -75.851308, 39.538398 ], [ -75.86913, 39.519477 ], [ -75.893788, 39.508612 ], [ -75.884023, 39.492255 ], [ -75.868764, 39.480658 ], [ -75.839182, 39.466986 ], [ -75.839182, 39.460761 ], [ -75.866119, 39.464301 ], [ -75.912465, 39.476386 ], [ -75.934722, 39.474514 ], [ -75.951975, 39.465806 ], [ -75.973948, 39.450832 ], [ -76.013905, 39.416164 ], [ -76.034265, 39.392877 ], [ -76.006597, 39.380548 ], [ -75.904706, 39.374283 ], [ -75.864017, 39.379595 ], [ -75.839182, 39.371487 ], [ -75.860093, 39.361785 ], [ -75.885676, 39.362529 ], [ -75.931493, 39.364984 ], [ -75.999639, 39.362217 ], [ -76.027858, 39.362445 ], [ -76.059606, 39.369629 ], [ -76.105362, 39.372048 ], [ -76.116607, 39.364651 ], [ -76.119985, 39.360175 ], [ -76.127797, 39.338528 ], [ -76.133412, 39.330471 ], [ -76.142934, 39.326646 ], [ -76.164866, 39.32331 ], [ -76.174957, 39.31623 ], [ -76.178619, 39.307847 ], [ -76.180572, 39.288072 ], [ -76.212808, 39.261967 ], [ -76.234092, 39.230449 ], [ -76.255861, 39.188536 ], [ -76.272628, 39.167992 ], [ -76.272686, 39.151552 ], [ -76.251446, 39.132604 ], [ -76.242597, 39.126783 ], [ -76.243046, 39.115753 ], [ -76.235718, 39.098208 ], [ -76.231109, 39.058276 ], [ -76.242618, 39.03326 ], [ -76.234876, 39.024752 ], [ -76.217212, 39.013114 ], [ -76.204206, 39.014533 ], [ -76.207625, 39.029812 ], [ -76.212461, 39.051791 ], [ -76.203911, 39.080236 ], [ -76.185122, 39.094164 ], [ -76.17512, 39.124091 ], [ -76.140859, 39.138658 ], [ -76.140859, 39.131822 ], [ -76.154449, 39.124416 ], [ -76.130523, 39.117825 ], [ -76.108998, 39.125922 ], [ -76.087799, 39.138658 ], [ -76.065094, 39.146145 ], [ -76.077219, 39.128363 ], [ -76.121653, 39.092475 ], [ -76.140859, 39.06977 ], [ -76.133412, 39.062934 ], [ -76.144602, 39.060126 ], [ -76.168121, 39.056708 ], [ -76.165191, 39.047512 ], [ -76.160878, 39.03974 ], [ -76.154897, 39.033677 ], [ -76.147043, 39.029486 ], [ -76.15099, 39.009101 ], [ -76.167877, 38.996324 ], [ -76.197561, 38.97934 ], [ -76.216214, 38.974319 ], [ -76.244386, 38.978904 ], [ -76.285145, 38.989428 ], [ -76.293262, 39.008771 ], [ -76.295033, 39.027655 ], [ -76.306386, 39.031317 ], [ -76.315297, 39.029364 ], [ -76.322092, 39.006415 ], [ -76.335764, 38.985012 ], [ -76.338857, 38.977607 ], [ -76.356285, 38.948639 ], [ -76.366317, 38.896321 ], [ -76.374748, 38.841573 ], [ -76.359241, 38.846602 ], [ -76.346931, 38.856454 ], [ -76.328364, 38.865156 ], [ -76.327063, 38.880958 ], [ -76.331982, 38.89548 ], [ -76.331899, 38.906968 ], [ -76.328847, 38.91649 ], [ -76.319325, 38.922675 ], [ -76.311269, 38.924628 ], [ -76.280507, 38.926663 ], [ -76.273752, 38.927883 ], [ -76.263743, 38.932603 ], [ -76.262766, 38.93537 ], [ -76.255442, 38.943834 ], [ -76.247182, 38.951158 ], [ -76.243276, 38.950629 ], [ -76.22992, 38.952344 ], [ -76.207953, 38.944046 ], [ -76.196906, 38.935648 ], [ -76.192779, 38.92829 ], [ -76.195058, 38.912177 ], [ -76.197883, 38.878456 ], [ -76.178375, 38.891669 ], [ -76.171783, 38.896918 ], [ -76.164418, 38.9206 ], [ -76.161285, 38.926418 ], [ -76.148346, 38.924954 ], [ -76.147328, 38.91592 ], [ -76.154449, 38.895331 ], [ -76.147857, 38.891547 ], [ -76.106068, 38.877997 ], [ -76.127065, 38.866034 ], [ -76.156998, 38.860124 ], [ -76.188167, 38.846691 ], [ -76.194376, 38.813918 ], [ -76.176967, 38.785551 ], [ -76.14684, 38.790351 ], [ -76.126332, 38.800727 ], [ -76.112904, 38.816555 ], [ -76.109039, 38.800727 ], [ -76.117543, 38.785061 ], [ -76.131459, 38.772895 ], [ -76.14391, 38.768134 ], [ -76.173111, 38.756612 ], [ -76.183596, 38.764384 ], [ -76.198437, 38.776205 ], [ -76.212103, 38.788245 ], [ -76.212426, 38.807637 ], [ -76.221007, 38.815277 ], [ -76.23932, 38.822075 ], [ -76.259559, 38.839215 ], [ -76.253169, 38.855003 ], [ -76.260346, 38.858046 ], [ -76.277252, 38.840888 ], [ -76.304677, 38.82274 ], [ -76.306549, 38.814358 ], [ -76.311635, 38.804267 ], [ -76.331207, 38.745917 ], [ -76.340321, 38.72842 ], [ -76.343617, 38.714179 ], [ -76.346262, 38.689927 ], [ -76.341293, 38.673173 ], [ -76.325822, 38.677534 ], [ -76.322008, 38.689431 ], [ -76.326747, 38.698755 ], [ -76.326516, 38.718243 ], [ -76.310585, 38.735331 ], [ -76.309833, 38.761238 ], [ -76.294383, 38.773854 ], [ -76.288038, 38.775526 ], [ -76.288442, 38.766698 ], [ -76.297312, 38.750939 ], [ -76.291942, 38.721315 ], [ -76.273657, 38.714527 ], [ -76.2544, 38.749237 ], [ -76.23385, 38.757449 ], [ -76.221878, 38.750932 ], [ -76.201838, 38.732306 ], [ -76.227816, 38.735727 ], [ -76.236467, 38.715155 ], [ -76.226513, 38.700971 ], [ -76.209069, 38.686724 ], [ -76.198649, 38.675056 ], [ -76.18692, 38.691067 ], [ -76.181467, 38.702379 ], [ -76.176991, 38.716132 ], [ -76.168121, 38.727729 ], [ -76.164296, 38.717719 ], [ -76.16454, 38.708157 ], [ -76.168324, 38.699897 ], [ -76.174957, 38.693671 ], [ -76.166127, 38.681464 ], [ -76.148508, 38.680894 ], [ -76.126861, 38.684882 ], [ -76.106068, 38.686225 ], [ -76.106068, 38.679389 ], [ -76.119618, 38.675605 ], [ -76.145375, 38.665025 ], [ -76.154449, 38.658881 ], [ -76.154449, 38.652655 ], [ -76.134999, 38.645941 ], [ -76.120513, 38.647935 ], [ -76.107493, 38.653998 ], [ -76.092397, 38.658881 ], [ -76.105029, 38.62491 ], [ -76.076944, 38.615604 ], [ -76.059347, 38.606201 ], [ -76.024244, 38.592846 ], [ -75.999927, 38.602595 ], [ -75.98998, 38.623969 ], [ -75.968251, 38.658881 ], [ -75.962717, 38.658881 ], [ -75.959381, 38.655707 ], [ -75.955312, 38.652655 ], [ -75.965321, 38.637397 ], [ -75.970204, 38.606594 ], [ -75.982533, 38.590033 ], [ -75.994293, 38.583686 ], [ -76.011665, 38.565655 ], [ -76.053586, 38.568039 ], [ -76.092354, 38.593634 ], [ -76.114975, 38.587975 ], [ -76.142649, 38.607489 ], [ -76.161285, 38.604234 ], [ -76.171864, 38.610256 ], [ -76.181793, 38.617906 ], [ -76.176137, 38.620673 ], [ -76.161285, 38.631008 ], [ -76.175404, 38.629218 ], [ -76.201283, 38.620673 ], [ -76.215932, 38.617906 ], [ -76.232493, 38.618069 ], [ -76.277415, 38.624742 ], [ -76.267323, 38.611802 ], [ -76.262603, 38.607815 ], [ -76.256256, 38.604234 ], [ -76.256256, 38.597398 ], [ -76.278472, 38.57685 ], [ -76.286041, 38.562812 ], [ -76.273671, 38.556464 ], [ -76.242665, 38.556708 ], [ -76.230214, 38.559516 ], [ -76.21935, 38.566392 ], [ -76.214182, 38.574042 ], [ -76.213368, 38.579495 ], [ -76.21052, 38.582709 ], [ -76.198842, 38.583808 ], [ -76.190989, 38.583564 ], [ -76.184478, 38.582587 ], [ -76.17927, 38.580512 ], [ -76.174957, 38.576972 ], [ -76.171986, 38.56623 ], [ -76.187245, 38.55329 ], [ -76.181793, 38.542792 ], [ -76.201487, 38.535102 ], [ -76.223948, 38.529608 ], [ -76.24234, 38.521186 ], [ -76.250071, 38.50495 ], [ -76.254303, 38.479804 ], [ -76.263743, 38.465522 ], [ -76.273101, 38.467475 ], [ -76.277415, 38.490953 ], [ -76.286366, 38.500149 ], [ -76.304677, 38.502631 ], [ -76.319814, 38.495022 ], [ -76.318959, 38.473944 ], [ -76.313303, 38.468695 ], [ -76.304026, 38.463284 ], [ -76.295481, 38.455512 ], [ -76.288889, 38.433539 ], [ -76.282338, 38.42182 ], [ -76.275136, 38.411566 ], [ -76.269887, 38.405666 ], [ -76.239858, 38.368232 ], [ -76.221099, 38.343899 ], [ -76.215932, 38.316881 ], [ -76.209706, 38.316881 ], [ -76.206532, 38.338568 ], [ -76.220855, 38.383612 ], [ -76.209706, 38.392035 ], [ -76.192942, 38.382758 ], [ -76.133412, 38.323065 ], [ -76.124379, 38.304836 ], [ -76.117502, 38.298285 ], [ -76.091176, 38.292426 ], [ -76.081207, 38.284084 ], [ -76.048818, 38.239325 ], [ -76.037913, 38.232489 ], [ -76.028676, 38.241767 ], [ -76.017323, 38.267808 ], [ -76.017323, 38.281806 ], [ -76.019276, 38.29442 ], [ -76.026723, 38.304185 ], [ -76.03718, 38.309475 ], [ -76.01891, 38.334784 ], [ -75.990468, 38.362047 ], [ -75.964833, 38.373481 ], [ -75.955312, 38.35102 ], [ -75.962392, 38.335842 ], [ -75.990102, 38.325995 ], [ -75.996205, 38.313178 ], [ -75.99234, 38.3039 ], [ -75.983632, 38.295478 ], [ -75.97411, 38.288153 ], [ -75.968251, 38.282131 ], [ -75.966624, 38.272284 ], [ -75.968088, 38.2626 ], [ -75.968251, 38.254055 ], [ -75.962717, 38.247992 ], [ -75.955678, 38.257799 ], [ -75.931304, 38.316881 ], [ -75.924713, 38.324897 ], [ -75.873362, 38.371527 ], [ -75.869008, 38.38109 ], [ -75.866444, 38.392401 ], [ -75.863149, 38.40176 ], [ -75.856272, 38.405666 ], [ -75.843251, 38.404364 ], [ -75.840728, 38.400824 ], [ -75.843373, 38.395453 ], [ -75.84911, 38.373969 ], [ -75.858062, 38.358588 ], [ -75.891225, 38.315131 ], [ -75.902415, 38.293769 ], [ -75.906646, 38.270982 ], [ -75.897206, 38.251125 ], [ -75.878733, 38.242865 ], [ -75.834584, 38.24018 ], [ -75.818674, 38.23371 ], [ -75.856028, 38.219713 ], [ -75.896311, 38.210679 ], [ -75.928456, 38.193549 ], [ -75.941558, 38.155463 ], [ -75.9405, 38.135403 ], [ -75.937408, 38.127631 ], [ -75.931304, 38.124457 ], [ -75.92276, 38.127875 ], [ -75.920644, 38.135728 ], [ -75.919545, 38.144843 ], [ -75.914296, 38.151801 ], [ -75.893463, 38.156073 ], [ -75.848134, 38.152167 ], [ -75.824859, 38.159247 ], [ -75.811635, 38.157294 ], [ -75.794016, 38.158881 ], [ -75.779693, 38.155219 ], [ -75.776479, 38.144965 ], [ -75.784413, 38.139472 ], [ -75.814443, 38.135199 ], [ -75.824859, 38.131293 ], [ -75.818674, 38.124457 ], [ -75.823883, 38.115546 ], [ -75.832387, 38.107571 ], [ -75.8426, 38.101304 ], [ -75.852854, 38.097805 ], [ -75.852854, 38.090318 ], [ -75.848622, 38.088324 ], [ -75.847768, 38.08747 ], [ -75.847564, 38.086371 ], [ -75.845367, 38.083482 ], [ -75.833323, 38.089179 ], [ -75.819081, 38.09101 ], [ -75.794504, 38.090318 ], [ -75.77953, 38.095404 ], [ -75.768625, 38.105618 ], [ -75.75768, 38.113267 ], [ -75.742991, 38.110826 ], [ -75.756581, 38.092597 ], [ -75.802073, 38.058051 ], [ -75.811879, 38.045966 ], [ -75.818267, 38.042711 ], [ -75.846425, 38.039618 ], [ -75.852854, 38.031968 ], [ -75.857249, 38.021145 ], [ -75.878651, 37.994574 ], [ -75.886342, 37.987942 ], [ -75.883656, 37.986762 ], [ -75.881012, 37.98664 ], [ -75.879547, 37.985338 ], [ -75.880116, 37.980455 ], [ -75.873362, 37.980455 ], [ -75.868886, 37.986518 ], [ -75.862701, 37.99079 ], [ -75.854848, 37.993354 ], [ -75.845367, 37.994086 ], [ -75.850413, 37.981106 ], [ -75.858795, 37.973212 ], [ -75.867502, 37.967231 ], [ -75.873362, 37.960028 ], [ -75.874989, 37.951117 ], [ -75.872467, 37.946967 ], [ -75.868967, 37.943305 ], [ -75.867096, 37.936103 ], [ -75.858022, 37.931138 ], [ -75.838124, 37.94123 ], [ -75.808176, 37.963446 ], [ -75.786285, 37.975898 ], [ -75.763173, 37.978217 ], [ -75.672597, 37.971991 ], [ -75.653676, 37.967963 ], [ -75.633127, 37.960028 ], [ -75.645863, 37.94953 ], [ -75.661773, 37.94477 ], [ -75.694569, 37.939521 ], [ -75.719146, 37.927639 ], [ -75.742991, 37.912177 ], [ -75.742991, 37.905992 ], [ -75.717519, 37.90941 ], [ -75.68928, 37.903998 ], [ -75.670969, 37.892564 ], [ -75.667836, 37.878079 ], [ -75.674224, 37.870347 ], [ -75.674306, 37.861396 ], [ -75.669504, 37.852037 ], [ -75.661041, 37.843329 ], [ -75.671376, 37.841498 ], [ -75.694814, 37.844713 ], [ -75.702016, 37.843329 ], [ -75.708119, 37.833157 ], [ -75.708485, 37.821682 ], [ -75.703725, 37.810736 ], [ -75.694569, 37.802314 ], [ -75.753489, 37.796129 ], [ -75.764475, 37.800523 ], [ -75.775543, 37.807929 ], [ -75.786855, 37.809394 ], [ -75.798207, 37.796129 ], [ -75.777903, 37.780097 ], [ -75.777455, 37.766425 ], [ -75.790842, 37.753852 ], [ -75.811879, 37.740912 ], [ -75.811879, 37.733466 ], [ -75.790517, 37.733303 ], [ -75.788686, 37.727484 ], [ -75.823842, 37.696519 ], [ -75.824941, 37.687812 ], [ -75.818674, 37.672593 ], [ -75.841705, 37.672105 ], [ -75.860829, 37.669013 ], [ -75.875722, 37.660712 ], [ -75.886342, 37.64468 ], [ -75.871449, 37.629543 ], [ -75.88268, 37.623765 ], [ -75.904612, 37.619859 ], [ -75.921742, 37.610541 ], [ -75.909495, 37.603217 ], [ -75.911041, 37.594875 ], [ -75.921254, 37.585761 ], [ -75.934722, 37.576402 ], [ -75.893788, 37.56273 ], [ -75.917104, 37.552476 ], [ -75.937815, 37.537299 ], [ -75.951772, 37.515937 ], [ -75.955312, 37.487006 ], [ -75.934153, 37.495063 ], [ -75.924631, 37.489 ], [ -75.926178, 37.47842 ], [ -75.95401, 37.466986 ], [ -75.965647, 37.452948 ], [ -75.97289, 37.435126 ], [ -75.975697, 37.418158 ], [ -75.968251, 37.418158 ], [ -75.966176, 37.424506 ], [ -75.962229, 37.425727 ], [ -75.956451, 37.424954 ], [ -75.955312, 37.425605 ], [ -75.955881, 37.41592 ], [ -75.962148, 37.403266 ], [ -75.973785, 37.391547 ], [ -75.98998, 37.384589 ], [ -75.984771, 37.371894 ], [ -75.990793, 37.353013 ], [ -76.010569, 37.316352 ], [ -76.001454, 37.319485 ], [ -75.99592, 37.320258 ], [ -75.982533, 37.316352 ], [ -76.000111, 37.303534 ], [ -76.014963, 37.281562 ], [ -76.016957, 37.257799 ], [ -75.996205, 37.239976 ], [ -75.996205, 37.233832 ], [ -76.000966, 37.22016 ], [ -76.000778, 37.194365 ], [ -75.976122, 37.161518 ], [ -75.966429, 37.134795 ], [ -75.949111, 37.124952 ], [ -75.935926, 37.135016 ], [ -75.93504, 37.158417 ], [ -75.934158, 37.173304 ], [ -75.927297, 37.211368 ], [ -75.923492, 37.244442 ], [ -75.91153, 37.290766 ], [ -75.900477, 37.325514 ], [ -75.887309, 37.356967 ], [ -75.875846, 37.369351 ], [ -75.855005, 37.397438 ], [ -75.836358, 37.395908 ], [ -75.82844, 37.390694 ], [ -75.820169, 37.391729 ], [ -75.811538, 37.398357 ], [ -75.799962, 37.400068 ], [ -75.795874, 37.405683 ], [ -75.806309, 37.414503 ], [ -75.821677, 37.41902 ], [ -75.823832, 37.42756 ], [ -75.814805, 37.436494 ], [ -75.810311, 37.443099 ], [ -75.818707, 37.454238 ], [ -75.810496, 37.462182 ], [ -75.788319, 37.475898 ], [ -75.783925, 37.483588 ], [ -75.771474, 37.490302 ], [ -75.7598, 37.507954 ], [ -75.744876, 37.524204 ], [ -75.733469, 37.536078 ], [ -75.716686, 37.559551 ], [ -75.705958, 37.580183 ], [ -75.652823, 37.642552 ], [ -75.627079, 37.673832 ], [ -75.598144, 37.700011 ], [ -75.560505, 37.743902 ], [ -75.531269, 37.787884 ], [ -75.512081, 37.808621 ], [ -75.492285, 37.831084 ], [ -75.470658, 37.851163 ], [ -75.446592, 37.867432 ], [ -75.424895, 37.875113 ], [ -75.417101, 37.886092 ], [ -75.425577, 37.892743 ], [ -75.443071, 37.88936 ], [ -75.44792, 37.893635 ], [ -75.438921, 37.906051 ], [ -75.423856, 37.913717 ], [ -75.419655, 37.919923 ], [ -75.434783, 37.925603 ], [ -75.435424, 37.933705 ], [ -75.425163, 37.936114 ], [ -75.419152, 37.943279 ], [ -75.431882, 37.95183 ], [ -75.434344, 37.961833 ], [ -75.426178, 37.976508 ], [ -75.421457, 37.987942 ], [ -75.40685, 37.997382 ], [ -75.390981, 38.002672 ], [ -75.378285, 38.011664 ], [ -75.375152, 38.02383 ], [ -75.373036, 38.031968 ], [ -75.351186, 38.082099 ], [ -75.356028, 38.090318 ], [ -75.350168, 38.094062 ], [ -75.333892, 38.111558 ], [ -75.325266, 38.117011 ], [ -75.315907, 38.116889 ], [ -75.297353, 38.110785 ], [ -75.290435, 38.110826 ], [ -75.283274, 38.120551 ], [ -75.271718, 38.15233 ], [ -75.266916, 38.159247 ], [ -75.257151, 38.168158 ], [ -75.242665, 38.226955 ], [ -75.233062, 38.238959 ], [ -75.220041, 38.247626 ], [ -75.187408, 38.261664 ], [ -75.200673, 38.240302 ], [ -75.197499, 38.232571 ], [ -75.163889, 38.23371 ], [ -75.154286, 38.240912 ], [ -75.12975, 38.285549 ], [ -75.117991, 38.298163 ], [ -75.1044, 38.31623 ], [ -75.094228, 38.335354 ], [ -75.092437, 38.35102 ], [ -75.100738, 38.362128 ], [ -75.112131, 38.362494 ], [ -75.125478, 38.360338 ], [ -75.139638, 38.364081 ], [ -75.135365, 38.366034 ], [ -75.130605, 38.369289 ], [ -75.126047, 38.371527 ], [ -75.126047, 38.377672 ], [ -75.133412, 38.377672 ], [ -75.133412, 38.385159 ], [ -75.132341, 38.394185 ], [ -75.139754, 38.399463 ], [ -75.17951, 38.40842 ], [ -75.165368, 38.416875 ], [ -75.147846, 38.413715 ], [ -75.127628, 38.4058 ], [ -75.112131, 38.399466 ], [ -75.104045, 38.395242 ], [ -75.097979, 38.407913 ], [ -75.118196, 38.437481 ], [ -75.102016, 38.438538 ], [ -75.089882, 38.432201 ], [ -75.082916, 38.447455 ], [ -75.083892, 38.453599 ], [ -75.085032, 38.460883 ], [ -75.075795, 38.461005 ], [ -75.068593, 38.459906 ], [ -75.062734, 38.457343 ], [ -75.058095, 38.453721 ], [ -75.057729, 38.453437 ], [ -75.059234, 38.422797 ], [ -75.075795, 38.366278 ], [ -75.078765, 38.336737 ], [ -75.067009, 38.35352 ], [ -75.051137, 38.387763 ], [ -75.044749, 38.425035 ], [ -75.044057, 38.453437 ], [ -75.043975, 38.453803 ], [ -75.047328, 38.475733 ], [ -75.050021, 38.498985 ], [ -75.052846, 38.52733 ], [ -75.057729, 38.55272 ], [ -75.056734, 38.586666 ], [ -75.058746, 38.605148 ], [ -75.060091, 38.612541 ], [ -75.065338, 38.614936 ], [ -75.069203, 38.608303 ], [ -75.069567, 38.593536 ], [ -75.075185, 38.586493 ], [ -75.09557, 38.566392 ], [ -75.103261, 38.565904 ], [ -75.111684, 38.574164 ], [ -75.119618, 38.584296 ], [ -75.126047, 38.590033 ], [ -75.152211, 38.588446 ], [ -75.191762, 38.566962 ], [ -75.207916, 38.569525 ], [ -75.201975, 38.572455 ], [ -75.196441, 38.57685 ], [ -75.191518, 38.582709 ], [ -75.187408, 38.590033 ], [ -75.207916, 38.590033 ], [ -75.190053, 38.606676 ], [ -75.121409, 38.621324 ], [ -75.098704, 38.638414 ], [ -75.116119, 38.638414 ], [ -75.130442, 38.643052 ], [ -75.142568, 38.650539 ], [ -75.15331, 38.658881 ], [ -75.149973, 38.659817 ], [ -75.147206, 38.660061 ], [ -75.145863, 38.661526 ], [ -75.139394, 38.662055 ], [ -75.133941, 38.660386 ], [ -75.119781, 38.658881 ], [ -75.139189, 38.688052 ], [ -75.120921, 38.683835 ], [ -75.086411, 38.693345 ], [ -75.077622, 38.686475 ], [ -75.071848, 38.638332 ], [ -75.064807, 38.632609 ], [ -75.066123, 38.678025 ], [ -75.08434, 38.795967 ], [ -75.092475, 38.807592 ], [ -75.099252, 38.805481 ], [ -75.095861, 38.797555 ], [ -75.099926, 38.788048 ], [ -75.130414, 38.782772 ], [ -75.166327, 38.794382 ], [ -75.195483, 38.815491 ], [ -75.244353, 38.859799 ], [ -75.29662, 38.913072 ], [ -75.310326, 38.927818 ], [ -75.31107, 38.949468 ], [ -75.311128, 38.967954 ], [ -75.314849, 38.984076 ], [ -75.342582, 39.020211 ], [ -75.369205, 39.040257 ], [ -75.39379, 39.055551 ], [ -75.401404, 39.078288 ], [ -75.397445, 39.102636 ], [ -75.401616, 39.117166 ], [ -75.404573, 39.130647 ], [ -75.406116, 39.151999 ], [ -75.404757, 39.172231 ], [ -75.394154, 39.224595 ], [ -75.39802, 39.249335 ], [ -75.407704, 39.27025 ], [ -75.42849, 39.291293 ], [ -75.434411, 39.314874 ], [ -75.459165, 39.328293 ], [ -75.482411, 39.344672 ], [ -75.488515, 39.347317 ], [ -75.490793, 39.353461 ], [ -75.527891, 39.403391 ], [ -75.552761, 39.425794 ], [ -75.568863, 39.440355 ], [ -75.587938, 39.462771 ], [ -75.583567, 39.483344 ], [ -75.575063, 39.505194 ], [ -75.561187, 39.523017 ], [ -75.554596, 39.541164 ], [ -75.555816, 39.559272 ], [ -75.5655, 39.57685 ], [ -75.574045, 39.585598 ], [ -75.602691, 39.607896 ], [ -75.605214, 39.616685 ], [ -75.601145, 39.627265 ], [ -75.595204, 39.638495 ], [ -75.592152, 39.649237 ], [ -75.586822, 39.655951 ], [ -75.551137, 39.666246 ], [ -75.545766, 39.670233 ], [ -75.500722, 39.71426 ], [ -75.48766, 39.731676 ], [ -75.476715, 39.772121 ], [ -75.462961, 39.784613 ], [ -75.427642, 39.803412 ], [ -75.391713, 39.839586 ], [ -75.376454, 39.845038 ], [ -75.358876, 39.848334 ], [ -75.297353, 39.871731 ], [ -75.273101, 39.864081 ], [ -75.248687, 39.867255 ], [ -75.207916, 39.885403 ], [ -75.147776, 39.902574 ], [ -75.133412, 39.912665 ], [ -75.138743, 39.93358 ], [ -75.132924, 39.956122 ], [ -75.1197, 39.974189 ], [ -75.102406, 39.981594 ], [ -75.079986, 39.986396 ], [ -75.046539, 40.009101 ], [ -75.02359, 40.016303 ], [ -75.039418, 40.002631 ], [ -75.078765, 39.953599 ], [ -75.085032, 39.961086 ], [ -75.098704, 39.947455 ], [ -75.115956, 39.952582 ], [ -75.120229, 39.940741 ], [ -75.113678, 39.922065 ], [ -75.098704, 39.90644 ], [ -75.114817, 39.897162 ], [ -75.129384, 39.883857 ], [ -75.144154, 39.874905 ], [ -75.160756, 39.878567 ], [ -75.166249, 39.873358 ], [ -75.167592, 39.873481 ], [ -75.168853, 39.872707 ], [ -75.192942, 39.867499 ], [ -75.229075, 39.85456 ], [ -75.246083, 39.851874 ], [ -75.2683, 39.850775 ], [ -75.310902, 39.843207 ], [ -75.367299, 39.823798 ], [ -75.406117, 39.802924 ], [ -75.440175, 39.777004 ], [ -75.461822, 39.748236 ], [ -75.463368, 39.719387 ], [ -75.465199, 39.714667 ], [ -75.476674, 39.711371 ], [ -75.483144, 39.704169 ], [ -75.487538, 39.696845 ], [ -75.501129, 39.6883 ], [ -75.504994, 39.676011 ], [ -75.507151, 39.662299 ], [ -75.510243, 39.652655 ], [ -75.51651, 39.647773 ], [ -75.53539, 39.638902 ], [ -75.557444, 39.621243 ], [ -75.558217, 39.613471 ], [ -75.547475, 39.60106 ], [ -75.513661, 39.573798 ], [ -75.510406, 39.559638 ], [ -75.521555, 39.514106 ], [ -75.523834, 39.49494 ], [ -75.531646, 39.498481 ], [ -75.537343, 39.50316 ], [ -75.541331, 39.508857 ], [ -75.531606, 39.477973 ], [ -75.508168, 39.457343 ], [ -75.477651, 39.440863 ], [ -75.375559, 39.352729 ], [ -75.371938, 39.347724 ], [ -75.367177, 39.342597 ], [ -75.359364, 39.337877 ], [ -75.354482, 39.338568 ], [ -75.348215, 39.342027 ], [ -75.340566, 39.345038 ], [ -75.33141, 39.344143 ], [ -75.320912, 39.333686 ], [ -75.313222, 39.317816 ], [ -75.303619, 39.30329 ], [ -75.287424, 39.296942 ], [ -75.249501, 39.296942 ], [ -75.242096, 39.292629 ], [ -75.234202, 39.273383 ], [ -75.225942, 39.268988 ], [ -75.211659, 39.26435 ], [ -75.175771, 39.242011 ], [ -75.166982, 39.23428 ], [ -75.165639, 39.228339 ], [ -75.168813, 39.21601 ], [ -75.166982, 39.207587 ], [ -75.159332, 39.198635 ], [ -75.145009, 39.191474 ], [ -75.146474, 39.187079 ], [ -75.128896, 39.18769 ], [ -75.117177, 39.192816 ], [ -75.106597, 39.200141 ], [ -75.092437, 39.207587 ], [ -75.061147, 39.213528 ], [ -75.040273, 39.214545 ], [ -75.026682, 39.210679 ], [ -75.022857, 39.20246 ], [ -75.023427, 39.194892 ], [ -75.022206, 39.189276 ], [ -75.013051, 39.187079 ], [ -75.003733, 39.188056 ], [ -74.98644, 39.192328 ], [ -74.978871, 39.193305 ], [ -74.938588, 39.192532 ], [ -74.922231, 39.188544 ], [ -74.906321, 39.179633 ], [ -74.887278, 39.146796 ], [ -74.894439, 39.107611 ], [ -74.944325, 39.024726 ], [ -74.952566, 39.007548 ], [ -74.956768, 38.988112 ], [ -74.961798, 38.969323 ], [ -74.96515, 38.957011 ], [ -74.969334, 38.945997 ], [ -74.967641, 38.935777 ], [ -74.954701, 38.926418 ], [ -74.944244, 38.924384 ], [ -74.933095, 38.926337 ], [ -74.875111, 38.944525 ], [ -74.83609, 38.963446 ], [ -74.803293, 38.987616 ], [ -74.783355, 39.015123 ], [ -74.785268, 39.02204 ], [ -74.789377, 39.031195 ], [ -74.788075, 39.039049 ], [ -74.764068, 39.044257 ], [ -74.753814, 39.048774 ], [ -74.745717, 39.054511 ], [ -74.737172, 39.070258 ], [ -74.713735, 39.091132 ], [ -74.708323, 39.097724 ], [ -74.710194, 39.108791 ], [ -74.716379, 39.114936 ], [ -74.72525, 39.115953 ], [ -74.735585, 39.111396 ], [ -74.736969, 39.114691 ], [ -74.736724, 39.116767 ], [ -74.737538, 39.117743 ], [ -74.742421, 39.11815 ], [ -74.733266, 39.127427 ], [ -74.722808, 39.131822 ], [ -74.711822, 39.131008 ], [ -74.701487, 39.124416 ], [ -74.654368, 39.201361 ], [ -74.643056, 39.213813 ], [ -74.620839, 39.223212 ], [ -74.578969, 39.267768 ], [ -74.550649, 39.28266 ], [ -74.550649, 39.289496 ], [ -74.605214, 39.275214 ], [ -74.618153, 39.278754 ], [ -74.629506, 39.284369 ], [ -74.642568, 39.289008 ], [ -74.660471, 39.289496 ], [ -74.642079, 39.306708 ], [ -74.614491, 39.312405 ], [ -74.550649, 39.310614 ], [ -74.550649, 39.31623 ], [ -74.555247, 39.329291 ], [ -74.542348, 39.347317 ], [ -74.509633, 39.378852 ], [ -74.48176, 39.364651 ], [ -74.50886, 39.343451 ], [ -74.521108, 39.33039 ], [ -74.530141, 39.31623 ], [ -74.530141, 39.310614 ], [ -74.502838, 39.318183 ], [ -74.444407, 39.347113 ], [ -74.413442, 39.357123 ], [ -74.421783, 39.37523 ], [ -74.434397, 39.395006 ], [ -74.450307, 39.40644 ], [ -74.468658, 39.399359 ], [ -74.467519, 39.412095 ], [ -74.462066, 39.426418 ], [ -74.454905, 39.439032 ], [ -74.44815, 39.44717 ], [ -74.432973, 39.456204 ], [ -74.422109, 39.455146 ], [ -74.411244, 39.450181 ], [ -74.396352, 39.44717 ], [ -74.383697, 39.471096 ], [ -74.380116, 39.487494 ], [ -74.389272, 39.49494 ], [ -74.401275, 39.502427 ], [ -74.406484, 39.520087 ], [ -74.407216, 39.557034 ], [ -74.39802, 39.550035 ], [ -74.38679, 39.54442 ], [ -74.373647, 39.543443 ], [ -74.358795, 39.550198 ], [ -74.321278, 39.529731 ], [ -74.318186, 39.524644 ], [ -74.316274, 39.514553 ], [ -74.310902, 39.506659 ], [ -74.297353, 39.508612 ], [ -74.290191, 39.523139 ], [ -74.303538, 39.541653 ], [ -74.32971, 39.562178 ], [ -74.328491, 39.576185 ], [ -74.306666, 39.594895 ], [ -74.290905, 39.605187 ], [ -74.276367, 39.607072 ], [ -74.256418, 39.61164 ], [ -74.247548, 39.621405 ], [ -74.252115, 39.631355 ], [ -74.243622, 39.643486 ], [ -74.210909, 39.650965 ], [ -74.198762, 39.67614 ], [ -74.181779, 39.691989 ], [ -74.167551, 39.699368 ], [ -74.166014, 39.704098 ], [ -74.16114, 39.720869 ], [ -74.163319, 39.735175 ], [ -74.190197, 39.744163 ], [ -74.186519, 39.772111 ], [ -74.165865, 39.806564 ], [ -74.145904, 39.830756 ], [ -74.127268, 39.848456 ], [ -74.125885, 39.855618 ], [ -74.131991, 39.872294 ], [ -74.1368, 39.890967 ], [ -74.127043, 39.905893 ], [ -74.109992, 39.921741 ], [ -74.113609, 39.931076 ], [ -74.132883, 39.933783 ], [ -74.112375, 39.949693 ], [ -74.102284, 39.970933 ], [ -74.105824, 39.985541 ], [ -74.126088, 39.981594 ], [ -74.12206, 39.997301 ], [ -74.109486, 40.002834 ], [ -74.103686, 40.014024 ], [ -74.083016, 40.01121 ], [ -74.075681, 40.025177 ], [ -74.063503, 40.030752 ], [ -74.067122, 40.041935 ], [ -74.078066, 40.043811 ], [ -74.08048, 40.051265 ], [ -74.060699, 40.062161 ], [ -74.050282, 40.054999 ], [ -74.051325, 40.035394 ], [ -74.057465, 40.012122 ], [ -74.066042, 39.992555 ], [ -74.072175, 39.972991 ], [ -74.08074, 39.922879 ], [ -74.100438, 39.783233 ], [ -74.093013, 39.776337 ], [ -74.07234, 39.875379 ], [ -74.067424, 39.903305 ], [ -74.062502, 39.933096 ], [ -74.058819, 39.954516 ], [ -74.046562, 39.997337 ], [ -74.040411, 40.028078 ], [ -74.036719, 40.048585 ], [ -74.03056, 40.079341 ], [ -74.025606, 40.11103 ], [ -74.018224, 40.140894 ], [ -74.010752, 40.167556 ], [ -73.992055, 40.226874 ], [ -73.979888, 40.280158 ], [ -73.972394, 40.32765 ], [ -73.97093, 40.394749 ], [ -73.975701, 40.42927 ], [ -73.979156, 40.449286 ], [ -73.989573, 40.468207 ], [ -74.018219, 40.480536 ], [ -73.998199, 40.441107 ], [ -73.995311, 40.421853 ], [ -73.988009, 40.407834 ], [ -73.992991, 40.402411 ], [ -74.032338, 40.421617 ], [ -74.119944, 40.445258 ], [ -74.145904, 40.447699 ], [ -74.197133, 40.440863 ], [ -74.205922, 40.442939 ], [ -74.221913, 40.45189 ], [ -74.256337, 40.460028 ], [ -74.26955, 40.483059 ], [ -74.282687, 40.497319 ], [ -74.26965, 40.50492 ], [ -74.26393, 40.51329 ], [ -74.259878, 40.536731 ], [ -74.260488, 40.55182 ], [ -74.249044, 40.562975 ], [ -74.233017, 40.566537 ], [ -74.221669, 40.572089 ], [ -74.215286, 40.591658 ], [ -74.209647, 40.634231 ], [ -74.190321, 40.649384 ], [ -74.179067, 40.65351 ], [ -74.160756, 40.662462 ], [ -74.150018, 40.664183 ], [ -74.142191, 40.676121 ], [ -74.133318, 40.691238 ], [ -74.126017, 40.70317 ], [ -74.112435, 40.717893 ], [ -74.105568, 40.705193 ], [ -74.138991, 40.657848 ], [ -74.142085, 40.646323 ], [ -74.131022, 40.645177 ], [ -74.11066, 40.650362 ], [ -74.096006, 40.654758 ], [ -74.089345, 40.669257 ], [ -74.071034, 40.687201 ], [ -74.048085, 40.700629 ], [ -74.031929, 40.714181 ], [ -74.028028, 40.727857 ], [ -74.020927, 40.742051 ], [ -74.018633, 40.751683 ], [ -74.014311, 40.765843 ], [ -74.006253, 40.780614 ], [ -73.991916, 40.79846 ], [ -73.954742, 40.858588 ], [ -73.91808, 40.931464 ], [ -73.907704, 40.971869 ], [ -73.907135, 40.99079 ], [ -73.906361, 41.016262 ], [ -73.920644, 41.101955 ], [ -73.916656, 41.145697 ], [ -73.917877, 41.16352 ], [ -73.932321, 41.178269 ], [ -73.95228, 41.189294 ], [ -73.963069, 41.205699 ], [ -73.970204, 41.219062 ], [ -73.97761, 41.252875 ], [ -73.982167, 41.261135 ], [ -73.984975, 41.269599 ], [ -73.982045, 41.283759 ], [ -73.975942, 41.292182 ], [ -73.965972, 41.300116 ], [ -73.947336, 41.311103 ], [ -73.945139, 41.291002 ], [ -73.953481, 41.274726 ], [ -73.957021, 41.257758 ], [ -73.9405, 41.235989 ], [ -73.907582, 41.213365 ], [ -73.895741, 41.203192 ], [ -73.885894, 41.187567 ], [ -73.875315, 41.153266 ], [ -73.871571, 41.115546 ], [ -73.872182, 41.033637 ], [ -73.875396, 41.013332 ], [ -73.889475, 40.972154 ], [ -73.89802, 40.930487 ], [ -73.921864, 40.886786 ], [ -73.91275, 40.881578 ], [ -73.908844, 40.868557 ], [ -73.915354, 40.856838 ], [ -73.925771, 40.836005 ], [ -73.932281, 40.825588 ], [ -73.932281, 40.817776 ], [ -73.926829, 40.804796 ], [ -73.893833, 40.803853 ], [ -73.866028, 40.811838 ], [ -73.829728, 40.810898 ], [ -73.797685, 40.813194 ], [ -73.805059, 40.826147 ], [ -73.81991, 40.83913 ], [ -73.816965, 40.862006 ], [ -73.811676, 40.871039 ], [ -73.799916, 40.87226 ], [ -73.788157, 40.871772 ], [ -73.782826, 40.876044 ], [ -73.777415, 40.89411 ], [ -73.764394, 40.910102 ], [ -73.720367, 40.947008 ], [ -73.710764, 40.95303 ], [ -73.69872, 40.954779 ], [ -73.676991, 40.954779 ], [ -73.674387, 40.958808 ], [ -73.653147, 40.982123 ], [ -73.64802, 40.992092 ], [ -73.650258, 40.996568 ], [ -73.6417, 41.001774 ], [ -73.634582, 41.007055 ], [ -73.619367, 41.008738 ], [ -73.611147, 41.011336 ], [ -73.603923, 41.022816 ], [ -73.596875, 41.02367 ], [ -73.589994, 41.014791 ], [ -73.564849, 41.018948 ], [ -73.546702, 41.028876 ], [ -73.537124, 41.031278 ], [ -73.523211, 41.021491 ], [ -73.504199, 41.042568 ], [ -73.485219, 41.05386 ], [ -73.474599, 41.054755 ], [ -73.437611, 41.073065 ], [ -73.423736, 41.077704 ], [ -73.37975, 41.100165 ], [ -73.371938, 41.101955 ], [ -73.364068, 41.106025 ], [ -73.350027, 41.106798 ], [ -73.332381, 41.113712 ], [ -73.315993, 41.115339 ], [ -73.301933, 41.11699 ], [ -73.293648, 41.123095 ], [ -73.286452, 41.134492 ], [ -73.278339, 41.130017 ], [ -73.271521, 41.117622 ], [ -73.262127, 41.120185 ], [ -73.244462, 41.127966 ], [ -73.233801, 41.136681 ], [ -73.227856, 41.142795 ], [ -73.224232, 41.149812 ], [ -73.225168, 41.163275 ], [ -73.221099, 41.167141 ], [ -73.219106, 41.166002 ], [ -73.21581, 41.163031 ], [ -73.208915, 41.156723 ], [ -73.184278, 41.161773 ], [ -73.184068, 41.174109 ], [ -73.17011, 41.169571 ], [ -73.164338, 41.165109 ], [ -73.155087, 41.158859 ], [ -73.134237, 41.147207 ], [ -73.108485, 41.148709 ], [ -73.110592, 41.161943 ], [ -73.107411, 41.174709 ], [ -73.103749, 41.180365 ], [ -73.094472, 41.191311 ], [ -73.08552, 41.197008 ], [ -73.06371, 41.204779 ], [ -73.053538, 41.211737 ], [ -73.038438, 41.205227 ], [ -73.013828, 41.206724 ], [ -73.002024, 41.221747 ], [ -72.992909, 41.22899 ], [ -72.967275, 41.256415 ], [ -72.930043, 41.283759 ], [ -72.927358, 41.288804 ], [ -72.918935, 41.298651 ], [ -72.909983, 41.305121 ], [ -72.905832, 41.300523 ], [ -72.903147, 41.277167 ], [ -72.895253, 41.265855 ], [ -72.895726, 41.255582 ], [ -72.892427, 41.244975 ], [ -72.856067, 41.245419 ], [ -72.842892, 41.258471 ], [ -72.826512, 41.256508 ], [ -72.813344, 41.259589 ], [ -72.80602, 41.257758 ], [ -72.789784, 41.26732 ], [ -72.779449, 41.270168 ], [ -72.741322, 41.272162 ], [ -72.727651, 41.270168 ], [ -72.717885, 41.265855 ], [ -72.709096, 41.260565 ], [ -72.69933, 41.256578 ], [ -72.686676, 41.256415 ], [ -72.678782, 41.260484 ], [ -72.671051, 41.267483 ], [ -72.661773, 41.274075 ], [ -72.604807, 41.283759 ], [ -72.581899, 41.278754 ], [ -72.540639, 41.263658 ], [ -72.529652, 41.270168 ], [ -72.522206, 41.270168 ], [ -72.519521, 41.26496 ], [ -72.516916, 41.262926 ], [ -72.513336, 41.261054 ], [ -72.507924, 41.256415 ], [ -72.495269, 41.270331 ], [ -72.475087, 41.281073 ], [ -72.452626, 41.287909 ], [ -72.433461, 41.289984 ], [ -72.390777, 41.277777 ], [ -72.369781, 41.276597 ], [ -72.350901, 41.289984 ], [ -72.354888, 41.291449 ], [ -72.364573, 41.297431 ], [ -72.35436, 41.321234 ], [ -72.363637, 41.3369 ], [ -72.380198, 41.350084 ], [ -72.391835, 41.366278 ], [ -72.372711, 41.364732 ], [ -72.358225, 41.357978 ], [ -72.348378, 41.348334 ], [ -72.343414, 41.338365 ], [ -72.343984, 41.329291 ], [ -72.347808, 41.321601 ], [ -72.350413, 41.314643 ], [ -72.347157, 41.307318 ], [ -72.341054, 41.303371 ], [ -72.327016, 41.298733 ], [ -72.319895, 41.293687 ], [ -72.287953, 41.282945 ], [ -72.226918, 41.310696 ], [ -72.200063, 41.297431 ], [ -72.194325, 41.323798 ], [ -72.16804, 41.322455 ], [ -72.135406, 41.312079 ], [ -72.110707, 41.311103 ], [ -72.101145, 41.322455 ], [ -72.095123, 41.346096 ], [ -72.083404, 41.352037 ], [ -72.036244, 41.317857 ], [ -71.97289, 41.343695 ], [ -71.963246, 41.345364 ], [ -71.898061, 41.346503 ], [ -71.885365, 41.344631 ], [ -71.872141, 41.33926 ], [ -71.862375, 41.332587 ], [ -71.856534, 41.322501 ], [ -71.877914, 41.311512 ], [ -71.871475, 41.302575 ], [ -71.828972, 41.316984 ], [ -71.753814, 41.331041 ], [ -71.598884, 41.367522 ], [ -71.555828, 41.374846 ], [ -71.530385, 41.376451 ], [ -71.507802, 41.368109 ], [ -71.497711, 41.366278 ], [ -71.488271, 41.370592 ], [ -71.483957, 41.37995 ], [ -71.469618, 41.391331 ], [ -71.454792, 41.406132 ], [ -71.426096, 41.468736 ], [ -71.423411, 41.486396 ], [ -71.424631, 41.538886 ], [ -71.429514, 41.554389 ], [ -71.442779, 41.574652 ], [ -71.437367, 41.584784 ], [ -71.423695, 41.594306 ], [ -71.412465, 41.612738 ], [ -71.410268, 41.632961 ], [ -71.413808, 41.652899 ], [ -71.423329, 41.668158 ], [ -71.446767, 41.677232 ], [ -71.44164, 41.684068 ], [ -71.430247, 41.691107 ], [ -71.418609, 41.694648 ], [ -71.40689, 41.693834 ], [ -71.398427, 41.689765 ], [ -71.391469, 41.68301 ], [ -71.384429, 41.674221 ], [ -71.380279, 41.683661 ], [ -71.366851, 41.703559 ], [ -71.364003, 41.712063 ], [ -71.367502, 41.723822 ], [ -71.3756, 41.730536 ], [ -71.384755, 41.735663 ], [ -71.391347, 41.742499 ], [ -71.39509, 41.759508 ], [ -71.396311, 41.783271 ], [ -71.395009, 41.805732 ], [ -71.391347, 41.818793 ], [ -71.378814, 41.804999 ], [ -71.370351, 41.79206 ], [ -71.36559, 41.777655 ], [ -71.364003, 41.759833 ], [ -71.355621, 41.746283 ], [ -71.337066, 41.733791 ], [ -71.318186, 41.724799 ], [ -71.308827, 41.721991 ], [ -71.304433, 41.730048 ], [ -71.301991, 41.751695 ], [ -71.298818, 41.75609 ], [ -71.289703, 41.754096 ], [ -71.28303, 41.748847 ], [ -71.280914, 41.7414 ], [ -71.294057, 41.72016 ], [ -71.301503, 41.702623 ], [ -71.306752, 41.684719 ], [ -71.308827, 41.670803 ], [ -71.301829, 41.659613 ], [ -71.285715, 41.659613 ], [ -71.260406, 41.651109 ], [ -71.244862, 41.680325 ], [ -71.241038, 41.68122 ], [ -71.240224, 41.684638 ], [ -71.240549, 41.698065 ], [ -71.238393, 41.707343 ], [ -71.236846, 41.709581 ], [ -71.228993, 41.720933 ], [ -71.226877, 41.725735 ], [ -71.221059, 41.731391 ], [ -71.207997, 41.729153 ], [ -71.185902, 41.721991 ], [ -71.176259, 41.72663 ], [ -71.169545, 41.733303 ], [ -71.138092, 41.779934 ], [ -71.126047, 41.792426 ], [ -71.110748, 41.797065 ], [ -71.135569, 41.75552 ], [ -71.190256, 41.685614 ], [ -71.193959, 41.676866 ], [ -71.206939, 41.646226 ], [ -71.209706, 41.626166 ], [ -71.21052, 41.60224 ], [ -71.206939, 41.558173 ], [ -71.195668, 41.520819 ], [ -71.196401, 41.513414 ], [ -71.202016, 41.502631 ], [ -71.199127, 41.492133 ], [ -71.185902, 41.468736 ], [ -71.121897, 41.513007 ], [ -71.097157, 41.523383 ], [ -71.101552, 41.528306 ], [ -71.110748, 41.54385 ], [ -71.07372, 41.538723 ], [ -71.062123, 41.54385 ], [ -71.062367, 41.564358 ], [ -71.049306, 41.551947 ], [ -71.043853, 41.536851 ], [ -71.049469, 41.523749 ], [ -71.069814, 41.517157 ], [ -71.040151, 41.507148 ], [ -71.015452, 41.512274 ], [ -70.970937, 41.537665 ], [ -70.972239, 41.535102 ], [ -70.973622, 41.530829 ], [ -70.959706, 41.531195 ], [ -70.947621, 41.536444 ], [ -70.92516, 41.550727 ], [ -70.93163, 41.580268 ], [ -70.920969, 41.598334 ], [ -70.907338, 41.614936 ], [ -70.905385, 41.640041 ], [ -70.881012, 41.627916 ], [ -70.874257, 41.622992 ], [ -70.869985, 41.615871 ], [ -70.862904, 41.597235 ], [ -70.856923, 41.59162 ], [ -70.845204, 41.592475 ], [ -70.843984, 41.603949 ], [ -70.850087, 41.629543 ], [ -70.840566, 41.628892 ], [ -70.821116, 41.634996 ], [ -70.805002, 41.642564 ], [ -70.805735, 41.646226 ], [ -70.805735, 41.651028 ], [ -70.797841, 41.658881 ], [ -70.786041, 41.660468 ], [ -70.774322, 41.646226 ], [ -70.756093, 41.663031 ], [ -70.749094, 41.679755 ], [ -70.739329, 41.690131 ], [ -70.71288, 41.687812 ], [ -70.721913, 41.701606 ], [ -70.723297, 41.713772 ], [ -70.719716, 41.746161 ], [ -70.710439, 41.748033 ], [ -70.689809, 41.739691 ], [ -70.658274, 41.721991 ], [ -70.651438, 41.721991 ], [ -70.648183, 41.734198 ], [ -70.640004, 41.740953 ], [ -70.630605, 41.740139 ], [ -70.623606, 41.729438 ], [ -70.628163, 41.728095 ], [ -70.637807, 41.721991 ], [ -70.631907, 41.711127 ], [ -70.639963, 41.702297 ], [ -70.652008, 41.693915 ], [ -70.658274, 41.684475 ], [ -70.657094, 41.670559 ], [ -70.652008, 41.654242 ], [ -70.652496, 41.57803 ], [ -70.661733, 41.550482 ], [ -70.685618, 41.530829 ], [ -70.658682, 41.521349 ], [ -70.596059, 41.553046 ], [ -70.565826, 41.558173 ], [ -70.532704, 41.559149 ], [ -70.504262, 41.563707 ], [ -70.479848, 41.573879 ], [ -70.459096, 41.59162 ], [ -70.428375, 41.631903 ], [ -70.41808, 41.640041 ], [ -70.405873, 41.637519 ], [ -70.391591, 41.619208 ], [ -70.380849, 41.622992 ], [ -70.365875, 41.632799 ], [ -70.351959, 41.635199 ], [ -70.319081, 41.632636 ], [ -70.303049, 41.634752 ], [ -70.27599, 41.644232 ], [ -70.261057, 41.646226 ], [ -70.27123, 41.621039 ], [ -70.272776, 41.610582 ], [ -70.26415, 41.616156 ], [ -70.248525, 41.635688 ], [ -70.239898, 41.643256 ], [ -70.229644, 41.646226 ], [ -70.217356, 41.648261 ], [ -70.185292, 41.660549 ], [ -70.136871, 41.660549 ], [ -69.978139, 41.68183 ], [ -69.938873, 41.674221 ], [ -69.932525, 41.741034 ], [ -69.934234, 41.792955 ], [ -69.942006, 41.806464 ], [ -69.956654, 41.807807 ], [ -69.979848, 41.797065 ], [ -69.975738, 41.810533 ], [ -69.972035, 41.839179 ], [ -69.963961, 41.843533 ], [ -69.953359, 41.840888 ], [ -69.938873, 41.831855 ], [ -69.934682, 41.832099 ], [ -69.93102, 41.832953 ], [ -69.927724, 41.834866 ], [ -69.924672, 41.83808 ], [ -69.943255, 41.857625 ], [ -69.982168, 41.953621 ], [ -70.014012, 41.998941 ], [ -70.051123, 42.039753 ], [ -70.081198, 42.058354 ], [ -70.117863, 42.073805 ], [ -70.146466, 42.081011 ], [ -70.167662, 42.082977 ], [ -70.19222, 42.086062 ], [ -70.215764, 42.084643 ], [ -70.229377, 42.080616 ], [ -70.236596, 42.075855 ], [ -70.244312, 42.068718 ], [ -70.24682, 42.061468 ], [ -70.24009, 42.059227 ], [ -70.231351, 42.057238 ], [ -70.224616, 42.050381 ], [ -70.202556, 42.026203 ], [ -70.189274, 42.01786 ], [ -70.170808, 42.027879 ], [ -70.17162, 42.037909 ], [ -70.176666, 42.037502 ], [ -70.192128, 42.037909 ], [ -70.189794, 42.049383 ], [ -70.165619, 42.063835 ], [ -70.138096, 42.057352 ], [ -70.099852, 42.03739 ], [ -70.083785, 42.012454 ], [ -70.07979, 41.995006 ], [ -70.07449, 41.947629 ], [ -70.071841, 41.927679 ], [ -70.068674, 41.893297 ], [ -70.057362, 41.904242 ], [ -70.051829, 41.935248 ], [ -70.037913, 41.941636 ], [ -70.028147, 41.937974 ], [ -70.018666, 41.93008 ], [ -70.006012, 41.922838 ], [ -69.986684, 41.92121 ], [ -69.986684, 41.913764 ], [ -70.003163, 41.908596 ], [ -70.011586, 41.906887 ], [ -70.021474, 41.906928 ], [ -70.00182, 41.881903 ], [ -70.003845, 41.846296 ], [ -70.000111, 41.816311 ], [ -70.021474, 41.79092 ], [ -70.036448, 41.785834 ], [ -70.070241, 41.773458 ], [ -70.100819, 41.765937 ], [ -70.191314, 41.747056 ], [ -70.243723, 41.724107 ], [ -70.274729, 41.715155 ], [ -70.315256, 41.715562 ], [ -70.335194, 41.719224 ], [ -70.339508, 41.725735 ], [ -70.326487, 41.731391 ], [ -70.289866, 41.731635 ], [ -70.274729, 41.736274 ], [ -70.400868, 41.745022 ], [ -70.439198, 41.75609 ], [ -70.504262, 41.790025 ], [ -70.533111, 41.81623 ], [ -70.531646, 41.841783 ], [ -70.523915, 41.868394 ], [ -70.529652, 41.90648 ], [ -70.544993, 41.940619 ], [ -70.565826, 41.95539 ], [ -70.60497, 41.952541 ], [ -70.623687, 41.955064 ], [ -70.654937, 41.957099 ], [ -70.714833, 42.002672 ], [ -70.690338, 42.014716 ], [ -70.682851, 42.016059 ], [ -70.675038, 42.014716 ], [ -70.66511, 42.010647 ], [ -70.655751, 42.05801 ], [ -70.648346, 42.065253 ], [ -70.638905, 42.058905 ], [ -70.629303, 42.044338 ], [ -70.617299, 42.016791 ], [ -70.623606, 42.016059 ], [ -70.632883, 42.012112 ], [ -70.637807, 42.010647 ], [ -70.627919, 42.005561 ], [ -70.617299, 42.003241 ], [ -70.60676, 42.004584 ], [ -70.596791, 42.010647 ], [ -70.59081, 42.01732 ], [ -70.592193, 42.020087 ], [ -70.597564, 42.023098 ], [ -70.627756, 42.059149 ], [ -70.636138, 42.075426 ], [ -70.630971, 42.092515 ], [ -70.652984, 42.109036 ], [ -70.678212, 42.14411 ], [ -70.695872, 42.163886 ], [ -70.708363, 42.172187 ], [ -70.713124, 42.172431 ], [ -70.71349, 42.17536 ], [ -70.713735, 42.205146 ], [ -70.716298, 42.211859 ], [ -70.741811, 42.235663 ], [ -70.761586, 42.249213 ], [ -70.783803, 42.25967 ], [ -70.83141, 42.26968 ], [ -70.855784, 42.283922 ], [ -70.898508, 42.318427 ], [ -70.899078, 42.306586 ], [ -70.891916, 42.290717 ], [ -70.880116, 42.276679 ], [ -70.867096, 42.270657 ], [ -70.86734, 42.264838 ], [ -70.875396, 42.254462 ], [ -70.887196, 42.250556 ], [ -70.898508, 42.263861 ], [ -70.909535, 42.257229 ], [ -70.925771, 42.250393 ], [ -70.9405, 42.245998 ], [ -70.946889, 42.246487 ], [ -70.949534, 42.242825 ], [ -70.955312, 42.243313 ], [ -70.961781, 42.246243 ], [ -70.966176, 42.249579 ], [ -70.966176, 42.253811 ], [ -70.955312, 42.261786 ], [ -70.952504, 42.267239 ], [ -70.96288, 42.280219 ], [ -70.98351, 42.279608 ], [ -70.998891, 42.283759 ], [ -70.993479, 42.310981 ], [ -71.017812, 42.300198 ], [ -71.027211, 42.300482 ], [ -71.038442, 42.307929 ], [ -71.046783, 42.321519 ], [ -71.042307, 42.331773 ], [ -71.029856, 42.337836 ], [ -71.014556, 42.338935 ], [ -71.020009, 42.347968 ], [ -71.027699, 42.353583 ], [ -71.037424, 42.357001 ], [ -71.048695, 42.359442 ], [ -71.036855, 42.372463 ], [ -71.022694, 42.366645 ], [ -71.006012, 42.357123 ], [ -70.987213, 42.359442 ], [ -70.99767, 42.363674 ], [ -71.005849, 42.370795 ], [ -71.007232, 42.37759 ], [ -70.997182, 42.380561 ], [ -70.983632, 42.376614 ], [ -70.967275, 42.360745 ], [ -70.952504, 42.359442 ], [ -70.960317, 42.369045 ], [ -70.963043, 42.378363 ], [ -70.966176, 42.400377 ], [ -70.974355, 42.416449 ], [ -70.973378, 42.425116 ], [ -70.963043, 42.4383 ], [ -70.943674, 42.446967 ], [ -70.916371, 42.422431 ], [ -70.891672, 42.42829 ], [ -70.904286, 42.434394 ], [ -70.917551, 42.442776 ], [ -70.925404, 42.453192 ], [ -70.922109, 42.465562 ], [ -70.915517, 42.469428 ], [ -70.899403, 42.468166 ], [ -70.891672, 42.469306 ], [ -70.885121, 42.472846 ], [ -70.865224, 42.486884 ], [ -70.860748, 42.49136 ], [ -70.855295, 42.495063 ], [ -70.84675, 42.496568 ], [ -70.838206, 42.499172 ], [ -70.840321, 42.504869 ], [ -70.850087, 42.513658 ], [ -70.854115, 42.523668 ], [ -70.864329, 42.518297 ], [ -70.877797, 42.50788 ], [ -70.891672, 42.502753 ], [ -70.889312, 42.512274 ], [ -70.885121, 42.519965 ], [ -70.878896, 42.525946 ], [ -70.870595, 42.530707 ], [ -70.878, 42.537543 ], [ -70.861399, 42.546942 ], [ -70.810292, 42.562812 ], [ -70.708892, 42.581814 ], [ -70.701324, 42.588568 ], [ -70.695668, 42.597398 ], [ -70.686391, 42.606472 ], [ -70.674753, 42.612291 ], [ -70.669097, 42.61168 ], [ -70.666941, 42.608507 ], [ -70.665883, 42.606472 ], [ -70.647328, 42.604519 ], [ -70.642486, 42.606676 ], [ -70.631744, 42.612738 ], [ -70.623443, 42.620469 ], [ -70.618438, 42.628852 ], [ -70.61148, 42.634508 ], [ -70.597035, 42.634467 ], [ -70.597035, 42.640611 ], [ -70.602203, 42.648668 ], [ -70.599395, 42.657701 ], [ -70.598053, 42.664984 ], [ -70.607859, 42.667955 ], [ -70.621246, 42.668687 ], [ -70.629913, 42.672065 ], [ -70.633656, 42.68004 ], [ -70.631744, 42.694607 ], [ -70.658966, 42.684312 ], [ -70.671417, 42.67711 ], [ -70.679555, 42.667955 ], [ -70.677683, 42.641343 ], [ -70.682281, 42.632188 ], [ -70.700063, 42.640611 ], [ -70.701324, 42.653306 ], [ -70.75711, 42.657213 ], [ -70.775095, 42.674791 ], [ -70.765289, 42.674302 ], [ -70.75711, 42.675482 ], [ -70.741607, 42.681627 ], [ -70.798451, 42.70189 ], [ -70.81961, 42.718736 ], [ -70.823598, 42.749864 ], [ -70.812408, 42.742133 ], [ -70.782623, 42.70893 ], [ -70.775095, 42.716335 ], [ -70.804351, 42.780382 ], [ -70.800771, 42.792548 ], [ -70.805776, 42.801256 ], [ -70.809153, 42.804429 ], [ -70.812652, 42.805243 ], [ -70.820221, 42.804348 ], [ -70.822743, 42.804429 ], [ -70.844146, 42.811998 ], [ -70.853627, 42.816962 ], [ -70.863759, 42.826239 ], [ -70.818267, 42.82392 ], [ -70.809153, 42.826239 ], [ -70.80724, 42.834947 ], [ -70.815338, 42.870266 ], [ -70.81428, 42.877305 ], [ -70.811879, 42.893134 ], [ -70.803293, 42.913886 ], [ -70.781809, 42.949123 ], [ -70.728383, 43.011298 ], [ -70.719716, 43.027574 ], [ -70.715891, 43.032172 ], [ -70.708485, 43.045233 ], [ -70.704213, 43.058905 ], [ -70.709543, 43.065172 ], [ -70.732493, 43.0633 ], [ -70.754506, 43.058987 ], [ -70.744089, 43.083808 ], [ -70.74234, 43.087958 ] ] ] } },
{ "type": "Feature", "properties": { "featurecla": "Coastline", "scalerank": 6, "min_zoom": 6.0 }, "geometry": { "type": "LineString", "coordinates": [ [ -77.431874, 34.499661 ], [ -77.449818, 34.495673 ], [ -77.578725, 34.42536 ], [ -77.614735, 34.395453 ], [ -77.634185, 34.362494 ], [ -77.617787, 34.377631 ], [ -77.514556, 34.453762 ], [ -77.500722, 34.458686 ], [ -77.467763, 34.465399 ], [ -77.386342, 34.501695 ], [ -77.360463, 34.520087 ], [ -77.357411, 34.521389 ], [ -77.3544, 34.521186 ], [ -77.352528, 34.522284 ], [ -77.353017, 34.527574 ], [ -77.374135, 34.523139 ], [ -77.413726, 34.503974 ], [ -77.431874, 34.499661 ] ] } },
{ "type": "Feature", "properties": { "featurecla": "Coastline", "scalerank": 0, "min_zoom": 0.0 }, "geometry": { "type": "MultiLineString", "coordinates": [ [ [ -66.929739003378643, 50.0 ], [ -66.950917, 49.986436 ], [ -66.967681, 49.966783 ], [ -66.975087, 49.955512 ], [ -66.978871, 49.944892 ], [ -66.975413, 49.936103 ], [ -66.968577, 49.924913 ], [ -66.965932, 49.915391 ], [ -66.991363, 49.903144 ], [ -67.003896, 49.883775 ], [ -67.014882, 49.860948 ], [ -67.026601, 49.842393 ], [ -67.044911, 49.828315 ], [ -67.055653, 49.832343 ], [ -67.068023, 49.843126 ], [ -67.091176, 49.849311 ], [ -67.112904, 49.844062 ], [ -67.131459, 49.831285 ], [ -67.14623, 49.81566 ], [ -67.165883, 49.788072 ], [ -67.174713, 49.771796 ], [ -67.181549, 49.754869 ], [ -67.184316, 49.739366 ], [ -67.180328, 49.722724 ], [ -67.172719, 49.709052 ], [ -67.167348, 49.695176 ], [ -67.170033, 49.677965 ], [ -67.179921, 49.665513 ], [ -67.212758, 49.637397 ], [ -67.22525, 49.623358 ], [ -67.230865, 49.611558 ], [ -67.245107, 49.568101 ], [ -67.233998, 49.546088 ], [ -67.231597, 49.513983 ], [ -67.235992, 49.481635 ], [ -67.245107, 49.458848 ], [ -67.268178, 49.433458 ], [ -67.376332, 49.339219 ], [ -67.401112, 49.329698 ], [ -67.549306, 49.331244 ], [ -67.583323, 49.327501 ], [ -67.615061, 49.314887 ], [ -67.628977, 49.321275 ], [ -67.644887, 49.320543 ], [ -67.67398, 49.314887 ], [ -67.735463, 49.314887 ], [ -67.74592, 49.313218 ], [ -67.774648, 49.303575 ], [ -67.783559, 49.298163 ], [ -67.794301, 49.287218 ], [ -67.80309, 49.281968 ], [ -67.814076, 49.280219 ], [ -67.861399, 49.282538 ], [ -67.917714, 49.292955 ], [ -67.944651, 49.294379 ], [ -67.995839, 49.287218 ], [ -68.026438, 49.286689 ], [ -68.054555, 49.294379 ], [ -68.058461, 49.282457 ], [ -68.065663, 49.273505 ], [ -68.082428, 49.26024 ], [ -68.122385, 49.271348 ], [ -68.135854, 49.255683 ], [ -68.143178, 49.228583 ], [ -68.164377, 49.205634 ], [ -68.171986, 49.204169 ], [ -68.189687, 49.205878 ], [ -68.197865, 49.205634 ], [ -68.206044, 49.202501 ], [ -68.219797, 49.193712 ], [ -68.228871, 49.191962 ], [ -68.283681, 49.194322 ], [ -68.300893, 49.198188 ], [ -68.300893, 49.191962 ], [ -68.253977, 49.16706 ], [ -68.235422, 49.164008 ], [ -68.203359, 49.170356 ], [ -68.190541, 49.167467 ], [ -68.183583, 49.150987 ], [ -68.183583, 49.143541 ], [ -68.18106, 49.124457 ], [ -68.219635, 49.112006 ], [ -68.325429, 49.098456 ], [ -68.342926, 49.090155 ], [ -68.376617, 49.069037 ], [ -68.392323, 49.06391 ], [ -68.408925, 49.061754 ], [ -68.444325, 49.061632 ], [ -68.382069, 49.099921 ], [ -68.369781, 49.115587 ], [ -68.371897, 49.140326 ], [ -68.406484, 49.163682 ], [ -68.40331, 49.184516 ], [ -68.433258, 49.196153 ], [ -68.444325, 49.198188 ], [ -68.430165, 49.183905 ], [ -68.417836, 49.158393 ], [ -68.409495, 49.133979 ], [ -68.407053, 49.123033 ], [ -68.417592, 49.119859 ], [ -68.451772, 49.095771 ], [ -68.487213, 49.083686 ], [ -68.496165, 49.078437 ], [ -68.515004, 49.069892 ], [ -68.574818, 49.060492 ], [ -68.595082, 49.054755 ], [ -68.615102, 49.039496 ], [ -68.634592, 49.017035 ], [ -68.644521, 48.991156 ], [ -68.636098, 48.965399 ], [ -68.698801, 48.944892 ], [ -68.688629, 48.932359 ], [ -68.655426, 48.929633 ], [ -68.643544, 48.91767 ], [ -68.783803, 48.910834 ], [ -68.795318, 48.907416 ], [ -68.802846, 48.899482 ], [ -68.808665, 48.890204 ], [ -68.814809, 48.88288 ], [ -68.883127, 48.847032 ], [ -68.906809, 48.839789 ], [ -68.924672, 48.83039 ], [ -68.949615, 48.825751 ], [ -68.954172, 48.819403 ], [ -68.955149, 48.810533 ], [ -68.959462, 48.800971 ], [ -68.974436, 48.788194 ], [ -68.991119, 48.782294 ], [ -69.037343, 48.780463 ], [ -69.055735, 48.773505 ], [ -69.069569, 48.756212 ], [ -69.117909, 48.630561 ], [ -69.144439, 48.600531 ], [ -69.191558, 48.58869 ], [ -69.200592, 48.590888 ], [ -69.210601, 48.594835 ], [ -69.22053, 48.596503 ], [ -69.229482, 48.592108 ], [ -69.267812, 48.54328 ], [ -69.280629, 48.511054 ], [ -69.287831, 48.499335 ], [ -69.289377, 48.464586 ], [ -69.32551, 48.425279 ], [ -69.404449, 48.362738 ], [ -69.430084, 48.317694 ], [ -69.446645, 48.29621 ], [ -69.469635, 48.287055 ], [ -69.492421, 48.281928 ], [ -69.511952, 48.270006 ], [ -69.529897, 48.256171 ], [ -69.547841, 48.245429 ], [ -69.554351, 48.244696 ], [ -69.569081, 48.24669 ], [ -69.575185, 48.245429 ], [ -69.579661, 48.240424 ], [ -69.580434, 48.234809 ], [ -69.58023, 48.229438 ], [ -69.582021, 48.225531 ], [ -69.65453, 48.162909 ], [ -69.676015, 48.149888 ], [ -69.69872, 48.143622 ], [ -69.712758, 48.144477 ], [ -69.747141, 48.156684 ], [ -69.761708, 48.158433 ], [ -69.798329, 48.156684 ], [ -69.819895, 48.161933 ], [ -69.836903, 48.174872 ], [ -69.863149, 48.205064 ], [ -69.882314, 48.221137 ], [ -69.902577, 48.232733 ], [ -69.945139, 48.259101 ], [ -69.985097, 48.278428 ], [ -70.037587, 48.278632 ], [ -70.093658, 48.272569 ], [ -70.144358, 48.273383 ], [ -70.167307, 48.283393 ], [ -70.211008, 48.315009 ], [ -70.233469, 48.321723 ], [ -70.259023, 48.325059 ], [ -70.283518, 48.333319 ], [ -70.369211, 48.374132 ], [ -70.392893, 48.376939 ], [ -70.414947, 48.365831 ], [ -70.43517, 48.362982 ], [ -70.634389, 48.396837 ], [ -70.677358, 48.391547 ], [ -70.692983, 48.392808 ], [ -70.71288, 48.403673 ], [ -70.747182, 48.427558 ], [ -70.766713, 48.435004 ], [ -70.792063, 48.437812 ], [ -70.803456, 48.436225 ], [ -70.813588, 48.433173 ], [ -70.824127, 48.431749 ], [ -70.836415, 48.434678 ], [ -70.877553, 48.44953 ], [ -70.987213, 48.465155 ], [ -71.011627, 48.462348 ], [ -71.047963, 48.449042 ], [ -71.069814, 48.444648 ], [ -70.99767, 48.452989 ], [ -70.973622, 48.451483 ], [ -70.887603, 48.421617 ], [ -70.832631, 48.414781 ], [ -70.805898, 48.407457 ], [ -70.788482, 48.395697 ], [ -70.792063, 48.379747 ], [ -70.811391, 48.369696 ], [ -70.838531, 48.36461 ], [ -70.891672, 48.362738 ], [ -70.878774, 48.347602 ], [ -70.87385, 48.333808 ], [ -70.865631, 48.324164 ], [ -70.843251, 48.321723 ], [ -70.826772, 48.32567 ], [ -70.781809, 48.348456 ], [ -70.744496, 48.355333 ], [ -70.600494, 48.356431 ], [ -70.545277, 48.362738 ], [ -70.477528, 48.356431 ], [ -70.462758, 48.351874 ], [ -70.443227, 48.34276 ], [ -70.392486, 48.338121 ], [ -70.359609, 48.328437 ], [ -70.345855, 48.326036 ], [ -70.334299, 48.321234 ], [ -70.323842, 48.301093 ], [ -70.311269, 48.299506 ], [ -70.297353, 48.30268 ], [ -70.28775, 48.307481 ], [ -70.23058, 48.272773 ], [ -70.162953, 48.245063 ], [ -70.092641, 48.234849 ], [ -70.027659, 48.252875 ], [ -70.004221, 48.242011 ], [ -69.950307, 48.230821 ], [ -69.924916, 48.221869 ], [ -69.906239, 48.207261 ], [ -69.870025, 48.156684 ], [ -69.846669, 48.142768 ], [ -69.818023, 48.134711 ], [ -69.760487, 48.12995 ], [ -69.735951, 48.122504 ], [ -69.742421, 48.105536 ], [ -69.774403, 48.074774 ], [ -69.780914, 48.057725 ], [ -69.792836, 48.006293 ], [ -69.794911, 47.988715 ], [ -69.801381, 47.983832 ], [ -69.814768, 47.977525 ], [ -69.825836, 47.969957 ], [ -69.825592, 47.961493 ], [ -69.824086, 47.95307 ], [ -69.826568, 47.939927 ], [ -69.835276, 47.91706 ], [ -69.846791, 47.900092 ], [ -69.894195, 47.85163 ], [ -69.905588, 47.834459 ], [ -69.919301, 47.792304 ], [ -69.932037, 47.773057 ], [ -69.942983, 47.765367 ], [ -69.967681, 47.754625 ], [ -69.979848, 47.746405 ], [ -70.016957, 47.708319 ], [ -70.034495, 47.697333 ], [ -70.075307, 47.681708 ], [ -70.086293, 47.674058 ], [ -70.099721, 47.668077 ], [ -70.115102, 47.668565 ], [ -70.130605, 47.667304 ], [ -70.144358, 47.656358 ], [ -70.137115, 47.642279 ], [ -70.155141, 47.626044 ], [ -70.18163, 47.609809 ], [ -70.199574, 47.595526 ], [ -70.206166, 47.579779 ], [ -70.206858, 47.565741 ], [ -70.205434, 47.552802 ], [ -70.2058, 47.540269 ], [ -70.210113, 47.528388 ], [ -70.217437, 47.517035 ], [ -70.236887, 47.495592 ], [ -70.248036, 47.489569 ], [ -70.278391, 47.482123 ], [ -70.302235, 47.469428 ], [ -70.317454, 47.466295 ], [ -70.375396, 47.461412 ], [ -70.407379, 47.453355 ], [ -70.437123, 47.442369 ], [ -70.459096, 47.430487 ], [ -70.466624, 47.434556 ], [ -70.480295, 47.44005 ], [ -70.486928, 47.44477 ], [ -70.49706, 47.429267 ], [ -70.506907, 47.379625 ], [ -70.517405, 47.368964 ], [ -70.533762, 47.359565 ], [ -70.548451, 47.337592 ], [ -70.568918, 47.29328 ], [ -70.597727, 47.249416 ], [ -70.617421, 47.227525 ], [ -70.634389, 47.218166 ], [ -70.685618, 47.149237 ], [ -70.714955, 47.11758 ], [ -70.75064, 47.091783 ], [ -70.791656, 47.072414 ], [ -70.920318, 47.037218 ], [ -70.956858, 47.020657 ], [ -71.191029, 46.858059 ], [ -71.200103, 46.848253 ], [ -71.22289, 46.814521 ], [ -71.226877, 46.810045 ], [ -71.231923, 46.798407 ], [ -71.244781, 46.788967 ], [ -71.30248, 46.758857 ], [ -71.31786, 46.756659 ], [ -71.341664, 46.742336 ], [ -71.353993, 46.739 ], [ -71.463206, 46.734483 ], [ -71.51476, 46.724718 ], [ -71.592926, 46.700832 ], [ -71.644195, 46.693183 ], [ -71.693959, 46.674384 ], [ -71.720204, 46.670071 ], [ -71.772043, 46.670071 ], [ -71.782948, 46.672227 ], [ -71.803334, 46.681627 ], [ -71.812652, 46.683743 ], [ -71.84024, 46.686998 ], [ -71.860911, 46.691759 ], [ -71.880523, 46.69066 ], [ -71.972035, 46.629503 ], [ -72.013743, 46.607733 ], [ -72.055409, 46.594346 ], [ -72.141916, 46.580715 ], [ -72.212473, 46.561021 ], [ -72.227935, 46.553371 ], [ -72.236399, 46.536241 ], [ -72.251698, 46.482327 ], [ -72.258046, 46.470852 ], [ -72.296783, 46.450995 ], [ -72.337148, 46.443508 ], [ -72.357411, 46.436672 ], [ -72.392649, 46.419176 ], [ -72.440785, 46.411933 ], [ -72.46227, 46.40233 ], [ -72.602528, 46.301337 ], [ -72.64509, 46.286526 ], [ -72.667551, 46.283922 ], [ -72.737864, 46.286526 ], [ -72.77123, 46.280911 ], [ -72.844472, 46.264797 ], [ -72.913971, 46.242418 ], [ -72.994496, 46.210801 ], [ -72.985951, 46.195299 ], [ -73.004628, 46.140692 ], [ -73.022043, 46.109605 ], [ -73.071645, 46.089748 ], [ -73.106353, 46.087266 ], [ -73.158559, 46.074856 ], [ -73.179311, 46.053046 ], [ -73.182118, 46.034776 ], [ -73.186879, 46.018378 ], [ -73.204091, 45.983466 ], [ -73.262318, 45.902248 ], [ -73.289906, 45.875067 ], [ -73.334462, 45.854641 ], [ -73.355865, 45.841539 ], [ -73.372548, 45.811184 ], [ -73.420277, 45.765123 ], [ -73.495432, 45.727891 ], [ -73.677398, 45.708157 ], [ -73.755442, 45.676378 ], [ -73.862701, 45.592637 ], [ -73.892649, 45.559068 ], [ -73.902415, 45.540758 ], [ -73.909535, 45.534735 ], [ -73.934234, 45.529934 ], [ -73.94579, 45.523993 ], [ -73.956451, 45.516099 ], [ -73.96467, 45.508165 ], [ -73.979237, 45.49844 ], [ -74.001088, 45.491278 ], [ -74.043446, 45.483995 ], [ -74.104848, 45.485012 ], [ -74.125559, 45.489732 ], [ -74.135976, 45.49079 ], [ -74.14745, 45.494371 ], [ -74.173818, 45.518134 ], [ -74.190094, 45.528306 ], [ -74.199045, 45.530911 ], [ -74.214752, 45.532375 ], [ -74.306956, 45.525539 ], [ -74.321604, 45.528795 ], [ -74.334869, 45.537014 ], [ -74.359527, 45.559475 ], [ -74.379465, 45.561632 ], [ -74.36559, 45.552843 ], [ -74.352773, 45.538235 ], [ -74.342885, 45.522366 ], [ -74.329701, 45.50967 ], [ -74.306956, 45.504462 ], [ -74.277333, 45.502794 ], [ -74.126536, 45.46544 ], [ -74.101471, 45.463446 ], [ -74.077707, 45.456692 ], [ -74.057281, 45.444485 ], [ -74.037709, 45.438463 ], [ -74.016103, 45.450426 ], [ -74.008656, 45.436184 ], [ -74.014719, 45.420315 ], [ -74.001943, 45.396104 ], [ -73.980784, 45.371487 ], [ -73.961537, 45.354234 ], [ -73.968414, 45.352037 ], [ -73.971506, 45.350491 ], [ -73.975168, 45.347398 ], [ -74.013499, 45.328437 ], [ -74.109364, 45.32746 ], [ -74.15331, 45.320136 ], [ -74.168935, 45.30801 ], [ -74.199615, 45.272366 ], [ -74.211334, 45.264879 ], [ -74.233754, 45.262112 ], [ -74.307118, 45.232408 ], [ -74.313832, 45.228095 ], [ -74.321441, 45.225002 ], [ -74.334543, 45.223944 ], [ -74.346181, 45.220567 ], [ -74.364003, 45.206122 ], [ -74.375478, 45.202786 ], [ -74.378896, 45.199937 ], [ -74.402496, 45.186632 ], [ -74.413401, 45.182278 ], [ -74.444163, 45.178371 ], [ -74.454335, 45.175442 ], [ -74.473053, 45.164374 ], [ -74.493642, 45.146226 ], [ -74.510243, 45.124905 ], [ -74.516998, 45.104397 ], [ -74.526275, 45.091132 ], [ -74.547963, 45.080227 ], [ -74.653066, 45.042548 ], [ -74.712961, 44.999254 ], [ -74.634918, 45.014024 ], [ -74.473541, 45.067125 ], [ -74.436838, 45.08633 ], [ -74.407135, 45.114651 ], [ -74.404286, 45.123887 ], [ -74.403147, 45.135159 ], [ -74.399566, 45.144761 ], [ -74.38915, 45.14879 ], [ -74.379221, 45.150295 ], [ -74.36734, 45.154364 ], [ -74.356272, 45.159817 ], [ -74.329498, 45.178087 ], [ -74.308176, 45.183987 ], [ -74.219472, 45.197577 ], [ -74.199452, 45.203843 ], [ -74.164418, 45.228624 ], [ -74.145619, 45.233954 ], [ -74.048451, 45.23253 ], [ -74.004384, 45.245185 ], [ -73.964345, 45.267808 ], [ -73.889231, 45.337144 ], [ -73.879954, 45.341132 ], [ -73.857533, 45.340074 ], [ -73.848256, 45.34398 ], [ -73.831899, 45.355618 ], [ -73.77595, 45.381496 ], [ -73.767201, 45.388332 ], [ -73.744944, 45.412258 ], [ -73.73469, 45.418606 ], [ -73.71288, 45.421373 ], [ -73.704579, 45.426256 ], [ -73.687367, 45.43122 ], [ -73.604604, 45.422512 ], [ -73.581776, 45.42829 ], [ -73.569163, 45.428046 ], [ -73.563629, 45.419094 ], [ -73.557281, 45.414293 ], [ -73.54304, 45.416327 ], [ -73.527903, 45.421454 ], [ -73.518951, 45.426256 ], [ -73.502553, 45.447903 ], [ -73.502594, 45.463446 ], [ -73.522694, 45.504462 ], [ -73.523752, 45.513821 ], [ -73.523549, 45.527574 ], [ -73.522043, 45.539944 ], [ -73.490387, 45.584093 ], [ -73.468861, 45.599718 ], [ -73.460601, 45.608059 ], [ -73.456288, 45.618232 ], [ -73.451894, 45.635606 ], [ -73.446929, 45.642239 ], [ -73.456858, 45.672431 ], [ -73.448842, 45.704495 ], [ -73.431304, 45.732733 ], [ -73.412831, 45.751532 ], [ -73.259348, 45.854112 ], [ -73.217275, 45.89883 ], [ -73.206532, 45.915595 ], [ -73.205963, 45.932725 ], [ -73.208608, 45.950832 ], [ -73.207387, 45.970567 ], [ -73.200347, 45.981757 ], [ -73.178049, 46.004014 ], [ -73.173207, 46.01496 ], [ -73.171864, 46.026842 ], [ -73.16808, 46.035793 ], [ -73.162668, 46.043077 ], [ -73.156117, 46.049709 ], [ -73.139801, 46.058336 ], [ -73.040598, 46.073594 ], [ -73.03189, 46.082343 ], [ -73.015736, 46.093492 ], [ -72.998402, 46.10342 ], [ -72.978505, 46.115831 ], [ -72.954945, 46.130723 ], [ -72.932607, 46.144395 ], [ -72.909413, 46.135647 ], [ -72.876047, 46.136623 ], [ -72.843658, 46.141913 ], [ -72.75829, 46.172512 ], [ -72.731028, 46.176622 ], [ -72.669423, 46.215155 ], [ -72.669423, 46.230048 ], [ -72.670644, 46.247382 ], [ -72.652089, 46.258612 ], [ -72.609853, 46.276597 ], [ -72.556264, 46.305732 ], [ -72.495961, 46.3605 ], [ -72.477773, 46.368476 ], [ -72.454945, 46.371731 ], [ -72.398061, 46.396389 ], [ -72.274322, 46.420559 ], [ -72.241567, 46.443508 ], [ -72.216135, 46.47956 ], [ -72.204742, 46.500637 ], [ -72.200022, 46.515855 ], [ -72.189931, 46.526231 ], [ -72.102447, 46.560207 ], [ -72.057607, 46.566026 ], [ -72.032379, 46.566474 ], [ -72.007395, 46.571397 ], [ -71.991526, 46.583645 ], [ -71.978139, 46.599433 ], [ -71.960439, 46.614854 ], [ -71.905019, 46.63996 ], [ -71.867096, 46.666653 ], [ -71.845693, 46.66828 ], [ -71.82429, 46.661363 ], [ -71.802724, 46.649563 ], [ -71.76061, 46.634182 ], [ -71.714182, 46.632188 ], [ -71.30248, 46.745185 ], [ -71.302602, 46.745185 ], [ -71.282053, 46.753282 ], [ -71.243723, 46.775458 ], [ -71.223744, 46.779934 ], [ -71.205068, 46.787014 ], [ -71.176259, 46.823961 ], [ -71.157948, 46.840806 ], [ -71.115346, 46.85338 ], [ -71.019114, 46.851549 ], [ -70.973622, 46.861884 ], [ -70.919667, 46.897569 ], [ -70.901926, 46.902899 ], [ -70.889638, 46.901679 ], [ -70.867055, 46.896593 ], [ -70.856923, 46.895413 ], [ -70.844228, 46.898261 ], [ -70.825795, 46.911689 ], [ -70.815338, 46.91649 ], [ -70.805491, 46.916897 ], [ -70.783599, 46.9147 ], [ -70.774322, 46.91649 ], [ -70.765289, 46.922838 ], [ -70.743967, 46.946926 ], [ -70.727162, 46.956448 ], [ -70.60025, 46.997056 ], [ -70.555043, 47.002346 ], [ -70.534901, 47.010565 ], [ -70.388173, 47.115871 ], [ -70.28661, 47.209133 ], [ -70.226308, 47.286444 ], [ -70.194895, 47.315294 ], [ -70.07608, 47.368964 ], [ -70.050364, 47.40001 ], [ -70.031077, 47.469591 ], [ -70.000356, 47.499376 ], [ -69.990305, 47.503607 ], [ -69.969553, 47.508653 ], [ -69.959381, 47.512397 ], [ -69.94929, 47.520331 ], [ -69.942291, 47.529486 ], [ -69.934234, 47.537177 ], [ -69.900746, 47.5456 ], [ -69.802235, 47.622382 ], [ -69.689687, 47.728339 ], [ -69.588775, 47.814032 ], [ -69.561879, 47.82807 ], [ -69.555287, 47.834459 ], [ -69.55016, 47.843858 ], [ -69.550689, 47.849555 ], [ -69.553578, 47.857164 ], [ -69.555287, 47.872382 ], [ -69.548004, 47.889594 ], [ -69.445465, 47.991889 ], [ -69.42809, 47.998969 ], [ -69.408355, 48.001044 ], [ -69.361318, 48.013007 ], [ -69.342437, 48.020087 ], [ -69.323964, 48.030585 ], [ -69.253651, 48.092353 ], [ -69.152333, 48.146674 ], [ -69.054433, 48.232367 ], [ -68.964711, 48.287787 ], [ -68.844553, 48.342719 ], [ -68.824778, 48.365831 ], [ -68.80606, 48.372423 ], [ -68.748362, 48.372911 ], [ -68.726064, 48.37641 ], [ -68.661733, 48.412299 ], [ -68.65038, 48.420762 ], [ -68.638539, 48.431952 ], [ -68.561594, 48.451483 ], [ -68.523346, 48.470771 ], [ -68.463287, 48.528917 ], [ -68.425038, 48.547065 ], [ -68.37682, 48.550523 ], [ -68.353586, 48.555976 ], [ -68.313873, 48.586982 ], [ -68.205637, 48.641913 ], [ -68.184316, 48.647895 ], [ -68.132721, 48.652533 ], [ -68.115712, 48.659491 ], [ -68.082428, 48.684882 ], [ -68.060292, 48.693834 ], [ -68.033599, 48.697821 ], [ -67.982167, 48.698554 ], [ -67.962026, 48.701646 ], [ -67.718088, 48.796129 ], [ -67.711903, 48.800971 ], [ -67.671254, 48.817857 ], [ -67.646881, 48.825426 ], [ -67.603342, 48.832384 ], [ -67.546783, 48.862372 ], [ -67.42516, 48.873603 ], [ -67.361806, 48.903998 ], [ -67.292388, 48.924506 ], [ -67.117543, 48.96308 ], [ -66.879628, 49.046495 ], [ -66.62206, 49.122626 ], [ -66.526519, 49.133368 ], [ -66.219309, 49.207872 ], [ -66.054921, 49.224677 ], [ -65.882802, 49.224677 ], [ -65.684153, 49.24254 ], [ -65.615142, 49.26024 ], [ -65.565785, 49.266466 ], [ -65.39623, 49.261054 ], [ -65.277008, 49.244452 ], [ -65.19107, 49.237047 ], [ -65.0, 49.222152137226473 ] ], [ [ -65.0, 48.121331559338778 ], [ -65.051625, 48.10163 ], [ -65.18102, 48.042833 ], [ -65.285553, 48.012641 ], [ -65.384918, 48.009263 ], [ -65.404449, 48.001451 ], [ -65.4322, 48.003282 ], [ -65.459381, 48.01081 ], [ -65.477406, 48.020087 ], [ -65.481516, 48.026068 ], [ -65.487172, 48.041327 ], [ -65.491689, 48.04682 ], [ -65.503407, 48.052069 ], [ -65.536, 48.059882 ], [ -65.577219, 48.064032 ], [ -65.667633, 48.095811 ], [ -65.783844, 48.115587 ], [ -65.819976, 48.12995 ], [ -65.858713, 48.159369 ], [ -65.890452, 48.1706 ], [ -65.892974, 48.18769 ], [ -65.890981, 48.208197 ], [ -65.895741, 48.225531 ], [ -65.904408, 48.208808 ], [ -65.912953, 48.200792 ], [ -65.924062, 48.19835 ], [ -65.940419, 48.198228 ], [ -65.953033, 48.19538 ], [ -65.964019, 48.1883 ], [ -66.04601, 48.11522 ], [ -66.067047, 48.101996 ], [ -66.09557, 48.097154 ], [ -66.183095, 48.115709 ], [ -66.270619, 48.116523 ], [ -66.286855, 48.114488 ], [ -66.299794, 48.108222 ], [ -66.292063, 48.105414 ], [ -66.284291, 48.10338 ], [ -66.265045, 48.101996 ], [ -66.274729, 48.073106 ], [ -66.279368, 48.067328 ], [ -66.290028, 48.065172 ], [ -66.296132, 48.069403 ], [ -66.300649, 48.076117 ], [ -66.30663, 48.081529 ], [ -66.312571, 48.082017 ], [ -66.319569, 48.081 ], [ -66.325307, 48.081163 ], [ -66.327748, 48.085273 ], [ -66.329091, 48.089911 ], [ -66.332631, 48.094835 ], [ -66.337066, 48.099189 ], [ -66.34142, 48.101996 ], [ -66.376129, 48.114203 ], [ -66.473297, 48.120103 ], [ -66.51537, 48.1081 ], [ -66.533193, 48.07099 ], [ -66.542795, 48.058661 ], [ -66.585072, 48.061265 ], [ -66.599965, 48.044745 ], [ -66.61205, 48.046698 ], [ -66.632192, 48.054267 ], [ -66.64391, 48.051866 ], [ -66.65038, 48.046251 ], [ -66.655588, 48.039496 ], [ -66.663482, 48.033759 ], [ -66.698801, 48.024034 ], [ -66.748525, 48.017808 ], [ -66.77302, 48.008043 ], [ -66.785797, 48.005845 ], [ -66.817738, 48.006334 ], [ -66.83316, 48.004503 ], [ -66.84789, 47.998969 ], [ -66.843007, 47.996812 ], [ -66.834096, 47.992906 ], [ -66.817535, 47.991523 ], [ -66.786448, 47.992174 ], [ -66.749908, 47.985785 ], [ -66.731516, 47.986518 ], [ -66.68578, 48.007636 ], [ -66.613515, 48.01085 ], [ -66.584381, 48.023179 ], [ -66.557607, 48.038194 ], [ -66.385894, 48.075141 ], [ -66.355295, 48.069281 ], [ -66.361928, 48.040595 ], [ -66.345123, 48.02143 ], [ -66.319, 48.011054 ], [ -66.289377, 48.006659 ], [ -66.261952, 48.005845 ], [ -66.254221, 48.001085 ], [ -66.246734, 47.991767 ], [ -66.238352, 47.985175 ], [ -66.215932, 47.993232 ], [ -66.20226, 47.99018 ], [ -66.17691, 47.979112 ], [ -65.970855, 47.923896 ], [ -65.866119, 47.916938 ], [ -65.81786, 47.907416 ], [ -65.772206, 47.882921 ], [ -65.7412, 47.848578 ], [ -65.689687, 47.724677 ], [ -65.677846, 47.708686 ], [ -65.663645, 47.695502 ], [ -65.628814, 47.67064 ], [ -65.663645, 47.657457 ], [ -65.669179, 47.656358 ], [ -65.667104, 47.645331 ], [ -65.658111, 47.637641 ], [ -65.646311, 47.630805 ], [ -65.635732, 47.62226 ], [ -65.606068, 47.65644 ], [ -65.591054, 47.669176 ], [ -65.566762, 47.677476 ], [ -65.499013, 47.679267 ], [ -65.477406, 47.683702 ], [ -65.437367, 47.706244 ], [ -65.363637, 47.76203 ], [ -65.284983, 47.781684 ], [ -65.20934, 47.819688 ], [ -65.025746, 47.849595 ], [ -65.0, 47.845511425614411 ] ], [ [ -65.0, 47.830713574431506 ], [ -65.054555, 47.803046 ], [ -65.073354, 47.779893 ], [ -65.060658, 47.781317 ], [ -65.039662, 47.786241 ], [ -65.0, 47.789766118896395 ] ], [ [ -65.0, 47.284140063822377 ], [ -65.019928, 47.282375 ], [ -65.042958, 47.275214 ], [ -65.061269, 47.251939 ], [ -65.098459, 47.236436 ], [ -65.106842, 47.221584 ], [ -65.122548, 47.202745 ], [ -65.331451, 47.100572 ], [ -65.367543, 47.094631 ], [ -65.367543, 47.087795 ], [ -65.284332, 47.080878 ], [ -65.244781, 47.081895 ], [ -65.203033, 47.094631 ], [ -65.204579, 47.080471 ], [ -65.210276, 47.064765 ], [ -65.213206, 47.052069 ], [ -65.206451, 47.04678 ], [ -65.149037, 47.053697 ], [ -65.0631, 47.090562 ], [ -65.032338, 47.094631 ], [ -65.015004, 47.088528 ], [ -65.0, 47.067464623295869 ] ], [ [ -65.0, 43.775416865392053 ], [ -65.020416, 43.816962 ], [ -65.039174, 43.832343 ], [ -65.03775, 43.815985 ], [ -65.018707, 43.77086 ], [ -65.015981, 43.758409 ], [ -65.014475, 43.74254 ], [ -65.016591, 43.727159 ], [ -65.024973, 43.716213 ], [ -65.034413, 43.712307 ], [ -65.036773, 43.715399 ], [ -65.037668, 43.720811 ], [ -65.042877, 43.7237 ], [ -65.052846, 43.720526 ], [ -65.058583, 43.713487 ], [ -65.060658, 43.706407 ], [ -65.059682, 43.703192 ], [ -65.076975, 43.710761 ], [ -65.073069, 43.744981 ], [ -65.086985, 43.75788 ], [ -65.096303, 43.736192 ], [ -65.123158, 43.696763 ], [ -65.12857, 43.674669 ], [ -65.151235, 43.689114 ], [ -65.14684, 43.706529 ], [ -65.136586, 43.727118 ], [ -65.141591, 43.751044 ], [ -65.161244, 43.715644 ], [ -65.169545, 43.709377 ], [ -65.178456, 43.710069 ], [ -65.187082, 43.715888 ], [ -65.193674, 43.724473 ], [ -65.200754, 43.751044 ], [ -65.211741, 43.77204 ], [ -65.22525, 43.791815 ], [ -65.237864, 43.805569 ], [ -65.240305, 43.798245 ], [ -65.24234, 43.795233 ], [ -65.242096, 43.792141 ], [ -65.237864, 43.784491 ], [ -65.254709, 43.775702 ], [ -65.249135, 43.754706 ], [ -65.224599, 43.718817 ], [ -65.240102, 43.694688 ], [ -65.250356, 43.673407 ], [ -65.263539, 43.670803 ], [ -65.289296, 43.674669 ], [ -65.327219, 43.696397 ], [ -65.327789, 43.70954 ], [ -65.316029, 43.732815 ], [ -65.313547, 43.743557 ], [ -65.31725, 43.760484 ], [ -65.322987, 43.765448 ], [ -65.330881, 43.763048 ], [ -65.34081, 43.75788 ], [ -65.345041, 43.7508 ], [ -65.346303, 43.741523 ], [ -65.351471, 43.736802 ], [ -65.367543, 43.743557 ], [ -65.35497, 43.716051 ], [ -65.341461, 43.693468 ], [ -65.334299, 43.670315 ], [ -65.34081, 43.641181 ], [ -65.34142, 43.634345 ], [ -65.340484, 43.625149 ], [ -65.340647, 43.617255 ], [ -65.344228, 43.613837 ], [ -65.354482, 43.610663 ], [ -65.358062, 43.603583 ], [ -65.356557, 43.596503 ], [ -65.351064, 43.593329 ], [ -65.346059, 43.587388 ], [ -65.34081, 43.544908 ], [ -65.362538, 43.574937 ], [ -65.371246, 43.579088 ], [ -65.3815, 43.576565 ], [ -65.391916, 43.566555 ], [ -65.401682, 43.565416 ], [ -65.415883, 43.571357 ], [ -65.442209, 43.592922 ], [ -65.456899, 43.599514 ], [ -65.456899, 43.593329 ], [ -65.412953, 43.538804 ], [ -65.409739, 43.529161 ], [ -65.407786, 43.518785 ], [ -65.401682, 43.503974 ], [ -65.416168, 43.500067 ], [ -65.422434, 43.511298 ], [ -65.428944, 43.544908 ], [ -65.439524, 43.557237 ], [ -65.450103, 43.560452 ], [ -65.455637, 43.555976 ], [ -65.450673, 43.544908 ], [ -65.455434, 43.534735 ], [ -65.462636, 43.527574 ], [ -65.47232, 43.523993 ], [ -65.484242, 43.524482 ], [ -65.47411, 43.50377 ], [ -65.471425, 43.493801 ], [ -65.47057, 43.480048 ], [ -65.474843, 43.470933 ], [ -65.484242, 43.47191 ], [ -65.493642, 43.480333 ], [ -65.497914, 43.493394 ], [ -65.504018, 43.502834 ], [ -65.542551, 43.527899 ], [ -65.546783, 43.532294 ], [ -65.550364, 43.537502 ], [ -65.551666, 43.543036 ], [ -65.545644, 43.555976 ], [ -65.549875, 43.561347 ], [ -65.556508, 43.565334 ], [ -65.559926, 43.569159 ], [ -65.565989, 43.574042 ], [ -65.579498, 43.565416 ], [ -65.612945, 43.5362 ], [ -65.648671, 43.517646 ], [ -65.652699, 43.512803 ], [ -65.654205, 43.507148 ], [ -65.657948, 43.501573 ], [ -65.669179, 43.497138 ], [ -65.667714, 43.500108 ], [ -65.674469, 43.504543 ], [ -65.689687, 43.51081 ], [ -65.719309, 43.508897 ], [ -65.729563, 43.513495 ], [ -65.738108, 43.531317 ], [ -65.73054, 43.54678 ], [ -65.731597, 43.56273 ], [ -65.739573, 43.576728 ], [ -65.752349, 43.586534 ], [ -65.752512, 43.576321 ], [ -65.75178, 43.569159 ], [ -65.74942, 43.563707 ], [ -65.744944, 43.55858 ], [ -65.747711, 43.554836 ], [ -65.750844, 43.552802 ], [ -65.754384, 43.551663 ], [ -65.758534, 43.551134 ], [ -65.778147, 43.568183 ], [ -65.78185, 43.587388 ], [ -65.772206, 43.641181 ], [ -65.771555, 43.668809 ], [ -65.773752, 43.680813 ], [ -65.779042, 43.688951 ], [ -65.788808, 43.691067 ], [ -65.794911, 43.682603 ], [ -65.80012, 43.668687 ], [ -65.806996, 43.654771 ], [ -65.796376, 43.646348 ], [ -65.792348, 43.633938 ], [ -65.793813, 43.61994 ], [ -65.79955, 43.60635 ], [ -65.814809, 43.631578 ], [ -65.817006, 43.656968 ], [ -65.815663, 43.682725 ], [ -65.819976, 43.709377 ], [ -65.825103, 43.718411 ], [ -65.840647, 43.738674 ], [ -65.847971, 43.751044 ], [ -65.852895, 43.764228 ], [ -65.861643, 43.805569 ], [ -65.868479, 43.805569 ], [ -65.868235, 43.787095 ], [ -65.8662, 43.779039 ], [ -65.861643, 43.77086 ], [ -65.877187, 43.769599 ], [ -65.888905, 43.783759 ], [ -65.898997, 43.803453 ], [ -65.909413, 43.819241 ], [ -65.924387, 43.826809 ], [ -65.937164, 43.825995 ], [ -65.941274, 43.819892 ], [ -65.929921, 43.811835 ], [ -65.929921, 43.805569 ], [ -65.956695, 43.785386 ], [ -65.971344, 43.780097 ], [ -65.977651, 43.794786 ], [ -65.978831, 43.80211 ], [ -65.983957, 43.819444 ], [ -65.987213, 43.839219 ], [ -65.991933, 43.849026 ], [ -65.996653, 43.854071 ], [ -65.998769, 43.849677 ], [ -66.004018, 43.831692 ], [ -66.004994, 43.825507 ], [ -66.00475, 43.816311 ], [ -66.003651, 43.809719 ], [ -66.001698, 43.804185 ], [ -65.974355, 43.750637 ], [ -65.963368, 43.737291 ], [ -65.973215, 43.71426 ], [ -65.979604, 43.705959 ], [ -65.991322, 43.703192 ], [ -65.983144, 43.719468 ], [ -65.983795, 43.729315 ], [ -65.991607, 43.731106 ], [ -66.004994, 43.7237 ], [ -66.006907, 43.716946 ], [ -66.005483, 43.707831 ], [ -66.006418, 43.699856 ], [ -66.015248, 43.696397 ], [ -66.023793, 43.698065 ], [ -66.028147, 43.702297 ], [ -66.028717, 43.708645 ], [ -66.026112, 43.716213 ], [ -66.032297, 43.716213 ], [ -66.030873, 43.73668 ], [ -66.042144, 43.746405 ], [ -66.055531, 43.740871 ], [ -66.060211, 43.716213 ], [ -66.074208, 43.729315 ], [ -66.077301, 43.740587 ], [ -66.073232, 43.767727 ], [ -66.079416, 43.772366 ], [ -66.093088, 43.766466 ], [ -66.107289, 43.755032 ], [ -66.114858, 43.743557 ], [ -66.121693, 43.743557 ], [ -66.133656, 43.809719 ], [ -66.119781, 43.82453 ], [ -66.113393, 43.836005 ], [ -66.111155, 43.84752 ], [ -66.118276, 43.852851 ], [ -66.128489, 43.849514 ], [ -66.135854, 43.841946 ], [ -66.142323, 43.832872 ], [ -66.149566, 43.825507 ], [ -66.147817, 43.840074 ], [ -66.149241, 43.852444 ], [ -66.155914, 43.859971 ], [ -66.170074, 43.860256 ], [ -66.166168, 43.870429 ], [ -66.167144, 43.879462 ], [ -66.169667, 43.887356 ], [ -66.170074, 43.894395 ], [ -66.165598, 43.903795 ], [ -66.152333, 43.92414 ], [ -66.149566, 43.932237 ], [ -66.153676, 43.94717 ], [ -66.160715, 43.960924 ], [ -66.162913, 43.975653 ], [ -66.148752, 44.00255 ], [ -66.150258, 44.010403 ], [ -66.155832, 44.021633 ], [ -66.157826, 44.023546 ], [ -66.18342, 44.084052 ], [ -66.194325, 44.092597 ], [ -66.210439, 44.085557 ], [ -66.210317, 44.105699 ], [ -66.194651, 44.142727 ], [ -66.190582, 44.165351 ], [ -66.187652, 44.17121 ], [ -66.158681, 44.200548 ], [ -66.152577, 44.209052 ], [ -66.142161, 44.23078 ], [ -66.113678, 44.34337 ], [ -66.09496, 44.374172 ], [ -66.062896, 44.393459 ], [ -66.046742, 44.406643 ], [ -66.039703, 44.425401 ], [ -66.032541, 44.436754 ], [ -65.965972, 44.489244 ], [ -65.927724, 44.506171 ], [ -65.888783, 44.532457 ], [ -65.86677, 44.543362 ], [ -65.84789, 44.556505 ], [ -65.840484, 44.573391 ], [ -65.84911, 44.586819 ], [ -65.868479, 44.587551 ], [ -65.913157, 44.579657 ], [ -65.923695, 44.581285 ], [ -65.932973, 44.583808 ], [ -65.942535, 44.583401 ], [ -66.028432, 44.520616 ], [ -66.187245, 44.394599 ], [ -66.196767, 44.390937 ], [ -66.192291, 44.417467 ], [ -66.180328, 44.434434 ], [ -65.998769, 44.579657 ], [ -65.888905, 44.630764 ], [ -65.874664, 44.643134 ], [ -65.785878, 44.696357 ], [ -65.772694, 44.685777 ], [ -65.763051, 44.672349 ], [ -65.756337, 44.657294 ], [ -65.752349, 44.64171 ], [ -65.753733, 44.631985 ], [ -65.756988, 44.62051 ], [ -65.757069, 44.610907 ], [ -65.748647, 44.60692 ], [ -65.729604, 44.609198 ], [ -65.710194, 44.613756 ], [ -65.692291, 44.620714 ], [ -65.680043, 44.628648 ], [ -65.656117, 44.647854 ], [ -65.624989, 44.66649 ], [ -65.612416, 44.677802 ], [ -65.601552, 44.696357 ], [ -65.594106, 44.68887 ], [ -65.536733, 44.73664 ], [ -65.522369, 44.744045 ], [ -65.49413, 44.748684 ], [ -65.450917, 44.770616 ], [ -65.428944, 44.778225 ], [ -65.447255, 44.781073 ], [ -65.492543, 44.758124 ], [ -65.535146, 44.746975 ], [ -65.615346, 44.709133 ], [ -65.653961, 44.698065 ], [ -65.67634, 44.696357 ], [ -65.717275, 44.674425 ], [ -65.74177, 44.667833 ], [ -65.758534, 44.682685 ], [ -65.723459, 44.727444 ], [ -65.621246, 44.778876 ], [ -65.456899, 44.8546 ], [ -65.397613, 44.894884 ], [ -65.378407, 44.901109 ], [ -65.358266, 44.904364 ], [ -65.231679, 44.955186 ], [ -65.213287, 44.966905 ], [ -65.180531, 44.993232 ], [ -65.022125, 45.060167 ], [ -65.0, 45.071218085027937 ] ], [ [ -65.0, 45.557420214687639 ], [ -65.015289, 45.552843 ], [ -65.035227, 45.550442 ], [ -65.184316, 45.510403 ], [ -65.315053, 45.459215 ], [ -65.489166, 45.371649 ], [ -65.519399, 45.36461 ], [ -65.529164, 45.357733 ], [ -65.536204, 45.348009 ], [ -65.538808, 45.337144 ], [ -65.544993, 45.329576 ], [ -65.559153, 45.324815 ], [ -65.61856, 45.31566 ], [ -65.628814, 45.312649 ], [ -65.660715, 45.294542 ], [ -65.697499, 45.285224 ], [ -65.732981, 45.253282 ], [ -65.752349, 45.244371 ], [ -65.761342, 45.247178 ], [ -65.782541, 45.261868 ], [ -65.793324, 45.264879 ], [ -65.804067, 45.260118 ], [ -65.826568, 45.241685 ], [ -65.852895, 45.233018 ], [ -65.888295, 45.213853 ], [ -65.909413, 45.210273 ], [ -65.929311, 45.213039 ], [ -65.960561, 45.221991 ], [ -65.981435, 45.223944 ], [ -65.995595, 45.230292 ], [ -66.00593, 45.24494 ], [ -66.018625, 45.271633 ], [ -66.039622, 45.285142 ], [ -66.135976, 45.312649 ], [ -66.033559, 45.370429 ], [ -66.001861, 45.398586 ], [ -65.998362, 45.406806 ], [ -65.997629, 45.418036 ], [ -65.998769, 45.439561 ], [ -66.000844, 45.449815 ], [ -66.005279, 45.459377 ], [ -66.009755, 45.464342 ], [ -66.01183, 45.460354 ], [ -66.020416, 45.449286 ], [ -66.05842, 45.422675 ], [ -66.069732, 45.400295 ], [ -66.087514, 45.374742 ], [ -66.089426, 45.370022 ], [ -66.088979, 45.364651 ], [ -66.08967, 45.359239 ], [ -66.09496, 45.354234 ], [ -66.100575, 45.354112 ], [ -66.114329, 45.360256 ], [ -66.121693, 45.36107 ], [ -66.164133, 45.351874 ], [ -66.185414, 45.344143 ], [ -66.196767, 45.333808 ], [ -66.193186, 45.330552 ], [ -66.17691, 45.306464 ], [ -66.166371, 45.297268 ], [ -66.154408, 45.289618 ], [ -66.141591, 45.283433 ], [ -66.128489, 45.27912 ], [ -66.106516, 45.27733 ], [ -66.086781, 45.278306 ], [ -66.070912, 45.274482 ], [ -66.060211, 45.258043 ], [ -66.083608, 45.252305 ], [ -66.115956, 45.236721 ], [ -66.140981, 45.218085 ], [ -66.142161, 45.202786 ], [ -66.189361, 45.177802 ], [ -66.196767, 45.172349 ], [ -66.202138, 45.159491 ], [ -66.214101, 45.169582 ], [ -66.231557, 45.196601 ], [ -66.249379, 45.204657 ], [ -66.279775, 45.208604 ], [ -66.310048, 45.20482 ], [ -66.327748, 45.189765 ], [ -66.303822, 45.187161 ], [ -66.270497, 45.189765 ], [ -66.248606, 45.185289 ], [ -66.258901, 45.16177 ], [ -66.283803, 45.14997 ], [ -66.342844, 45.144395 ], [ -66.3544, 45.131415 ], [ -66.358022, 45.116604 ], [ -66.367177, 45.114895 ], [ -66.379547, 45.116523 ], [ -66.392934, 45.111233 ], [ -66.414906, 45.092841 ], [ -66.428822, 45.083726 ], [ -66.440663, 45.079901 ], [ -66.454213, 45.077053 ], [ -66.461293, 45.077745 ], [ -66.464263, 45.083604 ], [ -66.464915, 45.098009 ], [ -66.464019, 45.104885 ], [ -66.460846, 45.107815 ], [ -66.460276, 45.114732 ], [ -66.490956, 45.155626 ], [ -66.505483, 45.148017 ], [ -66.519928, 45.143948 ], [ -66.543121, 45.141995 ], [ -66.550038, 45.140286 ], [ -66.660064, 45.084621 ], [ -66.692535, 45.074612 ], [ -66.718129, 45.079901 ], [ -66.710683, 45.087307 ], [ -66.717885, 45.090928 ], [ -66.724965, 45.093573 ], [ -66.731068, 45.074774 ], [ -66.745839, 45.064521 ], [ -66.766347, 45.060289 ], [ -66.78954, 45.059394 ], [ -66.797027, 45.065823 ], [ -66.786936, 45.080634 ], [ -66.780751, 45.096829 ], [ -66.80012, 45.107815 ], [ -66.803375, 45.093411 ], [ -66.813303, 45.089423 ], [ -66.827016, 45.089423 ], [ -66.841664, 45.087307 ], [ -66.872141, 45.065579 ], [ -66.888905, 45.060696 ], [ -66.908681, 45.0987 ], [ -66.911041, 45.113918 ], [ -66.899403, 45.120836 ], [ -66.885243, 45.122301 ], [ -66.862294, 45.127997 ], [ -66.84789, 45.128323 ], [ -66.855702, 45.1376 ], [ -66.86974, 45.143948 ], [ -66.88565, 45.14761 ], [ -66.899403, 45.14879 ], [ -66.916005, 45.15469 ], [ -66.927398, 45.168199 ], [ -66.935862, 45.182034 ], [ -66.943471, 45.189765 ], [ -66.957021, 45.189073 ], [ -66.970774, 45.181993 ], [ -66.981435, 45.171007 ], [ -66.985707, 45.158759 ], [ -66.991444, 45.16177 ], [ -67.005198, 45.166653 ], [ -67.021148, 45.168362 ], [ -67.040069, 45.143826 ], [ -67.038808, 45.134263 ], [ -67.045522, 45.117174 ], [ -67.049509, 45.096422 ], [ -67.040069, 45.075629 ], [ -67.065663, 45.082546 ], [ -67.086374, 45.097642 ], [ -67.124786, 45.143785 ], [ -67.131093, 45.153835 ], [ -67.134145, 45.165066 ], [ -67.136261, 45.196519 ], [ -67.140655, 45.204617 ], [ -67.149159, 45.205512 ], [ -67.162953, 45.198513 ], [ -67.163035, 45.212755 ], [ -67.167958, 45.222602 ], [ -67.177195, 45.22899 ], [ -67.190297, 45.233181 ], [ -67.190623, 45.217393 ], [ -67.187734, 45.201443 ], [ -67.182566, 45.187934 ], [ -67.176015, 45.178656 ], [ -67.191274, 45.180365 ], [ -67.204376, 45.178209 ], [ -67.210317, 45.171088 ], [ -67.203887, 45.157497 ], [ -67.1999, 45.156602 ], [ -67.179677, 45.157497 ], [ -67.172393, 45.155137 ], [ -67.168446, 45.149522 ], [ -67.165964, 45.142849 ], [ -67.159617, 45.132351 ], [ -67.154164, 45.119167 ], [ -67.152089, 45.116563 ], [ -67.145985, 45.11518 ], [ -67.139394, 45.111558 ], [ -67.128204, 45.102891 ], [ -67.113474, 45.086941 ], [ -67.10029, 45.069363 ], [ -67.111195, 45.053656 ], [ -67.104522, 45.03795 ], [ -67.090037, 45.025865 ], [ -67.077016, 45.020982 ], [ -67.071645, 45.01439 ], [ -67.051991, 44.983385 ], [ -67.040069, 44.973171 ], [ -67.052235, 44.96129 ], [ -67.05602, 44.945421 ], [ -67.062734, 44.931423 ], [ -67.083485, 44.925401 ], [ -67.094512, 44.933051 ], [ -67.105946, 44.945787 ], [ -67.117299, 44.94835 ], [ -67.128204, 44.925401 ], [ -67.113067, 44.915554 ], [ -67.112091, 44.904079 ], [ -67.121693, 44.894558 ], [ -67.138417, 44.890652 ], [ -67.151357, 44.895941 ], [ -67.184763, 44.916775 ], [ -67.196482, 44.918565 ], [ -67.203399, 44.904893 ], [ -67.190541, 44.89057 ], [ -67.172312, 44.877224 ], [ -67.162953, 44.866726 ], [ -67.148671, 44.815538 ], [ -67.145985, 44.82571 ], [ -67.143788, 44.85574 ], [ -67.141835, 44.863308 ], [ -67.13036, 44.864732 ], [ -67.114369, 44.84691 ], [ -67.10029, 44.849636 ], [ -67.107696, 44.857123 ], [ -67.094106, 44.863308 ], [ -67.097117, 44.867784 ], [ -67.102284, 44.877956 ], [ -67.107696, 44.883165 ], [ -67.08849, 44.888129 ], [ -67.074737, 44.870795 ], [ -67.067128, 44.844428 ], [ -67.066151, 44.822292 ], [ -67.04365, 44.83397 ], [ -67.041982, 44.854438 ], [ -67.059316, 44.897447 ], [ -67.043691, 44.894029 ], [ -67.032948, 44.884385 ], [ -67.012156, 44.857123 ], [ -67.009063, 44.856391 ], [ -66.99474, 44.857123 ], [ -66.991404, 44.855658 ], [ -66.991444, 44.851915 ], [ -66.992299, 44.847398 ], [ -66.991689, 44.843492 ], [ -66.979482, 44.818793 ], [ -66.977325, 44.815538 ], [ -66.984975, 44.804918 ], [ -67.019399, 44.774929 ], [ -67.032582, 44.767117 ], [ -67.04247, 44.766221 ], [ -67.063954, 44.768581 ], [ -67.073598, 44.767117 ], [ -67.074086, 44.763699 ], [ -67.082265, 44.745714 ], [ -67.086619, 44.739773 ], [ -67.094106, 44.74726 ], [ -67.103993, 44.72899 ], [ -67.11323, 44.716254 ], [ -67.169179, 44.670925 ], [ -67.177968, 44.667589 ], [ -67.195343, 44.663275 ], [ -67.203887, 44.657253 ], [ -67.201365, 44.653591 ], [ -67.196482, 44.644232 ], [ -67.224395, 44.644232 ], [ -67.232696, 44.646755 ], [ -67.248769, 44.655504 ], [ -67.251088, 44.657253 ], [ -67.261993, 44.657701 ], [ -67.269073, 44.654812 ], [ -67.269032, 44.646348 ], [ -67.258534, 44.62991 ], [ -67.280548, 44.631374 ], [ -67.294789, 44.639635 ], [ -67.308054, 44.649766 ], [ -67.326853, 44.657253 ], [ -67.326853, 44.66474 ], [ -67.310984, 44.6824 ], [ -67.314076, 44.70071 ], [ -67.332021, 44.709499 ], [ -67.360951, 44.698839 ], [ -67.347361, 44.692654 ], [ -67.360789, 44.685574 ], [ -67.373321, 44.685899 ], [ -67.385121, 44.691189 ], [ -67.395741, 44.698839 ], [ -67.389394, 44.682481 ], [ -67.377553, 44.670762 ], [ -67.371327, 44.657701 ], [ -67.382069, 44.637397 ], [ -67.367218, 44.627468 ], [ -67.370351, 44.622301 ], [ -67.379384, 44.621283 ], [ -67.382069, 44.623765 ], [ -67.398427, 44.611802 ], [ -67.40453, 44.605699 ], [ -67.409413, 44.595811 ], [ -67.422149, 44.614976 ], [ -67.426747, 44.63939 ], [ -67.434682, 44.659206 ], [ -67.457143, 44.66474 ], [ -67.450795, 44.64765 ], [ -67.451853, 44.63227 ], [ -67.45047, 44.619371 ], [ -67.436716, 44.609483 ], [ -67.454335, 44.6046 ], [ -67.472524, 44.603135 ], [ -67.48998, 44.604926 ], [ -67.505605, 44.609483 ], [ -67.49946, 44.623806 ], [ -67.505727, 44.633572 ], [ -67.517039, 44.634874 ], [ -67.526072, 44.623765 ], [ -67.532908, 44.623765 ], [ -67.539052, 44.646226 ], [ -67.554392, 44.64407 ], [ -67.593739, 44.616319 ], [ -67.573191, 44.61754 ], [ -67.565867, 44.609809 ], [ -67.567087, 44.579047 ], [ -67.569285, 44.571153 ], [ -67.573232, 44.562486 ], [ -67.574981, 44.553494 ], [ -67.570424, 44.544908 ], [ -67.56904, 44.538682 ], [ -67.57787, 44.535264 ], [ -67.589792, 44.533189 ], [ -67.597401, 44.530951 ], [ -67.603464, 44.528103 ], [ -67.612091, 44.526597 ], [ -67.621287, 44.526394 ], [ -67.628448, 44.527533 ], [ -67.638702, 44.531684 ], [ -67.63976, 44.534776 ], [ -67.638661, 44.539333 ], [ -67.639841, 44.547553 ], [ -67.640411, 44.554877 ], [ -67.643748, 44.56391 ], [ -67.648956, 44.568549 ], [ -67.65921, 44.566677 ], [ -67.668568, 44.561469 ], [ -67.683705, 44.548041 ], [ -67.714141, 44.500759 ], [ -67.728017, 44.503201 ], [ -67.740183, 44.510362 ], [ -67.748769, 44.521999 ], [ -67.751983, 44.538072 ], [ -67.740468, 44.588243 ], [ -67.744578, 44.595811 ], [ -67.755605, 44.589626 ], [ -67.786122, 44.541775 ], [ -67.783315, 44.537299 ], [ -67.786122, 44.527533 ], [ -67.790151, 44.531724 ], [ -67.800526, 44.541205 ], [ -67.796417, 44.55447 ], [ -67.785512, 44.570583 ], [ -67.779286, 44.585883 ], [ -67.782664, 44.601508 ], [ -67.790517, 44.59988 ], [ -67.799591, 44.588609 ], [ -67.80663, 44.575385 ], [ -67.817169, 44.583767 ], [ -67.828359, 44.584255 ], [ -67.837148, 44.577745 ], [ -67.845937, 44.551296 ], [ -67.857289, 44.546088 ], [ -67.869008, 44.544542 ], [ -67.874867, 44.541775 ], [ -67.87206, 44.530056 ], [ -67.852325, 44.508653 ], [ -67.847605, 44.497097 ], [ -67.852284, 44.48253 ], [ -67.863555, 44.479356 ], [ -67.877309, 44.482367 ], [ -67.88915, 44.486558 ], [ -67.884999, 44.466905 ], [ -67.899607, 44.422105 ], [ -67.902211, 44.397203 ], [ -67.921254, 44.411363 ], [ -67.923451, 44.437771 ], [ -67.915028, 44.466295 ], [ -67.902211, 44.486558 ], [ -67.917104, 44.481553 ], [ -67.928009, 44.468288 ], [ -67.934682, 44.451361 ], [ -67.937001, 44.435045 ], [ -67.934356, 44.416368 ], [ -67.937001, 44.408637 ], [ -67.947214, 44.414252 ], [ -67.953562, 44.419135 ], [ -67.959014, 44.42239 ], [ -67.962839, 44.426744 ], [ -67.964304, 44.435045 ], [ -67.967722, 44.500759 ], [ -67.977895, 44.499132 ], [ -67.9829, 44.494167 ], [ -67.984568, 44.486314 ], [ -67.984731, 44.47602 ], [ -67.988759, 44.466498 ], [ -67.998158, 44.466498 ], [ -68.015818, 44.472927 ], [ -68.028798, 44.468533 ], [ -68.015859, 44.458848 ], [ -67.984731, 44.445583 ], [ -67.984405, 44.44066 ], [ -67.973988, 44.41352 ], [ -67.97114, 44.410834 ], [ -67.972157, 44.403754 ], [ -67.974721, 44.39529 ], [ -67.978871, 44.387885 ], [ -67.984731, 44.383531 ], [ -67.994618, 44.383531 ], [ -67.997792, 44.389268 ], [ -67.99946, 44.395535 ], [ -68.005238, 44.397203 ], [ -68.015004, 44.393744 ], [ -68.01533, 44.39057 ], [ -68.014109, 44.385525 ], [ -68.019521, 44.376695 ], [ -68.050323, 44.340359 ], [ -68.060536, 44.328315 ], [ -68.072987, 44.338324 ], [ -68.076405, 44.349351 ], [ -68.073476, 44.362047 ], [ -68.06664, 44.376695 ], [ -68.082387, 44.372341 ], [ -68.088409, 44.369249 ], [ -68.097524, 44.385728 ], [ -68.107411, 44.415554 ], [ -68.112416, 44.441352 ], [ -68.108022, 44.463609 ], [ -68.111521, 44.480089 ], [ -68.139353, 44.486558 ], [ -68.143259, 44.489285 ], [ -68.143056, 44.494981 ], [ -68.143503, 44.500027 ], [ -68.1492, 44.500759 ], [ -68.15807, 44.496812 ], [ -68.159942, 44.491726 ], [ -68.159901, 44.485867 ], [ -68.162872, 44.479112 ], [ -68.162628, 44.473578 ], [ -68.158925, 44.466783 ], [ -68.158152, 44.461046 ], [ -68.166615, 44.458686 ], [ -68.181589, 44.459093 ], [ -68.187286, 44.462185 ], [ -68.189565, 44.469509 ], [ -68.190216, 44.497545 ], [ -68.193634, 44.520006 ], [ -68.202016, 44.525092 ], [ -68.217519, 44.500759 ], [ -68.219838, 44.485948 ], [ -68.219228, 44.472032 ], [ -68.222117, 44.466295 ], [ -68.254262, 44.493516 ], [ -68.259267, 44.504177 ], [ -68.258494, 44.520697 ], [ -68.276357, 44.520494 ], [ -68.294301, 44.527777 ], [ -68.308136, 44.529039 ], [ -68.31371, 44.510484 ], [ -68.281524, 44.499376 ], [ -68.269805, 44.48607 ], [ -68.286407, 44.466091 ], [ -68.281443, 44.462673 ], [ -68.27831, 44.459011 ], [ -68.275828, 44.455308 ], [ -68.272735, 44.45185 ], [ -68.317087, 44.451199 ], [ -68.337636, 44.455105 ], [ -68.354685, 44.466091 ], [ -68.361928, 44.445828 ], [ -68.386464, 44.424343 ], [ -68.382598, 44.410834 ], [ -68.409291, 44.404649 ], [ -68.422963, 44.405137 ], [ -68.426707, 44.417222 ], [ -68.423329, 44.470974 ], [ -68.431874, 44.486599 ], [ -68.449941, 44.493679 ], [ -68.47822, 44.493394 ], [ -68.459828, 44.462104 ], [ -68.457753, 44.448717 ], [ -68.459503, 44.442898 ], [ -68.462839, 44.438666 ], [ -68.464467, 44.434272 ], [ -68.46113, 44.428209 ], [ -68.456044, 44.424343 ], [ -68.451894, 44.422309 ], [ -68.449696, 44.418728 ], [ -68.450307, 44.410834 ], [ -68.45519, 44.401801 ], [ -68.464792, 44.389838 ], [ -68.47407, 44.382432 ], [ -68.47822, 44.387234 ], [ -68.478139, 44.410834 ], [ -68.480092, 44.421617 ], [ -68.485056, 44.431912 ], [ -68.504425, 44.413357 ], [ -68.52599, 44.405626 ], [ -68.549428, 44.405748 ], [ -68.574412, 44.410834 ], [ -68.563018, 44.40058 ], [ -68.551503, 44.377224 ], [ -68.54308, 44.366156 ], [ -68.541778, 44.35692 ], [ -68.556142, 44.330024 ], [ -68.56017, 44.318345 ], [ -68.555857, 44.306179 ], [ -68.545929, 44.302436 ], [ -68.534535, 44.300645 ], [ -68.52599, 44.294786 ], [ -68.520863, 44.280015 ], [ -68.523183, 44.269558 ], [ -68.532012, 44.266628 ], [ -68.546498, 44.274278 ], [ -68.541005, 44.263699 ], [ -68.53364, 44.256374 ], [ -68.524363, 44.250922 ], [ -68.512929, 44.246365 ], [ -68.541371, 44.237331 ], [ -68.633494, 44.296251 ], [ -68.666941, 44.298204 ], [ -68.683705, 44.29446 ], [ -68.704132, 44.305121 ], [ -68.732045, 44.328315 ], [ -68.756215, 44.334459 ], [ -68.791778, 44.316392 ], [ -68.82079, 44.314643 ], [ -68.811798, 44.351589 ], [ -68.803944, 44.369249 ], [ -68.789784, 44.376695 ], [ -68.780263, 44.374538 ], [ -68.770863, 44.36518 ], [ -68.762807, 44.363064 ], [ -68.753285, 44.36754 ], [ -68.754262, 44.377875 ], [ -68.760447, 44.38935 ], [ -68.766225, 44.397203 ], [ -68.753204, 44.404975 ], [ -68.741973, 44.414252 ], [ -68.7353, 44.414659 ], [ -68.714792, 44.4053 ], [ -68.704783, 44.404039 ], [ -68.69933, 44.409695 ], [ -68.717397, 44.431586 ], [ -68.718373, 44.445583 ], [ -68.756215, 44.430894 ], [ -68.766225, 44.424506 ], [ -68.784413, 44.402777 ], [ -68.795847, 44.392564 ], [ -68.807118, 44.390977 ], [ -68.816192, 44.402086 ], [ -68.814402, 44.417996 ], [ -68.80724, 44.434109 ], [ -68.800323, 44.445583 ], [ -68.79658, 44.448513 ], [ -68.784657, 44.453843 ], [ -68.779246, 44.458686 ], [ -68.776641, 44.464952 ], [ -68.774932, 44.480211 ], [ -68.772979, 44.486558 ], [ -68.742624, 44.537299 ], [ -68.746205, 44.554877 ], [ -68.779246, 44.561713 ], [ -68.795847, 44.561998 ], [ -68.801625, 44.560289 ], [ -68.807118, 44.534369 ], [ -68.827626, 44.479112 ], [ -68.821401, 44.478461 ], [ -68.807118, 44.472927 ], [ -68.824696, 44.461046 ], [ -68.845245, 44.453803 ], [ -68.857126, 44.456081 ], [ -68.848134, 44.472927 ], [ -68.862742, 44.475369 ], [ -68.879628, 44.468533 ], [ -68.906484, 44.448717 ], [ -68.919423, 44.441392 ], [ -68.965443, 44.431912 ], [ -68.986602, 44.421169 ], [ -68.982289, 44.413601 ], [ -68.971913, 44.405788 ], [ -68.975087, 44.39407 ], [ -68.972768, 44.383816 ], [ -68.944569, 44.348822 ], [ -68.937489, 44.331977 ], [ -68.945546, 44.317165 ], [ -68.964101, 44.307807 ], [ -68.984609, 44.301215 ], [ -68.998972, 44.294786 ], [ -69.021596, 44.247789 ], [ -69.036244, 44.232611 ], [ -69.053578, 44.184923 ], [ -69.067901, 44.158962 ], [ -69.077748, 44.144965 ], [ -69.088328, 44.136501 ], [ -69.088328, 44.130316 ], [ -69.082875, 44.115261 ], [ -69.089548, 44.09809 ], [ -69.086903, 44.086697 ], [ -69.053578, 44.089301 ], [ -69.065216, 44.067613 ], [ -69.075795, 44.052517 ], [ -69.091501, 44.043809 ], [ -69.118764, 44.04088 ], [ -69.12621, 44.031033 ], [ -69.130645, 44.011746 ], [ -69.142039, 43.998725 ], [ -69.170277, 44.007432 ], [ -69.171824, 43.997178 ], [ -69.175893, 43.9914 ], [ -69.182485, 43.990017 ], [ -69.191396, 43.993109 ], [ -69.199574, 43.981879 ], [ -69.203643, 43.970323 ], [ -69.20165, 43.959988 ], [ -69.191396, 43.952175 ], [ -69.22704, 43.935248 ], [ -69.238515, 43.931667 ], [ -69.258005, 43.928005 ], [ -69.263417, 43.929918 ], [ -69.259633, 43.955268 ], [ -69.229237, 43.990994 ], [ -69.219472, 44.00849 ], [ -69.238515, 44.007432 ], [ -69.298858, 43.950385 ], [ -69.310536, 43.941636 ], [ -69.313751, 43.954332 ], [ -69.303171, 43.981228 ], [ -69.313954, 43.986274 ], [ -69.328318, 43.983385 ], [ -69.353302, 43.972439 ], [ -69.369496, 43.972642 ], [ -69.353261, 43.994656 ], [ -69.347157, 44.007758 ], [ -69.351796, 44.013617 ], [ -69.369415, 44.015855 ], [ -69.370147, 44.021511 ], [ -69.351796, 44.037543 ], [ -69.347279, 44.050767 ], [ -69.354197, 44.060492 ], [ -69.364288, 44.060533 ], [ -69.369496, 44.044664 ], [ -69.376576, 44.036729 ], [ -69.390981, 44.031928 ], [ -69.402211, 44.026597 ], [ -69.394887, 44.002427 ], [ -69.407704, 43.99433 ], [ -69.424265, 43.991645 ], [ -69.430369, 43.993109 ], [ -69.440907, 43.981391 ], [ -69.447784, 43.967556 ], [ -69.47879, 43.880316 ], [ -69.49413, 43.851101 ], [ -69.512929, 43.834906 ], [ -69.514353, 43.855658 ], [ -69.521677, 43.870347 ], [ -69.529897, 43.883002 ], [ -69.533966, 43.897569 ], [ -69.540232, 43.897569 ], [ -69.54544, 43.883287 ], [ -69.547597, 43.867865 ], [ -69.547637, 43.834906 ], [ -69.561269, 43.849107 ], [ -69.553822, 43.856553 ], [ -69.569081, 43.868394 ], [ -69.570505, 43.877916 ], [ -69.565419, 43.88699 ], [ -69.561269, 43.897569 ], [ -69.559804, 43.904079 ], [ -69.554921, 43.915798 ], [ -69.553822, 43.920844 ], [ -69.55602, 43.92768 ], [ -69.565378, 43.934272 ], [ -69.567494, 43.941636 ], [ -69.558868, 43.964586 ], [ -69.529042, 44.004381 ], [ -69.533966, 44.021023 ], [ -69.544871, 44.011949 ], [ -69.554067, 43.998562 ], [ -69.567494, 43.972642 ], [ -69.580556, 43.957017 ], [ -69.585805, 43.948472 ], [ -69.584584, 43.941636 ], [ -69.581817, 43.934556 ], [ -69.584218, 43.925767 ], [ -69.589304, 43.917344 ], [ -69.594757, 43.91116 ], [ -69.589345, 43.904812 ], [ -69.587514, 43.897244 ], [ -69.589304, 43.889635 ], [ -69.594757, 43.883246 ], [ -69.584828, 43.870714 ], [ -69.577911, 43.855658 ], [ -69.576039, 43.838975 ], [ -69.581166, 43.821804 ], [ -69.592397, 43.807725 ], [ -69.59614, 43.815904 ], [ -69.594757, 43.849107 ], [ -69.609893, 43.839586 ], [ -69.62446, 43.838406 ], [ -69.639638, 43.844468 ], [ -69.656931, 43.856553 ], [ -69.668894, 43.867051 ], [ -69.670115, 43.873562 ], [ -69.649403, 43.897569 ], [ -69.653798, 43.904975 ], [ -69.655019, 43.910509 ], [ -69.653432, 43.916205 ], [ -69.649403, 43.924262 ], [ -69.642445, 43.921251 ], [ -69.629343, 43.919216 ], [ -69.622792, 43.917426 ], [ -69.631215, 43.929226 ], [ -69.64269, 43.933458 ], [ -69.652618, 43.938992 ], [ -69.656931, 43.955268 ], [ -69.653676, 43.96776 ], [ -69.636423, 44.003689 ], [ -69.630116, 44.008043 ], [ -69.619171, 44.017524 ], [ -69.615102, 44.025906 ], [ -69.629587, 44.027289 ], [ -69.643178, 44.020982 ], [ -69.656972, 44.009223 ], [ -69.749705, 43.900662 ], [ -69.759226, 43.88642 ], [ -69.752675, 43.879136 ], [ -69.740264, 43.874864 ], [ -69.731964, 43.869574 ], [ -69.729726, 43.855943 ], [ -69.732655, 43.841905 ], [ -69.746287, 43.814399 ], [ -69.73587, 43.820583 ], [ -69.722401, 43.844224 ], [ -69.712148, 43.849107 ], [ -69.704701, 43.842027 ], [ -69.707265, 43.826931 ], [ -69.730743, 43.775906 ], [ -69.744985, 43.758775 ], [ -69.758005, 43.759508 ], [ -69.766794, 43.787624 ], [ -69.766225, 43.794867 ], [ -69.763621, 43.798936 ], [ -69.760691, 43.801622 ], [ -69.759267, 43.804429 ], [ -69.761464, 43.81155 ], [ -69.766306, 43.813666 ], [ -69.771189, 43.813666 ], [ -69.773549, 43.814399 ], [ -69.780385, 43.862779 ], [ -69.78364, 43.873481 ], [ -69.79072, 43.886705 ], [ -69.794057, 43.897569 ], [ -69.795277, 43.910427 ], [ -69.794871, 43.922146 ], [ -69.795684, 43.933458 ], [ -69.800893, 43.944688 ], [ -69.803375, 43.964911 ], [ -69.807281, 43.98314 ], [ -69.804677, 43.997463 ], [ -69.802073, 44.01439 ], [ -69.790354, 44.028713 ], [ -69.781239, 44.036526 ], [ -69.770823, 44.04564 ], [ -69.768219, 44.053453 ], [ -69.768219, 44.058661 ], [ -69.774729, 44.059963 ], [ -69.782541, 44.057359 ], [ -69.789052, 44.049547 ], [ -69.799469, 44.044338 ], [ -69.817698, 44.036526 ], [ -69.845041, 44.010484 ], [ -69.864573, 43.997463 ], [ -69.874989, 43.987047 ], [ -69.882802, 43.97663 ], [ -69.882802, 43.963609 ], [ -69.872385, 43.958401 ], [ -69.854156, 43.958401 ], [ -69.841135, 43.966213 ], [ -69.832021, 43.974026 ], [ -69.82551, 43.97012 ], [ -69.821604, 43.961005 ], [ -69.815094, 43.933661 ], [ -69.802235, 43.860541 ], [ -69.800893, 43.825181 ], [ -69.791941, 43.791002 ], [ -69.782501, 43.772935 ], [ -69.780385, 43.763454 ], [ -69.787302, 43.737535 ], [ -69.790639, 43.7331 ], [ -69.803171, 43.729682 ], [ -69.814239, 43.721177 ], [ -69.822865, 43.709947 ], [ -69.828155, 43.698269 ], [ -69.839304, 43.709255 ], [ -69.841827, 43.740261 ], [ -69.852081, 43.74669 ], [ -69.8579, 43.754259 ], [ -69.858388, 43.770779 ], [ -69.855499, 43.793891 ], [ -69.851796, 43.800808 ], [ -69.847035, 43.803738 ], [ -69.843007, 43.807807 ], [ -69.841257, 43.818061 ], [ -69.844594, 43.826768 ], [ -69.859609, 43.836534 ], [ -69.862986, 43.84573 ], [ -69.860219, 43.856228 ], [ -69.856191, 43.862087 ], [ -69.857126, 43.865709 ], [ -69.86913, 43.869574 ], [ -69.879262, 43.870551 ], [ -69.888539, 43.868354 ], [ -69.89684, 43.863552 ], [ -69.90392, 43.856553 ], [ -69.891713, 43.851345 ], [ -69.881337, 43.844021 ], [ -69.875356, 43.832302 ], [ -69.876007, 43.814399 ], [ -69.883005, 43.800564 ], [ -69.894765, 43.789333 ], [ -69.905629, 43.787299 ], [ -69.910146, 43.801296 ], [ -69.951121, 43.760362 ], [ -69.958201, 43.756334 ], [ -69.965281, 43.754625 ], [ -69.970693, 43.751492 ], [ -69.974355, 43.734971 ], [ -69.978505, 43.729438 ], [ -69.984853, 43.726345 ], [ -69.992665, 43.725613 ], [ -69.9263, 43.828559 ], [ -69.930653, 43.849107 ], [ -69.942128, 43.841498 ], [ -69.958363, 43.821804 ], [ -69.972768, 43.799506 ], [ -69.978993, 43.783962 ], [ -69.98294, 43.767442 ], [ -69.993438, 43.751817 ], [ -70.008901, 43.741238 ], [ -70.027455, 43.739936 ], [ -70.00947, 43.766872 ], [ -69.962636, 43.821031 ], [ -69.951121, 43.849107 ], [ -69.973093, 43.847113 ], [ -70.006378, 43.827094 ], [ -70.020009, 43.82864 ], [ -70.010854, 43.833279 ], [ -70.000681, 43.840847 ], [ -69.991689, 43.850857 ], [ -69.985829, 43.862779 ], [ -69.999379, 43.861518 ], [ -70.011749, 43.855658 ], [ -70.022328, 43.847195 ], [ -70.039581, 43.830064 ], [ -70.050038, 43.823961 ], [ -70.074656, 43.814399 ], [ -70.088002, 43.811062 ], [ -70.098907, 43.809923 ], [ -70.108835, 43.806749 ], [ -70.160878, 43.766547 ], [ -70.182607, 43.757066 ], [ -70.208689, 43.715277 ], [ -70.239125, 43.700059 ], [ -70.238474, 43.687038 ], [ -70.233754, 43.673041 ], [ -70.232289, 43.664171 ], [ -70.24295, 43.653917 ], [ -70.256703, 43.650133 ], [ -70.286855, 43.650499 ], [ -70.286855, 43.643052 ], [ -70.257761, 43.640489 ], [ -70.231557, 43.641547 ], [ -70.210886, 43.635037 ], [ -70.19811, 43.609565 ], [ -70.198232, 43.59866 ], [ -70.20287, 43.567613 ], [ -70.204945, 43.561143 ], [ -70.220245, 43.559068 ], [ -70.245839, 43.549791 ], [ -70.260203, 43.547471 ], [ -70.255889, 43.554389 ], [ -70.252716, 43.561143 ], [ -70.271514, 43.556912 ], [ -70.292592, 43.534532 ], [ -70.307973, 43.526964 ], [ -70.310536, 43.548367 ], [ -70.325429, 43.549547 ], [ -70.343739, 43.539496 ], [ -70.356435, 43.526964 ], [ -70.36738, 43.505316 ], [ -70.370717, 43.486355 ], [ -70.368398, 43.467231 ], [ -70.362579, 43.445054 ], [ -70.34321, 43.454291 ], [ -70.332794, 43.457546 ], [ -70.321645, 43.458726 ], [ -70.321645, 43.452501 ], [ -70.335235, 43.447292 ], [ -70.346913, 43.439439 ], [ -70.366404, 43.420844 ], [ -70.369496, 43.415513 ], [ -70.373525, 43.401882 ], [ -70.376251, 43.397244 ], [ -70.382436, 43.393744 ], [ -70.39505, 43.392605 ], [ -70.403554, 43.389838 ], [ -70.422597, 43.376899 ], [ -70.437693, 43.362982 ], [ -70.454457, 43.350613 ], [ -70.478708, 43.342637 ], [ -70.508738, 43.341498 ], [ -70.519521, 43.339545 ], [ -70.530498, 43.331779 ], [ -70.561879, 43.301052 ], [ -70.570546, 43.298489 ], [ -70.581654, 43.274888 ], [ -70.583119, 43.250881 ], [ -70.568918, 43.22899 ], [ -70.583608, 43.213935 ], [ -70.596791, 43.195461 ], [ -70.58259, 43.188625 ], [ -70.599517, 43.182237 ], [ -70.611724, 43.173 ], [ -70.630971, 43.147081 ], [ -70.660146, 43.094143 ], [ -70.671946, 43.085598 ], [ -70.687123, 43.092149 ], [ -70.700307, 43.108466 ], [ -70.71467, 43.121934 ], [ -70.733388, 43.120429 ], [ -70.731272, 43.114651 ], [ -70.74234, 43.087958 ] ] ] } }
]
}
